review_id,order_id,review_score,review_comment_title,review_comment_message,review_creation_date,review_answer_timestamp
7c6400515c67679fbee952a7525281ef,c31a859e34e3adac22f376954e19b39d,5,,,2018-08-14 00:00:00,2018-08-14 21:36:06
373cbeecea8286a2b66c97b1b157ec46,583174fbe37d3d5f0d6661be3aad1786,1,Não chegou meu produto ,Péssimo,2018-08-15 00:00:00,2018-08-15 04:10:37
ad0fb518df54cbb079834b68141941ee,cd2457140ff84327d7d7030053b80fce,4,,,2018-08-10 00:00:00,2018-08-14 23:35:31
3ed2fb4d3cc7862bfa63bc388fe9435f,fa77b4aa91c0a9f2bc533e0dc380d9c2,4,,,2018-08-11 00:00:00,2018-08-13 13:48:01
2c303fb6b2f9c16f324f7deb88e736fe,d9fb85f3f3239e18e331c9f622d6998b,5,,Produto muito bom,2018-08-08 00:00:00,2018-08-09 05:27:42
1b76e88159db434a903b2f6ce68e2c6a,c87cf593c8c9e0e59f1039a2bb8e5d44,5,,,2018-08-15 00:00:00,2018-08-16 12:59:51
3fb929ba2924ff0a47858efb007ceee1,df8e5e994bcc820fcf403f9a875201e6,5,otimo,entrega rapida,2018-08-07 00:00:00,2018-08-08 12:05:26
46d55c27e1e3df429c64afc2392b2c6d,aa834e164d26bde6b0890bb9e70fbf9d,5,,,2018-08-08 00:00:00,2018-08-08 23:07:42
6aba6ff5d6b3f6762a2ad9a9f1fbdfcf,bfaea68f958681ec9d22aa2114b45721,4,recomendo,Tudo rápido e eficiente.,2018-08-12 00:00:00,2018-08-14 12:49:30
55e8dbe55085ca8c565f00d87dc07777,7b5004a23c4918b7c96c9d0cfd6107b6,5,,,2018-08-14 00:00:00,2018-08-17 11:48:14
569b98a8c29163ba9a63e082f88554ad,1cf0fc2c07de89a211f8dcf9ff5af15b,3,,,2018-08-17 00:00:00,2018-08-19 19:24:52
98f60bb6431350ec0e50712d35fe3c42,3e34f8c0022e2a7093ae49d16555e06b,4,,,2018-08-16 00:00:00,2018-08-16 20:49:21
004580d2657b221e45f84f4169675ecd,049ede3fc839758e81752a9dacd1f911,5,,,2018-08-11 00:00:00,2018-08-11 18:03:41
645e0b533dd83397a07db50af11b3fff,359dfdef7cf4ed1003c2a0463eb431ba,5,,,2018-08-09 00:00:00,2018-08-12 01:43:29
c1f198cdce8b992a9cddc3aaba11e689,bf6a2df6b944199274254f8bb0159ec3,5,Produto e entrega ótimos,"Apesar da demora em expedir a nota fiscal, depois de expedida a entrega foi rápida e o produto veio bem embalado. Recomendo.",2018-08-21 00:00:00,2018-08-21 23:10:15
0e5149ccee3f7414ba4d17c13f051259,fc9a5afd96050ceb0d9f12a4f8c5d9f0,1,,,2018-08-10 00:00:00,2018-08-12 21:45:01
edd86e0af4dc62b340c60d846643cbf9,9537e35e835d4ae6b7b219b8b2e36817,5,PRODUTO OK,"prazo foi estendido,porém entregue no prazo divulgado na propaganda. Cadeira conforme foto, vem para montar, mais fácil e linda",2018-08-28 00:00:00,2018-08-30 12:38:27
dafd8ae6a06afff04e7a38a08caa4cf6,b26fad48211e9a54051ac561925ffa23,5,,,2018-08-23 00:00:00,2018-08-23 20:38:53
f450a5ec6ed680bbcb25bb73ae1a9f93,4fcd41f1365d2b6852c34568499584b8,5,,,2018-08-08 00:00:00,2018-08-08 23:30:54
c02f9133515444a1281341896eee1a21,01b4dfef1c8848e8c0431ce17f5f72ea,5,,,2018-08-17 00:00:00,2018-08-17 22:50:34
8c8ec6ed4210b3d764d3dd3bbe9e87d9,13ab379ac762d840b29042681a1a6156,3,,Boa noite as lojas lannister são ótimas adoro o site hoje faço pouquíssima compra pelo frete abusivo infelizmente não compensa como antes mas precisamos comprar obrigada ,2018-08-15 00:00:00,2018-08-15 21:26:52
390d3ec71ebfc30fac16c7a8fe933657,43787011f63fb232ab281d68142f504f,5,,,2018-08-17 00:00:00,2018-08-18 16:45:13
accb12fbc0a0fd74edb43caea51c87e9,6ff0c72cd26c7ea730935abff483f2e8,5,Entregue no prazo,Muito satisfeito eu recomendo,2018-08-17 00:00:00,2018-08-18 12:11:26
446d019d219ea6d158fe9fb357c20e1f,195362ade532294f73fff8ff4f138c3f,5,,,2018-08-11 00:00:00,2018-08-12 06:21:40
0fdc0795d2359c2d3627248f6f7073e6,95160939719ddfef2f951cc36e468567,5,,,2018-08-10 00:00:00,2018-08-13 11:53:53
3547ade529a1b5a5e093456476b22c58,d8721b9f395286c3b43ff47a250ad40a,2,Produto errado ,"Pedi duas carteiras. Uma veio com defeito e outra veio errada, ñ é a q pedi.... pedi reembolso e creio q isso correrá bem.",2018-08-05 00:00:00,2018-08-05 22:29:00
b8e4ab342595a5a9de5c33fcd1e86ade,a147b97f47abbdb02f67ea00da442cd8,5,,,2018-08-11 00:00:00,2018-08-13 22:47:16
2bf5df7780f79084207655a0e335b457,94cab359d45ddd582953e6e793a9724c,5,,,2018-08-10 00:00:00,2018-08-13 13:04:45
73066e6228715fab8cce88a21cb3913e,178dc9ffc66f1968787b253a9318cc29,4,,,2018-08-08 00:00:00,2018-08-09 01:17:10
ffca2b5c34b686feed1d2b2713b3ad07,c83f1117bc97d473fec6e5d6ff5dce92,5,Super indico,Maravilhosa ,2018-08-16 00:00:00,2018-08-18 06:19:02
7e76cb7f485501e88f2bbc1b03e916fc,ccaf9bc3712aea66d07acdbea64e069a,5,,,2018-08-09 00:00:00,2018-08-13 11:34:30
dff769402e9e76b9f1d95bf3ff836028,6f9163af10d76144f7f5c4e1e500f417,5,,,2018-08-10 00:00:00,2018-08-10 19:27:56
11fb960b6f2005db554efcffcc3c1d88,44150e408d0bd0a5341db3e4f11a98d8,5,Recomendo muito bom,"Chegou antes da data prevista, tudo ok",2018-08-16 00:00:00,2018-08-17 11:21:50
723280632c468e6d2023317cda65438f,39ce2a3fc7950d2767dd4b01eb49ea6b,5,recomendo,,2018-08-16 00:00:00,2018-08-20 11:25:41
9a9299760da8c8f137d2a18d50ae7991,0f9db6b2900040157d27f21ae0f3d86d,3,targaryen,A capa é muito boa para o celular mas e película inclusa é de muita péssima qualidade.,2018-08-09 00:00:00,2018-08-12 20:22:42
0cffe48417b97928c3cdaf4f44ce6463,32f0e397d36f01e44c8c257ceaecf508,1,Mercadoria não entregue,Não posso avaliar o que não recebi ,2018-08-10 00:00:00,2018-08-10 08:54:02
b6b6afd5b6f92ffdf7c7775a565e7402,03350e641d4d30d50b38c2e3030cd394,5,Otimo,Ótimo produto e chegou antes do prazo,2018-08-19 00:00:00,2018-08-19 17:56:50
a32310a66d1d7a6e086bb2f155f0023a,988117e4f714ed70371d15b7063e0add,5,,,2018-08-11 00:00:00,2018-08-11 19:50:43
b19fd9176b81354620dce51580eed060,732a77c453f0b9ea3a2665a575f3ecd3,5,,,2018-08-18 00:00:00,2018-08-22 00:54:59
82c1b9e9234054bd0216ff14df8ca14d,8c572f3e9b363e7ef4cc144968a64e9f,4,,,2018-08-10 00:00:00,2018-08-11 13:01:29
40506badbb397b0c0d8ea9605f52a459,ed159f7220fe49164a43fbf4fe3a15d1,5,recomendo,,2018-08-11 00:00:00,2018-08-12 13:42:06
941d720e01ce72a82a5afd7431ac5d35,a38ac9649bb7a8aaad0dd2d678036429,5,,,2018-08-07 00:00:00,2018-08-08 13:08:56
7629603f1f362dd403eb621d7653c896,63ac66255bb4562cd506681eb19c5be4,5,,,2018-08-11 00:00:00,2018-08-11 22:35:03
0d5616b07d5bf5d101b9f3eed0cb7adb,3f60c18dceaa348eb8891eea71a53dc1,5,,,2018-08-10 00:00:00,2018-08-11 02:29:29
ee1f2c3048bba0d9459004c27cb0dc41,6cbddb4b9fd4c71ee2b7a0012dfe2fe3,5,,,2018-08-14 00:00:00,2018-08-16 18:26:14
a865a27d4a1cdc2518dc9d6ae8a3c8dc,a5bb5fa7247f09fa0a4f28ee69aa6dc6,5,,,2018-08-14 00:00:00,2018-08-14 17:10:54
a6b2c6b8cba4550f2ece794b224525b5,a2386b09b362176b550c64e738a7dfa8,4,,,2018-08-17 00:00:00,2018-08-19 10:49:59
46bbfd645772dfa7bc83035076a4e95e,30524d6f42cc124d17d641b49e792b87,1,Produto com defeito,"
Comprei um produto que está com defeito e não consigo trocar da erro no site.",2018-08-17 00:00:00,2018-08-19 19:52:40
82f3d60973b20aa2d1095cba2c851035,a16de84e54832907eaaa4084dd0d90d2,5,ótimo produto,"Almofada linda, cor linda e grandona. Fiz uma excelente compra.",2018-08-15 00:00:00,2018-08-15 11:42:36
50159be3324818783d2662534eb31484,627dd35dbc686a525aa1224e523d82f8,3,bom,o produto é bom a entrega é rapida;mas frete muito caro.,2018-08-04 00:00:00,2018-08-05 02:26:50
ed771abdf819dc9d6238d337dca55d3f,2464a4f54814d3de636541955feeb947,5,,,2018-08-09 00:00:00,2018-08-12 08:31:34
f2395ab617ccf04f0c89abfd9f0334b1,8624511aa767a83ed91a47c158320964,1,Informação\preocupada,"Minha avaliação ta sendo esta pq aqui aparece q recebi o produto e ainda não chegou em casa.Por favor, queria saber o q está acontecendo ???
Atenciosamente, 
Juliana",2018-08-31 00:00:00,2018-08-31 21:00:34
1e972e14bb9d496fef92eddd3dce4cef,b2ac7b0754b724547abf07a172a45bf4,2,Não chegou ,Eu pedi dois kit e só chegou apenas um o outro não chegou ,2018-08-16 00:00:00,2018-08-16 12:47:29
82b107a13d3a3593f7895ae91e22ef4f,24b2d434709c901b14bca606ef51cecd,5,Bom,Bom produto a minha princesa aprovou ??🐕,2018-08-10 00:00:00,2018-08-11 03:34:57
e7b22b33f3399ab9106214f86e5edf6d,4e08bdd0a71b43ba19f8c0a89c8ce665,2,7,Eu não recebi minha cortina ainda,2018-08-14 00:00:00,2018-08-16 23:23:35
27ee3ed83aa2e944fe7a148aeb20059d,3b842ff9ea0324f7726503cadd3c0db5,5,Bom,Recomendo a compra nessa loja.,2018-08-25 00:00:00,2018-08-27 20:47:49
3048ab17e39285ed6f995b5dcd0e74db,1a6b9a764637acbc39e1624a2211f548,1,Muito Ruim,"Comprei 6 cartuchos, recebi apenas 4 unidades após o prazo de entrega, e ate hoje estou tentando entrar em contato para uma solução, mas sem sucesso. ",2018-08-24 00:00:00,2018-08-27 12:17:01
415bcb1e623a03d4460e7c842b438ca3,202bcf28f7e3dfcee06ab0bfe10c750e,5,,,2018-08-09 00:00:00,2018-08-12 00:43:50
0c8b5de0424c92dfc8ed1d22965e93c0,7b351cbc1f8721faaab3f7d117f3ef7b,4,,,2018-08-25 00:00:00,2018-08-25 13:52:19
d028800212f03ade8edb0203748c0259,36c68e2e8ad21203f7f149a315550bb7,5,,,2018-08-10 00:00:00,2018-08-21 00:45:26
18cefa09e67b778dc6071f9bd079635a,d26fc4e0de94625d635210111725c127,5,,,2018-08-07 00:00:00,2018-08-10 14:59:38
bdbc93864bdba13f559a752a0ad94b79,80aa84ef8c5e289d84d1735060740d61,4,solicitei devolução,não obtive retorno até o momento,2018-08-16 00:00:00,2018-08-17 12:54:26
8e4368f3ab6eb107297db789a4faa849,8733317e2e5debfd2f5d513f545ba3b0,5,,,2018-08-07 00:00:00,2018-08-08 14:05:59
1bd5637bcdd77b9f6a3564ed5e59be80,c6ad7089d27e68a395de452a632cb54e,5,FOI RÁPIDO A ENTREGA,,2018-08-14 00:00:00,2018-08-14 16:12:45
466d2de6d433bbeb0ea90b4116df6b43,3fd0aee5e461a0922a15e3747a042332,5,,,2018-08-17 00:00:00,2018-08-19 22:31:54
efd4ae7425ef4af845be67c9bdf2c3ab,0b3e1c68302779e0c67d97c5b8ed17f7,5,ótimo produto. ,"Embora funcione a 3 pilhas grandes, funciona muito bem. Recomendo... ",2018-08-09 00:00:00,2018-08-10 01:46:52
9b491aa3b50ff1307bcec5263707720d,9a503487f2a2141cfc220d61e43bd938,5,RECOMENDO,"PRODUTO VEIO COM VENCIMENTO PARA DEZEMBRO, COMPREI OUTROS COM VENCIMENTO DE 2 ANOS.
",2018-08-15 00:00:00,2018-08-16 10:31:01
fe65d131efb95e5328c89c01e9346de2,6cf42ae592086e2192284047cbfb4632,3,entrega produto,bom,2018-08-22 00:00:00,2018-08-25 13:32:27
847c7f9e7a29c12bb66c6fc305fc6df8,8ebe945989d8e36075f1a141e40968c7,5,Excelente produto,"Excelente produto. Recomendo.

",2018-08-08 00:00:00,2018-08-08 20:53:27
b0198d8c6b145d29d0d7abc5bfc04abd,4dda81f6169b472f50dc01b2c3cea637,4,,,2018-08-12 00:00:00,2018-08-12 21:59:25
5fdc737f6a5f45f91053cabee9f3e64d,761de39b98af23c2f3b771461e2c5e2c,3,,Infelizmente o cartucho não deu na impressora canon mg3510,2018-08-15 00:00:00,2018-08-15 13:55:56
0a879c3161d6cca15ab100ffdb3c643f,ed4bfa707956ab491448f8f28a48f6c6,5,TUDO OK,TUDO OK,2018-08-11 00:00:00,2018-08-13 13:03:40
0010388b006db42c9457d7148035db0e,cadf75f0c2e29639d54ff0430d98e9f7,4,,,2018-08-12 00:00:00,2018-08-14 11:35:39
99e9bb2b58070121f4f9278b1533ef49,9fcf074ecd6df19f51f6fc30b6a33161,5,Muito bonito,"A Luminária é muito bonita, atendeu minha expectativa. Chegou rapidinho",2018-08-11 00:00:00,2018-08-14 11:46:45
cc0f1ca9f4266fbadf18047eca5e29eb,ec3a30c1155fb62e7f0067107c94b83e,5,,amei veio certinho chegou bem rápido ,2018-08-10 00:00:00,2018-08-11 10:28:02
debaa4b6ca1d222005956687382c92ce,af256e5861b37190d89da2ecd8dcae4a,4,,,2018-08-09 00:00:00,2018-08-13 13:45:16
14d2fc00b4a2c4feb60c273b4574258b,4e7838e2ac3b81d9d9ca377dcc0549de,5,,,2018-08-09 00:00:00,2018-08-09 21:00:48
41b7732c17a0e4cae43b5cf4d7e87c9c,c2727cc96d58f1f1cf1ff57b3e4fac27,5,,,2018-08-08 00:00:00,2018-08-08 11:53:25
d4d6035dceda190257ff3560bc59fb31,b1f84046464711e8064cd70d5232d104,5,,,2018-08-09 00:00:00,2018-08-11 09:42:17
49b1b86e28f4cb8162f4837ab4c1f38b,66fc85fce01ca94d68a669ad2f78c035,5,,,2018-08-10 00:00:00,2018-08-13 17:25:43
f82f3e3c8a7112d5efa4131df095137a,852f05d982b898131361f787c7d787fe,4,,,2018-08-09 00:00:00,2018-08-13 11:24:07
ad11643dbe3976421c26cbb0226e5ef4,491e593aee916fa4bf7b6cabb2f80070,3,,pessoalmente produto com características diferente no tom ,2018-08-08 00:00:00,2018-08-09 10:39:59
9e1dff28e43a8e616e517531e72821b7,17be7ed9263bf0ea1f2e8ad91f699dac,4,,Gostei do serviço e prazo de entrega ,2018-08-21 00:00:00,2018-08-22 21:41:19
791452ffed6d5a38dcf571f775ea842c,b5780df6f99a1b41aaf41e0937ca5e9f,4,Produto excelente !,"Mesa linda com acabamento perfeito . O parafuso do suporte veio solto e então deixou a parte de cima um pouco frouxa, tive que dar um jeitinho. Mas o acabamento é perfeito .",2018-08-14 00:00:00,2018-08-29 21:28:42
c0f84473e906283016c74f2b29ab99f6,5b4101f533b7c66611b649809ff634b1,1,Não entregaram os lençóis,Não entregaram os lençóis comprados ,2018-08-14 00:00:00,2018-08-15 11:02:58
398c1ffd803a81110de678f4dc5b4ce9,aee590f76dc95d8c147146ae04100704,5,,,2018-08-16 00:00:00,2018-08-17 20:50:21
9548b7c48a839204d7f2047da2a9ae25,5f584984f781a737f7a40522e1e8db52,1,Minha compra venho faltan,Minha compra venho incompleta. Tá faltando o chicote. Tento liga e só tem gravação não consigo falar com atendente.,2018-08-14 00:00:00,2018-08-14 21:17:38
858cd1c7793893725a19f1176d124369,66bf8e132d14cff2d0ae1145e3f70795,4,Preço justo,Entrega ágil. Produto excelente poderia ter um acabamento melhor. ,2018-08-17 00:00:00,2018-08-20 01:32:32
c10d80738052c682f1891cc0a17eabe2,7595f9b8e070df43bea3c85e1e25d361,5,💥💥💥💥💥,OTIMO,2018-08-10 00:00:00,2018-08-13 11:15:36
dae10d3a3a48c9755651defac2152d71,67ad45f6efc3483b12ad1dcc36d868b5,4,Recomendo a todos!,Entrega dentro do prazo e vendedor super recomendado,2018-08-17 00:00:00,2018-08-17 20:22:43
e60acec46fed601eb4601f3c8c6cf25b,93cb3576b5e361f46b9a9f1720a3eb06,4,,,2018-08-08 00:00:00,2018-08-13 13:47:28
b47e7846b9434ce00c71558a5ee33809,2f7278fadfba016a650a093b49cee1a4,5,,,2018-08-12 00:00:00,2018-08-14 00:32:28
3222649ba79e91ebbd346588cdd76df0,451a92b9b2211031e527f7f85525388c,1,Carregador com defeito,Carregador com defeito e a loja se recusa a efetuar a troca.,2018-08-10 00:00:00,2018-08-11 22:11:37
bca8ba8213d9cd9cc277e7f7fa311189,861135e965db93780ab935ee79c6a68a,5,,,2018-08-17 00:00:00,2018-08-17 12:47:26
70309a67ad99381dadcfcf470a3af570,710ad9913c5b4fc7c5d5a890082b1029,1,,,2018-08-12 00:00:00,2018-08-16 10:46:39
36272a624d93914a3fc574b0f9fad77b,0abc7357d2bbb06a7d4d0b2a24d4ebd3,2,,Chegou o produto errado,2018-08-08 00:00:00,2018-08-08 09:49:27
d414c02b27a4c7a14c8a4da0ecb7e1e4,e8a7971efe578b8e5a140c59f190c52b,5,,,2018-08-10 00:00:00,2018-08-12 20:52:03
d046d3288b7a37f870eea17af754f4a6,b3096cede7bf1dd20ff6607c7ee786e7,5,Super recomendo,amei a mochila da minha filha.,2018-08-08 00:00:00,2018-08-08 21:20:01
68104b7945d81ed154c79500b1fa0db0,c2fdaa1b60c55ac8d318c4adb4b26373,5,,,2018-08-15 00:00:00,2018-08-15 22:53:27
faaf60efff00dadbd47e24ffdd01a6f7,5efadf4b12dd71ad2003ee3b7f2b24c3,3,Medio,Soh chegou 1 capa,2018-08-10 00:00:00,2018-08-11 15:44:57
a7ff73bc13eef2736b95d913a11b6f48,a29c25c2c9c3100daf48a25880312c23,1,Insatisfação ,Meu produto veio faltando com 5 quantidades e apenas recebi 4 e ninguém me atende no sac ou me da alguma satisfação ,2018-08-09 00:00:00,2018-08-09 23:08:15
8dd6176ada44da7c91e4c6568d7f20b4,4506b1cbdeeb686eb19dd753a7a645ee,5,,"ainda não testei o produto, mas a entrega foi rápida. obrigado",2018-08-11 00:00:00,2018-08-13 12:57:48
4a14869e35470cd9d206f398e68e28cb,3912b0f176edb52c40f760e27d055456,3,,,2018-08-09 00:00:00,2018-08-09 23:36:35
e45871266a762417459d9ec30c460222,48d4e2ea1003c1efbdc8c3cd4e0af69e,5,,,2018-08-09 00:00:00,2018-08-13 22:07:57
c24509442920e9e7d7cfa45975381d20,32c5abfa9eb2480a7162f1ac2425680d,1,Não recomendo,A cor do produto que veio é totalmente diferente do da foto. ,2018-08-23 00:00:00,2018-08-23 20:09:41
e7bf88bad65cfd7995029b01f3c2e5e3,1596533ff4cff89818b0490409f0c4f1,5,,,2018-08-04 00:00:00,2018-08-04 20:17:32
b8cc935858e62565453f41a76e91ccc3,2ac44694fb65d738c9b26010ef5e6915,1,,,2018-08-08 00:00:00,2018-08-08 06:00:24
2d3d05dd200128831ff6b7aa8876cb6e,170b7a63bf7b5f3d511c138e81f06e54,5,Recomendo,,2018-08-15 00:00:00,2018-08-18 20:34:02
65e402976d6fea7fab3070abd10f111c,54e21f5480d90336080ff89ec1ba503e,3,,,2018-08-10 00:00:00,2018-08-13 13:08:07
faf4f57e4ffdd725d8f9682812064ff2,a610b42e6e4319084d3ce5f60e0dc1ff,4,,,2018-08-08 00:00:00,2018-08-13 22:25:30
2f85e0a149ced94af2d778e0b8d41ee4,0fb0e71d92a103ce203e4b32be458d9b,5,Facil troca,Otimo produto e de fácil substituição no aparelho. Demorei nem 2 min para troca,2018-08-15 00:00:00,2018-08-16 22:13:03
d1449896cc149929d0f3b8c1f81c7de0,9e5ad464d579c1593e82dee8ffaf05f9,5,Recomendo,,2018-08-21 00:00:00,2018-08-22 04:52:47
0092c1b8ef5e457b8183b7fd556a5755,26691a6d8902f95be91e566557db80aa,5,,,2018-08-10 00:00:00,2018-08-13 18:50:16
0dd8142ea45149b70cebeb65024b6b0e,2a26d2bff48eca96ae022096754602f0,5,Super Recomendo.,"Entrega do produto feita bem antes data, tamanho certo e itens que constavam no kit. Muito melhor que o esperado.",2018-08-18 00:00:00,2018-08-19 23:36:57
8f06b4535969c749409c2aab9bd60d45,8006b152280a7ed38378fc8eaa989a7c,5,,,2018-08-07 00:00:00,2018-08-10 12:48:33
44b9c6a9049bb9206f2f7b671b0b043f,97f6b2b72a0896062a87402113126baf,5,,,2018-08-13 00:00:00,2018-08-15 21:49:02
fdad7d294f11811fa28c15d480e2271b,e1dc59c8a0073f7889eb0b714c97eacf,5,,,2018-08-14 00:00:00,2018-08-16 22:08:14
82610d599f33eaedafad331dcf91ba13,ceb13edd7ff6e50ff3a9295764a6b3b7,5,,,2018-08-14 00:00:00,2018-08-17 01:51:22
6a8e305d9d11dca392bbe277a2617fb1,0c1eabff9739bc1f4ac404d1a8a13db5,5,,,2018-08-16 00:00:00,2018-08-16 22:20:58
7c00b2d6c4867a2a5622995076e965cf,50bfdb0627807130b8f989106c985a75,5,,,2018-08-10 00:00:00,2018-08-12 16:57:56
6a6424e5290630839b3d32d67ed7ea4e,f8941c4e03c5fdb1736fb5cd167c17a1,5,,,2018-08-10 00:00:00,2018-08-10 16:39:56
834e4d17cdc81356441c996bfe063764,845faa625ef6a2b4549edd96a4bb7308,5,,,2018-08-16 00:00:00,2018-08-18 23:46:33
aea60b99e708feb6b28c7c3396f1a976,83473068577d922cfe5ce5b7f409519d,5,,,2018-08-09 00:00:00,2018-08-10 03:03:48
4a6168e7e7b8f0c2f80802292c2507e6,c11d9ffa0f049e01a764c954c7494aa0,1,,,2018-08-14 00:00:00,2018-08-18 16:56:09
75f16b2abe9b125fdeac7f7c075a3ef6,de8323147a3358b9c4720ae5e8ef668b,1,,,2018-08-07 00:00:00,2018-08-07 22:25:25
0b6f5cedf58cc9b7866c5592b26fc3a0,af7f48cf036eff2a82e44332f7d36f2b,3,,"Tudo dentro do programado...entrega rapida...recebimento perfeito, só não posso avaliar o produto, pois ainda instalei.",2018-08-08 00:00:00,2018-08-08 22:44:54
fda6a0513db7c1a3b798b259ef73f29d,ec34503555e993a9e7e2272b563d416c,5,,,2018-08-16 00:00:00,2018-08-19 00:27:19
cf1e687f2b244ab531f66e19539d6ca3,08bf457a7ecf8ba28efb48f0add11cca,3,,,2018-08-10 00:00:00,2018-08-15 14:30:49
481737ef64b05090ade8bf822749712e,fed6ef6fb04042a3b895df051c11225f,5,,,2018-08-15 00:00:00,2018-08-16 07:36:13
98d3a00cdbd516e9f89586125b88d59a,3e36ac046e031f1d3e1f8ce6767c018c,5,Produto bom,"Produto bom, foi enviado rapidamente ",2018-08-05 00:00:00,2018-08-08 19:52:43
8503d26fbb7a36b1087bc37ef82106a0,dde57deff5c66be4e59c0da19696ea50,5,,,2018-08-21 00:00:00,2018-08-21 17:46:08
e0b975fdd859bf89fcb36f9ff491e1c8,a8e595153c8bec02b29e66399b21e1ae,5,,,2018-08-14 00:00:00,2018-08-17 00:28:00
346ca41606e01adef8f1ea1d17a193f1,bb048e358cc6dd3c087ba3b3ce36a190,5,,,2018-08-28 00:00:00,2018-08-31 17:58:41
6b8d2bfa8f21267c24ff16a0e782e14c,8e3aafa608957bdc2ddb74b7d9a7a559,5,Produto excelente,Cadiveu é maravilhoso!!!,2018-08-10 00:00:00,2018-08-10 20:42:28
eb0f99906f12bc75171d3fabd0d616c7,b1c868aa288ab0e4006db84876398e68,5,,,2018-08-04 00:00:00,2018-08-06 17:29:41
faf57a9057f8a222acf61f50e876f84d,0c73b283fdefcef04be55400a4f6ccd1,5,ÓTIMO,,2018-08-15 00:00:00,2018-08-17 13:08:06
e09453bad20c20ea6fe88471b5bf4fb4,2cad1cf90acc3870d982eafa58b9a657,5,Cartucho Tinta HP,Chegou dentro do prazo.,2018-08-21 00:00:00,2018-08-21 21:34:52
27bcb998245f0bf189a072776445de92,1b9b1209ee112e9b2276c880746615e4,5,Excelente!!!,"Lindo, leve e quentinho, ",2018-08-04 00:00:00,2018-08-06 09:38:06
bbf0afa9ccd3881818b89eafc53a822e,64eda3241f07453a9d8aeb85428c18c5,5,,,2018-08-14 00:00:00,2018-08-15 12:11:10
036963bd2c4b9a231d2a7079bbba47a8,56c342adb8f074b20da098539a429d68,1,ruim,nao recebi o relogio de parede,2018-08-14 00:00:00,2018-08-14 21:58:24
a53ff6f163d0244869e24916c34fc157,454c3851ea6ca1eaa09fd44d2502aac0,1,Saia de cama ,Não gostei do produto. Muito ruim o tecido ,2018-08-09 00:00:00,2018-08-10 05:54:39
c2f4c281b2198eabab1ef0ba8c1bfaa6,73421a5bdd55f86529569549055d9e82,4,,,2018-08-10 00:00:00,2018-08-11 02:15:04
741fbf366efdf09e3701f0350cb7b978,6563b375a3fad2d240225b16ee246f68,4,Recomendo,,2018-08-14 00:00:00,2018-08-20 16:35:39
0b401d06a88d37fb1007d9b2c8743af7,165fc79e50295637b743a0f33fbb3599,5,,,2018-08-04 00:00:00,2018-08-04 19:26:06
a07356cd3a586d9c98bf9a3d99dfde69,5a30bac46bd67c48565822b5789c0954,5,Repeti a compra,"Comprei um organizador de porta malas para teste. Gostei muito do produto. Muito prático, dobrável e ajusta perfeitamente ao carrinho de transporte. Chegou antes do prazo.",2018-08-09 00:00:00,2018-08-16 15:50:20
d783b9df1cbb8273c3fd93dabebc7028,fa501c06e7a60e98b43e678fd5205c37,1,Produto de qualidade ruim,Produto diferente do que foi anunciado.,2018-08-08 00:00:00,2018-08-09 16:10:25
1b60dc40fd3c780b76808360970a814d,323dc5a41f87be5d3e726a2cd303e6ea,5,recomendado,,2018-08-16 00:00:00,2018-08-17 11:00:10
c5e7ec28f05f719d51f73c40cdfdadd4,8b01dbab48de4c2a6edcca84a1798df0,5,,,2018-08-09 00:00:00,2018-08-09 09:11:01
35f046223aee1d02cc81e100ca9134c1,adcd620aef763e5d4a548a49f6ec5b8d,5,,,2018-08-10 00:00:00,2018-08-10 20:04:07
d58e5eaa0249a85a2717dbde350ecab0,3c32b5ee0d19331febeea91a6fbf37c8,4,recomendo.,,2018-08-15 00:00:00,2018-08-29 12:39:35
4054a4d30d4ab812366b300cc0fa2559,8a56969338e5970acc6a4e8d0e0c92a3,5,Excelente,"Ótimo joystick, principalmente para Retropie do Raspberry Pi.",2018-08-08 00:00:00,2018-08-09 10:36:11
1c90f28058ef78800e6e34a00ef10b67,0b49ef15b00408f4b3cc8c7ac0c5ae19,4,recomendo,"tudo perfeito, entrega, prazo e produto.",2018-08-11 00:00:00,2018-08-14 14:19:41
f36cdb0e4ea9e1e68c623449dcab34d9,15c4d15a595aaff02d4de63093a4b57c,5,,,2018-08-14 00:00:00,2018-08-14 18:48:57
2ead1f82f0f76f7d6fb0e25b9c6e3a5a,eba48e9c6c31015f8245d729d81b9f34,4,,,2018-08-28 00:00:00,2018-08-30 22:44:14
bf0ab4c039d6b05f116d3b9a97344e09,a37e262a26000281d0ade3b4eb1ce1e6,5,,,2018-08-14 00:00:00,2018-08-15 10:33:03
602ed10ddd70be725ea979587f7b0114,c2e3ee5ef901092148e19caccfe10ffb,4,,,2018-08-10 00:00:00,2018-08-13 19:28:53
b205a55ba51a0d6ff3dd08d51954f4cf,b14127bfb817fb9d5883aacd257bb447,3,Telefone celular,"Nenhum chip cabe, nem com adaptador!Estou buscando solução mais prática.Caso não consiga, terei que trocar o produto.Recebi dia 17/8.",2018-08-17 00:00:00,2018-08-20 13:36:30
0e2e916ab3c258e2908c9fc37743f497,f6f3648ab3e140b29823bbdb84a34455,2,"Infelizmente,trava muito!",No quesito entrega vocês estão de parabéns. Chegou muito antes do previsto. Pena que o tablet trava muito e o sistema usa muito do espaço interno que já não é lá essas coisas.,2018-08-14 00:00:00,2018-08-14 14:13:11
2a1b4cd792b90463646bef7789c1f49e,c0e59bb74c6b71dbd39b3073120e957d,5,,Gostei,2018-08-10 00:00:00,2018-08-11 01:52:31
88f1e6485cf67624d3d5937b872cac5d,5ab34a3449b54e0fff6d7ba20781a655,5,Positivo,Muito bom,2018-08-14 00:00:00,2018-08-14 23:43:18
72cd24ac268e226359ba1aefc07fbd00,7aa5fe5b772da0099ed083f51f800e8c,5,,,2018-08-18 00:00:00,2018-08-20 15:39:33
0f3a44059bca71707b4674f5ca18e1de,5d36971a31667ce7f86f81d277490e9a,5,,,2018-08-10 00:00:00,2018-08-12 22:52:00
e90351a2e646910880be93f44eaf7cdc,0c6a2732270e3f0f66bd73dbde93b59e,3,Funcional ,Entrega dentro do prazo.Mais a película fica descolando as laterais ,2018-08-05 00:00:00,2018-08-06 15:04:04
9ea790738bcae798d90fa9cae8a9ac6b,d1ef94426d8030042fb422bf0891ded3,4,,,2018-08-11 00:00:00,2018-08-13 16:43:10
55b4b05e49d964442344e92e71cfe9e8,adfb15b690df8a5aa4c327edfc6ea9f3,5,super recomendo,"Ótimo atendimento em todos os níveis: Rastreamento, passo a passo da compra desde a confirmação, logística de entrega pelo site da lannister e correio, entrega antes do prazo, logística perfeita. ",2018-08-24 00:00:00,2018-08-27 11:36:35
17b3fbaa97866672e10b7794c58b76c1,a97a2be3f668f7c6d75a218b2dba8720,5,5 estrelas,"muito eficiente ,entrega feita 12 dias antes da data prevista",2018-08-18 00:00:00,2018-08-19 01:32:08
8b38ee337a12ef70eb5a44d296c1ead2,db62e0a0d6c8476c079bda2174228551,1,,"A loja não cumpriu com o prazo de entrega informado, que seria ""até"" 08/08/2018.",2018-08-10 00:00:00,2018-08-11 11:41:30
615c5420814b23d3bca9efd72b842f77,4ba6b813ed91fee2b26261b064aaf348,5,,,2018-08-10 00:00:00,2018-08-11 15:21:08
cb00b883cadcbee96cc1671c6d22bc78,b63c4c6a266d6aa9a9eff6e38d566e85,5,,,2018-08-16 00:00:00,2018-08-17 12:40:14
47dff886ea04a38b7dd98d02d82446a7,63566db60bbeb077e5d7c18411674b8b,4,,,2018-08-17 00:00:00,2018-08-20 11:24:43
6dff1810471f2788ffbd266b3d60d8ba,c39c44584dde0d84f912a395af0bef21,5,Excelente ,Correto,2018-08-15 00:00:00,2018-08-16 01:38:37
d1d7aac4c377efc95e3e10bfe81bd62b,30df6364a7029642408b5fbf8556ef21,5,,,2018-08-09 00:00:00,2018-08-10 02:24:49
fa18ec9c504a7afadd7a76dd576693e4,162cf02f9877cddb71e0bb217b585128,4,Otímo,Adorei a cauterização da trivitt quero pra vida inteira😍😍,2018-08-21 00:00:00,2018-08-22 00:27:30
061fe812623750a321d1137115ae4b76,63395e53d28e53559462a08ceb1b2df6,5,Gratidão,Grato pela entrega rápida e pelo produto correto!,2018-08-17 00:00:00,2018-08-20 10:21:08
955fdca96a681d04324a21f82a1eabc4,670c4b17da301d33c203760668ded9b1,1,,,2018-08-17 00:00:00,2018-08-20 15:35:44
8dd5163c921f600f6b8475bf13d2d957,f117aeca0c3c9410a2eafabdeafdc214,4,,,2018-08-10 00:00:00,2018-08-13 10:50:40
d5dc6084ed4198e54e44e1c243215c6e,de11314f84cd5578a36ab8312ab5b5df,4,,,2018-08-12 00:00:00,2018-08-14 07:56:30
e76a173e1522c9b20f0dd3910e608650,5be0a4b3c5edf92cb76efb03c61c2474,4,,,2018-08-07 00:00:00,2018-08-08 03:25:02
d9bb420cf30481fbc0093cbea4bd0417,b058d10cd1c5819182e6071160eb23a0,5,otimo,"o investimento não e caro pelo beneficio, ",2018-08-14 00:00:00,2018-08-20 10:20:28
79f112dafc6117a9e68e3b8c0d93f119,4c480567d1db63cffddc552638c35d8f,2,,"Na nota veio descrito 4 produto sendo que quando abri veio 3, espero que esteja a caminho",2018-08-11 00:00:00,2018-08-11 19:08:32
1de5a6511d03fdfb910d7bbcd3e152c2,db70f8a5634ca9a20586be3dec6ad653,2,,Estava marcado um dia para a entrega e não foi cumprido,2018-08-12 00:00:00,2018-08-12 12:36:25
72f3c437f2776e4bed6daac09259b4a7,9702b284912de5c57518af9f8220246c,2,,,2018-08-25 00:00:00,2018-08-25 22:42:17
ba2714cf3fa3642959583d95dd658db1,1f06e0b20a4b5a839950bf1f9f779957,4,,,2018-08-10 00:00:00,2018-08-11 11:21:33
815018ecb191fd9d1cadd856c1447762,078f6a01964ee122ef20881df839af31,1,Produto não recebido,Não recebi o produto que esta sendo cobrado no meu cartão de credito.,2018-08-18 00:00:00,2018-08-20 11:53:15
f874d06f3076ba1235364c619b36d1fb,3b3725fa3dfc009ca1e6ebc503a0bd16,5,,PRODUTO DE BOA QUALIDADE E ENTREGUE DENTRO DO PRAZO MARCADO. ,2018-08-14 00:00:00,2018-08-14 23:59:23
b690d09288b4b55bea88ed8857d59370,e5cbee019f9a5bfe36c2144b96b10ea4,5,super recomendo otimo,"recomendo,chegou antesdo prazo,adorei",2018-08-15 00:00:00,2018-08-16 11:27:49
cf721139093eba25dec84263e5f41ea0,5052e182aee58daae49fec8b9caad0c9,5,Satisfeita,Sabonetes de ótima qualidade! Recomendo!,2018-08-11 00:00:00,2018-08-11 19:15:35
46279c474326d4a2c0193ea5cfe9ac24,3ea27e818dd373d6afff3fb13be4910d,5,,"Ela é linda. Muito maior do que eu esperava. 
",2018-08-16 00:00:00,2018-08-16 17:06:00
3b154c210f1a1abaec031cd605b8c1f5,2b4c98424c04c927d4f10fd35a3e3558,2,,"Achei Q desta vez,o produto deixou a desejar,muito fraco demas",2018-08-14 00:00:00,2018-08-14 21:31:53
7af900fd225cb4df807f15dfd2a6d78e,ecca6d9e70db69a20c2cca23b23fc8aa,5,Ótimo produto ,"Relógio muito bonito, chegou antes do prazo, bem embalado, bom custo benefício",2018-08-14 00:00:00,2018-08-15 20:10:25
05745db50eb315fa854ed31821a01891,a1ad76f125118edcc2ba7035e9a59c7c,5,,,2018-08-14 00:00:00,2018-08-17 09:42:54
c31ea104a363fad1e8c129d9d1796c97,05f18c930e9961675a68af3b18efaf6b,5,,,2018-08-10 00:00:00,2018-08-13 01:35:29
068122c368a19cd3119df07fa65aa55b,43212d0edb989569de152cc65e9d96fc,5,,otimo,2018-08-18 00:00:00,2018-08-20 13:00:49
c8a569aa89b57ea3f138777d7820890c,8501926dd0837d694fc5af339c02a6b2,1,nao recomendo,segunda vez que comprei o mesmo produto e nao recebi site ridiculo nao entrega o que vende quem quizer comprar compra sabendo que sao enganadores ,2018-08-22 00:00:00,2018-09-03 21:51:17
e4bdb071895665b0bfeeb9f5c6fbd354,0ad9d4e4f4c9746b59ddb9c18d30d241,4,recomendo,Recebido antes do prazo previsto pela loja e chegou em perfeitas condições,2018-08-15 00:00:00,2018-08-16 11:10:01
9618cadd61da63a878df71a4645613dd,d72c87644eeb5b1c8658e9a34ad13f50,4,,,2018-08-09 00:00:00,2018-08-10 12:02:52
932d0cd38786aebbba5cbe95fc36740e,56f8f42c9ba3fde1fd14794adfa04b1c,5,10,,2018-08-11 00:00:00,2018-08-13 16:31:30
3b93e412c6a642f3dee8eff139417ad7,dd473c68be3819ae8e68f1a7608547c6,5,,,2018-08-10 00:00:00,2018-08-11 11:01:20
b67a1ed874193e8d5f4c6f4083c2c906,11120fb91d0191b1174ea4e37043ff39,3,Problema na nota fiscal,"Gostaria de saber pq recebi a nota no valor de 14,20 se na realidade nao foi esse preço q eu paguei?",2018-08-21 00:00:00,2018-08-21 20:38:25
f83056e623e741fd4ff35a878d974158,394038740b5a42db8607def1c170eed2,5,,,2018-08-14 00:00:00,2018-08-17 13:07:35
00ee80862b9f6b894b9d30f0b7336a70,9c893d6ab03661d6f07382306b4de688,5,,,2018-08-12 00:00:00,2018-08-14 17:07:46
afb912c5b07be8c1368c29eab285bdbc,e6772dda9bdadd4f57d177aff05c59e0,5,,,2018-08-14 00:00:00,2018-08-14 22:57:55
be09dbe20f12f06d1405334b2b83f3db,64d23ea3d34bfe1b619e41c2ffef4803,5,super recomendo,,2018-08-24 00:00:00,2018-08-28 16:52:06
a5c9eb550238bccc78a107933a528344,bb04237dd8964e0983c1d0bc623dcfeb,5,,,2018-08-29 00:00:00,2018-08-29 19:10:35
f25382444395c6e40c7e8500cc6b3d98,f709f3fec102226ab1dce1018209b7ff,4,Tablet,,2018-08-15 00:00:00,2018-08-15 23:45:52
dd36dbae32fd9b0aa17f3c86907e72fb,c6e0ac21ec42ce78d3ff7fd8eca3735c,5,,,2018-08-15 00:00:00,2018-08-17 01:02:57
b32e794878bd8768ba3e1b2410bf1b5d,f35013d66cfcbe79e1bcedd6fb914278,3,Quero o estorno ,Não recebi o produto correto ,2018-08-11 00:00:00,2018-08-22 13:54:12
c9fbd2ab0e26b74cd58ae3f14a17f884,3794be706c3088573f54b492768e7689,1,2 dias fora do prazo ,2 dias fora do prazo já mandei email pra empresa e ninguém responde estou preocupada de não chegar meu produto tenho urgência em usá-lo já está pago já passou do prazo e ninguém me comunica nada sobre,2018-08-30 00:00:00,2018-08-30 04:20:30
ae4c3f4cbed615084ed65063fb45ca27,8aa454f4a1257f74aa178aba255e7cf7,3,Boa,,2018-08-14 00:00:00,2018-08-14 18:06:01
9e28bb067fa321582dc888c38c4ef8fc,73a516c7297dcd6a809778fd0cb8bdd4,4,,,2018-08-07 00:00:00,2018-08-09 18:07:15
d1eac42491bb894abacc79d1b571904f,a887a98a44fd41090859072971661ece,5,,"Entrega antes do previsto. Parabéns pela rapidez! Produto exatamente c
omo no descritivo",2018-08-04 00:00:00,2018-08-04 21:41:57
08aaceadd05378920a3a5d9c25349b24,fa28b32a0c26a05aed07e5fec4c54b3a,5,Muito bom,"Sempre gostei de comprar neste site, devido as divergências com o cartão stark que cobra a anuidade muito caro eu canselei o meu cartão stark e fui comprar nos concorrentes. ",2018-08-07 00:00:00,2018-08-08 22:37:18
fdc4c3a1106a8a21782e2ab361f9f4e5,3e073b27114fe955e184db124d34a566,4,,,2018-08-22 00:00:00,2018-08-22 22:10:50
772ba8b3985d5ac88dd07826e0b7cc25,ba992a67b91b76a97c227e1ad48658f5,5,,,2018-08-15 00:00:00,2018-08-16 13:47:55
7987a0af1ee7ca688e0178afe32e8a4d,1d71e35103fe8db2e50dfff158650e4b,5,,,2018-08-16 00:00:00,2018-08-17 19:49:23
a0f04642529144b0ad835cee385e9947,076dc4ca874b482e0fed6263b1ff1b5f,5,,,2018-08-15 00:00:00,2018-08-20 12:36:16
3acd029958d6acc525a6d0b3888e9ec7,c8223ab24b18df53e6a37eae1fd69d48,2,Ótima loja,"Produto deixa muito a desejar!
 Um relógio digital sem luz isso é impossível ao meu ver pelo menos para mim!",2018-08-10 00:00:00,2018-08-12 22:44:42
11c9eceb8e895fbe9d39955049e27e68,a4e584c6dc40947a851d93c60fe9c50c,5,Ok,Ok,2018-08-09 00:00:00,2018-08-09 20:58:45
55450a3489e92dc735a9e2bff56e6488,fe98bde348882015e26b7660d5db70f6,4,,,2018-08-16 00:00:00,2018-08-18 23:12:06
dd436d656291b68c012f48bae67f4624,5db9b8f52b7f31e8ff3bd6111936000d,4,,,2018-08-16 00:00:00,2018-08-18 11:39:40
2f5153d1344dc54ec2b20229d338864c,2c9a4bb73b123a0d370e12b5bf22b0d7,5,,,2018-08-11 00:00:00,2018-08-13 11:14:25
e2530b33978028f38ce9bf9f0a55b0e2,3e6fcbe51e870332ced599c465eb6df0,4,,,2018-08-10 00:00:00,2018-08-14 17:45:09
d06c9d9618447d5ad78e9759b92b7c9e,740ca5d56791bd56068210f715589b51,5,,,2018-08-14 00:00:00,2018-08-14 22:02:22
010bbc0130dafa459ccd25d2bcf82cdb,b653d11a2d36e5f0ef423e03e28e7682,5,super recomendo,Produto excelente e otimo atendimento!! Muito grata!!!!,2018-08-10 00:00:00,2018-08-10 23:36:34
9542816bc9a24e6d5999527194d4a232,63b560062bb9ccde4a2b9e9d26b39486,4,,,2018-08-12 00:00:00,2018-08-12 21:37:01
c07f1d21f0f88c4df1e09a299beb5639,99a18b057d4dd4778d6f3a33ba498777,5,sim,muito bom,2018-08-08 00:00:00,2018-08-10 23:30:19
b192e296721bd03e6e2ad43f10673058,0181409c6498f79e161dde79c2a7dc59,5,,,2018-08-10 00:00:00,2018-08-11 01:33:36
c71749024394ca047864df586a553eab,174b5b1a0a2498b8e2ba177359ff75ce,5,,,2018-08-08 00:00:00,2018-08-09 19:23:36
48843e8b03677dec636853471eaa7c1c,29da327955bc0e7d3be1b98d93d0903e,5,,,2018-08-25 00:00:00,2018-08-25 23:10:01
e89550d693dfc3d5b7864c5d98e633f8,f8fb768a4889846eaf601b29827b596a,5,,,2018-08-09 00:00:00,2018-08-12 01:21:12
180fdaf227d4297ba99a71196b691752,69fe57ea54b1926c309bb133b16f9501,3,,,2018-08-16 00:00:00,2018-08-16 04:18:57
1349d89973434f0c01879ee1d4835bb4,c5b5fbe68f87bd4ee6770536a1b30fc3,5,,,2018-08-10 00:00:00,2018-08-13 12:59:56
5eae7f384da89a856eedb418604335ea,a14173b7936139e28cd1aa620eada598,4,,,2018-08-14 00:00:00,2018-08-17 12:15:57
85583295e5c3771df91646d389f3ef58,175be3f02b744f3c7e1eb5e32cb0acbe,5,,,2018-08-09 00:00:00,2018-08-10 00:53:35
c543f8ba44438c6921853322fa62f83a,148634e0774ce5a1273806a9e639bb93,5,,,2018-08-11 00:00:00,2018-08-12 02:44:17
fe580d9142b98ec8cb20cdec70992474,0d5d3777270af3ab88e1ad0e74c57e52,4,Ótima ,,2018-08-18 00:00:00,2018-08-24 15:48:44
3d50587f3e672014c7484df8bea059f3,035c01a45e289b155db4e47cf39b29d3,5,,,2018-08-24 00:00:00,2018-08-24 18:25:27
9e9804e5cdb4ba2e2631f862630e71c8,959e7a4f6f98f189da64a254d9937313,5,Excelente ,,2018-08-11 00:00:00,2018-08-11 21:49:18
e83150d2f778228ed0505204a03761df,283bf5d2f306422175c079231da015f7,5,Gostei ,,2018-08-14 00:00:00,2018-08-14 20:08:06
5b98cdab97af8a765b760c74a20b8c58,87ad518d2d4ad356d66440d337c509de,4,,"EU PEDI NA COR PRETA, E VENHO EM BRANCO, ACEITEI IGUAL, MAS PODERIA TER VIDO CORRETA",2018-08-17 00:00:00,2018-08-17 19:06:05
5b422a74d70ffc967a85baf1341afa5d,574e38ca454c86f60df545b65a03277d,1,Não corresponde!,"A garrafinha não possui 1,5 L conforme anunciado, nem se encher até a tampa! E o material também não é lá essas coisas, para mim não valeu o preço pago.",2018-08-09 00:00:00,2018-08-10 12:33:10
eddf1afb099e087b852762ebb4635866,7d3641e32d8be63b62c24a62992e6e56,5,,,2018-08-10 00:00:00,2018-08-13 17:16:38
b326d19b64d291f06670c7055c1e100b,d186bb303793c5c807a392fbd08e88f6,5,,,2018-08-08 00:00:00,2018-08-08 22:36:37
77f11a1a56c63d1844e367a75bc74f84,7ca00d9cf45a4e8501cdc625899d7633,4,,,2018-08-09 00:00:00,2018-08-11 23:52:55
ee9ee39f52a46004335b23d2eefcb56b,c8f75f6121e5b471d9e207771a2a5367,5,,,2018-08-05 00:00:00,2018-08-06 17:18:18
3fcdd491a910ab6408067bf651ba7210,de9387b71120d212286385df34759406,1,É muito fraco.,,2018-08-14 00:00:00,2018-08-14 17:29:56
45d8898242e2cdcc3d99f428990c3d9b,dda0996054bec18cafa1ede0d62dd3cb,1,,Nao recebi os produtos,2018-08-11 00:00:00,2018-08-12 16:00:21
89f9126a67b7d1d2db75a0da8176906b,9a44abc905204e1ab8b71a8b7cb4b838,1,não recebi o produto,,2018-08-12 00:00:00,2018-08-14 14:38:37
ad643ac0f211566061c0f5a39d403a51,17295d6651c53865e020aa846be5ce3f,1,Atraso ,"Não foi entregue no prazo estimado!!! 
",2018-08-23 00:00:00,2018-08-25 03:58:14
6af7149022130b99d94615243b222ff9,05a6f444527fc90e28da6088b1707b20,5,,,2018-08-21 00:00:00,2018-08-22 18:19:20
3d547106e52864f3948cb02f57b1b5fc,efa2e42246bfe580af1b33ae96edc78b,5,Exelente,"Já uso esta pastilha à algum tempo, ótimo produto.",2018-08-09 00:00:00,2018-08-10 11:08:41
33f7a89948fe047ba1c7850fe3a8ed5f,afaa845a7a044d65051e77109d5b6ac2,5,Muito bom ,Produto muito bom ,2018-08-11 00:00:00,2018-08-12 10:30:28
fdbbc717539a2f6a9f6d46acbf32d8db,d640892cc6e635047b062a06b5f9ce32,5,Excelente produto e loja,,2018-08-11 00:00:00,2018-08-12 01:06:18
5494560c23a1d460243b4f2b93963734,34eb48efa7e9b176505b9e6797f25a42,5,,,2018-08-24 00:00:00,2018-08-27 23:03:19
b25d806a1bda3b2fccade56df5dc177a,617700c0f437adbb60d8ab8ea6d9e3ab,5,,,2018-08-15 00:00:00,2018-08-16 02:37:25
10db09713914ff8f43e9275857ed516a,ad979a858d9d6a2b8bbec764d452d1a9,5,10,,2018-08-10 00:00:00,2018-08-11 12:30:08
a6d1a2e094937b762971c33b6d3c68a0,b83bcc2e6111826562978d06d5de4e7e,5,,,2018-08-11 00:00:00,2018-08-14 12:02:19
2952897fd29fff9a6fde9658a8062ab5,f672188ca89296f0a903617f5fca8d17,5,Excelente 👍🏽 ,"Respeito ao cliente, qualidade, satisfação. Cliente Feliz!!!",2018-08-10 00:00:00,2018-08-11 20:16:33
85ac9a90d18f964e8591bfa90c83c7be,67899dac84e7e591ff0edc0d1dd0574e,5,,,2018-08-18 00:00:00,2018-08-19 05:17:56
1910f5f66399a49d257e53187ba97e50,ce9c29eef68b7ebc6a4bc1014618bb4b,5,,,2018-08-08 00:00:00,2018-08-09 15:55:38
61815e2dbb00bba5fe76404c7a409af2,ad40bc353ed6f8f975faf818439c7de1,5,Ótima aparência,,2018-08-12 00:00:00,2018-08-14 02:41:49
34da82b931740d13e90986a12e7fea20,908227fe95698325710fe450d4b7018c,4,,,2018-08-11 00:00:00,2018-08-11 14:23:07
5e8674fd24d0fad31c0eb59e63e1e8b3,beabca800e15404a84eddcf4f176eddb,4,,,2018-08-14 00:00:00,2018-08-15 12:38:09
7bb1a163a16b7476ebc81fc986e6a479,38cea9cee434d8caeca46e5b63002eb7,1,Produto com defeito!,2 dos 4 sensores não funciona. Ja foram feito todos os testes e produto não esta funcionando.,2018-08-18 00:00:00,2018-08-21 13:11:33
c897aa099f2a55c79288c83745ba4dde,413648037e02e5c759e67071c61b2fcf,5,,,2018-08-14 00:00:00,2018-08-18 15:54:38
5bf7efd13aea0826a1aca3930bd3107b,0df84fd499d4271993b678c5509f3779,5,,,2018-08-17 00:00:00,2018-08-17 22:37:30
dfb1308fd45f441761ea7beb405b9fc2,816ccd9d21435796e8ffa9802b2a782f,4,muito bom,,2018-08-08 00:00:00,2018-08-09 00:58:19
c76b99daaae67484f0f44b412fc202de,a4696d525de3823f56b75195dce92da5,5,,,2018-08-09 00:00:00,2018-08-14 14:08:47
ffd02c4dd074e61aa44170b1335d877f,229d0231b531443ecfe2a09572108c7b,4,,,2018-08-08 00:00:00,2018-08-08 22:16:37
f318f0110363f856531133c217bcb54b,0df047ac4fa1b5eed06cc188e54fd23e,5,,,2018-08-12 00:00:00,2018-08-13 14:38:21
10f8578074bc5f60c815710540b2672a,fe3b7d7e6df783d622ae530f841bc87e,3,Quase nota 10," Infelizmente a embalagem do meu baralho veio rasgada. Vai ser um presente. Vou ter q entregar para o aniversariante rasgado mesmo pois não da mais tempo de trocar. 
 Mas chegou dentro do prazo. ",2018-08-10 00:00:00,2018-08-13 11:02:33
a646310c7744d4247ad89797a981421d,80967070f5cc6d8bbe062cda5b15d84d,5,,Veio para crianças maior de 3 meses e meu bb tem um mês ,2018-08-09 00:00:00,2018-08-10 17:40:04
88139f69c472f01f8cd130fbbf9020ad,af8582de59ea502ec0626a2ded9c535a,4,bom,,2018-08-14 00:00:00,2018-08-15 10:09:43
eb487e7b68953b7799e4f47e4af8ecd5,b02709d4e987b97b8713543629c82401,5,recomendo,super rapido,2018-08-10 00:00:00,2018-08-13 14:43:18
1401fe6e3f74deecf826ee19567fd13e,562123563a31d7d3d69fd9ce87a0d443,5,,,2018-08-07 00:00:00,2018-08-10 00:05:48
0b1b82ea459414df09bb09ecb0723a8e,390cb12cd3157360539ab0739c1b8fa9,5,Super RECOMENDO,Entrega antes do prazo .... SHOWWWWWW ,2018-08-11 00:00:00,2018-08-30 11:18:29
1fa14333705ce470aed4793951862969,cc0ab0fd1ed4c39ca56a885ae303aa87,4,,,2018-08-15 00:00:00,2018-08-18 12:30:00
a28726914fd84bd6e3e20315e38b3e90,575d1ab8d021ded6ab9bd7340d7b7b42,5,,Produto entregue 1 dia antes do prazo. Otimo serviço..,2018-08-14 00:00:00,2018-08-15 02:51:04
b862b976076f4558d9dac2b4e4bbe167,bdc386da6334df2a3ed8c51f0fe77c16,1,Não recebi o produto comp,"Não recebi o produto comprado completo. Comprei dois pendentes, mas só entregaram um.
Como faço para receber o restante?",2018-08-24 00:00:00,2018-08-27 16:53:47
ec0687f9a80422714413842f10b8373a,6f38fec8657ada8f58c577f4a4d772f9,4,,,2018-08-16 00:00:00,2018-08-16 22:54:42
bc7533957265c4b81b5131953152f5b5,b94117844529c52fab97f521c434520a,5,,,2018-08-11 00:00:00,2018-08-14 00:19:29
f2309aec99e7e598cbbcc8f43bd5ebf4,ba7cd78ca5cc6ad6a8aa23fd95de7f6b,5,,,2018-08-21 00:00:00,2018-08-21 22:14:45
559021fa7d8e678874523d08576e6227,aef73437a579952b833ab7d9cbf58bb0,5,,,2018-08-11 00:00:00,2018-08-14 14:40:12
dc2e5d780838f90c207ffa12fd845c76,db7278dea8450817ee8e59fd074eedcd,4,,,2018-08-28 00:00:00,2018-08-29 00:29:30
c7a26c90398fcc0cea461ff789c86256,ab07bba4aa52c95cfd9d7a418d9be63f,4,,,2018-08-14 00:00:00,2018-08-17 00:29:31
b472cf6fc316f31c27a25a0395d2ed89,9bd46627fb3249657cec3b1320aea004,3,Bom,,2018-08-16 00:00:00,2018-08-18 12:06:15
e4729d191f294a07d82db703cd203aad,1544633fddddf3dd98fd5e9eaeb01b4d,5,Otimooooo,"Recomendo 
Muito bom ",2018-08-15 00:00:00,2018-08-15 13:56:29
9d4d2a99aca8490ea35c25ed61f83c4f,2d27fa8465e2c54b168794e916caf16a,4,,,2018-08-16 00:00:00,2018-08-16 23:09:07
bf2ca9b1aa418e8023e516336a6d1db1,b3f8cce18de7b670b4bf149957000470,5,Top,Produto atende as necessidades ,2018-08-08 00:00:00,2018-08-08 16:37:53
ddbf26cb55d2c1374e24e7d17790771f,9321ce4aafa9151ff2b57775c8d1ff70,3,,,2018-08-07 00:00:00,2018-08-08 00:02:32
60cdc2f9d731f4da8394581ad3e5cd11,6366ce592c90a36450778259cb163cc5,3,muito bom,"entrega no praz, produto entregue com sucesso",2018-08-19 00:00:00,2018-08-21 11:23:51
7013a0d90d84511a6abe2ef9df6ce0b1,6ab1e9ffa5914f8b0f2c4f4eb98e5a2f,4,Recomendo a loja,Entrega antes do prazo previsto.,2018-08-18 00:00:00,2018-08-20 12:51:26
6856899a402db4958e9980b7df10bd73,f544502f7cd11a14cdc792d87c7795d5,5,,"Muito bom
",2018-08-17 00:00:00,2018-08-21 18:05:52
bf34baa5a3e643966eaa5e96c035cc30,b90228d9050d13c266a67be0e92ccd00,5,muito bom,exelente som e realmente bem reforçado o cabo,2018-08-08 00:00:00,2018-08-08 19:18:06
92b9774992814a228660d86ad3555d79,9ff047a1638917c70a538d0aa9cdb6d3,5,super recomendo,,2018-08-18 00:00:00,2018-08-19 14:06:30
578c2a274321c114a6adb7119f8e0c7d,6443b4f756cbc4f80a3b160fd117bfeb,5,Excelente Compra,,2018-08-08 00:00:00,2018-08-12 21:32:26
d7aaa945f7daebe7199d858372579a51,0d702a2aa767d3a728780f8b61e31a46,4,,,2018-08-10 00:00:00,2018-08-11 13:41:10
3b5713e801d7b32b3b3f18ae0e01d7ef,7858a830420b9bc393b55bcf268eeb36,5,,"Mesmo depois tanto tempo sem comprar,no Noooso Shopping, vocês continuam dando um show de logística!! Parabéns baratheon, produto entregue em Quatro dias!!!
Obs:a previsão era de 23!
Obrigada 🌷",2018-08-10 00:00:00,2018-08-12 21:43:18
799971409aa85a412ad8b1e72afa71bc,231f5faa326e8643dc979ef4dcc9cd31,4,,,2018-08-16 00:00:00,2018-08-18 20:49:12
2ae5c6a857fe68920f67fc6ca7ccb4d3,859baae7fe80b6ffdc2904cc16e16431,1, voltagem errada,Realizei a compra de um secador na voltagem de 220v. Recebi um na voltagem de 127v.No momento da troca n havia disponível no 220.Por este motivo quero meu dinheiro de volta.,2018-08-08 00:00:00,2018-08-08 14:44:09
45e1a64cb271b11eebe50533e5f75177,689dcb65c9cc37f74d83b547261117f0,4,,,2018-08-14 00:00:00,2018-08-15 14:12:05
e8665ad8d2a4022ed3f54b8d432b74b1,766e7d95f42217e02fa7c85a8c97a862,5,,,2018-08-15 00:00:00,2018-08-16 16:28:49
b47d194b6d89d7533d105e79538baf8d,1960190ca65fb64227cf890a91874094,4,recomendo ,*,2018-08-09 00:00:00,2018-08-10 11:34:29
3dd797b0291e9db64b0070727126793f,b899ac30c0df28d003611ad4999aa487,5,,,2018-08-11 00:00:00,2018-08-11 18:43:37
4b8cbeea3d13972f8b96e0a1735e4bfb,6f6adb6239aa458699f94784b3bb978a,5,,Perfeito!,2018-08-15 00:00:00,2018-08-24 01:06:53
1668f3a73725461163bc4e132a26bd6f,18a8340e8091e1cec53fad4f26e66a4f,5,,,2018-08-14 00:00:00,2018-08-17 08:14:36
cee7cce45f2e1a95144dd3ea05ba54cf,06bc7036f4e52afa8213176211d6ebba,5,,,2018-08-12 00:00:00,2018-08-12 23:16:06
41a15c1d298e2bc5c23ec0dac4814d2f,5ff8bece1ba3adcb585b884358bb9917,4,,,2018-08-18 00:00:00,2018-08-18 10:50:11
4d76ce613d8834c74c44479148f81037,cbd6b0d6698b0b6018dc2f613942fd42,5,Recomendo.,"Entregue muito antes do prazo,como o esperado.",2018-08-12 00:00:00,2018-08-14 10:57:23
90e71b3ac2fdc8e3e7889a783e30de02,0b497dc78b09ae400416eabda31cf6ea,5,,,2018-08-07 00:00:00,2018-08-09 11:39:27
0921984587f5daa5e4f014efd9a8a84d,b28a856ec450375c2c61dfb94250fbb0,5,,,2018-08-09 00:00:00,2018-08-09 17:41:08
e2b6f30b9c45cf84b965172279b14bac,378d1ac3d8e22dd46990757398ae8500,4,Muito bom ,Muito boa na data correta ,2018-08-11 00:00:00,2018-08-12 14:47:46
4b2672b2e92ba8e2070cc86df233f6da,69294a1f2dbe29a54c3a9c2421831d14,5,Muito bom,"Tudo certinho, chegou no prazo",2018-08-09 00:00:00,2018-08-09 21:08:59
78d5abaceed342e434893a939060a396,726f3a5a67d986cbbf10bbc4f72cd4fe,4,boa,Conforme informação,2018-08-14 00:00:00,2018-08-15 06:12:58
856de320ebf1fd063acd8164b060d0d4,75c3cc4d3b69230a82468be4d1afe002,5,,,2018-08-16 00:00:00,2018-08-16 19:39:44
6bab3790d12f916b835dae7f1f696536,ed525f27dd4e72335596c7964f887dc5,4,,,2018-08-11 00:00:00,2018-08-11 20:59:40
b097e32b2327dbaf94de7a06ed3d241e,be5b278e38c06fb98c18c6ed0554b754,1,Produto errado,"Recebi um produto totalmente diferente do que comprei, abri pedido de devolução no site dia 09/08 e ainda estou no aguardo de uma resposta.",2018-08-09 00:00:00,2018-08-13 13:59:55
7b0c20442c1650bba420204b5603d8ee,1bb0ce15a167cb42d0bc628a99395f66,5,Entrega rápida,Muito boa experiência,2018-08-09 00:00:00,2018-08-10 17:32:45
9ffd792eb81d808ffce49297891642cf,abcb42831f6165cda2570c76e90cda5d,5,super recomendo,aprovado,2018-08-10 00:00:00,2018-08-13 16:37:07
6b15fdea5e6b562a4aef6e5cde612fc8,309f6784abccce4e6e99672dca8ff4cd,5,,,2018-08-11 00:00:00,2018-08-11 21:36:50
14d734c984842afa74e0cf8b8cac6f4a,fa79d81a2b6991398dfaa1bc61b586f3,4,,OTIMO PRODUTO,2018-08-12 00:00:00,2018-08-15 17:25:45
eead5d4c747f891fd230ceb7d27810c3,a56858987ef5c87519d953a5b32ba118,3,Devolução,Quero devolver e ter meu reembolso ,2018-08-08 00:00:00,2018-08-10 15:05:32
48c1c7966339b7b6e9a7fd5c91639be6,73b6ddc94c65c2002e53a5cb71257232,5,Muito bom o atendimento,,2018-08-12 00:00:00,2018-08-13 13:14:35
af31ff6a1035042ce17d116b8c44bd53,bd5d8e4ebcc034472954de8f591cd151,5,,,2018-08-15 00:00:00,2018-08-16 17:48:52
b0301f9b9a70de1c272a6177ce8d35c2,b2ba6dc36919f6194acddab3c69c65b5,2,,,2018-08-11 00:00:00,2018-08-13 18:43:35
b13b8e9b4139e87a5c09a0dbe2abcd1e,0e26d0a204b8688d2481b72560ac3ddf,5,,,2018-08-08 00:00:00,2018-08-08 21:41:42
4f4886402b0373e6ad586213b406d39a,3a910fcc31e93133ce84280ebc47d956,5,Muito boa,Super indico ,2018-08-09 00:00:00,2018-08-18 00:06:15
10011987b18fa1428307d08ea0e2426e,7a36ddcacbdd80a7dd8771aa4c6e465e,5,Recomendo a todos!! ,Ótimo produto.,2018-08-17 00:00:00,2018-08-19 23:49:05
386b2179bab3bd1e5f6bf518eaf79042,02f1d13053a2833d022b8921ee3411a3,5,,,2018-08-10 00:00:00,2018-08-13 12:00:17
ca383b8568c9cb5b3d4c5fbad1bf9895,67c73223021cafc75df9335173151314,5,Super recomendo,O produto chegou antes do prazo estabelecido . ,2018-08-09 00:00:00,2018-08-10 23:54:55
ffb9fb331d6b186d627da523807dfe71,03e9790f0220543f057ebca9e29b459a,5,Ótima loja,Adorei a rapidez e a qualidade do produto ,2018-08-04 00:00:00,2018-08-04 21:17:57
3f10cb566acd5c4acdaffc16c7c2cdc0,b08e84226fa195d1d2f2edca21486c8e,5,,,2018-08-10 00:00:00,2018-08-10 18:30:43
d3bc49c36329401e4f845faf9bb6742c,003a94f778ef8cfd50247c8c1b582257,1,,,2018-08-17 00:00:00,2018-08-17 11:30:40
af819ede306bad0af7e9f71fef12a568,2c23f1e95bc8b5a7a891d3d4a7651c3d,5,,,2018-08-07 00:00:00,2018-08-07 21:08:07
4aedfe8235e44111114a6e27a9587648,54d0bf2cd634845822e8b0c29f3834ca,5,Recomendo com restrições.,"Bom para aplicação de defensivos e adubos diluídos. Produto reforçado, boa pressão, mas esguicho bem fraco.",2018-08-17 00:00:00,2018-08-17 20:11:25
8da0687d33a40ba984c5cadd075475de,84ebcff41a92fda70c984a3ef76d1237,5,,,2018-08-07 00:00:00,2018-08-08 13:02:51
3ee3a4da9a7cd58f28802e6de324929d,7217572256d0fb150b86021f70d421fe,5,recomendo,,2018-08-14 00:00:00,2018-08-16 01:21:41
c6e87533c00aeeae3a97ea925fe02265,bc6bbd933ea8d286847d6eb88c6083ed,1,,,2018-08-25 00:00:00,2018-08-25 11:30:53
2375251ef61e8151015f6bed85692622,79dadf439ff9c9463421094b730899f8,1,Ruim ,Não recebi,2018-08-07 00:00:00,2018-08-08 06:16:14
abf64480ed4be5484dd9eb7b209501ba,7999895f514b30a8de833a4b7c3dd042,4,,otima,2018-08-07 00:00:00,2018-08-09 11:19:28
0c1d3b71c868f6fb63ddf7099a98c0a7,4d6d5d4ddbda3bae532db626873c671b,4,,,2018-08-15 00:00:00,2018-08-20 22:10:28
a0f8707fc40241c93fcc266edbfe5158,90a35d6c7ac144ef7398458a2beb3963,5,,,2018-08-10 00:00:00,2018-08-13 13:48:12
a592b9deaaec5d8b10870f10a0f3f6de,b2a3423735119b088bc62dd62cf053a8,4,,,2018-08-11 00:00:00,2018-08-19 20:39:53
787dc2b53a97da215909e7605580106e,2b5d5c1847d069c5efeb82f4056c15d8,4,,,2018-08-14 00:00:00,2018-08-15 16:13:33
abdd0b459bce550d240c56b5cfca71cb,1486436c20fbfcb9dbce0d90820b86a1,3,,"Recebi os produtos corretamente como gostaria,so fiquei desapontada com a película de vidro ela veio com defeito a parte da cola ficou toda no plástico e nao na película ",2018-08-16 00:00:00,2018-08-17 10:53:08
36d41ed0e544741fc46787d062871ff0,e14f6f76cb42187a0831a2baf117f608,5,Recomendo,"Prazo de entrega e produto perfeito, recomendo esta parceira do stark.",2018-08-16 00:00:00,2018-08-17 10:26:02
052b49946a8ff6df6c848d0ea65e05e6,19f52cca1f9f963eb3275ad1a2033c0d,4,,,2018-08-10 00:00:00,2018-08-10 21:50:30
91178de0274f6a2d33925b62b2064b35,fe98cb0615a7611265d8955be5ca9497,5,,,2018-08-11 00:00:00,2018-08-12 00:10:44
19eb1ba40e7022b338c5fed01dd94c07,a9b95188aba6b5eae1ff1239714f3847,5,,,2018-08-16 00:00:00,2018-08-16 22:53:14
a2a661a475870b9786b957830c89744e,68c76c01adcebe5c1bd51c0aa817bb76,4,,,2018-08-15 00:00:00,2018-08-16 00:40:44
67b7e8a0a05a70257db05cf11944cb0f,0b5bc52b360d662aac171cf7ae46f187,5,Recomendo,"o produto é de boa qualidade e chegou no dia seguinte ao pagamento, recomendo ",2018-08-11 00:00:00,2018-08-13 13:54:36
d53fe1153e24a9b186b3a6fdc20b813b,6715132837520c5934acfadb854f1735,5,Aprovado ,"Entregue ok! Produto superando expectativas!
",2018-08-18 00:00:00,2018-08-19 02:16:43
58dde20c53f73a1828b17d98e4d80a11,fbb38f33f44df110ef060767b70bdfa3,1,Tinta não é original,"Não recomendo a loja, estão anunciando tinta original Epson e não é. Uma falsificação quase perfeita. Revoltado devido a tentativa de ludibriar o consumidor. ",2018-08-18 00:00:00,2018-08-20 23:06:38
27c7cf99e6596930c45fb9db5bcaedce,7a2f802f8cd01aa62fb904b952932edf,5,Super recomendo,Amei o produto chegou antes do que o programado.,2018-08-09 00:00:00,2018-08-09 20:14:13
fa51c9ea7e0e2be422b179b185bd206a,f55dcacbda42aa97458735683d9fbb76,1,,Depois q o app foi atualizado fikou 1 porcaria!!!!!!!!!!!!!!,2018-08-18 00:00:00,2018-08-22 19:15:47
fbe8781246e791b82ec0f5ea261f8da4,cd5d896429fb41469e5414dd0b56cd01,5,,,2018-08-14 00:00:00,2018-08-16 12:45:12
2963e0cac76a11b6291068cb49d67e94,0e8488c62611eb99cdf174e019bf9d8a,5,,,2018-08-14 00:00:00,2018-08-18 18:58:06
4c44b3ea43eb596f262e75d472fecef4,a4058b92f127efc4a6eaa3d11d0b1432,5,Otimo,Chegou antes do prazo . Estou satisfeita com o produto,2018-08-09 00:00:00,2018-08-10 02:16:47
de01918d79922a279ee5f786752b87b1,7a6c48037234cbc7887f82848bf4d4cf,5,,,2018-08-12 00:00:00,2018-08-14 07:06:30
81fce9c83e6646fff1a02c4f18bada5b,2921ebd304831878ac888644314d424d,1,,"Mando emai mais ninguém me responde, não recebi meus produtos. Eu quero meu dinheiro de volta.",2018-08-17 00:00:00,2018-08-19 04:52:19
63f582ba21b96881bfe0bdacc9556233,519440577b644a6822242fe9f13b31e8,3,,,2018-08-09 00:00:00,2018-08-10 12:22:34
af64720af4709dc58ac0968da746b3e3,4497ba9d409157ae7bc8aaf8fd113307,4,recomendo,"nao consigo dizer precisamente porque o fogao chegou para meu inquilino e nao tenho contaot com ele, so atraves do corretor. aparentemente ocorreu tudo ok.",2018-08-14 00:00:00,2018-08-17 13:50:54
2fe6dbd2dcd834bf519cc4ebb68ba738,f4b85a796ab70afd964c35ac15b29fa4,5,,,2018-08-16 00:00:00,2018-08-17 00:15:39
57bcbe19add76a4789eb9a5220952aa0,ecf079f16ac07328e5153aa201fbbb1e,5,Super recomendo ! ,O relógio é lindo gostei muito. Em relação a embalagem veio muito bem protegido. ,2018-08-18 00:00:00,2018-08-18 10:48:46
6da6f47467ad8ed971fcf1aa62e04825,d2570454fa1bbea98db582b76abdc800,5,Excelente coqueteleira,"Material muito bom, alta durabilidade (já tive uma que durou mais de um ano) e não fica com gosto dos suplementos. Recomendo!",2018-08-04 00:00:00,2018-08-07 19:21:44
6897911985ff3959cca11d3b40fad5ba,481cc1808e96be16f9a098544f03a680,5,,,2018-08-11 00:00:00,2018-08-16 16:07:21
ab17ae0c17d13e6f833a8300c56bb966,9b87b416a8eafa9023a1ade52ae320a2,5,Entrega rápida,,2018-08-03 00:00:00,2018-08-06 00:59:56
ae34f4d4f63c8109b803803d2dcd44ac,bf6a6c5b984cbfee461b78fafe9f1756,5,,,2018-08-15 00:00:00,2018-08-16 13:24:58
db84a3d65c7a4a1a889e5c717d077d21,df830c3266897b412bb8598ecc43c09f,5,Satisfação ,,2018-08-10 00:00:00,2018-08-11 05:58:27
fd42fa78f7d85522e91e4c8e3fa9d7be,f13d94766ba74161d06ddd6d90050ce3,3,,,2018-08-12 00:00:00,2018-08-28 23:58:18
e53edc824fcaec7c94f6ed8b5d91a657,5ef603cf924626f99285129d63316a1a,4,4 estrelas ,"Produto muito bom, e di alta qualidade recomendo.",2018-08-10 00:00:00,2018-08-21 12:29:01
4584332312e3bdc5e3946dfbb8c79114,0a00e9b0112a0e7ba031426a31659196,5,,,2018-08-16 00:00:00,2018-08-20 15:34:11
61013209a52d1a9b7125fdcc14a0c81d,dc952dba5b4ae9cc2ea0eb4757f0cdd0,5,,,2018-08-17 00:00:00,2018-08-17 17:35:20
3fe9c511cd318fceba2df5b95cd32247,09a93e48d7e84fa082320df90b072c7b,5,,,2018-08-15 00:00:00,2018-08-15 21:05:51
8d5d5ec44e8fe084def83570676a47e1,c981128521975354988b8e88309a898d,5,Super recomendo,Entrega rápida e produto perfeito,2018-08-10 00:00:00,2018-08-13 08:59:40
b1fd5bb8d85b5a49f90a0097b3029cd7,3eb08a4c95b522bed075ec059ad858ab,1,,Não gostei por que me mandaram a cor errada,2018-08-18 00:00:00,2018-08-18 18:19:42
7afb827cafa3ccc34132851ee76415e3,8f4dff9c7bdbfd26aee6064637637f24,1,"Relógio horrível, ","Péssimo, sem qualidade, material vagabundo, horrível, não vale nem 10 reais, totalmente pirata ",2018-08-07 00:00:00,2018-08-07 20:11:55
31dd0ceb4410f4cc60d60cfcebfb74f0,006c42f310102c1910b3c5793ce5fc34,5,,,2018-08-16 00:00:00,2018-08-19 12:19:20
7d8b214a181304d5f63fefa8c91e4966,b388f41e0d1fb1960c7a08852fbd1f40,2,,,2018-08-14 00:00:00,2018-08-14 22:41:49
123d41e7a67d380bc14d67fabeebae30,695ace9dfd0a459275108b5c71aba45d,4,boa,cadeira boa!,2018-08-22 00:00:00,2018-08-23 12:34:11
f5147351093db6525b8172b4880b43d0,a2bb1bcee7e5d4f4cd507e33d3e2cef9,4,,,2018-08-08 00:00:00,2018-08-09 09:36:04
9ba3ea546eff9441538fec7fd1afa11b,8a57df5bc496d7439886b2f23b58f56e,4,Muito bom ,Eu recomendaria ,2018-08-07 00:00:00,2018-08-08 13:48:06
5ae5cf1adb6073458e79e91afbbc5cd1,700a3f10e64cfd0df7f2aea217cca5fb,5,Recomendo,,2018-08-14 00:00:00,2018-08-15 16:12:18
b28e25270f132a5ea78eb8d713cd2168,7b5128e25d9aecefbe3ed7b42f1daeb4,5,,Só satisfação...,2018-08-22 00:00:00,2018-08-25 00:42:35
d7cdf339dacc13ca010e02fdcabf9796,90eb7899e0ba01c27fc128e31e0c872e,5,,,2018-08-14 00:00:00,2018-08-16 18:15:55
8956cd31e197d44f9f5ea59e7b886610,f4c87e038db78ef275deab58f19e5bd2,5,Otimo.,Empresa parceira do baratheon de confiança.,2018-08-14 00:00:00,2018-08-15 10:40:46
f46c96f6bb356a41680a63ad7fe5e0a8,7a1cfc5a41ee6890e553de7276ffebfd,5,,,2018-08-14 00:00:00,2018-08-17 10:04:30
aba5b5add81bdfe5177ea35ba88727ad,0f04257628f269da8bcc26b6839d66f5,4,,,2018-08-16 00:00:00,2018-08-19 09:19:20
9971f68b4097675f5372e08604822cfa,21e4cb49918b1d01621e459fc79a60d1,5,Ótimo produto!,,2018-08-18 00:00:00,2018-08-18 23:16:02
26dfd6be680d13feb4189fea64227b6e,ec3c3d2c60257d3b6a6c4ff3644f4fd8,5,,,2018-08-09 00:00:00,2018-08-09 18:56:52
3bd61c844b4564741f533db85cbeddce,69aa7c6140efd63150254b0fb1340fc9,1,,"o produto não foi entregue, foi pelo correio e não receberam no local. Não consigo falar na loja para resolver",2018-08-19 00:00:00,2018-08-23 11:33:28
e8ffbe02765f0780736a0c80086adf44,7a3d6ddc737bc4e0f556c9c47f15e7a6,5,excelente,"muito bom, recomendo, já é a segunda vez que compro...",2018-08-11 00:00:00,2018-08-14 12:35:03
542da0814463c81a8ad837ec778e51cf,aeae13bf1962c0a747dae0f007b2b313,5,,,2018-08-11 00:00:00,2018-08-18 22:08:31
fc83ab366f995fa3ac93b634a8255ec9,2cf6d5c8b5d68450841cfcc272ec3cee,5,,,2018-08-22 00:00:00,2018-08-23 09:05:42
a4ae10582f5e0e5e9e9ff3003079c444,bc754437cf4aad8b6c5925481fa324f9,5,,,2018-08-14 00:00:00,2018-08-14 21:45:22
bbf9d09f7d1e5d17bc14f4660b752c14,bdde0e6ab375f21ce8915c8b0c359f91,4,,,2018-08-18 00:00:00,2018-08-22 23:02:51
1912499a72949199194a50a1e319ac20,3decc053f76f6898aefed9c29e26e2b7,3,,,2018-08-30 00:00:00,2018-08-30 16:47:02
f937982c55e28be9d4f0d4db540f998a,531b7ebd1fe920da63f51af4667a7962,5,Super recomendo,Chegou até mesmo antes do prazo.,2018-08-08 00:00:00,2018-08-08 18:14:11
9fb13cbd5d7e9ab633a418a6ad6c339b,e6010bcb1cb9ceb44fdb0f15f817e25f,3,,,2018-08-14 00:00:00,2018-08-16 19:25:30
a6c39bd044422faef7531ba4052ddafb,bc250fb00c3c49af75ff964a4d987d6f,1,,Não recebi ,2018-08-08 00:00:00,2018-08-08 22:21:49
c4ae73e7b15db34aefa27664e457cd3b,4f510ee3f8f37d3f09228624a7b72ec8,4,,Produto muito bom!,2018-08-11 00:00:00,2018-08-15 11:31:59
fcbfcc15cd98e74175283a82dee4f7c1,09e90e3936db197d43b9bde1291c307d,1,Entrega nao feita,O pedido esta como se fosse entregue mais nao recebi nada,2018-08-10 00:00:00,2018-08-14 12:12:06
7de47d77c741237b6513a7be51141b39,481bab4ab953e59fd75574754371e676,5,,,2018-08-10 00:00:00,2018-08-11 09:49:12
e44d35fe83dec0194ff929af5c9f1bac,bfc9f97fc7ddacf8a3c33c4b2bd15a93,1,reclamação,"Eu encomendei 2 mosquiteiros de solteiro Elegance e 1 queen. Chegaram 3 mosqueteiros de solteiro e nenhum queen. As 3 notas fiscais que vieram descrevem outros produtos, não os encomendados.",2018-08-15 00:00:00,2018-08-17 13:47:03
fc9b49674cbf48fbd8b2396df7fa4c4a,8101f323f454f972d5f4773094d2c5e4,5,,,2018-08-11 00:00:00,2018-08-13 21:49:19
28b0d80498bb734d625b3ff34f42d331,032d90128bd4c1c63e317ab45ddc2879,5,,,2018-08-09 00:00:00,2018-08-12 16:38:30
59c45120064c0bcfda4c98c099fb9acc,afed0d88ec7753e7be8744bb66e860d1,1,Nota zero. Produto falso!,Falso e com arranhões na tela,2018-07-28 00:00:00,2018-07-29 11:14:13
815aace80a0cbe111990c5abdc7c8172,b68dcf49a2ac5d629f24860c2959c6ab,5,,,2018-08-17 00:00:00,2018-08-18 01:12:40
8de05293579c0b8b26044a5757401c45,a68b3ae8450a14f9ba0cc1b53574af62,5,,,2018-08-11 00:00:00,2018-08-17 00:54:42
f5e774f95de2c3662131e9f02828434e,3f7b475727ce3c7198f0ca2a15c05e9d,1,,"Venderam uma geladeira que ainda estão esperando fabricar, recebi mensagem que não vão entregar a mesma como posso confiar na loja desta forma.",2018-08-17 00:00:00,2018-08-17 23:01:03
a2564068ec090aa597394b0d29c95e2a,f346ad4ee8f630e5e4ddaf862a34e6dd,5,,,2018-08-11 00:00:00,2018-08-14 00:34:02
87dcd9a5f9b38a032f25c7689abb127c,d3660059f5d2ec500340d1bb2131bab3,5,,,2018-08-11 00:00:00,2018-08-14 12:37:18
47ff18d217d86cd7a9ddef80e7e090e4,fcc1d095fad4806c94b96c7bbe51188d,1,Quantidade errada,Comprei 10 e recebi somente 5. ,2018-08-10 00:00:00,2018-08-17 20:09:34
d2bec756c1b59dc382120f61bd09c794,92d7bb51e2c6778f7a049b89cfd52870,4,,,2018-08-18 00:00:00,2018-08-21 11:29:30
88e215d035801327b720c131009fdc53,e5bf502cf18eaf816a5cb7d036dd46c4,4,Recomendo,,2018-08-08 00:00:00,2018-08-09 18:24:20
c50a221ac4473eed95cc917f4858896c,fa920bdfa971269c86fa5e1839ff9db4,5,,,2018-08-22 00:00:00,2018-10-23 04:31:28
5b56b0ac308541aa7af4d26ef179f6a3,22e93d4515387496e3bd3cf6e8eca396,5,,,2018-08-16 00:00:00,2018-08-16 16:25:48
9e8ac822804c6e506d0cb8e7a5aa636f,77fb4b8cc3c049b130b87530c7071abd,5,,,2018-08-04 00:00:00,2018-08-07 11:37:58
38fef6987a6dbeef881c4ab6e47460e5,991dc90330a54fbf3461dec5bf8226ec,1,B2W malandra,B2W ANUNCIA produto que não tem para vender o que compromete a confiança do consumidor na marca. ,2018-08-18 00:00:00,2018-08-18 03:57:10
764ecdbbf84d442c435666f5ae45e438,b446fd5e2b89b4ea9f610815cb707bc3,5,,,2018-08-11 00:00:00,2018-08-12 14:24:25
74974832efd36827d3bba8f4f0579c51,2456821eb4bf8fe5ac094da15037a2f3,5,,,2018-08-11 00:00:00,2018-08-13 10:55:15
500100de0f037740e981e4c88dde5589,3eec01b486a4d08de50a38ef2fb87b79,2,Sombrite,Ainda não recebi meu produto,2018-08-09 00:00:00,2018-08-10 23:40:04
2a3105946e2980b9b7437095467ff0a9,82262a82713a250e0e1f99b5111b9614,5,,,2018-08-14 00:00:00,2018-08-14 19:16:38
4c5583d856a5de3e3fa972b3e71ea4cc,a1d38c97444889282dcb16502b3a8686,5,,Recomendo ,2018-08-14 00:00:00,2018-08-15 13:45:45
d0014763f94fdab2bd14a0b09277da10,39735cad3fa0e9f2ea20c536b26ac87c,4,Baldinho bem delicado,"Adorei,ficou lindo no meu aparador bar!!",2018-08-07 00:00:00,2018-08-10 10:46:02
86dd062c5ada2f0d43c725e6563bd8e4,e20a706ac55f135718368acf3c333dc4,1,,O produto não funciona.,2018-08-15 00:00:00,2018-08-18 17:25:11
1503fa8c2206e44c184b36b0fbd13c39,d762e245b7d93fe1fc56d6ed89782027,5,,,2018-08-15 00:00:00,2018-08-18 22:36:48
80fca75da370fe2f8005400370f1b4c7,5c66f20dd109b39605119d5627d6ccff,3,,,2018-08-10 00:00:00,2018-08-10 21:01:13
f932f010d5b732c7fc75b55e3e6ac4de,d86e65a13d3e7a90d876cb6b9064f1ac,5,,,2018-08-15 00:00:00,2018-08-15 23:45:33
0142780024e29ead44e8a354b6da6a67,2255eb0e92e75d04fc4afa0ad636f875,5,,,2018-08-10 00:00:00,2018-08-14 10:56:12
6f6e9652780c49c182c2ac5ec5f60357,26492946caba5024f4d5e99dbdf4514f,1,Produto danificado ,Infelizmente recebi o produto que é uma solução p unhas roídas com o frasco vazio e danificado,2018-08-11 00:00:00,2018-08-12 01:14:26
6bb7bea3b7e459d12b293ca9cfd644bf,5136243abaa9e62eafe37f8a7e985930,5,,,2018-08-23 00:00:00,2018-08-27 18:20:21
183694bcd82211baa33378e5c8404c51,4de51073bc1cd11e85fb03f29508b308,5,,"Parabéns pelo serviço, chegou no prazo e estou satisfeito com o produto.",2018-08-25 00:00:00,2018-08-25 20:48:47
7748f6f222674c7b884eb686a53a3c02,867d8052e7e00c74f4a3dc15943ae847,2,,,2018-08-17 00:00:00,2018-08-17 22:49:29
5ce262ea450e19c3a75556fed4e856c0,d68ac2a1fe441368e9bdea2c2a4d5ea6,4,,,2018-08-08 00:00:00,2018-08-30 12:37:05
f7b2a4b56f9c109ecbb4dbd312d0e24d,16988d29fc53e813b156b33c0eb39b1d,5,Ótimo,"Chegou super rápido, como sempre chega!",2018-08-08 00:00:00,2018-08-09 14:52:27
9ab0bf5f941221d2ff731ff38eee9d32,1d5627fc461ef90a7a7c03f06266aa54,4,RECOMENDO,"Ainda não posso posso opinar pois, começei a tomar esta semana..e fiquei triste porque os frascos chegaram amassados..obrigada ",2018-08-09 00:00:00,2018-08-11 21:44:13
e6c403e3b4568d3e6adb4afa4e0b15a7,3ba790c8d2e841929c346e8da5c6abed,4,Satisfação do. Cliente,Sempre que tentei rastrear meu produto o site estava fora de funcionamento,2018-08-16 00:00:00,2018-08-29 18:19:11
2778615e7a8d73afaa323b3c88cdfd96,e227fbda6134e254af397d9f84473158,5,,,2018-08-11 00:00:00,2018-08-11 23:17:51
0189c03378ebbeaaeb62f8497c33fe74,3f698de643d49203acf6e773a09ff631,5,,,2018-08-14 00:00:00,2018-08-16 02:59:08
193f4c43204e0c1d34e467cd3a60a88f,b5c6824f5679af0b7ba508468f598fa8,5,,,2018-08-11 00:00:00,2018-08-12 13:16:10
f2ec51c9a0e16967a9faef5ed472655b,d301cecfb230ab6585d1afcc0d63a417,5,,,2018-08-08 00:00:00,2018-08-08 21:07:42
c723e865ce953619bb23079a6cf2a84f,091c34308e51d6dff47fe839b7aebbd5,4,recomendo a loja,,2018-08-07 00:00:00,2018-08-07 19:08:15
0c93f39e2815a4b517cca4fcab882362,976fa354f6ecccd2abd6d95c676ab62d,5,,,2018-08-14 00:00:00,2018-08-14 19:14:09
d5a1f946367b063bf8a2e0477255e0cd,5c02bbcf8ee00ff276723c431b064505,1,,,2018-08-15 00:00:00,2018-08-15 13:41:23
770196d25da99191fe2b3f6fae14d6e8,67660568d9fc745c94e03b88efcf3571,5,,,2018-08-11 00:00:00,2018-08-13 11:02:53
edd17f93c7a52c9b5627a52fa7fa0961,a055f8239d18a2008883be78eb09cf41,1,Veio quebrado ,"Fiz a compra e chegou com a tampa quebrada, estou triste até o momento porque mandei um e-mail pra realizar a troca mas até agora não me deram retorno e já faz 4 dias que eu recebi o produto!",2018-08-14 00:00:00,2018-08-16 23:50:44
1e6e3a9b96716c263f36ecd98fb0b248,fbacb2717f779ec85691cc7fcec4f1d7,5,,,2018-08-26 00:00:00,2018-08-28 02:07:26
8904d19d5034080daaf9cfe1ae14bd0f,f8fd2ac9626cada5584890581ca7e55b,4,Produto muito bom,"Entrega no prazo, gostei do produto, recomendo!",2018-08-12 00:00:00,2018-08-16 22:09:01
d0e749bb72980c6b5ae65e26e56bb5f6,617e9e939fe662eb114540a7d2008eca,5,,,2018-08-15 00:00:00,2018-08-16 15:52:11
b8c4598bf1c247bfbc111e814bd85e1a,88d707d3bef4ca2fc83d34f2d899dea4,4,Recomendo,"Recomendo a loja.
Produto entregue antes do prazo.",2018-08-11 00:00:00,2018-08-12 18:32:39
f66fe1acda631cf8aefdb05913d24e98,a4003dc7a43aebf4aa6543e230de8de4,5,,,2018-08-07 00:00:00,2018-08-14 18:50:53
fe6305df1ed44d12e01290cbe8d92cf3,20aac17e27ac5fb3ebbf44a26b0e2d3c,3,,Dizia de 3 a 5 dias uteis após aprovação pgto contei 5 dias uteis comprei dia 4 sábado tinha esperança entrega antes contei de segunda a sexta recebi dia 13. ,2018-08-14 00:00:00,2018-08-15 02:28:52
db2e086a97d2cf4ff59401ae42ec0332,23bdd0be32ec574e0bfb0ae381405424,5,,,2018-08-09 00:00:00,2018-08-10 23:41:58
861d37d626e767f67a3b8ead1953c630,edc07d2563b2d10bdf1a0376f65b8f76,5,SUPER RECOMENDO,"SEMPRE ENTREGA, OS PRODUTOS CERTOS DENTRO DO PRAZO PREVISTO",2018-08-10 00:00:00,2018-08-13 12:36:21
459924fa885060869ff569bf1c894cca,bfd8b65b23bbf044e7ae60f3682bc225,5,,,2018-08-04 00:00:00,2018-08-07 19:13:46
c9d6b4ca4ab16ca35058fb39a6d492d6,b081a26ca9566254713995a623e0941e,5,,,2018-08-17 00:00:00,2018-08-20 11:02:24
40865d54ba262a0fbef9a2c21cf2cdc6,c2d227e33004969c49215bb63c53cc67,5,,,2018-08-11 00:00:00,2018-08-14 00:20:23
e7397ce47535487a76608b95a2114739,63b307ab04c077f83a3daf81ec78cf95,5,,,2018-08-14 00:00:00,2018-08-14 22:25:18
a359be2b31aeef52125257d2fdd52110,98886a41872c9df13b990863b330f710,5,Lindo,"Qualidade muito boa, completou minha sala e todos amaram!! ",2018-08-17 00:00:00,2018-08-19 03:15:48
fe5a30167589783662527e9203624c00,2cd938176e6aaa529800d96e692e9c6b,5,Ótimo produto,"Produto muito bonito, chegou antes do prazo recomendo.",2018-08-09 00:00:00,2018-08-16 20:30:13
48f43021f87d2fd6523138d4be5b7dd5,136a3da67b93100ec6fc05442613bcec,5,,,2018-08-11 00:00:00,2018-08-14 12:14:19
353a4b1f5adad77779f34e57ae42d98a,b81dc96814c73196e795524a469a2c35,1,Nota 0,Comprei dia 07/08 na targaryen com prazo de entrega até 21/08 e até agora não recebi o produto.,2018-08-23 00:00:00,2018-08-23 13:40:45
7d6b25a749ae0a536158f6c279c72661,b300e160f5892169bafa006e670a43f5,5,Super recomendo,,2018-08-12 00:00:00,2018-08-14 13:36:01
a9d3f4be181fe2bc17e3d938ec907727,f0e12869508b76f983393f9207582cc0,3,,,2018-08-29 00:00:00,2018-08-29 09:48:29
24461a90da2cd56cb3cfea7b98baf688,87c883900b2dc61189bb316c6c00250d,5,,recebi antes do prazo. produto excelente,2018-08-10 00:00:00,2018-08-14 13:00:55
3fbbf7e92c6def02c3be569ffa5cca1d,455c8cc6fcb8015c8fa06b087cf373b1,5,,,2018-08-10 00:00:00,2018-08-10 19:44:21
9ca1278bcf438eb17970083a07c12966,e56eaa15f5d9c288f33592ab67c02692,5,,,2018-08-16 00:00:00,2018-08-16 10:46:19
a186eccec8638ee71049058586e8d6a1,e69e74f39691b8c09d8660c8e000ddd2,5,,,2018-08-09 00:00:00,2018-08-10 00:09:40
1dda6144201c69199abb2d49cc04c748,1ddeff2fa520dc8916dc524bd3b0e58e,5,,,2018-08-18 00:00:00,2018-08-18 20:29:08
95743d4e19eb75a413378df072ad8173,1ee8f299315c112e3442b232cb9c6f3c,5,,.,2018-08-21 00:00:00,2018-08-22 12:41:02
408fd26d9517ff6f9f79548ee0ebcd44,e0be4cd18c3c6b6dc7adbe8e2239fe74,5,,,2018-08-14 00:00:00,2018-08-15 01:28:17
d79d0189204c6823102e894bdefb8703,607911c4ac62f9038b4ec434673e486e,1,Não recebi tds os produto,Só recebi uma unidade sendo que comprei duas unidades ,2018-08-14 00:00:00,2018-08-14 21:18:35
243ffd9ea630e8ab84b76536f911480f,20b919e05f847a4e3adcb4352ee309b8,5,,PERFEITO ,2018-08-15 00:00:00,2018-08-15 23:47:50
c651d38f334735fa5eb0d1a18cd4147e,cdcc6a10b38eb298efc7496c36329752,5,Ótimo...ameii...nota 10,"Entrega antes do prazo, produto de primeira excelente...cores perfeitas iguais comprei.. enfim me tornei cliente. Comprarei mais vezes. Obs. O frete poderia ser grátis..fica a dica",2018-08-12 00:00:00,2018-08-12 20:49:34
0b4389f706a356b96a4571abb44c4948,d92d62eadcca8fd6509c4d0afad5b2c2,1,,,2018-08-11 00:00:00,2018-08-13 23:22:47
1009f826c6b50bd651acb8067dcb94f6,5043c2e9366f7600db60c67283a20260,4,,,2018-08-23 00:00:00,2018-08-23 11:06:04
0ec08bfba781f052c4ccffc193ab620a,38d4786d1c7b6dae14470fdfb8616bb0,4,,,2018-08-10 00:00:00,2018-08-11 14:34:43
9fbb886a6c2b6b072efa1b490c38da97,f98503baa6f63a4d5b3e5f9deba75942,5,,,2018-08-08 00:00:00,2018-08-09 00:34:21
6fbe4bcf45b3c4248bcc86e6e97dc741,3828ca6e6450e317619b87f49eca6492,3,,Houve falha nas informações sobre a venda.,2018-08-10 00:00:00,2018-08-13 22:46:57
779adfa09e476714bcc18fbf0ecb7ef3,64bd3c2db3673ba37030ccfcbfce8fe3,1,Muito insatisfeita ,Não recebi o pedido completo e consta como entregue ,2018-08-17 00:00:00,2018-08-18 00:18:21
4b579e5e3721b1847ff41cc33878f9a2,66cce1a5edcf6eaaa50e28b6914de70a,5,,,2018-08-07 00:00:00,2018-08-08 02:40:41
49e79118c49bc6d7971d10055a00378a,e7ad3898894027b09ce153449f7bc10d,1,,,2018-08-16 00:00:00,2018-08-17 03:58:58
a2cca60002e4b9fe774f6926fa2ec62a,c996784e13c7d956e06ad7f8a992b564,5,,,2018-08-15 00:00:00,2018-08-18 13:33:28
59977c284597fc513b33c097755d821e,495df6b807cb718b99cf24a4609fd323,4,,,2018-08-14 00:00:00,2018-08-15 12:07:45
a32b22c0b1fa3565946a8c47f379869d,5494b2ddfe11df2c043ab5a56a2832bd,4,,,2018-08-10 00:00:00,2018-08-26 10:14:57
201551feff4755bb2233f96697ab23f8,3d15ff4099fc39d6eed5f8c1200521b7,5,,,2018-08-16 00:00:00,2018-08-16 16:38:35
2dfadb41598046188dc45c8fcecf6373,b39d5e5d31956b4598ed01674a0943e7,5,,,2018-08-17 00:00:00,2018-08-18 14:54:56
52590ad4e7f0a498044b72684966f62e,24c30ddeb5a4b85a61bbb58b9e3d66c9,3,,,2018-08-24 00:00:00,2018-08-24 03:52:35
e8f1e344b8da6c9e7c17258ed87af5c5,f1a60fde98a0334e64d547ff9976c76f,5,,,2018-08-10 00:00:00,2018-08-13 02:32:22
d86d3acb3495fb570f60392f6426569f,637829c452a59980120d8015af137b78,5,Ótima.,"Ótima compra, chegou muito antes do prazo. Grata",2018-08-14 00:00:00,2018-08-14 22:22:16
850a251ffb40bbe3cb7887e380f88b20,b3be0e1f9679fcd94718c69fa5f585fd,5,Excelente,Foi entregue antes do prazo e o produto é de ótima qualidade,2018-08-30 00:00:00,2018-08-30 16:51:13
1e397abdde85d86ea2a9f3dc9bff0a4e,95dda89c1cb224cddb6c5e1d81d4666c,5,,,2018-08-16 00:00:00,2018-08-16 22:57:44
e929ebcca7843cbdfcbf10d55cf0fd16,c1a9b3fbea92e83c4a08229da82a0136,5,excelente ,"Super Recomendo!!!
Loja Muito boa
Tive um problema com os correios, o produto sofreu extravio no caminho, entrei em contato com a loja informando que não recebi o produto e prontamente resolveram ",2018-08-23 00:00:00,2018-09-10 22:17:01
d7a53abb4cdb99a317c6148b751c78ee,16693a75a341d20873b58f312464e250,1,Cha verde matcha natural ,"Picaretagem, anuncio enganador estou levando ao procon. Descrito como cha verde natural 100 puro e no anuncio diz sem conservantes e corantes. Mas qdo recebi foi como sabor menta e contem conservante",2018-08-10 00:00:00,2018-08-20 16:03:44
87ab9ca1a755bbd7ea13e57a3266663b,db3e8c24c5652c8944bc5a05d9bd3933,4,,,2018-08-07 00:00:00,2018-08-10 17:30:40
ec1ac2082203b711fd31bb13924b4a92,cf994e7b2290fe771d8ac15f128eabc4,5,,,2018-08-09 00:00:00,2018-08-10 11:12:06
0b6c554ef086e07c917c1606955b1e5d,ae2fb0f5aec36b2a6b058602dc941fb1,1,Carregador LG com defeito,"Boa noite,
Recebi ontem o produto que, infelizmente, não funciona (não carrega a bateria do meu celular LG).
Tentei acessar o canal de reclamações de lannister.com, mas não consegui. Fiz mau negóci",2018-08-09 00:00:00,2018-08-10 00:54:41
108195606e37780c4335f0725c4c7e3e,bc535ec5ab20f26f4b9dc626fc4f7bf8,2,Não recomendado,Atraso na entrega. ,2018-08-11 00:00:00,2018-08-13 20:27:08
744fb2d7a137f7fe810bf8e210b64cb4,d1ed1dbbec11c2374190e2365d37d2b9,4,,,2018-08-14 00:00:00,2018-09-14 17:55:38
84ebbd8de64d5ee1a45f04e6cecfa42c,c9a9cfcae27293ffcf7a40ce1e34f18f,4,,,2018-08-08 00:00:00,2018-08-09 07:42:39
781a01b8bad00d442623263197400927,c313f7a184ca89fe98049253bd4a3806,1,,,2018-08-23 00:00:00,2018-08-23 05:01:57
b40e590c245dc5213b8b7d0d39d9d5d5,a79af87b8a7a623374f879412adc351e,5,,,2018-08-09 00:00:00,2018-08-10 02:48:17
504f63ec8702b40351d31faaeec10149,bb01789fc0271409b394c7b283e9dd29,5,targaryen,"Rápida entrega, produto correto. Boa embalagem.",2018-08-15 00:00:00,2018-08-20 12:34:22
63d785fd58e38e66a4b8b48a94c96136,dd623579d6b295a30527eb68420a5eeb,5,,,2018-08-14 00:00:00,2018-08-14 18:06:26
eaecb9595096ca4462344305675a9a2c,aac88c8074f903c76fc8616b924ab3e4,3,,,2018-08-16 00:00:00,2018-08-16 11:34:36
4ec6760824bb7f6fa75a632b8b6c0058,f1b8058b666097152bfa8495286f8c61,5,,,2018-08-10 00:00:00,2018-08-10 18:31:05
fcecdc18c0d4da82a2327b8b0d6e284a,d22e9fa5731b9e30e8b27afcdc2f8563,4,,,2018-08-14 00:00:00,2018-08-15 09:20:30
a9edcd54503e0d93d2929749a446c787,19ba784efbf17691a04ac155893e93b8,5,Muito bom,A minha filha adorou o brinquedo... o prazo foi obedecido... ,2018-08-14 00:00:00,2018-08-14 21:48:11
0b85533916886ec08bc515ba160ce0c4,00f1bb0af030935db1745ee28367ea26,1,,,2018-08-19 00:00:00,2018-08-21 17:47:23
199230aa533406b9564ad1ce09fe0f4c,c4d2f075fc3bf3a06d1e68e113c35cbd,2,Não é a melhor marca,"tenho outro sling de outra marca com tecido muito mais macio, maleável e agradável",2018-08-16 00:00:00,2018-08-21 14:08:44
e97caffcc2e0a4dc505cadac1395f70e,e29a4d10668e15562da79e3366da92d8,5,otimo,,2018-08-21 00:00:00,2018-08-23 00:28:10
acf18126190806b1d5536a53247c0977,f5b9dc711b5c8bbb790782cc79db82d5,5,Excelente," Ótimo produto e o prazo de entrega foi cumprido, recomendo",2018-08-10 00:00:00,2018-08-12 18:31:15
a95d2aa0b4ce22c99dbe8269c11d3afd,3f090361c1e3266bf3dda7a00df3c0ec,4,,Bom produto recomendo,2018-08-12 00:00:00,2018-08-14 15:09:13
47d67b33cbf80efd31bbef5638baccd5,33d14124f0c894a2390998ae1015abf7,5,,,2018-08-08 00:00:00,2018-08-11 00:11:41
741dde9a452629ef62199520a31140f2,b2217a354063d984ee320fa29b6baf1a,5,Recomendo,,2018-08-10 00:00:00,2018-08-11 01:53:32
0f514e75e16e937fda3c5076f28b0e34,37f6cceb272b1ae10ed4bd8cc0d4a98a,5,,,2018-08-11 00:00:00,2018-08-14 14:09:32
d1a1bea8264d95a7fc39ffd014241452,223c55ef218f911885ccb9692537c1c0,5,Bom,,2018-08-09 00:00:00,2018-08-10 21:47:11
412f9b841d885566b851a2d8861d2b4a,74df7f96ed0e23d9290b02f3534eb597,1,Passou do prazo de entreg,"Inrresponsabiliade, estou esperando um produto que o prazo era dia até dia 14, estou insatisfeita.",2018-08-16 00:00:00,2018-08-16 06:03:27
f9d191b94233fcce48e1ad52ee195041,8be26417e499e19c531a3ebfd1b14c20,5,Tudo ok,Chegou tudo certinho e antes do prazo!!,2018-08-15 00:00:00,2018-08-17 13:41:24
69256e93df897a403b1751c5c453f99e,4fe6cee06467399353cf7a3068d59064,5,,,2018-08-11 00:00:00,2018-08-12 16:41:19
da79f7f5ec1b841badc5e36e674cbfe5,c8a51ea71826eea0c4b7341af09329f0,5,,Excelente.,2018-08-12 00:00:00,2018-08-13 00:47:33
0460917d76fb502e696c00ab9ba929b4,7627cb930af1800bf8aa7275633c9eba,5,,,2018-08-07 00:00:00,2018-08-07 20:57:39
a31650d5284dc8a94165cceb7256f8fa,1a479eca71e8e8efb68b0968a43d8fb1,3,,,2018-08-10 00:00:00,2018-08-13 14:25:28
8ec2b0deea070be9156696b402ccf7d6,5d463aef87df62b39882ac78bf94c3fb,4,,,2018-08-23 00:00:00,2018-08-27 14:00:01
c129393ea6062dc85b51dd0ab8947cb6,405ab8184e07bfa663f7627527c96049,5,,,2018-08-21 00:00:00,2018-08-22 12:09:22
34f982532cb63c05ee5e85ac58dc8f8b,8d96631a10824fcfc4c8c0a0f73bfc27,5,,,2018-08-12 00:00:00,2018-08-12 19:34:09
6e47be61ba0c7c23dcbbeb93b36c4d39,e5db7bda2b901c39641219e0b0112e5a,4,Muito bom,Entregue dentro do prazo e inteiro ,2018-08-09 00:00:00,2018-08-10 19:50:32
ef8920613fdd379836572c0c8f24fbf3,cfc8693f5a72369e0b4cd8d2f4f01ff1,5,,,2018-08-16 00:00:00,2018-09-03 10:06:49
ccdf4cfeea5c99a2e315ff59a4dfe2cf,e5c0172ee0cef526f88bc189213a5070,5,Otimo,No prazo,2018-08-16 00:00:00,2018-08-16 23:36:33
a60822b1ed3eb1c5058ece8618590238,2728d62e6ca51781ee895aca18a89f31,5,,,2018-08-18 00:00:00,2018-08-18 17:42:47
fc70e0afd2b36dc81ac8d627f228ad61,2b7e043a45afd5cae23ce498b699c9b7,4,,,2018-08-14 00:00:00,2018-08-14 20:49:56
e6c768c7b438c03b8e0a22ab51325807,71b91036973ff7a67b9a17a8a20d3b9c,5,Elogios ,Ótimo ,2018-08-16 00:00:00,2018-08-16 23:12:30
f875b29491d08bc6eee2986a6da8e979,f4bac547781ca354b61cb06c887547a1,5,,,2018-08-14 00:00:00,2018-08-14 19:36:41
7ea579eb98881a4d2a6e7baedc3d9ff0,a6eace8d7affa686ec69d39f9c4c348a,1,PRODUTO IMCOPLETO ,"eu comprei um kit + acessorio so recebi uma central e um controle

veja o que tinha na distrição da compra é veja o que falto
4 Sensores Magnético Xas 4000 1 Sirene Para Central De Alarme 1 Bateria",2018-08-29 00:00:00,2018-08-30 23:20:15
72680e21e80b017cc3381c3cfcf8d99b,d6c8d8e00d2e01bca21b1638924f910a,5,,,2018-08-10 00:00:00,2018-08-13 01:10:09
bf7f106887d2f1c233fb3ac758e5c663,d001290419ddebaed22e4089349d4258,5,Muito boa,"O produto veio bem embalado e correto, chegou antes do prazo previsto. Sempre comprei e compro no stark e recomendo.",2018-08-25 00:00:00,2018-08-27 20:41:02
940289f4c02c73efc84b0ec4d2c0b613,8fc088e94b10c2a02fcba1e2b69ec6fa,4,bom,,2018-08-04 00:00:00,2018-08-04 21:10:52
dac4a9309735878ff6a2057c63ea8eda,b6e63e74aff84a068fdc1b41e9ac29ea,3,,,2018-08-09 00:00:00,2018-08-09 14:07:45
68c3385b4bb41af5847346c3552ba744,e49e7ce1471b4693482d40c2bd3ad196,2,Troca de produto.,Preciso trocar os copos pois vieram errados. O produto que eu pedi foram 2 copos do liquidificador Philips Walesa código RI 2044 na cor PRETA e vieram outros.,2018-08-04 00:00:00,2018-08-04 13:57:25
923aa1f6c704f3ff80917707255168a6,394d17c2b71a726e205caaeee3d2aa3d,5,,,2018-08-10 00:00:00,2018-08-10 10:26:16
3ce522e88d2b60663ddccf7a4172e5ca,19c12787aa9334d1ccac97bfab56e576,4,,Produto muito legal e bom acabamento,2018-08-21 00:00:00,2018-08-22 12:30:20
7a5acaa9d3715e2865397daa926ec2bf,4c6e24a5fceacbcf444cdb5141ec1688,5,👍,,2018-08-15 00:00:00,2018-08-15 17:35:05
8e752a95253a79532b76260956f85d1e,8733c8d440c173e524d2fab8025063f4,3,,,2018-08-11 00:00:00,2018-08-13 10:36:02
9e350c832c39e90d16db114b1287fd5e,5a5cbced9c57dbafd90dd9b04594b2d7,5,Produto muito bom nota 8,"Minha opinião é que posso recomendar sem medo de errar agradeço pela entrega até antes do prazo com uma semana de antecedência
",2018-08-09 00:00:00,2018-08-09 23:27:48
4c460be0ff8366f67d256db0af0f2ddc,1339b6c9436a2ac70c404ab3b35deac7,4,,,2018-08-10 00:00:00,2018-08-13 11:37:19
8a8e598e51bb861d713e7094dcff1bf6,a5a5537520c39fc7d242138689e1f77e,4,entrega rápida ,,2018-08-23 00:00:00,2018-08-27 22:24:31
ac4fb82453021f89d2c70b2fe208f92c,455fa9dc182a1003b2d78824f8aaf8d5,1,Recebi apenas um produto ,Faltou o produto coberdron de solteiro.,2018-08-11 00:00:00,2018-08-12 00:42:00
71b6617ad10ae28b57c73847913d733e,9b1648c7cc0c6b1ff9b380903bb559be,5,Ótimo ,Excelente produto. Chegou antes do prazo. Recomendo! Parabéns! ?,2018-08-08 00:00:00,2018-08-13 01:14:48
8bbf22e74821dbab8a1177988c3870e1,5f3c3f02ee527647eadaeab108a89f51,1,produto não recebido,"Boa tarde

Recebi o tapete de eva e não recebi o boneco authentic games.

Como faço??",2018-08-18 00:00:00,2018-08-21 16:04:45
960f5f5e8c385403b3e5bff2a13a0b4c,5f98eca70415773e1187c9309b38acda,5,Excelente,,2018-08-15 00:00:00,2018-08-24 04:34:19
4cc4198a3f0546d3c760cf526f9e2787,b01f56415d8fd608605b7a1673abf6cd,5,Parabéns lannister.com,"Qualquer produto que eu compre com você ,recebo dentro do prazo e das qualificações.Continuem assim.É a seriedade do trabalho que fará o Brasil virar um país de excelência na prestação de serviços.",2018-08-12 00:00:00,2018-08-12 17:47:31
ec6d3e7fcfce6ce101b0fec9064e2167,5daaa187e63c2f1c7636a129c6afc3c3,1,Não recebi um dos livros,"No envelope só tinha um dos livros, embora a nota fiscal listasse os dois livros comprados. Ainda não recebi posicionamento a respeito do meu questionamento.",2018-08-21 00:00:00,2018-08-21 22:51:45
ac0df1817021dbe1d6467618ec83374c,52fe09ed9b59f3ee4be7b74b990d13bd,3,,,2018-08-26 00:00:00,2018-08-26 16:26:02
6872ce72df50a117ba2fbdf0a1eb9310,55bd3d21d10786b863b8537b32bc3899,5,,,2018-08-08 00:00:00,2018-08-09 00:05:48
ac65415d31e590b57f213faf435736bd,79f31a7e6b20571d229c2b79cd8c6b54,4,,,2018-08-14 00:00:00,2018-08-15 09:51:31
f3eb45448990927644cbca24c4d10301,29bcc6a8befe426cad7140eb616f16fe,4,Muito bom produto ,,2018-08-15 00:00:00,2018-08-16 10:27:47
7015a3567694d9d33621a1a842f8393a,76c4c846aae2dae9e87dfa492c3f5259,1,,Só Chegou um produto,2018-08-17 00:00:00,2018-08-17 20:11:48
70cce2ced272e009210c99014f79552a,09249f4625a56408772a45322aadd544,5,,,2018-08-17 00:00:00,2018-08-18 13:39:07
cf5a9ef9ec3696895221eeb4f3bbfb2c,09e7742cede3e38bad12bf8e4e015d6c,5,,,2018-08-10 00:00:00,2018-08-10 20:18:49
82fe3034dab3f19a08af0b7ec0311fbf,c28d64b0e65c1fc17a65f6902f11226f,5,,,2018-08-10 00:00:00,2018-08-11 16:09:14
61cd6b47a7c54cf93806138ec393260c,b0fac27c81315d7201a0ca455f58304d,4,Recebi o produto no prazo,Entregue no prazo.,2018-08-15 00:00:00,2018-08-16 02:43:55
13676f05193ac96842124449f53fc710,1b79d2acd9204f5e12d9c6f8b8ac5bbc,5,,,2018-08-14 00:00:00,2018-08-16 16:36:54
8773ebeca09ac689e2f436e3f1bef4d0,79839957c6cbd8ae3f91d44c7e740207,5,,,2018-08-14 00:00:00,2018-08-18 10:42:40
22fffb924a0dc1d48e94a98e4ca32dc7,2386b5c23a2a5a08397fa987f56b8fde,1,Nao recebi o produto,Espero ainda receber o produto🙏🏻,2018-08-16 00:00:00,2018-08-17 11:39:57
2530467dd469e5a84edf93eae7e84cfd,4e724a5cf81fb255b3e27cca2632e90f,5,,Parabéns! À entrega foi feita com sucesso . Estou muito satisfeita! ,2018-08-10 00:00:00,2018-08-11 14:19:51
07101901b1133bbc2a6e60bfea80b3fa,6c7cd83914ca57ceb8c205d80630e699,4,,,2018-08-11 00:00:00,2018-08-13 20:42:50
56d1964bb151a1bf8541f549dfba38c8,6c0579db279e926d14faf051deae3288,4,,,2018-08-14 00:00:00,2018-08-16 21:49:41
13e380a45b7a17b7b382db9c6e47680c,c30b8d50e79a4d6ce964a2a0b1f3a6d5,5,,,2018-08-14 00:00:00,2018-08-15 15:59:39
972af321805debb981796f0c49c707c0,77e9941864fc840be8e4b1ba5347c0f7,5,,,2018-08-17 00:00:00,2018-08-20 11:43:17
ed6d4d76014c09f05a729980e12fff4f,0cc61cbbb97b708ac85f95f24e7e4439,5,,,2018-08-18 00:00:00,2018-08-18 22:12:34
dc4aae392fa7c7b206fe4f69daf63279,1f5e41ca3a4a73a67d6ac937f4fe5422,2,Ainda não recebi ,"Ainda está no prazo previsto, mas achei mto longo ",2018-08-11 00:00:00,2018-08-14 00:30:05
4c590a18e7194cb5929ac97b22c844bb,9c05cf9f770e4c24707995b849ee5212,5,,,2018-08-14 00:00:00,2018-08-14 19:47:38
ad786dc8e21ede59d852f574917f7a30,326fa4ef13e06290f3b142da7663d4af,5,Boa,,2018-08-22 00:00:00,2018-08-22 21:28:42
fb91f5809576aea4a682e4ab8375a684,45f323ee344dfe76bcd78bc41c962c91,1,Relógio não entregue ,Comprei 2 relógios e entregaram apenas 1. Aguardo posicionamento da loja qto a isso ou estorno do valor no cartão. ,2018-08-24 00:00:00,2018-08-28 18:32:13
3338566cbe27d9977dc215eb193147e6,77e3266e92eda8a0570ce5b1045fa3b5,2,,,2018-08-11 00:00:00,2018-08-12 14:00:41
9b94a7687cc559539f598fec29e47ab9,b164237e62593d65bd06208c4e722120,4,,,2018-08-12 00:00:00,2018-08-13 09:13:52
c3582ecf57770fa5ba108c357ed45147,137f57a202d83cd03668234859e1b2a9,4,,,2018-08-14 00:00:00,2018-08-15 10:10:37
ec294c7cf4f12a6df207e3c97ba9f4d4,ad61bdad0a6d5fac6af829eba1fa4e84,3,,,2018-08-11 00:00:00,2018-08-12 03:29:10
1321a5806db4dc8bf3f95f855c5bec31,dbfe4e468c74ac901314aac3d2915e40,5,recomendo,Valeu,2018-08-16 00:00:00,2018-08-17 19:52:23
d09897096607f8705702d2f35225f5d1,9b28ecb03bbb9a5081729d9f822f46a1,3,,,2018-08-14 00:00:00,2018-08-15 02:39:05
142e7272901e35fff5ed8b950f55f0cd,200b121c28e10ef638131a7c76753327,5,,,2018-08-24 00:00:00,2018-08-27 17:44:10
86bd6eb6bd6b4fca1c37903d81192f1a,7ffcdcd61ff7eb4f55adfcfe5940b9e2,5,,,2018-08-07 00:00:00,2018-08-07 22:46:16
0e309494ed4a01db3a7bae22778a3412,6f8607cd0ebba75f55b2ce01a1250963,5,,,2018-08-14 00:00:00,2018-08-17 13:16:13
94616f474f0cb32ea4bdbfc6fb0b0705,d00c0296f63ccdcf9062c425887095e6,5,Moedor de café ,Tudo normal. De acordo com o contratado. ,2018-08-08 00:00:00,2018-08-08 20:09:11
0bcae034da316b85e9c2396648c55b42,38b1a471932ac62050bd8c14492af2a3,5,,Otimo.,2018-08-11 00:00:00,2018-08-12 17:25:38
a5058af34c933689efe2e7096e8daa8f,c5fd5386640ddd76adc482b72d24a02b,5,Gostei,Entrega no prazo gostei muito do produto muito bom,2018-08-09 00:00:00,2018-08-09 17:18:52
34b0a2ad01b10490102a5a6703a06492,8d87a1565de3eff8cb87fcacd8ba101b,5,,,2018-08-11 00:00:00,2018-08-11 21:09:58
b54ef182ce4b01ff4dd7b36f23a1c299,977e3e5b3884ce2843710ee5f5a3d12a,5,Perfeita ,Ótima ,2018-08-08 00:00:00,2018-08-08 22:17:10
b41988f37bda2f21ca9a72a741b9eb00,3dd4f42a9b185cd0b083246bae24090c,5,,,2018-08-04 00:00:00,2018-08-05 09:01:12
38b57347a0c958b44cba2698726267b6,6fa25e5deedf726d264d6714ac4a8ab4,4,RECOMENDO,"INSTALEI NA CASA DE MEUS PAIS,ESPERO QUE FUNCIONE QUANDO PRECISAR,TOMARA QUE NUNCA PRECISE POIS GAZ VAZANDO É MUITO PERIGOSO!!!!",2018-08-09 00:00:00,2018-08-13 10:44:34
ab9527b87aadc03bd34fb6965444bf4f,cdbe906438125d1d5bf88bb289f8ed61,4,,,2018-08-07 00:00:00,2018-08-10 14:07:54
181558c031e9a0df40cee5e873eb379d,00f6ac4816d12f49026b09f2aa77d15f,3,,"BOM ATENDIMENTO, FACIL DE COMPRAR ENTREGA RAPIDA.",2018-08-14 00:00:00,2018-08-14 20:35:57
bc52f42d1e0b681cf1353e0f4707885f,1e3d732b1d231004fa6b9c9141f53856,4,,,2018-08-10 00:00:00,2018-08-10 18:38:29
2828fc9550935cc39972e2588163f723,61c136fddac571834516a52d2e03458d,3,5,Obrigada,2018-08-15 00:00:00,2018-08-16 14:20:30
4d8a7f089c562214b9ee9b155592689b,53644a8a66249361bd171848c8df4f83,5,,,2018-08-10 00:00:00,2018-08-10 18:47:58
3773964a610f0fb9775434a447664233,335046c7c87cf6b4d47ce63b22c563b8,4,,,2018-08-17 00:00:00,2018-08-20 22:46:15
f9ef0d59cf34e18b20414d293833d20d,949685852c781dc1ceefe5810f2fbc27,5,Execelete ,Otimo produto,2018-08-21 00:00:00,2018-08-21 19:24:47
b992577da048d386e438e1b05c2eabc0,d40d7acb41c23539b6b47ea86e260c28,5,,,2018-08-10 00:00:00,2018-08-12 23:46:05
a60cdf90e8d973d07d66013ccb4bfc23,a70e2a7c5779986b66893322855c4932,4,Excelente ,Recebi no prazo e tudo correto parabéns totalmente satisfeito ,2018-08-08 00:00:00,2018-08-15 18:26:55
a903c9ddf7663fd53394c642ba723036,b89c3bccb55bf39d693030905c3a2326,4,,,2018-08-15 00:00:00,2018-08-20 03:02:09
11b0e818e5a33eee6c48a43bdfd03567,3d5c01d5bef96b82a7ae8684f1665c31,5,Otimo,"Super indico, chegou antes da data prevista e estava tudo certinho. Comprarei sempre.",2018-08-07 00:00:00,2018-08-07 23:55:23
9bc0383b9fef2c5fae7211d98141e2dc,8ea8033700913a32e94988adbe26d5aa,5,,,2018-08-09 00:00:00,2018-08-14 01:07:05
b1f0c522cdb56e4ed65b1ee47596b50a,9476b4b16d22b40903f24895e4038590,5,,,2018-08-14 00:00:00,2018-08-17 01:51:00
8637b9404b154a240bec1d732815599e,7707b1061567c2bc77fe8c3724a3d615,5,,,2018-08-23 00:00:00,2018-08-24 12:38:13
7654cac78f265b291937ca6f61f1d870,f245cbeb5e2f1bb0fe643069bb2eee06,5,,,2018-08-09 00:00:00,2018-08-10 01:42:25
b7bd9a782c9d08ba8b558d88e13ca799,783058adb0589c4c5b2f3f748a27485b,5,10,,2018-08-21 00:00:00,2018-08-21 23:42:20
ac8b2468cc6ebff2fcb99ceadabbec25,e71783fc8cd92f708d13542f6d17ff7f,4,Produto,Dessa vez eles tinham o produto e nao me devolveram o dinhiero,2018-08-18 00:00:00,2018-08-20 19:49:49
17e565cc81cb5f46bedeae45e41d8a12,223f7c98cbcab2327a6e8b11e0f13838,4,,,2018-08-17 00:00:00,2018-08-17 22:08:27
4cea1c741ec6f07ca752baeb01116dea,d83e73ca49e7e9ec7ba0154139858fc8,1,Não recebi o produto,A previsão de entrega era para o dia 22/08 mas até agora não chegou.,2018-08-24 00:00:00,2018-08-24 10:07:22
ae93f71c72582cf1a1a2f65fb687b419,87466e583daa1445bfc03e595265cdcb,1,,"Não recebi o produto, solicito reembolso!",2018-08-11 00:00:00,2018-08-11 15:47:00
87ee3cdc6a5583b865c7e3175b405472,f2e689a11a0a962aa271e7715b516ee2,4,,,2018-08-17 00:00:00,2018-08-20 09:47:56
019a7e514472ce82e3d16939828b753b,b46fff4b68b745db1498b3a260aaed5c,4,,,2018-08-10 00:00:00,2018-08-11 10:51:08
1b8da481a54dbaa0890eaaabbb16f8a8,772bb5d1c259f2731fb87d079c3808f0,5,super recomendo,"ótimo produto, entrega no prazo, gosto muito de comprar pelo site lannister.com",2018-08-11 00:00:00,2018-08-14 12:33:41
56c14590333f0f87275c88f0912568c0,c4c3ab935544a304e782b38b7c7aa044,5,,,2018-08-10 00:00:00,2018-08-16 11:15:16
83569044fd6506374dcd4e45e9cfd3c6,7cdb98b018309556c5994e4a200213c0,5,,,2018-08-14 00:00:00,2018-08-14 15:10:48
8f74d6de4fe3d168e038668dbbbe3891,69be9dba6e0abc2941fc4b888d414fc5,5,,,2018-08-16 00:00:00,2018-08-18 23:11:17
39e2b669ceb5241844bcc964919bccb3,d28d530e6f5f2e1fb58e616b097b23b8,5,,,2018-08-14 00:00:00,2018-08-16 20:51:06
f9edb20b598a2d26294322ddddd67bf8,6ec1bea8cbcef0a1b81bc9b7fbd37ccb,5,Indico ,Produto chegou de acordo com o anunciado. ,2018-08-28 00:00:00,2018-08-28 20:17:09
20a56bb6ca123a45b37766dacbac35da,42be6028bdacb5416ab5bd400589b0a3,5,,,2018-08-14 00:00:00,2018-08-14 22:04:51
347b3658f251e445b45292d2b3a2a8fc,d9b968b9f8c464fd7941981e0ee66845,5,,,2018-08-10 00:00:00,2018-08-11 01:37:36
dbcc8337677aaefa8a711819880d4cf9,0b82d0616f1ad8da15cf967b984b4004,5,,,2018-08-10 00:00:00,2018-08-13 20:52:22
f9573a0bc40beae63d0450a6eeef56c7,5d8ba2d50439f73f0f7a301864eba3f6,5,Ótima empresa ,Excelente loja . Produto entregue rapidamente !,2018-08-16 00:00:00,2018-08-19 02:43:16
f5597ad0e01b467591e586a617fcb780,80c54b49eb28ef498e5076bb0a7ca24c,4,,,2018-08-11 00:00:00,2018-08-13 21:55:08
8c2e99efb896af21a3b86d16a455db4e,7c40c1fdc6c80fb91892fa1cd0b79d82,4,eu recomendo.,"Faz pouco tempo que tô tomando, não dá pra falar muita coisa, más pelo menos é diurético.",2018-08-04 00:00:00,2018-08-07 02:41:50
bf2a6ad82c141f739eab20263ab41b32,9b0159dd88a0319b71984d8d973472c2,5,Bom,"Recomendo, veio como na descrição, perfeitas condições, mto bonito o produto.",2018-08-21 00:00:00,2018-08-22 00:26:38
0c5a7b34ee992709eccaa8bf00b8031b,a1e6a1eeef79fc64be1040e5ac6d3119,2,,Não tenho como avaliar fornecedor até o momento ,2018-08-12 00:00:00,2018-08-13 16:18:29
72af6542d0dd12be2a31d3e86ce261cc,193d998b23a996345ca322516b2d5af3,4,,,2018-08-15 00:00:00,2018-08-17 12:04:41
e6c76551447474a66f5f93684ec26412,23152da25fd8a3154b39fea912376a07,2,Nota fiscal ,"Então,o produto veio corretamente, mas a nota fiscal veio com um valor muito diferente do que foi pago .
Paguei no total 95 reais a nota veio com valor de 8,00.
",2018-08-15 00:00:00,2018-08-16 03:25:04
ccae1b45be8cb6bd793e921819875a4b,ee05ea68d27584f43ac19ad104738fea,5,,"Produto chegou antes do prazo, super recomendo",2018-08-09 00:00:00,2018-08-09 23:54:27
0c118ee9020ba465b1759a1f017ea71e,581bc29c5d7f193bd3f1cc87c24ae067,5,,,2018-08-09 00:00:00,2018-08-14 18:17:06
fe1399bca9322a7bb86a9e9d6d43893d,b43889e8181d41782f7b8489b1500fef,1,,"Eu comprei o relogio e c 3 dias parou de funcionar,como faço p fazer troca?",2018-08-10 00:00:00,2018-08-17 23:50:13
fe9435a386720bc0f8dbc27a51ebfcde,fdc0ec1ee168b2b7c9d3a501b0d1d69d,5,,,2018-08-16 00:00:00,2018-08-21 00:01:59
16f80f906c1eda085b69914f60c46800,1b5339b3d49c30108e0aa8c2c2cbbbd8,3,,,2018-08-11 00:00:00,2018-08-13 15:05:11
df30669c392c69af125902688c2b6b64,1955e6384cd6fc6cb02799b1e458b2d7,5,Ótima compra,Ótima compra relógio mto lindo. ,2018-08-08 00:00:00,2018-08-22 01:40:10
e48c4a8f67e779d4c66c9bb7ba184a64,d1ee985bf7378b46fd1058b35c8132da,5,Excelente,Muito bom o produto e o atendimento.,2018-08-21 00:00:00,2018-08-22 10:20:03
125914e484491b87a4509a826b76262e,e8eb3171be89ea8e8c3fd39e336e868d,5,,,2018-08-09 00:00:00,2018-08-09 21:36:08
5f4f9f4fbe76b20a992d26c29bcfec2f,27f01bec8fbffea109aa86d4d3364a15,1,,"Boa trade!
Comprei 2 produtos e o mesmo não foi entregue corretamente. Foi adquirido dois controles desta empresa e dentro da caixa continha somente 1. Preciso que resolvam o problema urgente.",2018-08-14 00:00:00,2018-08-15 18:59:08
0fe58adb292cc27feb6bbc18ff811883,221acf4033f18fbab8e09d105429367f,4,Cartuchos falsos,"Não recomendo, pois quando coloquei os cartuchos na impressora para usá-los apareceu uma mensagem da HP na tela do computador dizendo que os cartucbos não eram originais.",2018-08-24 00:00:00,2018-09-06 14:51:53
87513a7b677253235fcd0769058218f1,ef87b14cd30d2df42c047bc6724fa9ae,4,Entrega dentro do prazo p,"Tudo certo com o Produto e entrega, porém a nota fiscal que acompanha o produto foi colada no pacote com fita adesiva sem a proteção do saquinho plástico e ao tirar a fita a NF ficou avariada.",2018-08-10 00:00:00,2018-08-11 03:30:31
ffe08e1aafa8befd91da85550116e175,a02dc27653c8ef244fd7d8c4d5bc81f5,5,Indico demais a mericanas,,2018-08-21 00:00:00,2018-08-21 21:19:30
81ddeabed1b88aa033dd19b0c0d56da3,acee82e21828ddd887e48ad3afc6704e,5,,,2018-08-15 00:00:00,2018-08-19 21:57:57
d2df3a949133091fb26abad00f8a4ef3,a657f4281fa25af13388496f1075850d,5,,,2018-08-14 00:00:00,2018-08-17 18:56:21
5b965b71e23e4830ae47e7561b0774f2,8709d432916bb32dfc76488bde2bd31b,5,,,2018-08-08 00:00:00,2018-08-13 02:43:30
2034429c97f1f35cd46b71601875253f,eb6f690431c33aa581e0e090255bdc54,3,,,2018-08-24 00:00:00,2018-08-25 01:55:27
e411de531efc91d583cbebf77c1d2de0,d578e968ce420f393efcc423ada6f0ce,4,,,2018-08-09 00:00:00,2018-08-09 16:53:13
7aa233fd42c2a8ec0d3b7da3336598f5,bd429f272e71ed50b0adf8defc8d24e1,1,Decepção,"Infelizmente, virou regra no Brasil, o consumidor comprar, pagar e não receber o produto. Prazo tem que ser cumprido e, a responsabilidade é do vendedor.",2018-08-18 00:00:00,2018-08-20 02:22:10
61b8161687bcd752cc55546bd274cb07,9327dfbb07028fce8769daa61e598891,4,,,2018-08-07 00:00:00,2018-08-10 02:38:45
86714f82a12c9f136e1fc871cccf4a13,0359f367ef22ad541b0bdc484158be09,5,,,2018-08-18 00:00:00,2018-08-19 20:41:55
39beb1947fbe624b5e31bbb98f35e5fd,2c52a346156e0b2ae61c3642e9cc9d91,5,,,2018-08-11 00:00:00,2018-08-13 22:01:44
f96e11334318c5d80195a383b5c64d2f,02cb7027f3074adf1407706d712298f7,4,,,2018-08-18 00:00:00,2018-08-20 14:24:58
d72c2e0d8bf1f46a7efec9415c890eb0,46c43fa21f04b08b446b2bd3e06ae1a8,4,,,2018-08-23 00:00:00,2018-08-23 19:43:32
e2382cc924e6882d7908ee66a949b251,a16607f4220f0e60ab4c71b915dd380c,5,,,2018-08-25 00:00:00,2018-08-25 14:46:59
7fbfdd0bc25c10518e05e2080a16d198,c124b224a2727ecb4e7c9a378a936d0d,5,,,2018-08-16 00:00:00,2018-08-18 08:55:26
65672422d2cdf3264f8e803b5035c111,a2e554ce08ca39827cf3de0d0f5b36f4,5,,,2018-08-10 00:00:00,2018-08-11 00:34:49
a3b8013d66a6c98c95c35244dc30cdf7,45e23c55f1e319a0808c5924598cad9c,5,Excelente,Produto entregue antes do prazo,2018-08-18 00:00:00,2018-08-18 16:44:35
0e5bb7902f79d900e4876abea8d5be11,66fa22325222866162cfcbdc2841bab9,5,,,2018-08-08 00:00:00,2018-08-09 04:18:23
725577ccc5156cb120b0eb5cf460a8eb,d14cc71ad2d00bf56df0686d956d6ac1,2,Produto com defeito ,"Recebi o produto e fui testar porém não funcionou, entrei em contato com a empresa e informaram que vão reenviar um novo. No aguardo",2018-08-11 00:00:00,2018-08-14 02:45:03
65520c3a5216bfffd00f2194aef74003,557e7ed9b11b0dd74545009ef0c7a74c,1,Compra de boneco mineceaf,A loja disse que entregaria em 8 dias entregou em 22 dias,2018-08-25 00:00:00,2018-08-28 11:21:51
22fb4da5d48ba0c2456f057a6ad0e90c,1800e46c3912d9882187335b9768b6a9,4,,,2018-08-14 00:00:00,2018-08-15 17:25:23
511e7cc73af32fb21639065db8be4930,8053ea64c064df7d22ccf2099906d406,4,recomendo,e bomcomprtar ns lojas lannister,2018-08-15 00:00:00,2018-08-18 12:22:12
abda3825f7dbf5610b5d6916cc76f0a5,ecafc1df29c0622f331e455f148fe404,5,,,2018-08-11 00:00:00,2018-08-11 19:01:28
b83eb40bec88a50658399c652dc6650f,9b21580d9a140962daa66b493fa50248,5,LINDISSÍMO!!,"Se eu soubesse tinha comprado o maior,pois ele é um belíssimo quadro.",2018-08-21 00:00:00,2018-08-21 22:41:39
b6a06d78914624bde71e92fea49c79fa,7e8734a38ac8a79a7235d256f581e885,5,,Otimo funciona super bem,2018-08-15 00:00:00,2018-08-16 15:07:16
79fcad423f8f7f12822fa35f93006354,44900db49b182f4c5488152220bed716,5,,,2018-08-30 00:00:00,2018-08-31 16:53:13
b18531d9fa364fd16d50c5dfac1f14da,e1bea0700731c9179b4e7e2e0183aa14,5,,,2018-08-09 00:00:00,2018-08-20 14:08:31
5bb9bde2a21c12507490dcd55018d629,e811c789fcb20fe547fb9d955777ce2c,5,Compra recebida!,,2018-08-08 00:00:00,2018-08-08 21:13:36
ecb6b9a3c286d466970273e6c19da042,240143ab3914b9052e329d80e795b1c9,1,veio faltando uma carteir,veio faltando uma carteira e querendo saber como vai fica ,2018-08-15 00:00:00,2018-08-16 10:37:27
2436c8a107d75dfb68975cfd3ad12e65,8d0900d0d09c0b9075a5f00513991a70,5,,,2018-08-14 00:00:00,2018-08-15 11:02:37
addbb1aff8f4f2d40d6f00f3ac2deef8,03202c9906e9d1140a8ac3e15f4492e8,5,,,2018-08-10 00:00:00,2018-08-10 18:08:06
5dfbd8f249d4857df26299e4fdc3de30,a4e8c6ce4b3017aceed77c3e34035dca,5,,,2018-08-11 00:00:00,2018-08-13 11:55:38
f68cd2536bc6484da07fe9894d051423,dc9d98442e1b036b58ba9dadf51a52ef,3,recomendo com ressalvas,"veio com uma peça quebrada, nada grave talvez na embalagem não tiveram cuidado",2018-08-12 00:00:00,2018-08-16 00:11:36
49b52fae442c0de0819cccd35beea491,fb10c8bcc7ea9a61120a84484aef8553,5,,,2018-08-08 00:00:00,2018-08-09 12:58:20
028bb27705134ecba10a3abefcbcf543,2dd5f6a66c1d82ee0b8c864ddf9833f2,1,,,2018-08-30 00:00:00,2018-08-30 21:22:37
65dbddd38dc5ee0962958bbe61a48aa1,72153affaac51d3697982e86191a88c4,5,,,2018-08-11 00:00:00,2018-08-12 19:02:45
73df75f20fd543a4e542015484764e95,c93d8c5d743044e34a559198afa97c86,4,,,2018-08-16 00:00:00,2018-08-18 11:04:24
0d5ff2c8cdc3bee3dd155165db37becc,9460e47bf3fddcb92a2bc8023ae541b2,4,,,2018-08-16 00:00:00,2018-08-16 20:03:12
675e73611503eb3bb670468faa954071,4989f3f8cec2a6f73b0d121c0e134624,4,,,2018-08-18 00:00:00,2018-08-19 02:16:37
1e0a180b8e0d8bfdf4eaff7b8f1f385c,dfa8413e7d36ab13ab6b12c6c55fdc2b,4,,,2018-08-10 00:00:00,2018-08-13 17:01:19
83b42a1ae9eff368423f64984d963ba9,f1f2c2bd7c46d8b86107f0c2d9e3dcc9,5,,,2018-08-04 00:00:00,2018-08-06 10:11:19
57b2aa1d9d1361e3677d34c91311206b,beb82936199adb4cf410d9dc9554e674,4,Bom,,2018-08-15 00:00:00,2018-08-15 14:45:51
6f6aaa9354f8b3e22f2c82754f1775c2,e0657085c2b6297a32f39efa200cdf72,5,,,2018-08-09 00:00:00,2018-08-09 21:07:53
49fd7efab840f8ae17509b65a59a0693,a1044dbf7beb1971c71d7b0f94836313,5,10,Muito boa recomendo,2018-08-10 00:00:00,2018-08-11 13:11:03
d118ebc0fbbe327c78adcb36d3ccd5b3,ddefab02557da340a3bc73518bf2ecf4,5,,,2018-08-15 00:00:00,2018-08-18 03:34:17
9a0cafeee48f1ce830092ed747509dc4,a395628c3a4edf913a8abd71556e87f9,5,,"super recomendo
",2018-08-22 00:00:00,2018-08-30 14:42:21
90f5d8c974bbbdb272389354b002f7a3,ef18c0e65576729dbf505f63f1414736,4,Entregue como prometido,,2018-08-16 00:00:00,2018-08-20 04:00:55
ceab01616b4ec92785f20ff7209733dc,997cd4e2027406aafa35d5c0e270fe1b,5,Satisfeito,"Conforme vários comentários anteriores, o produto foi impresso em uma espécie de madeira de 2 mm, mas a imagem é viva e muito linda, vale a pena ter uma dessa na minha opinião, estou satisfeito.",2018-08-17 00:00:00,2018-08-17 18:05:53
79a4213ea087e4029a9aa65704df1df7,d2783b3ae3458b44a4ab7cc0169bbde6,4,,,2018-08-10 00:00:00,2018-08-12 01:06:13
05d18558c21d6ff2c4f72e1fd3f441d5,637cd939e435a194d562522d5bdc0d84,5,Excelente produto ,O produto superou minhas expectativas e o prazo de entrega adiantou cerca de 10 dias! ;-),2018-08-10 00:00:00,2018-08-22 02:20:10
5b99a34113ce3759d89d23148616b5e1,42c384d95181d3ee567e8639ff74fff9,5,Ótimo,,2018-08-10 00:00:00,2018-08-10 22:23:45
e6000096b85ac92656a0ee38d1a4798a,777e839a3f71170e58385675ce610501,4,,,2018-08-15 00:00:00,2018-08-15 22:25:15
4ac4c7a3e60f445e0fc2cce1f2ce69d3,65272dc3f6aee70b17f962df52f16f73,2,Recebi produto diferente ,"Comprei cartucho colorido e recebi preto, o site não funciona para solicitar troca, apenas para cancelamento, então cancelei. ",2018-08-22 00:00:00,2018-08-22 10:19:58
e46afc82a37b94c6f8a7cede77401f6a,e2f55ffa361f22212fa093de97e60fec,1,,Ainda estou a espera do meu produto,2018-08-11 00:00:00,2018-08-11 03:55:00
384ff29a95a2f69a476470d8de75ebdf,5c8b799d9e858d7af25f956df90a88a2,5,Perfeito,"Muito bom

",2018-08-11 00:00:00,2018-08-14 12:46:11
924a917c4ef252adeed4d03894a7add7,3b1a0e831b5c50ba012f9bf63d97a03b,5,Excelentr,,2018-08-04 00:00:00,2018-08-06 01:22:45
f9244081e21fa03d7bfca19f3eb507c8,9a8ed77611006df4a507b6649200b71a,5,muito bom,muito bom,2018-08-10 00:00:00,2018-08-12 21:39:55
b81fe848199eb0684e7a477e05efd74e,ba1cb152ffbff7aeb5630aceb9b6d212,4,Recomendo,"Recomendo a loja, entregou o pedido no tempo determinado e sem avarias.",2018-08-18 00:00:00,2018-08-21 14:29:44
7a95fdb2d00caf7715f7692b2939a076,8f31b05b300b9648b988906d899b97e1,5,,,2018-08-08 00:00:00,2018-08-09 13:24:13
9d0fb36fcbbc7ce6ebb8552963133f3e,be003b92657e12fe422a450aacc1eed7,5,,,2018-08-10 00:00:00,2018-08-11 13:53:31
3ac623ce788f79f1b74cd1a1edf9f341,964d26975fc593c3862d2478025f51cf,5,,,2018-08-14 00:00:00,2018-08-14 18:09:25
a2e8caa48a548a3092bd6da08dde08db,00d15ff0236872686e4899ed1ce680ad,5,"ótima, recomendo",,2018-08-22 00:00:00,2018-08-23 16:30:47
a5d50d016d191a62ddf7f3aab54022f6,28b6917cb6d7f6fe0540986342ec6866,5,Muito boa compra,"Boa qualidade, chegou mais de uma semana antes do prazo, até agora não deu qualquer problema.",2018-08-08 00:00:00,2018-08-10 01:00:19
9f41aa874d57df1b2ace42bb49310e73,b836e1c1c40c654579a704da62705543,5,Bom,Gostei muiito,2018-08-22 00:00:00,2018-08-22 16:15:40
e2a266293ba4e06e7d11a625558d01d8,67a98da3237e4b4d8d359f32a49bb209,5,,,2018-08-15 00:00:00,2018-08-18 02:36:35
6905b7d014860523c2eae4db84ddfea1,9ce8bab700f7de85a07a9ee7d4e18ea3,5,,,2018-08-15 00:00:00,2018-08-20 12:43:33
d28dadae6398b459a81d87981cdd3d98,00a379dfab816a83741012b71b264098,1,Não recebi o produto.,"O prazo de entrega era até dia 08/08/2018 e até agora dia 10/08/2018 não recebi o produto. 
Completamente insatisfeita.",2018-08-10 00:00:00,2018-08-10 16:52:14
8f435f038fabc6e876d14e246bdf833b,8556edd77123b5e04862b951269eabed,4,,,2018-08-11 00:00:00,2018-08-13 19:39:45
c3efa601649c7cea2f53adf9291d847b,07dc1dc61c5ee9a1387069fec64b6663,5,Super recomendo,"Chegou antes do esperado.
Muito bom comprar e receber as compras tão rápido. Inclusive irei recomendar as lojas lannister para meus pais, pois eles vão precisar fazer compras para as ferias na praia",2018-08-09 00:00:00,2018-08-13 19:19:44
4f6b218a64c9b52826075437f6fc891c,12e4a8a3ce5999f5d237b1e27b06c60c,5,bom,,2018-08-22 00:00:00,2018-08-25 11:14:48
8987f44c0185f7963ee22e81bf355f57,9b871ac52352fe5c58010cad01550b6c,5,,,2018-08-08 00:00:00,2018-08-08 22:10:56
11d9a387c371b595db81b81128c452e5,374d4811c6f3657ec62ffec582801ccd,5,Recomendo,Excelente compra e excelente produto,2018-08-15 00:00:00,2018-08-15 20:34:18
f7f18f9d471e3e8b60df9dfff7af4c4b,d8d4e1a57a139526d78c7713a4eed523,3,Bom,Produto cumpre o prometido,2018-08-14 00:00:00,2018-08-14 23:07:43
f1a3fd4548ad344f7577f144d979a4ad,a5f8c36187658cd37c05515c06cdd941,4,,,2018-08-09 00:00:00,2018-08-09 23:48:03
34db67df9dc527154e7a4519b0fbc5f5,8260ced16669ee5a61ca903988b3e0b0,5,,,2018-08-14 00:00:00,2018-08-15 15:27:30
0120fbe7fc2e94e87346d531ce971358,8f1327c6715c7cc4ed142be589174903,3,Recomendo,Ainda não usei o produto.,2018-08-17 00:00:00,2018-08-23 21:53:52
578e3df9d37dc86f623de1835e67f5bd,742e519465c1d0ed1dc1664ad04ba238,5,,,2018-08-23 00:00:00,2018-08-24 10:56:30
29c04058caab51fcedce2c7f87263398,d1af798bd24f3f874cf16d2d2e02d981,1,não recomendo,"Fora do prazo combinado.... Não compro mais nesta empresa, e nem indicarei para terceiros...",2018-08-16 00:00:00,2018-08-16 10:53:51
870ba63d5ee10cc6e0b41d2aadb93ee0,dcdf7dd18209c50593d1b6cdf2392e18,5,Recomendo,Excelente pasta. Superou minhas expectativas.,2018-08-16 00:00:00,2018-08-17 11:12:53
1ba24067c6be1baf860f93efb7b74e94,612951fa21ca749d62ad2b4f3e0757dc,5,Recomendo,Entregue antes do prazo prometido,2018-08-11 00:00:00,2018-08-20 11:32:39
6dca946b162ea41da2a7b5bdacf4f4f2,24ac7fc612c1995049d602089ed733fe,5,,muito bom,2018-08-15 00:00:00,2018-08-16 12:04:26
f9c23fdf8f8a749d0e7e9bdc0e20245a,d53539c07b0e0bb28c0468574526dc88,1,ATRASO NA ENTREGA,"COMO DAR MINHA OPINIÃO?????
NÃO RECEBI O PRODUTO ISSO JÁ É UMA MANEIRA DE SABER QUE ESTOU TOTALMENTE INSATISFEITA E IRRITADA.
QUERO SABER QUAL SERÁ A PROVIDÊNCIA???? ",2018-08-12 00:00:00,2018-08-15 12:33:23
683106b560b0185033e708b748771e97,911655697632aa4dc54e0cd37cc360a0,4,Bom,Produto bom e sua entrega foi no prazo. ,2018-08-10 00:00:00,2018-08-10 15:05:11
ba4152a04890819369df2aac3c6d09d8,39d42259839b9cfad053b83e19e14fc0,5,,,2018-08-15 00:00:00,2018-08-15 20:00:01
b92de3ecdcc59789fc915878ad582bc7,46b822b7e203850a10e485ed02abf2bb,5,,,2018-08-18 00:00:00,2018-08-21 00:27:27
b0624a58c0aa6939831e7ab43d6e2d8d,300542e713279c59c9741f77d049f567,1,,,2018-08-12 00:00:00,2018-08-13 17:53:44
65adb7c95da6035de2f90913da34fe15,80eae376fddb50c28eb0e4857691de4f,3,,,2018-08-12 00:00:00,2018-08-14 05:22:47
92e992d46bef16b26420799d0a597002,bd8c777b163d434c13d72bc016869c97,4,,,2018-08-17 00:00:00,2018-08-20 12:24:49
aa42917fa0f4f455a788e0c8e29034f4,1dde4ac4444355c43b97d058a89e45bf,5,,,2018-08-16 00:00:00,2018-08-17 00:00:46
9ec4d9e3117f57e3a18d7040d2f21e50,071be1c98f3a6f467d8e472d94350db8,5,,,2018-08-14 00:00:00,2018-09-09 21:52:44
7c982eea20f02d9fbbb374042b7f1045,c14b0a3faf28a3052b92646eeae4799a,5,,,2018-08-21 00:00:00,2018-08-25 12:58:03
4c25e0fb3e2735fdbfbbae7f616eef13,3006835c4c3c11d4869c6bd3d346dca0,4,Boa,Tudo dentro do previsto ,2018-08-17 00:00:00,2018-08-18 00:57:37
c4756b59603872f5b06bab6c3ea50662,ecc1f5f885620b17543f01bf228ccd0a,1,Carregador não funciona ,Desapontada com o serviço de compra pela internet das lannister. o carregador não pega em nenhum celular ,2018-08-18 00:00:00,2018-08-19 00:19:30
7237e25718d87163c34b88134b489a0c,64c43896c03b8f6f3ee2a5927ff67d7b,5,,,2018-08-19 00:00:00,2018-08-27 21:30:43
7cb88b964d47e604925892fe80d2e207,bee2c5fd72a426e80d331d4c5d756923,5,Muito bom! ,Produtos de qualidade e chegou antes do prazo. ,2018-08-14 00:00:00,2018-08-14 22:49:58
7cf26d2fb410b28589fdbb9ae3e79d07,ea74d355b16bf9de1c103719173cb804,5,Otimo,"Otima loja para se comprar
A entrega é rapida
Parabéns ",2018-08-16 00:00:00,2018-08-19 00:11:47
3b2942b8ef7dfa022bf270992f495f76,984e49046d60b48b8253d5147b886e1b,5,,,2018-08-23 00:00:00,2018-08-24 16:30:42
290142cfc9f8227058e37e09628716f5,c20364e03cd232810a496d07ef593e3b,4,,,2018-08-11 00:00:00,2018-08-12 22:02:00
8e3caf3f5fc6e80bd9b973078bc59b8b,706617489351ee37878ad03403622f41,4,Bom,Chegou antes do prazo previsto.,2018-08-10 00:00:00,2018-08-10 23:39:06
95422a94a302f8e24819dc839256d4e0,5ec17d5853c4bad3b18adb6778b3ac0d,5,,,2018-08-16 00:00:00,2018-08-20 00:22:29
72cc0338b8dfa94205f3549c97737c20,789bf50b7eafcaff398ea0b735b4787e,4,,,2018-08-14 00:00:00,2018-08-15 13:19:04
90e412df81c5d505dad2c9f8f9822621,95a79263ff4f759875074b9c5024edba,3,,,2018-08-11 00:00:00,2018-08-14 03:49:49
0338d7a37dc97f90a7f3f1896bc253a8,6d46c95c090a478e52c89008e729bea2,5,TOP,"Muito boa, reforçado cabo de aço, chave tetra, comprei para prender minha magrela, recomendo
",2018-08-14 00:00:00,2018-08-15 00:32:19
0a920da53c5094d35170154b8fc7df36,40c557817a4ef8b8ca3481447849539d,4,,,2018-08-14 00:00:00,2018-08-17 01:58:07
0b4fb8419afb77330ab056dc21d114e0,61f4d740ca1d5469d7aeb49f65719f3f,5,Rede azul ,"Rede linda, não vem os parafusos mas o material é ótimo. ",2018-08-08 00:00:00,2018-08-10 19:35:17
7be7a207207f16cb9c329f1f29ee4ffb,15db3ee82b2592326fd5390713cf56eb,5,Entrega ok,Tudo entregue a data prevista!,2018-08-16 00:00:00,2018-08-17 18:20:16
5610b88d87994a38e2418fff60e43c0b,6d4376b400a766f89e562e40696dc4e0,4,Bom.,Produto atende as expectativas...,2018-08-11 00:00:00,2018-08-16 18:27:51
4d9bce131e7cbac27b36f07fd4b41f15,5f4c10d4bedd746cefe9291035d2f8a4,5,,,2018-08-17 00:00:00,2018-08-20 10:02:27
3ec2094a365240078938e7706a4cb7e2,e74f2f5d0d5b389e7ec83948628a2b9c,5,,,2018-08-18 00:00:00,2018-08-22 11:22:18
c32e393bf63ece89b39530fe35e621e0,403607f34876d4bb53d5184c2282e59c,5,super recomendo,"Produto de excelente qualidade,entrega bem antes do prazo. Cabe muita coisa na bolsa,promete o que cumpre, além de ser linda.",2018-08-14 00:00:00,2018-08-15 06:15:21
0d41fa1c7544fe7a1ff46e4fd99df91c,33bc941e33954324394693138a3b95a6,5,Recomendo,,2018-08-14 00:00:00,2018-08-14 19:44:57
c0f4393ca12afdd9b1b2fd1b232b2fbc,eae56efa72774fecde3f265b1fd74e01,4,,,2018-08-16 00:00:00,2018-08-17 12:04:48
2c5ffd8da9426d191d0866d85d99a58a,30c3c6388d83af1e5d2919082f177a66,5,entrega rapida,Ainda nao usei o produto...mas o atendimento foi otimo!!!,2018-08-14 00:00:00,2018-08-17 20:44:34
d3526410acb0c220d51882d0f557c38f,29f08eca9316db52a34130eeb52dffd0,5,Otimo,Ótimo vendedor,2018-08-31 00:00:00,2018-08-31 11:31:20
984c525513f4ff26f5507a207e531e06,4ee4abefdd469c7756e296aca7f29361,5,,,2018-08-08 00:00:00,2018-08-09 00:07:20
2d4cef6ee9389a4e7a002727223444b7,6dfd5e5c5068dadbb8ac93001b69677b,5,,,2018-08-07 00:00:00,2018-08-07 19:36:58
d21831d60756c0842655eb0be8820918,505bb60c12a248aa8c995503ec264554,4,,,2018-08-21 00:00:00,2018-08-21 21:25:27
5fcafdc7bf19f526f78eb6611dd58bd3,b75b4f6e7c5fe3fa05707992a88d9d38,5,Contente,,2018-08-11 00:00:00,2018-08-13 13:41:47
f82331c770937a9b52582faa2b799762,d83f19fa5fce346e31c60b35257f4329,2,,Faltou acessórios,2018-08-14 00:00:00,2018-08-16 23:28:39
f23b6f6afc9a2f378974a788384862c6,57f2a60c1d6d8f4fb076ac300e53bc1b,5,,,2018-08-15 00:00:00,2018-08-15 17:06:25
db8a8c1513706337553faf71b79fa1b6,6005e16820f20784bf25d26f7a60af40,4,chegou antes do prazo!!! ,:),2018-08-11 00:00:00,2018-08-13 11:53:11
c5ee151af544784ccaebbf457229b0ba,b2055cac51ad40754138bfed4d778344,1,Produto ruim,Setup é chines não funciona corretamente.,2018-08-08 00:00:00,2018-08-08 21:31:28
a4f5ae6aae666e67a498580cde92a164,2ec517892d22fd59d39b4cfa2a69637b,4,,,2018-08-17 00:00:00,2018-08-21 11:52:19
ac348e3b4981c58e13e69ff917a5ca16,ab6d84885a2b1513ec4035973c08460f,1,Não recomendo,compra feita 04/08 para ser entregue em 5 dias uteis apos pagamento que foi aprovado no momento da compra. em 16/08 ainda nao recebi.,2018-08-15 00:00:00,2018-08-16 13:24:54
1a83d96cbf4308f4292e4cc84eaafaf1,12cbd6fae38a4bd1d77a7596eab0b7e1,5,,,2018-08-24 00:00:00,2018-08-24 19:23:40
d2590cbc4b659df8608652db29ddb6e1,b1e9076d07f0a18048ce3182655825f8,5,,,2018-08-10 00:00:00,2018-08-13 14:50:32
ce7afe748201102e80c7698b33ee0498,cdbf4152d2857c30e94f8e15e0dc9914,4,,,2018-08-16 00:00:00,2018-08-18 15:59:04
f98aa171dad821f61de36e9c3d349321,87d28de656e647d923b2d821a32c79c4,5,,,2018-08-15 00:00:00,2018-08-20 20:17:52
25fd9ec16acfd2a6748abdb224e6e0c4,fd2abbf4e0f632ba709f0059c02da633,1,,,2018-08-15 00:00:00,2018-08-15 16:36:15
8dec73da1dc3cb3b1972ff8a5d6629f9,2fbaa53206d7c894eb7fd3a28d5d5592,5,Super recomendo,,2018-08-14 00:00:00,2018-08-14 20:18:16
984249d2715d33ff34ad594c530d98e5,734e66350ff1d845ab707409554c76c4,1,não recomendado,Não recebi minha compra dentro do prazo. Estou aguardando mas parece que a única solução dada pelo site é cancelar o pedido (o que não vai acontecer). Preciso do produto! Aguardo retorno,2018-08-19 00:00:00,2018-08-21 10:13:01
c0884b1d13c71b48a1ebf74641cf7284,4464db47018d63c21ca7ca5dffc833e7,4,,,2018-08-10 00:00:00,2018-08-11 02:00:55
2e0af143a3f2c839700bf135f7898fbd,aca44cb492f80075220916b0a4486b10,5,,,2018-08-16 00:00:00,2018-08-16 03:52:42
1770126f004a07ab88cbf3a014cc121c,24697b1f8e78fdb9d2316bcaa2c6e216,1,Produto não entregue,Comprei o produto e está com 5 dias de atraso na entrega e ninguém entra em contato para explicar. Eu não consigo contato com a loja.,2018-08-12 00:00:00,2018-08-14 12:40:58
fedc73336820ed92356536bb779be9b1,c0cbad6a3c8fdde69b705b0016769afe,5,,,2018-08-14 00:00:00,2018-08-15 02:23:36
b4b441cdb8593ed66acae7d0d4e39dff,0c57cbfd927d9e62af8beee6d48920b7,5,,,2018-08-11 00:00:00,2018-08-13 20:22:06
a277415050a28b26c4e345774221d730,36da86192d48458dcb75f9f2bf4f249a,1,produto ruim.,Produto ruim pelo preço cobrado.,2018-08-10 00:00:00,2018-08-19 21:25:53
4a0303ff918d8f421624b4eb92747d59,3bc3db2c8da17bdf6b0344b1a2ed7cb8,1,,Continuo aguardando,2018-08-10 00:00:00,2018-08-10 10:20:01
b41cf364388758b053776d0f5b359337,fb9bb6436441ba78b79012524ca465c1,5,,,2018-08-16 00:00:00,2018-08-21 15:36:14
01f592f4d559b1ac6595404c35a4e1d2,fd0d6e1fe406f607f6f66c3bda4de1d7,5,,,2018-08-10 00:00:00,2018-08-11 13:23:34
70e25ea016be83bf89856cfb56545308,9c8922b42eceb3b3bffa3b3e098eecc4,4,,,2018-08-10 00:00:00,2018-08-13 11:20:18
149b228044a6d62c2d15017c4056803c,7c368cac70a301684eb08e7397a3da54,4,,,2018-08-09 00:00:00,2018-08-10 13:41:32
1238139eea3ce571733a7331c89a549c,1c3942a6bfebaf529e695c920baacb0f,5,,"Ótima compra,foi rápida e no dia da entrega correta. Parabéns!",2018-08-17 00:00:00,2018-08-18 01:37:07
6f658f3d3b9ec4589725242eac0d4b3b,fc6fd71961ba15e10fb27b9cda74fdb8,5,,,2018-08-17 00:00:00,2018-08-20 02:48:33
3d962a47d4e5ca3aaa3959a98f69f2f4,331839482e221dce28b19df7d740fcfa,5,,,2018-08-14 00:00:00,2018-08-15 19:09:57
f68992d881bda258c42ca26cea30e7c8,029b2daf51dda061aeb1cf32c9306db7,5,,,2018-08-16 00:00:00,2018-08-19 02:23:02
ad16c9c3b9b6c0f39b741311da0e57ec,6cd474b81add3c3d62536cab3e34aa23,5,,,2018-08-15 00:00:00,2018-08-15 22:20:09
49e29d6a603a0a22d725bc7a6c337937,0c9c2a32f57d7b49bacbe81e5534cbba,5,,,2018-08-15 00:00:00,2018-08-16 20:04:32
155f6b612d8f2f93a55fcf1257b203fa,d5211af24819d319c02a285e7bb51750,4,Entrega de produtos,,2018-08-10 00:00:00,2018-08-11 01:18:02
49e7ccae27912ef2b85728b22162f787,eb30ff356b044cdd6749167b9690434c,5,,,2018-08-28 00:00:00,2018-08-28 23:12:48
7bb7907be50a19fe668c2b00b2483587,086986d3fe34c0417a41f76b14114fec,5,muito bom,Produto muito bom e resistente. Entrega antes do prazo,2018-08-08 00:00:00,2018-08-09 00:56:21
ed2b460e10c9c1ff4a5267f6f76512e0,aeb4ec5f0696847ed2357f26abeb5a62,5,,,2018-08-05 00:00:00,2018-08-06 00:26:07
9954bd98bc65dfbd213a5df59f7b9574,c6f6b7098338abbafdecc3ee3ff4bb66,5,Otimo,"Otimo, como esperava ",2018-08-10 00:00:00,2018-08-10 19:48:25
31a3f56ded92ca2009c0a0dfe05d0e55,fae8533726bd31cbcb92d9bdcaf5e92f,1,ruim,cartucho veio queimado e não conseguem resolver meu problema ,2018-08-22 00:00:00,2018-08-27 13:17:22
1b38745369a5bea831d317d5a3200f3a,80b201a88f23aa35799eac75fa4cdf99,5,,,2018-08-15 00:00:00,2018-08-18 01:20:12
2b2a270315cee9d67f55a02c96cce8ee,2868122766fb8490193dc08920622c8b,1,negativa,"utilizo o site das amaericanas a muitos anos, sempre tive um bom retorno, as vezes demora,mas os produtos chegam sempre embalados. mas dessa vez não recebi, por isso a avaliação negativa.",2018-08-29 00:00:00,2018-08-29 15:02:39
b48cd697a30047c80e8a43e81834c76a,541b54f009facbcd67def4fad5d0fce7,5,RECOMENDO,CHEGOU NO PRAZO E SEM NENHUMA DISCREPÂNCIA.,2018-08-10 00:00:00,2018-08-14 02:02:00
f20243b12727ee5f626d46101d9f548b,0f8415c6898be42b337b26a77fcecbee,5,,,2018-08-11 00:00:00,2018-08-11 23:52:01
5add3cea913b95e55b12d8a8b9987774,9936b936a209fc553fd0d3790ea06978,4,rápido,´bom produto,2018-08-16 00:00:00,2018-08-17 02:11:39
b4d34f204ff2e42f4ce34f3d53c46042,d7f0f03f8aff02c307964f1ecb044a5f,5,Ótimo,Ótimo,2018-08-12 00:00:00,2018-08-13 16:00:13
99fe341f9962c654ec071490c3bbb5d9,cff23799a67437f662527dff6056233e,5,,,2018-08-04 00:00:00,2018-08-08 13:10:37
84ea1db07f0ce138ce12a40c7c5459ff,18d4a7100f31e670cfebe0dce5a2d844,5,,,2018-08-09 00:00:00,2018-08-10 14:16:27
47797094038049eb985434b2c87dabbd,45bfddf12e8fd3de8dbda7b7208ec90e,3,,,2018-08-10 00:00:00,2018-08-13 13:06:45
0bf155f4b2a59b55a2a0f2bdd281c325,aa6e1f3a2b645a2b22e70084a30d2cd0,5,,,2018-08-09 00:00:00,2018-08-10 11:53:14
3a0f27d1fd68e8697e26f69190527dde,cd82b3b68f4843cceb338d860b8aa006,5,Excelente ,Recomendo ,2018-08-17 00:00:00,2018-08-18 10:03:50
4246606854808ee3adf20fdc76bf69c0,fdb8b7471e58dbe1a73f0218723b58e9,5,super recomendo,otimo,2018-08-08 00:00:00,2018-08-09 12:43:51
2afb8b2ca07fe42704c2728149939f4e,07808f3f87407774955a7ceb2f4fe5d2,5,,"Foi bem rápido a entrega, fiquei muito satisfeita. ",2018-08-07 00:00:00,2018-08-09 21:41:38
8d7dfa7a5e1db03e2143fca6dab12d56,b27afd384fc03b22ea356feec6f95dbf,5,Recomendo.,Sempre recebi os produtos comprados com bastante antecedência e em ótimo estado.,2018-08-10 00:00:00,2018-08-10 21:47:37
d4fa80477d91410d3a15fa4f1d78026d,467ba1d86d45ebd9cfa12501a08f40ec,5,Recomendo,Produto conforme o anunciado,2018-08-17 00:00:00,2018-08-20 15:46:01
a92404e93928e56c21e0baca75355c28,f0e99a13bd301f69aa29160ac8cd864f,5,,,2018-08-14 00:00:00,2018-08-14 23:07:02
a61ea1fb420c88daee87a70c240091c2,d54585273ec1cbb4c450e524d11d2277,5,,,2018-08-17 00:00:00,2018-08-20 00:18:15
7d32e7a3bf94535d91db0bdbd7134099,09859a28d56f326d009da66f7d02e99d,1,RECEBI PRODUTO ERRADO,"Comprei um varal de chao de 300,00 e recebi 1 modelo que custa bem mais barato, a empresa nao retorna e-mail e nao atende telefone e o stark nao se responsabilisa pela transçao feita no site deles",2018-08-14 00:00:00,2018-08-15 02:41:02
4af594f4e44fcc42184c0aa0c51b16cc,14d5fd67132f83c0c8a9e241e4a7d4dd,3,,,2018-08-08 00:00:00,2018-08-10 15:17:37
df1ea029c19ff8da1e61247879ec682a,9b087af1d905d8987ae126797c9d15b1,1,,,2018-08-09 00:00:00,2018-08-11 17:14:40
d6a0d62ec650dd57f17b6f66ccd6baee,56580e29cdcf56834efd1a9eb48e5f35,5,Recomendo ,Excelente o processo de compra e entrega do produto. Recomendo. ,2018-08-11 00:00:00,2018-08-13 01:04:32
3a0bf004d4652f4cc734e76c7a3d6532,65cc9958974d9b84cb4caad96226d10f,5,,,2018-08-14 00:00:00,2018-08-16 21:46:48
5585b21f39ff294e05ad941d89519b48,f8924deb5600bb1368e603e9205e7949,5,,,2018-08-10 00:00:00,2018-08-11 13:57:48
3d299397d4114746c919c24c2dbfd2de,bb63df7449a5caa0edc362d01cf54f36,5,Bom negócio,"Veio no prazo, se fosse um prazo mais curto, ficaria excelente!",2018-08-14 00:00:00,2018-08-14 21:38:01
4a088b8968ce1aa868a3e1090ad03ef5,3c3b5a515dbd753a7d18c009be59f57c,5,Rapidez na entrega ,O produto foi entregue antes do prazo determinado pelo fornecedor.,2018-08-09 00:00:00,2018-08-09 21:12:36
882f3d2fc38696d5af373c1670cb493e,2ef410891d7032f34d90f6e7d1dc42b3,5,,,2018-08-21 00:00:00,2018-08-21 23:11:52
c6a4c69b118346360d6f7f7b07790a55,490566f702bcd9c328d15da3a01706fb,5,,,2018-08-15 00:00:00,2018-08-16 11:20:40
82f84f89b46a82e0ecd8b87394336758,3e68d0953d76c816cb9b580357cf65a1,3,,Não cumpre o prazo ,2018-08-12 00:00:00,2018-08-12 13:25:17
6c5fa518cfaba251ea78bb0273718342,aea07e49bd6cb10236c4f58a429d3591,1,Não recebi ,Enviaram para origem em Blumenau e estão pedindo pra eu retirar lá. Impossível ,2018-08-19 00:00:00,2018-08-21 09:34:16
5ea660f9ba86bfddf6411a66de809c20,db207002d58fe7f53935e30c37bbe862,5,,,2018-08-10 00:00:00,2018-08-13 23:16:58
1f9e281646436215f40f536283dd029a,a32c76ce96d7b4cf912b2ae1ee6a8258,1,Não recebi meu produto ,"Comprei um produto para dá de presente e o mesmo não chegou na data prevista.
Até o momento não recebi nenhuma justificativa pelo atraso.",2018-08-25 00:00:00,2018-08-25 11:18:43
b015df25836069e443382ee74bf755bb,92fefd2a79d30d262d8999fee6937d4f,4,Bom!,,2018-08-21 00:00:00,2018-08-23 23:03:14
4a6a84ad7031d0f493d358962e93a6e4,166ff8289e3c5748d7aab1c820f43731,5,,,2018-08-23 00:00:00,2018-08-25 02:37:07
ffc090dfc094247261af1a05e6346f95,8b5512b2679b86761e6aadc28ed91762,5,,,2018-08-23 00:00:00,2018-08-25 21:14:36
c4209281d1883e3d970e2cf7847c06a3,a49703fda0b42ab0a87e062624ea2f43,1,Produto falsificado,"A embalagem do perfume é original, mas a essência não. Uso o Vezzo a mais de 10 anos. O produto que recebi é pirata. Vou atrás dos meus direitos de consumidora. Quero o perfume certo ou meu dinheiro.",2018-08-14 00:00:00,2018-08-15 18:30:58
c2ad11d2c4f41cc2bdf887b68208cd02,51e5e08365469f68d9f281c619b2354f,5,,,2018-08-15 00:00:00,2018-08-24 01:37:32
534d28ecf44d4c5332c53b1a35f95560,b2b86f50f1d5ec8763fc9fc6894ac6c4,5,,,2018-08-04 00:00:00,2018-08-05 13:44:32
240bd4986d74f290714059c3b1e456d0,2d3bc1f6ed458a137c51adc3cab7a488,3,Atenção ,Infelizmente a informação principal em relação ao produto não se encontra de forma clara na pagina das lannister .. comprei uma maquina para extrair oleo com voltagem 220. Vou devolver!,2018-08-11 00:00:00,2018-08-14 15:05:29
14b0193077cf45774b7c2b845b7573e0,9c11cb61b9393edca31cfb6d985642a7,5,,,2018-08-14 00:00:00,2018-08-15 13:42:55
2b44ad16215c035b38d123088954da5b,e701302a71c93540976fdf3ce3a149bd,5,,,2018-08-07 00:00:00,2018-08-10 09:19:57
17c6ccfbb9695682016a7f03bd629a2c,e7b57c0060c5ebff9747044e5bde97a3,5,,,2018-08-09 00:00:00,2018-08-10 01:36:34
7567a6986e56d4e02d8ee0c4e0eb944f,7d9a71f7ac9e3a44b7a1b07570b605b0,3,,,2018-08-09 00:00:00,2018-08-12 05:03:56
ff8af1fe69e57b28a7cc862a2ae15ae2,412d2be13fcba6c139d5c9998e77a7c6,5,Maravilhoso,Super funciona,2018-08-21 00:00:00,2018-08-21 16:42:12
6553387898aa41aaf1fb71231e116ba2,3446075ceaabd2c708b0108c2f4da282,1,Sem avaliação,Nem sei o que dizer!!!,2018-08-12 00:00:00,2018-08-12 15:48:40
3e052aa5d4bcb903349ab3dc12cb9f3e,81278969652e49f0c09910275f10fdba,5,,,2018-08-12 00:00:00,2018-08-14 13:01:07
136394f3bb81b4b50ccbd298970999ce,67e9f4fd5900a3bedf11fd772b376528,5,,,2018-08-16 00:00:00,2018-08-17 14:06:50
c964f01f78995a1df93ac74942ac590b,cfe5da8247941458984d84fbdfa91a10,4,,,2018-08-10 00:00:00,2018-08-10 22:16:28
4151a956fa46db45a4a37f7ec48f359d,2878b4e373a9556df9aa1708a4e5c3c8,5,,,2018-08-10 00:00:00,2018-08-11 01:16:57
594f65a550601e226dd245efd92e8d76,2b8c5991476242babd85ba5b7ca5a7cd,5,,,2018-08-12 00:00:00,2018-08-13 01:09:03
67fc719f677a39f4f78789fd83b2cef1,98bd62478f45e100b026c030c5b0b121,5,,,2018-08-14 00:00:00,2018-08-17 16:36:01
1a89f5014af21dd2b775a1f8dbc599a7,3e43e4dedffaf5c15e579786d0b5317f,2,,,2018-08-22 00:00:00,2018-08-22 12:16:00
427543b37c35e775788d5b29bbbe762b,cd974875c10f96dfe6a717e02c625feb,5,,,2018-08-21 00:00:00,2018-08-22 11:20:21
7e34d090bfba646f8e61062e8710c0d1,1606a97aa8d4a52d6d2c6467eeb5f4c0,4,,,2018-08-21 00:00:00,2018-08-22 10:16:20
6cd463ee956ed306706f5565affcdfa7,4569b648054760495d7fd67996def81c,5,,,2018-08-08 00:00:00,2018-08-09 02:03:03
27ee1ce9f30b0edf1d86d5dbf61ab2f6,b8e3ff54d639c2f49ecf02fd959dea2c,5,,"Entrega rápida em perfeitas condições, bem embalado. Recomendo. ",2018-08-14 00:00:00,2018-08-17 16:00:34
54e65ea9b1e84a47c6e3b4ef26b1f331,f1036577176d907152534984bfd5018f,3,3,tem problema com un cartucho o preto nao funciona,2018-08-12 00:00:00,2018-08-13 12:01:59
417d5160c76723536d2d7db7786883b8,b9383cd99539eb0ccb11ab1a62bd0621,5,,,2018-08-09 00:00:00,2018-08-09 17:11:26
08528f70f579f0c830189efc523d2182,03310aa823a66056268a3bab36e827fb,1,Produto errado,"Entrega do produto diferente do solicitado
Aguardo orientação para a troca",2018-08-03 00:00:00,2018-08-06 00:09:52
9824bfa64d46e52878b5a23ad6ddc3aa,7e2161123332d22deb9d0fe9a4bcaa1a,5,,,2018-08-08 00:00:00,2018-08-10 17:24:33
cef75bd9c68c4985cf1ab56e370f88e1,b4623f97ac826702ad476db053f76c84,3,Recomendo,MUITO FOFO o guarda chuva,2018-08-14 00:00:00,2018-08-16 13:40:06
ec6159ffd531f4338706a31f5f89ce58,ab2e481b1ef043b41c202628100f6b4b,4,,,2018-08-08 00:00:00,2018-08-09 12:26:44
90afdff7c99f9cf6df9004c44d27ff45,0327e299243edec0ed4f26712a05b910,5,,,2018-08-11 00:00:00,2018-08-14 11:38:27
c6fd8c978063442acb2137bf16ea2531,a8100cbab69c8afb050a57b02ab6f73d,5,,,2018-08-10 00:00:00,2018-08-13 11:29:53
3ebfaa06dfa27ab1103c52627adb16b3,0b47f5e9432bd433f8c5cf64e60e6e5f,4,,,2018-08-16 00:00:00,2018-09-04 18:57:28
aed2f2c4ee32cedcdd61c8a6ca58a4b7,556a840ca8df33d08ff39fed4a28792b,1,Pedido incompleto,Recebi o produto incompleto!! Realizei a compra de.2 portas-retratos e no entanto só veio 1 porta retrato no pacote. Estou tentando entrar em contato com lannister . com e não consigo resolver.,2018-08-16 00:00:00,2018-08-16 18:43:04
ee7d3f37d22942922ff4d7d9224f5610,ae6d0f3cc69623d6826ea64fa05a0158,5,,,2018-08-22 00:00:00,2018-08-22 18:25:12
bf25ace92db366a25b815c9aea718c7f,e11c81f63f7e2ef0a0a22cbc781e8099,5,,,2018-08-15 00:00:00,2018-08-21 13:52:59
beab66c043718e34dd4e9ca8a2b8aaa8,cacb12ecbd3fcaf21b5556085730369a,4,,,2018-08-23 00:00:00,2018-08-30 23:38:32
7b2aad69c051cb1e2bdfe8c1a5548eec,e9ff655634db2dac0d2c18cd8fc57869,5,,,2018-08-11 00:00:00,2018-08-13 20:38:09
d7119e26565816fb529b09d0d76cf690,f66ab2fcf6eb4fbb8c027f16de902cdc,1,,,2018-08-11 00:00:00,2018-08-13 09:41:14
ab11ffc138f16f11c6b49571fbcb6f91,9fb578d8a9c6d5c73ea157e45b69d479,4,um exelente site,"o produto é como eu realmente desejava, a entrega feita antos do prazo estipulado.",2018-08-11 00:00:00,2018-08-13 10:39:57
c273480df53c847e7d3dc8b6d5e2d666,a586b91c2af481ac6c9b08dc1176c65c,5,nota 10 bem rapido,super rápido a entrega .,2018-08-16 00:00:00,2018-08-16 22:12:59
29df7a6cbbd1d880f963460ba19d3c3c,8fc3842e23d0010bd7f86eed9c0b3c78,5,,Entrega antes do prazo. ,2018-08-14 00:00:00,2018-08-16 23:01:40
ecb10e3f87dd26c443d34383df1d2a9d,232f30270c13607c2184ab9980245bfc,5,,,2018-08-09 00:00:00,2018-08-10 10:13:43
c4132e2219cae769ebec10e36daa813d,3016aab208504e35592823875a18d588,2,Urgência,"Tinha urgência em receber o produto para dar o presente no dia dos pais, mas não chegou no prazo e não tem nada dizendo o porque da falha na entrega do produto.",2018-08-12 00:00:00,2018-08-12 04:34:42
0cc5b39568b35fbd63564b1507e438cb,23a868333bc15837fc68d57a8287bf06,5,,,2018-08-15 00:00:00,2018-08-15 21:29:25
19bbade48aa8e79099f4e81a93a6a7b3,d07eb552f514f38f0107ee31243f8104,4,,,2018-08-15 00:00:00,2018-08-20 14:32:26
9593f64de45c9fbfdf5d1baeaea1309a,41f02d9998aea7e212e8917bf2649cce,1,,Preciso saber da data de entrega pois até agora não recebi,2018-08-12 00:00:00,2018-08-15 12:59:33
b64593abc3da18d04f6f5442965356a0,48e72584a72dfd3dcb2ed3a6c5ea07ce,5,,,2018-08-16 00:00:00,2018-08-17 04:25:06
3c2b646689482ee7655c2cbb9995023d,7e72ec73eb316f40183f574d738eb99e,4,,,2018-08-11 00:00:00,2018-08-14 11:10:13
83b3838f39a827aad369bbe8cc6a0d38,73f4780e56b3a089b1d7671a17ee4da0,3,,,2018-08-10 00:00:00,2018-08-11 00:27:53
7acf0530238ffe5ecb5a4c7be7762198,5295a4f70cac6082f1f9051409e69010,3,,,2018-08-12 00:00:00,2018-08-13 02:18:27
957bb23f45e4342fa6a1c0df05870b69,c5d63349822280ab188ac2cb0966668c,4,*****,ÓTIMA LOGISTICA. ENTREGUE ANTES DO PRAZO LIMITE. PARABENS,2018-08-09 00:00:00,2018-08-09 16:45:58
ef19dfea0a308ad73b673cdb69771805,947b612f269cbbdaa438d55bb70f1baf,5,,,2018-08-16 00:00:00,2018-08-20 11:36:55
965446bbb0eeabf720323cc37619ccca,257e2d62e2b031eb09cea19d847305c6,1,,Só recebi um item,2018-08-14 00:00:00,2018-08-15 01:35:25
a625c794b306f5c0f1ae2ef3c78350ef,be80ccb8f620862ee6fec40409d35aee,5,,,2018-08-09 00:00:00,2018-08-10 20:31:47
edf7d5643e0c32d6481a6e23238a626e,a87d8e4358ec8697c2eb5dbcc42f8330,5,,,2018-08-08 00:00:00,2018-08-10 17:12:08
80f1340fba5fdae06be5b19a498541b0,fb2dccfadca8cd6ebddc5d10ae48d1f7,2,Entrega incompleta,Comprei dois itens e recebi apenas um.,2018-08-18 00:00:00,2018-08-20 10:17:29
6256244e848045548f0961c46cdd8d0a,ab5048879a15f9f713725c37c5eb43ef,5,Recomendo,,2018-08-11 00:00:00,2018-08-11 18:24:40
fdf3f43b53d15ee04cb24b8785169363,3e33f5f2369d96398462a491d376fefd,5,,,2018-08-14 00:00:00,2018-08-21 00:09:19
7b6a03164df8cf7ddb7a59454d6f9113,f3a3becaf45a4f7799cd93b1fdeea2c7,5,,,2018-08-21 00:00:00,2018-08-22 12:14:12
749634b31da39a7bdbb942b55b28b5b2,51a9b8069f801dc897252c09cd5831ca,5,Muito bom,"O prazo de entrega é razoável, mas chegou antes da data limite. Recomendo a loja.",2018-08-15 00:00:00,2018-08-16 20:39:34
7ebb365104045933555d0be94dc5d016,666e09695a076343da1fb9643f68adc7,5,,,2018-08-08 00:00:00,2018-08-09 01:48:51
85c1baec4c86041f7fb27832c8eb813b,6682badeb849b39a76e35a275574fe12,4,,,2018-08-08 00:00:00,2018-08-08 18:14:50
2f415d728152a1158167e79cf1daa470,a250e33c3d40fa9dd726391ebc5a4abb,3,bom,"bom dia... recebi meu segundo produto comprado nessa loja, porem o primeiro estava bem embalado e nos conformes, mas o segundo estava com o lacre abaixo da tampa aberto.",2018-08-17 00:00:00,2018-08-20 13:08:51
77653de4932997d862cfd01aab385427,c161187ab4f2133d752f8a028b51f74e,4,Entrega incompleta,"Bom dia, consta no site da lannister que recebi os dois produtos que comprei porém ainda falta o quadro do leão.
Rastreei e tbm consta entregue mas não foi.
Quero o meu quadro!",2018-08-14 00:00:00,2018-08-18 13:17:08
c86e8179a793c440919fc814e1c7c719,862510fc0a355d6cfe5c4add63ae9566,4,Muito bom,,2018-08-21 00:00:00,2018-08-22 01:46:02
f45da1806236731e19ae04c4c706be9a,1384f5f2f4532f5b9fa0f6cadafc93cf,5,Ótimo ,Estou satisfeito,2018-08-15 00:00:00,2018-08-15 22:51:59
26990bbaadb37b20561a03c40592dc7a,0b17b204a1785111272edfadb2aa9e94,5,,,2018-08-09 00:00:00,2018-08-09 16:44:06
a7264a1bd0b56b0d4c1db98f6a51489e,f87c049dcd8cafd8a6880a2e29b5d021,4,,,2018-08-14 00:00:00,2018-08-20 14:09:08
81b55d5199397d5982d6ad424ee7c3f3,47ffb2ae6aa6178f452d3ca54432f0e6,5,tudo certo,tudo certo,2018-08-24 00:00:00,2018-08-26 07:26:29
7c4c186b36b65578d3ef7a73e3ab7f4e,ea6cf34e28edb0228155d6cdbbe46bdc,4,,,2018-08-11 00:00:00,2018-08-11 23:35:49
1c07645acf1ebb2a365f6890084c3b16,7ccd0a8b6bdddf8ea32095431194bfbe,5,Rapida entrega,Produto correto e rápida entrega,2018-08-11 00:00:00,2018-08-11 23:52:13
9a3770b0988fa52825e4cc238cbae1df,5a1a4a4a31e003b67af6ef6dcb9750db,5,,,2018-08-15 00:00:00,2018-08-16 11:30:10
ce48b02551c9463a38de0435568ba5d4,373fa646df70e5064388905c109571ec,4,,,2018-08-10 00:00:00,2018-08-13 13:51:40
795cbba1f236a8fda49fbbb85b0ae393,c8955054eff8de46231cb6e2e76b4fdc,5,,,2018-08-16 00:00:00,2018-08-17 14:41:18
4f1150997e8c63836652af9a435649c0,6b8e2ea47563307c21b9041ff13e3d3a,4,,,2018-08-16 00:00:00,2018-08-18 04:16:51
37d8b2646fa878fc151555d3168ec894,c4cb147fbbbe5e1c9d10ebf2cf1501f9,5,,,2018-08-10 00:00:00,2018-08-11 11:22:19
51cb46ed992bcf7a1d6390269f9221a2,a119860697732cd9e2334491be45f1e0,5,,,2018-08-09 00:00:00,2018-08-09 19:54:40
4e584bd3e83ca4d92512aa733854c0a6,a3f586050d25a10efc72e242c88e0c03,5,,,2018-08-08 00:00:00,2018-08-08 17:54:35
49713c30db803c0288cb3b89a3434103,249907441e345229204263360b34edd7,4,,,2018-08-12 00:00:00,2018-08-13 13:04:47
709ee020ff826ee5289d7dd5d6911d0c,b494f624c631105b24fe497277085909,5,,,2018-08-14 00:00:00,2018-08-15 11:31:29
556b5d5aa178a9e1bca3c4fedebfba9c,cf97ea340fcb30e950d9c656341fdf25,5,,,2018-08-14 00:00:00,2018-08-14 21:27:27
69e83077226502b0de451c4e7ab042c8,bf1bd9414a575d2bfa50f8d5c66fd161,1,,,2018-08-21 00:00:00,2018-08-23 13:07:43
9850f3086a9a7e359e9bfc56e0306265,56a458ff4a4d0dc8ecd97b7dc2ba33b0,3,,,2018-08-14 00:00:00,2018-08-17 00:57:02
f3069f4671e3201171610cb3042c5527,52550cee1dda83b2c06260891897dc60,2,Não chegou no prazo dado.,,2018-08-31 00:00:00,2018-08-31 09:21:42
ec96094e10760eea75f5f69a6f8cfa57,6cf9278559172d523d1fbcf08988418c,2,Meu produto ainda não fo ,Ainda não recebi meu produto.,2018-08-16 00:00:00,2018-08-23 17:21:59
0b5a5f1bc3c95fa67b72338af6c29ea2,1431c3eda8ad65df1ad5982488e1a011,5,,,2018-08-10 00:00:00,2018-08-10 21:47:49
2a2d578b680b486b09f64bb9418f0059,249ce1b12f07122e85a8a56336368477,5,Nota dez,,2018-08-17 00:00:00,2018-08-21 15:07:19
0f10ea144b3b8dcfc775bc946c8fbcaf,e134ae06c15446b35a78fd10c4d26155,5,,,2018-08-15 00:00:00,2018-08-27 17:12:16
34bda9852ff16c2239ecfc783d9ed04c,bd11d8a02c0645efcce377e63362cbf2,5,,,2018-08-14 00:00:00,2018-08-16 19:39:36
764c555c46a5a13708aa7ec931c0b6d9,a4cc039dfeca8a0ebb241f3b44f29930,5,,,2018-08-10 00:00:00,2018-08-14 12:53:37
bdfa1487ea97eb465ab115e70d3aeb9e,c5eb69f42fab03c99f0c0465a6e14723,3,Boa ,Produto de qualidade ,2018-08-10 00:00:00,2018-08-11 01:06:02
d77f595a8e0905e9b449fa6601f59011,be6a7fe72fe67600cceb9213855d6551,5,,,2018-08-17 00:00:00,2018-09-19 22:59:54
c46d7d70fcfef778d492d014b326e28a,ce8bc9d1350f5e9b6b22fcf981df3aa2,5,,,2018-08-21 00:00:00,2018-08-24 16:27:08
c204c8400d52674693f874099719f08f,c4ce02b0d68f5bf60e5d6bac4701350d,4,,"Realmente lindas!! Tenho usado bastante, não manchou nem perdeu o brilho. Valeu cada centavo... Só não dei 5 estrelas porque achei o parafuso que prende as tampas é muito pequeno.",2018-08-14 00:00:00,2018-08-17 18:56:00
c8db1ead27f73962b297475efd208bfe,e773828baa347406cab28b4666ecc869,3,,,2018-08-08 00:00:00,2018-08-10 09:41:34
e36e401e3e47d442f1b56fd873eaa3c9,966c914d71ae9d1b59d440bcfc72d5cc,5,,Ótimo entregue no prazo,2018-08-07 00:00:00,2018-08-08 20:37:30
369683f86ac109fbf9ef6c2a9d4d337f,69f0148dd6fd1fd804e48c202c93ad0b,5,,,2018-08-09 00:00:00,2018-08-10 00:30:06
b5bca346a57ffaa63d89461f4f6bf352,414a0b1cbb58b3ae7ce9c39083fcf007,5,Excelente,"Loja que respeita o consumidor. Produto entregue dentro do prazo, em perfeito estado.",2018-08-04 00:00:00,2018-08-04 23:35:55
ebddff16acc3be13f976526ff5a9a998,a8aa1455a58ed250938c0f20158244a8,5,otimo,"foi recebido, mas ficou pequeno e já foi pedido a devolução, estamos só aguardando novas instruções para a devolução.
att:",2018-08-16 00:00:00,2018-08-20 11:52:13
dcd8a39e8e7a91c655c19cbb43247ce5,a4c7db3bf41a4d09d2a5166346366be5,5,Embalagem e Entrega,"Produto bem embalado. Entrega demorou mais que as concorrentes, porém foi 2 dias antes de vencer o prazo.",2018-08-14 00:00:00,2018-08-15 13:09:46
8785affb1caff0f3c870855168aca248,40db493fa22b26e65d2677bcc2c67344,4,,,2018-08-25 00:00:00,2018-08-25 23:31:49
337b2ecfa3d349f8ad89c91ceff3ae3e,fcfb5461769cc63d4c83cc3dd5c2ec55,5,,,2018-08-11 00:00:00,2018-08-12 04:52:18
9ad4c17dece026210d725c1c729ce5e7,652dd1e43c57c5f82622cd0d4ec1c376,5,,,2018-08-09 00:00:00,2018-08-10 13:34:28
6b5f7f129ebf4e06d53fed2229c6325c,5d4b951a36d28b50e981ff69e62e2414,5,,,2018-08-08 00:00:00,2018-08-09 13:49:31
3cb9ed0c55e897e1099d2133c36792f0,c8e0d72c6ab615e05977b79e02110d41,5,,,2018-08-17 00:00:00,2018-08-19 20:11:58
194bb36d095e2c39408837908ab2df73,8d2ca1078f464825b9e902aaa37e0683,4,,,2018-08-17 00:00:00,2018-08-20 12:01:57
ae4bcc3a247dd80b95ec803024afc142,c2213109a2cc0e75d55585b7aaac6d97,5,,,2018-08-11 00:00:00,2018-08-12 22:47:47
1091989a307dcb3dbc6a54bdf30eb216,bac1a29d140daf4cf00aceeedf2dddc7,5,recomendo,Atende minha necessidade ,2018-08-16 00:00:00,2018-08-23 01:28:13
9debeed4c2c65b9dfc0b80691b9df38b,0e053aa097eda67e25b3934ef3eca8a8,5,,,2018-08-18 00:00:00,2018-08-19 22:05:24
268c001e65c9cb176f33feb399f00796,191a21c0a0934fdb7dcd56c6b28a8682,2,VEIO COM DEFEITO,"O produto é muito bom, só veio com defeito de fábrica. A parte inferior não está encaixando com a parte superior. Fica sambando. A loja é muito boa,porém estou esperando a resposta para a devolução.",2018-08-15 00:00:00,2018-08-15 23:44:17
cba348b83c0be47edc766d07163ccad6,169ec5c8e238376cc87f2984cb173f1e,5,,,2018-08-16 00:00:00,2018-08-17 11:29:25
cdb88d66710b4e48217bb972f56a5695,078f6e79012194cd9eb77b10f6753d77,5,,,2018-08-10 00:00:00,2018-08-11 19:20:36
046c69b6e9d13400b71ff43532823027,dbe8fba9c7020282d2cf4a214f28a256,3,Chatice!,Coisa mais chata isso de ficar perguntando a gente como foi a compra. Faz a sua obrigação e ponto final!,2018-08-22 00:00:00,2018-08-23 14:13:26
fb001bfe97f238295ae21df4840c9008,f67e17b84d5d476bc5478e79ed177a3d,5,,,2018-08-11 00:00:00,2018-08-13 12:46:11
8afaa512b6d015055bd830b3df72e72f,6adde7cd43f44ee3300a1490d5dc191e,5,,,2018-08-11 00:00:00,2018-08-11 23:59:29
f80a03f301875a10f90897b70b2fc257,eb9e77ffb4019d5cd410157dfb294a12,5,,BEM DO JEITO QUE EU PEDI...,2018-08-14 00:00:00,2018-08-15 12:46:50
e1ac5c76029a5aeffabf541262257b4e,c9d520a482f52b364a05d0252cd45852,3,,Faltou orientações mais detalhadas sobre a instalação,2018-08-14 00:00:00,2018-08-14 21:15:41
6f4e0e8fe2535fcd7f25ed3da8783f3f,6a75f9aed5e4fd6946ec8e3984c77e9f,5,,,2018-08-08 00:00:00,2018-08-11 01:20:20
dbed452ff64865ceabcc0464038aaea9,0cce1e1470bc8d35d6a2bebb6991bc1b,5,,,2018-08-17 00:00:00,2018-08-20 02:39:15
591629dfde76725e95df60f4c5a5b532,dadeb032c1f01467182f4f0716bdd141,5,,,2018-08-16 00:00:00,2018-08-17 17:15:24
96ccb4014c164574c8077246fbbc860e,ae022df91338bf0b68f5d5f179ad8492,5,,,2018-08-14 00:00:00,2018-08-14 22:37:00
ad1e867dc05dc74d811930f90b5feca6,66bb893cb22818f4c91fdfcf9e2a81bf,5,Recomento,Recomendo.,2018-08-15 00:00:00,2018-08-17 19:37:47
aac1300c29dd79ec4ea90f9eaad9a196,f69258a9318a993c9354122221c82980,5,,,2018-08-15 00:00:00,2018-08-16 02:06:19
c1f421b8caf7ebd100b4d055ae9de4de,f2aea068a8c3e1b4b9ec9dd781ee5bca,5,,,2018-08-11 00:00:00,2018-08-12 20:27:23
782129067cd7ef9abbc3c94f36f47740,9f81e8f6c74d99562869844aafbfe0d5,5,Recomendo!,Tudo certo com a compra. O produto chegou e funcionou direitinho. Só acho que poderiam enviar por carta registrada que sai bem mais barato o frete.,2018-08-21 00:00:00,2018-08-22 22:11:00
7b50742a75587f1fe237d82415f89a71,8d71c4f38d584ca7e192f7e02dd592f1,2,,,2018-08-12 00:00:00,2018-08-12 13:43:32
e195e004bcd8b9555c75020df3f64af7,f65bace465aae8e67ff3948524ca7270,4,,,2018-08-07 00:00:00,2018-08-07 20:09:35
043da4d228b65053379dae88da114040,ba063008dcde6cd0ecb0c72f82a4542d,4,,,2018-08-14 00:00:00,2018-08-14 23:37:54
c4213f4db2f4bbd58a484316f9ead1d3,3c3d88787b28904377716a09b10fb0e4,5,,,2018-08-09 00:00:00,2018-08-11 19:54:37
409dd9867e7e03059d6217ba85204aaa,d55d5f2d92f548bd9928f3edef443395,4,Super rápido,Boa qualidade,2018-08-18 00:00:00,2018-08-20 11:02:41
acadc08edd938f98bb8fc461a68e3b3a,dc3fedc15bcfea3fb0e670ce3a8f3c27,5,,,2018-08-14 00:00:00,2018-08-15 14:32:17
ec157ff7d5550fcee765224a8876c0f2,07c60b22ef2c61750215fd44cf67f928,5,,,2018-08-14 00:00:00,2018-08-18 00:06:22
6340b67bf631bce0ea39fe76c2c810be,c8035c255b0c345f46e7ed85cbaf1a79,5,,,2018-08-17 00:00:00,2018-08-18 11:53:43
d1dc9457a11af52bfd4bc83918aae3ec,b218243f33a7a07db609c34312c95c96,4,Recomendo ,"Recebi o produto antes mesmo do prazo, embalado perfeitamente com o produto escolhido sem problemas. Recomendo.",2018-08-09 00:00:00,2018-08-10 13:12:05
466b32ac5fe91134aa9bd01746006501,95b1d0b73b19c6fff384a9036a89e484,5,,,2018-08-22 00:00:00,2018-08-23 03:20:30
2400152b0481989350903efffde40414,7c38ea034c4ae0b36dae03dac6c6a7a7,5,,,2018-08-14 00:00:00,2018-08-18 00:58:47
e13d4421f68589cf7f8eaefa7cb9ca49,be9fb10d58d9a2df903271600e76e32f,5,,,2018-08-14 00:00:00,2018-08-17 16:01:08
ec885312533ffa183ff424ec4c54b7dd,ed8998927739822537e027a5af81b07f,4,,,2018-08-18 00:00:00,2018-08-18 23:53:51
702734ad4589b9b068891f2d8624883f,a5d02c2843eb25d8d1be6217c7483c14,5,,,2018-08-14 00:00:00,2018-08-16 20:28:43
8ee97b89c05093a9cf202f9a14eb7802,27eefac938270184a597acd3c44344ca,5,Excelente,"Ótimo, indicado!!!",2018-08-09 00:00:00,2018-08-09 23:05:33
883363c926a9e2c53d92454f8e256853,545e4aeec01e2675dd302bbd4c5cd606,4,,,2018-08-17 00:00:00,2018-08-18 10:19:30
27d832f3d65bcae2efb29e4cbf056296,77695976859e3c3e692c5a5bc670f31b,5,,Muito bonito do jeito que eu esperava.,2018-08-16 00:00:00,2018-08-17 01:46:03
79c14d3a2f7e233e9d5e54fcc95eb89a,0e520b5aa77bac2965d232c9a023229d,5,,,2018-08-08 00:00:00,2018-08-09 13:11:34
81bbf23a8f69448c6543d34c62924fb8,f81189aaeb2e561e2e9fe0faec4bbbc3,5,Otima,Gosto mto de comprar com vcs. ,2018-08-09 00:00:00,2018-08-11 20:16:19
e0c38589efbb20af743633c85a9845b4,ac5cd0e68752307d437d98c640050483,5,,,2018-08-15 00:00:00,2018-08-16 16:01:08
1499b9bdfc9383ca49ffd56181065912,05ec9565bccc292561dec1d33bfefdfa,3,Recomendo ,Ok,2018-08-11 00:00:00,2018-08-11 22:39:46
fdda4f6ef4af55a3bb72dbef7bb55f24,5128bbf180434cd939884e273629de98,3,Ainda não chegou produto,Espero que o produto chegue em breve. Permaneço no aguardo.,2018-08-12 00:00:00,2018-08-13 12:44:02
e76ba0e8d63a214ed9b52e22ce506aba,07f6947cb721727031402e0cd6d6e5e9,4,,,2018-08-14 00:00:00,2018-08-15 00:29:32
0f751ffe3e19e83e6faff127c19a845b,287c56aa824d8d1ea40246ad12013f62,5,,,2018-08-08 00:00:00,2018-08-08 18:01:22
caabe29caa3a228fa0784d493f97c3fe,c306c87c6c9e528a77e95eae0ea575bf,5,,,2018-08-14 00:00:00,2018-08-14 20:50:44
ef78bcc7bdd2b1177e7d8c35f042de63,b6e1870851fc18da0ef1cafe7b7360c1,1,,"Os frasco vieram todos danificados parecendo produtos clandestinos, muito diferente da propaganda ",2018-08-10 00:00:00,2018-08-13 08:58:43
f11f131d8d9b234bf7d280bb8213d406,a217507ac495620d9a403939c9604703,1,Não recebi o produto,,2018-08-11 00:00:00,2018-08-15 17:46:54
75674bd25968d7b9303b48d9eb26b9f0,32cf1aa0aa0ea3a91c9779d558515782,5,Ótimo ,,2018-08-14 00:00:00,2018-08-15 09:25:09
8a9b2416e18981a0bf8cc7043181d7fb,ed2a96e455e3b014a6e99e5671873b69,4,,,2018-08-14 00:00:00,2018-08-14 21:05:23
6d8e095c6a4ef2600a3f61632ccd6fa1,3f56a22363145eb59c7fb42254d3f345,5,Filé ,Muito bom ,2018-08-15 00:00:00,2018-08-15 15:48:09
5bbab6141ec0ff6831ad1a9e01d85caf,62b4063077164817444ed917010c5c16,5,,,2018-08-10 00:00:00,2018-08-13 22:09:00
15cfe32f65c6371c2fd0f7351b221a1a,f90d9d087252c72d1f8a43c65f16f515,5,,,2018-08-15 00:00:00,2018-08-15 20:39:07
671987419f34165718136d079480bff2,94534dca4b70b22116250b471102602e,5,,,2018-08-23 00:00:00,2018-08-23 20:31:01
580baa446531d9b9b858b925d91676f0,8c9e68d34aa382d77160f9a1190037ca,5,,,2018-08-09 00:00:00,2018-08-09 22:06:14
8c86328df5d0329a74d0e0f5dcec46be,f1e56e6888d31427f56814ae6077aa45,5,,,2018-08-16 00:00:00,2018-08-21 17:28:36
877a78fefa17b0821f563fc3be4526e8,ef2ae6f6dbd9a78f9634b9fe22b0bee7,1,,,2018-08-18 00:00:00,2018-08-18 12:23:33
244cba0912f9082df11411daa121e9db,4cc44db58430b3250f2ef264dbcc3b4c,4,,,2018-08-14 00:00:00,2018-08-15 12:51:48
1405c1c146c6274eadbbb2cc310e44f8,bd61cca18344a303e8e6bef9861d64c5,5,ótima,,2018-08-14 00:00:00,2018-08-16 10:16:27
2099da1c387ba37f3f1986a4f8f26444,f5c5f55feb6cefec984e26efbe2a130b,1,,,2018-08-21 00:00:00,2018-08-27 21:33:14
5f36cb1783b98abc5e1e9186611f97f6,f3e4a09f99041d910314f9d99b3fc80a,3,,,2018-08-08 00:00:00,2018-08-09 00:07:11
567ca2cc952a5a90a6c93b213f181626,37820e5c04da5c34523175842e470d25,5,,,2018-08-11 00:00:00,2018-08-12 13:51:45
a93e4afaa20595b5522fedbc58b3ea32,d310b57747a742fc3a54a009114a77db,5,,,2018-08-10 00:00:00,2018-08-12 19:08:30
8b0c21dd8a1834d8afedd20c7e1ca9c6,55881111d8b37a0e45cf97b156ae1943,2,,O relógio chegou perfeito porém as faixas fiz a compra de dois kits é só veio um gostaria de saber oq vai ser feito porq estou com uma parede em branco comprei dois kits porq era oq eu precisava .,2018-08-09 00:00:00,2018-08-10 11:15:58
2dd90fe4d4ca857c7469a13979069d6b,09ced678dfa43843d2f38c410def94aa,5,Muito bom,,2018-08-10 00:00:00,2018-08-15 21:43:06
f4d7a2f0c848a981b68e6e7a76b84e30,8abad7f94ac09beb87ae2286a4964e7e,5,,,2018-08-11 00:00:00,2018-08-13 18:52:05
1c05a1ea1abfef025cb211a00dc489a2,fbf2e87d7c7542aa36e1d91e5b462c60,5,Super recomendo,"Excelente, entrega feita antes do prazo e o produto conforme anunciado.
Muito obrigada",2018-08-14 00:00:00,2018-08-15 10:37:08
51f356a1a8c39ca9320a36430958ff71,b4472226dccdf2b8b06bbc4256cf7b64,5,,site confiável,2018-08-15 00:00:00,2018-08-16 16:00:56
ea3b460ad146d89af4980e52dc687925,5cb47274e256db548371bc1cd39f1bae,5,Fita gel curativo,Bom,2018-08-04 00:00:00,2018-08-04 19:00:50
8dcd44c44dace34d2052722d4aeb003a,33df70afce3d048ea97b52a230185c90,2,Bem tenhoqueteroproduto,,2018-08-15 00:00:00,2018-08-15 16:39:04
3d2cf0334653ebfa553e957843bc0eeb,156282e58da82d36a58582a6a94211e5,5,,,2018-08-11 00:00:00,2018-08-12 01:34:45
42ddcbcd4140c6909ec9fbbca2608302,a1d83bc33177d956b86ece86d32b83b2,5,,,2018-08-15 00:00:00,2018-08-15 10:48:42
5d5fed009c14e954fa650baa757154b4,7ae84ff984c3b48b715c8f3130bf97b2,5,Superou as expectativas!,Produto maravilhoso! Muito além do q esperava e chegou antes do prazo! Uma riqueza de detalhes espetacular! Fiquei muito satisfeito com a seriedade das loja! ,2018-08-11 00:00:00,2018-08-14 04:13:25
23207797bb032308d8c97fdc21d79fa2,bc51cd3b8ddb527aa8044bc4198aed29,5,,"Excelente, meu filho amou.. ótimo para bebês serve até de almofada.",2018-08-05 00:00:00,2018-08-06 01:30:27
e42ae999b2f1e4148f9b84d0080c3ae9,7249180b70badb4081586e4964f2c675,1,,,2018-08-17 00:00:00,2018-08-17 08:46:08
49e1098dfa8383acc57cc2a23b1d113f,7d026db5c988be1bc3facec0e7fdb8c9,4,,,2018-08-24 00:00:00,2018-08-27 00:26:28
2a48c179909b8be33469617a1c997ded,d318b7f49be14ab25218a6914acc404a,5,Nota 10.,O meu pedido veio muito rápido.,2018-08-11 00:00:00,2018-08-14 05:14:04
23a008b7ae9704e3b656a489d9da4681,6567e0ba7d75594aacbf2ae3bc9a52b4,1,Ruim,Produto veio errado ,2018-08-15 00:00:00,2018-08-20 05:05:29
d3e72e1748134bcffcd99af5eb315846,914a491b0919b0205dc6fe31c052ac49,5,,,2018-08-25 00:00:00,2018-08-26 10:24:43
bcc495c8a87c63a7372b0b0d188f3c2c,ebb9d61c0744305e9172b4265468c17b,5,Ótimo,Chegou antes do previsto.,2018-08-09 00:00:00,2018-08-11 17:26:07
96140de7242d61a282720c139251d34b,2446a642fca6873ebfd22332c6657732,1,COMPREI 3 INTEM,"So foi 2 intem luva e toca. Falta colete tático e não tem código pra acompanha o intem, so informa que produto foi entregue.",2018-08-10 00:00:00,2018-08-11 01:47:00
b4effde4571c298885f5f96953b02e8b,9ad7523e9b0018cff18e52adaed6a3ae,5,,,2018-08-18 00:00:00,2018-08-18 23:33:19
432248262173ac79157521773a00c7de,8137dd2eb10f8393185e4fb57b038373,5,,,2018-08-14 00:00:00,2018-08-15 00:32:09
9d784ef106f8a3f4795195a6c3433202,565a7bc14e1f825b163c6a51d74f4206,1,Regular,Bom dia. Por favor pode me informar se vcs já me enviaram meu pedido de volta? Estou no aguardo. To precisando dessa mercadoria!,2018-08-30 00:00:00,2018-09-18 12:59:43
fa71da20e6d973d10d09c144d1621c41,c679d7c1b3724f6bafd104526934a932,1,,,2018-08-11 00:00:00,2018-08-13 08:29:43
120aa29049317116dc5a8bfd99490009,85a81c0e39303d994f18f70782aea630,5,,,2018-08-17 00:00:00,2018-08-18 21:09:26
612566bdbe65941a2e94151754849a0e,fd774e7e5b81920c1ffe8af966a3558f,4,"Produto ok,..entrega rápi","Produto bom,chegou antes do prazo!",2018-08-17 00:00:00,2018-08-18 01:33:46
a4a13a94e869fefd163a2a4e306fea6d,e70aa4ace2e2d3140d4b09564030f5b9,1,,,2018-08-10 00:00:00,2018-08-10 10:26:44
7cc798e7d27d99e9fc45c73101c25bd9,fddac1185cdd53d496b4279d6fda1112,4,,,2018-08-14 00:00:00,2018-08-15 00:22:38
426f3b071862b218917a24b89acd20de,4c393aa9849047431a6c20ff36adbfb7,3,,,2018-08-15 00:00:00,2018-08-22 16:50:35
b09cec7f64ef4f73e0dce0ae3d1ba31a,2e6e6de992c5567f41aa94497d505e77,5,Satisfação,"Tudo correto, indico a loja, produto excelente.",2018-08-14 00:00:00,2018-08-15 01:46:23
63fece601f7ef9a3d20a166e3ade1912,0b584b729bdfec204ec2aa5d21d6ca56,4,,sim,2018-08-15 00:00:00,2018-08-15 13:53:34
dffc7b09753e0012ae620c7305b19932,318cbbe8d7e81a3901639555be1e8041,4,Boa,,2018-08-14 00:00:00,2018-08-14 19:37:46
b4ac459e10a07207c8cacb35dd3b461a,4b431346a500d72d3ce468a29dd5b060,5,,,2018-08-22 00:00:00,2018-08-22 15:36:08
3f32c57359326d351f3ab5e624a3403c,6f028ccb7d612af251aa442a1fb8b5d0,1,rasuavel,,2018-08-11 00:00:00,2018-08-13 12:36:46
25be7bd2672a46569db96b05ef23b56b,ee4f8c845714cc804ba574f357113590,5,,,2018-08-07 00:00:00,2018-08-09 20:53:32
243119002935513adfd96b7aa5f1bcf5,f061ce16a11eb158bbb7bb7cb38c1ca7,5,recomendo,entrega rápida dentro do esperado,2018-08-11 00:00:00,2018-08-12 13:46:56
39b0f45c69a0881fd8ee309adda39a44,9d490e0cc1734e6efc3c66e08acc7d3b,5,,"O produto veio errado, isso acontece",2018-08-08 00:00:00,2018-08-08 16:33:08
66b705815e9970a73351e2c240c6f69a,3f71e424f5c88b151069830e08da04ad,5,recomendo,,2018-08-11 00:00:00,2018-08-13 10:12:05
cdbb61cead95d13f0a1fea5775d00648,86b92e30ce5d2f2db1a0c9821ac483bc,4,,,2018-08-14 00:00:00,2018-08-15 00:12:43
14303ce09673466b69c4354628aa5a84,6f0dfb5b5398b271cc6bbd9ee263530e,5,Produto bom,"Produto bom, mas o pegador da tampa é de plástico, a dobradiça dela também e ele é bem menor do que parece na foto. No resto é bom.",2018-08-08 00:00:00,2018-08-08 23:48:48
67e5856e26b0e62915a5119e1e263fc6,890c646ac2f95965fe8b02b81cfcdc5b,5,,,2018-08-08 00:00:00,2018-08-09 17:30:13
97d7f67d6f0605710e20b19636dc7359,7d6e61d9e5cbe64880924d4b7c366cd8,4,,,2018-08-16 00:00:00,2018-08-18 23:35:11
4cfef43e3322709b3ebc0e08d04e6908,f2ff1f78a5733d7178e393c543100e0a,4,,Recebi antes do prazo e achei otimo!,2018-08-14 00:00:00,2018-08-14 18:17:20
40c72647cb6d2625458565be2575b5ba,2f547e1278ec9e38b722447379fa08b7,5,,,2018-08-09 00:00:00,2018-08-09 23:08:05
dc8d4acd4a4b325d489e35f12a261c8c,ae0b49f902be4012d913509645004e98,4,,,2018-08-15 00:00:00,2018-08-16 22:52:35
09908e667958f1bc9015ef683f6cccdc,63154c299d1199262f60527437e156a5,2,NAO RECOMENDO,O PRODUTO FOI ENTREGUE POREM FALTANDO PARA AS 2 CADEIRAS A PEÇA FLANGE ASSIM IMPOSSIBILITANDO A MONTAGEM DO MESMO.,2018-08-16 00:00:00,2018-08-20 18:39:25
13e3739646f0bb0f2c90aefb5902eb7e,aa240e84341dc3a58a69fdaa1c0b927c,5,,,2018-08-05 00:00:00,2018-08-05 17:07:37
16bc09f0b9060175d0d4351e170de7c8,c12bef4c2199585f7a1f2c92fdac3827,5,Bom,Produto bonito,2018-08-14 00:00:00,2018-08-14 22:06:31
d6cab9064c0568f62cbe90bff314fdf2,6f0ac9b2069a1f5b1518938be44d87ee,5,,Do jeito que imaginei...e entrega super rápida. ,2018-08-16 00:00:00,2018-08-18 00:27:13
ce28531824b0c97c4a41155b6babb14d,6aa88d307527c2931de6242ca2fbd3a2,5,,,2018-08-05 00:00:00,2018-08-05 15:51:48
5956d001f7c01c189af071d8b9307a14,90a1136478f67bd64771c2005599a559,4,,,2018-08-11 00:00:00,2018-08-11 21:36:49
c1b328a15bdeac75f77c6d113800b078,fd26a8e314b26ecd3011f9d6ec17e7c2,4,,,2018-08-17 00:00:00,2018-08-18 05:29:55
27f1496b5255f5083914d6653f9aa3ac,40c3b608098b72f21af4a0a9006af9d2,5,,Superou minhas expectativa recebi muito antes do previsto,2018-08-15 00:00:00,2018-08-15 18:56:15
6ce7705d63c284cdb0e637d121aed17f,567653c46861b54519b6f4cdee500f0a,5,,,2018-08-11 00:00:00,2018-08-12 01:19:20
af9427e2233c316dda6e0b81420fc390,4d33c3b8db205a116cc13b56b4cbf5cd,1,Não recomendo ,"Não recomendo esse produto, pois o acabamento do produto não é bom,a parte do alumínio é arranhado.Quero devolver o produto pelo site no prazo, mas o site não está me dando a opção de devolução",2018-08-04 00:00:00,2018-08-06 12:03:28
a138a71a79e1a9913ab84c1726399f52,b04d1dd669ddb039cfc706d7bc859e70,4,,,2018-08-29 00:00:00,2018-08-30 01:45:41
23af2bba241b09a5281dbe308ef8b5f5,cf19b9eddcef18fed0071f773887b1e6,3,,,2018-08-12 00:00:00,2018-08-13 12:02:23
15cb66fca6bc4b85dd1346951f5b4a79,c00b90f6bc9d5a080080d5c3f852f50b,3,Entregue no prazo,"Chegou dentrou do prazo, porem a cortina estava um pouco torta na parte inferior, achei a parte em pvc ""fina"", frete caro.",2018-08-14 00:00:00,2018-08-17 04:53:30
e8b6b6a101a2ad88a09cef54d247dc21,82e321af7534ba70a73929d2e4c2cf36,4,Produto entregue ,Entrega no prazo,2018-08-11 00:00:00,2018-08-14 13:52:15
24a99d709054e765ba07fa20e4750d86,78cdcb172d0131f82c621d36e496db8d,5,,,2018-08-12 00:00:00,2018-08-14 02:30:32
24ffd945ef249ce71f748d2a5a5d7a33,d2c1f29355ffc2e07756f267aa965c28,5,Excelente negociação,Muito boa a loja e sincera a negociação.,2018-08-24 00:00:00,2018-08-25 18:33:40
b628128ab3bf0f937ec36ddeb09698e6,a1119e009d1d91655405307f4c095818,1,,"O pedido seria entregue até 14/8 ,mas até o momento não recebi",2018-08-16 00:00:00,2018-08-16 12:16:53
76f259f78df6a130c4ba6a74b0cb443f,f7ac64d2fcdb2e5b73150c612248c8c6,5,,,2018-08-08 00:00:00,2018-08-08 19:13:31
081e5bf242a51486d8b002593fbbed83,7a04f1c505fcb55b00384ea037f73f24,5,,,2018-08-16 00:00:00,2018-08-19 22:35:28
52a6c5fd6b0618dd83d9b9f86d5b8b7e,bd80c61aa79867f184f4b01d69b6c03c,5,Boa,Bom produto ,2018-08-09 00:00:00,2018-08-11 16:36:01
840d48c311b1b6941946b84ee4617aa9,21af06c81b813d390e6f5df558fdbc3c,4,,,2018-08-11 00:00:00,2018-08-12 14:26:45
35ba7ad25a358ac07db7b40b5124cec3,3789bf493d97b36ed2f5a866cc668abb,4,Meu pedido ,"Estou aguardando meu pedido,mas recomendo sim
",2018-08-10 00:00:00,2018-08-10 21:52:51
03c52c7c9ecc75e097d450a7d020ef00,48af7589aa4fbcb01531df8c9b510e91,5,Recomendo ,"A princípio fiquei com receio por não ter nenhuma avaliação aqui, mas pesquisei mais informações sobre a empresa e comprei e super recomendo. O aparelho chegou com 10 dias e veio sem nenhum defeito.",2018-08-18 00:00:00,2018-08-18 19:07:25
e6a83be25c2053e0671e822c57279d65,8fb95e274c827ed766c4833f1376e400,5,,,2018-08-11 00:00:00,2018-08-14 10:13:38
e5171c440330cfd8a31cebacc2dab1b1,f4d86b9acca54b415270df8ea6e6945d,4,Adorei!,"O produto chegou no prazo e superou minhas expectativas, recomendo!",2018-08-21 00:00:00,2018-08-22 02:52:08
f91be2c90798b49bab24698476ac8f14,c3c8037bfac88b34744bb96cfed9c7f7,4,Muito bom!,Gostei da rapidez do atendimento e o envio do número para rastreamento.,2018-08-14 00:00:00,2018-08-14 21:36:39
ecd4ffbba8ca91acae946a125706c279,f850238de020e40b355e62b3198da17e,2,,"Recebi aquela frigideira de revestimento preto, que tem valor inferior. Imediatamente solicitei a troca, porém o produto correto não estava disponível. Mandaram qualquer coisa no lugar sem me consult",2018-08-12 00:00:00,2018-08-14 22:33:25
e5c49fbc4340858dc2053fe9a43d3e8c,3a6a52cd14ff4ed808a62999c78f2226,5,Super recomendado,Comprei na quinta final da tarde e chegou no sábado pela manhã! Produto melhor do que nas fotos,2018-08-05 00:00:00,2018-08-07 21:45:50
9bbbe36fa2273f2250d370223564cbd4,c633513c5486bd512a2a23de725cd7cd,5,recomendo,produto entregue antes do tempo indicado.,2018-08-07 00:00:00,2018-08-07 20:46:57
9585b3fdfdce035e4dccbc69c9aacd73,3f3db9c8cc4092015241bc6697ea24ef,5,,,2018-08-11 00:00:00,2018-08-14 16:18:34
c329f411ff62ccd2647853778af1f6fd,e434f79ea884de16e5a8bf32afee5333,3,Material com problema.,"01 kit foi entregue. Falta o outro.
A tinta preta do kit não funciona. Gostaria de trocá-la. Obrigado.",2018-08-17 00:00:00,2018-08-17 20:25:41
760fd763df711101b76e68567cf15dc4,4a3e33350d1fd4eace1585032a97ee06,1,,,2018-08-22 00:00:00,2018-08-22 21:48:11
b329d37d7e1439bd478670fc9f5b7d35,1254db2858a5edb97a4c724409299e13,4,Muito boa! ,Entrega no prazo e produto conforme solicitado ,2018-08-14 00:00:00,2018-08-15 10:36:39
beaa99dd6221f1012dbe5084f896502d,9d2542bf51fa5287da26940813c6c0fd,4,,,2018-08-09 00:00:00,2018-08-13 19:57:34
5e501f1e2aa5669bf37434286613953b,bb4a9be7985d105a189b15022bcc7120,5,,Recebi o produto antes do que esperava. Vcs são incríveis! ,2018-08-08 00:00:00,2018-08-08 22:17:42
dec3f2722e9c626058e7a36d41a7bb19,2aa60aae490332613940bcc5eea147c6,4,,,2018-08-15 00:00:00,2018-08-17 09:57:34
b921257d8efc05b20448db875265ebd0,0a05e512c3e656802c930be4c1766c2a,2,Nao recebi,muita demora comprei a fruteira e maos de um mes pra entrega insatisfeira . Meu pinceis comprei estava na data pra entrega e nao entregaram passou a data e ate agora nada ,2018-08-10 00:00:00,2018-08-10 15:03:49
d7cedeef2e446abdc321427c1c742534,537716eaf03b0a1904be0663cbcdafa9,3,Não posso opinar,Não posso opinar não usei ainda!,2018-08-15 00:00:00,2018-08-16 03:02:00
0c64c5cb12a91fe9ca887bc6eae53530,1143f20f5408741a0c7d79bfa56efa6b,5,Chuveiro,Goso muito de comprar nas Américas nota dez.,2018-08-10 00:00:00,2018-08-10 20:15:32
62011b2d9bf768c3c9f2cca9e33fd434,1f6c0814bc17d77eaa0f31f053ec9ae2,5,,,2018-08-14 00:00:00,2018-08-15 00:42:58
2e3a02fc80a0d4222a4c9817a4180016,b5f7ed4633fb5be4575467a3ecd2ebc0,1,,Pedido veio incompleto falta no jogo de tapete,2018-08-08 00:00:00,2018-08-08 19:46:37
cf94a73cf2a98da33524cd95e31f59c1,f98480aef384f1cb8d5b1e0e4816fd89,5,Surpresa!,Foi inacreditável qdo fui atender ao chamado do correio. Tínhamos um prazo de até 20/08 para o recebimento. Chegou em 3 dias. Parabéns!,2018-08-10 00:00:00,2018-08-13 12:21:04
70b9d04516f0a77d01a5338820ec2093,80db40134db34fa301d8a9c17b307a00,5,Excelente!!!!,,2018-08-15 00:00:00,2018-08-16 11:44:48
7f906c60d59c8e0548a7775f8e86442f,f81bd34ec4dd1f36d89fe966cf87c4d7,5,,,2018-08-07 00:00:00,2018-08-07 19:43:42
daab81769fe243ba23dee3e1c6d45736,7abc6cbea47e076ca46d3bbc4afab9bc,3,,,2018-08-08 00:00:00,2018-08-09 02:55:29
70c68d149839e65c3c8b6a59a2429689,052fd91f936f4938c1085ce62862142a,5,,,2018-08-09 00:00:00,2018-08-13 23:47:22
2e4d382b86164c65bccf1dc7e00958fb,8cd5aad1cedb4a08e019072b76d6ec9d,5,,,2018-08-15 00:00:00,2018-08-15 19:23:09
ba47f7b1b9c396c09e4ceef149b1d912,d6b2e1ec7df97339dcd2bea853f8ff0a,4,,,2018-08-14 00:00:00,2018-08-15 02:16:54
587552410ca71c602855b6bc5bb96846,5af2ccecee36c806f9dd2b49c3a8d09a,5,,,2018-08-14 00:00:00,2018-08-17 00:17:52
fd3cc2ec9f60a271b9bab875500462d9,69b4682d3ab5ef1f14a8e9e74638f87e,4,,,2018-08-14 00:00:00,2018-08-16 17:39:42
22b4fd7498bd8d494701d03e320f3f65,ac57a5e116e95f1b04e07e0b57a5f6f5,1,,"Bom dia. Comprei o produto com previsão de entrega para o dia 17/08 e até hoje não recebi. 
Att.
Milton ",2018-08-18 00:00:00,2018-08-21 09:44:27
6b12ed47e31fd01ffe0d5c5f5def57f8,494dfa139a38449b378d01cca4c0a6a0,5,,,2018-08-15 00:00:00,2018-08-17 23:49:53
7ea99aa9e157fb1ecdd55a7039190439,1bb1bff5951d630e985ec8d3f8037b86,1,Atraso na entrega,Comprei achando que iria receber em três dias úteis. Já passaram 5 e nada do produto. Um absurdo!,2018-08-10 00:00:00,2018-08-11 02:36:06
b6338a2026f66f13490471636f3e5049,c18b6204ad61e6f20f2681af7cce007f,5,,,2018-08-04 00:00:00,2018-08-08 21:33:22
abe4dd198ddf1aaf80e6d5f82a71098d,2cddd5821b44b272c68fd4d199029359,5,,,2018-08-12 00:00:00,2018-08-13 18:36:03
c6045239840b516dc80529b781ddb966,febdd4292b7bc064ae8e10f572aa2ce9,4,,,2018-08-17 00:00:00,2018-08-17 21:15:37
6ffb5b95966ccb8796ea1804f2a6605b,e6f4552718815a4804aec218dce78af3,3,muito bom,paguei o boleto duas vezes queria saber se recebo meu dinheiro de volta?,2018-08-08 00:00:00,2018-08-08 15:24:30
cfb2d0fd907ccf5166a8ec0d73fcbb08,311251ba5bfaf2e67111e56ddee44f14,5,,,2018-08-11 00:00:00,2018-08-17 14:20:08
ca59740f42b644cb5d6aadcad4e54a81,13d341318c77969f10d77e1382957542,1,Produto não recebido,,2018-08-11 00:00:00,2018-08-11 03:11:43
5450a9b28da66c787dca993168506d52,69219bd2a51085b84942501a7db3aecd,5,,,2018-08-12 00:00:00,2018-08-13 16:11:13
23e8f3f8046feb595f1dce942b339e08,913ed16681197337e68e936fc28b8370,4,4,"Sempre que compro com vocês não tenho problemas nenhum pelo contrário, recebi a mercadoria até antes do prazo.",2018-08-08 00:00:00,2018-08-08 22:04:44
3f3fa0dbd83f9e9e92cf2b28794a61cc,d3793144c8e35d71e963045c73b7b7ec,5,Super recomendo,Gostei muito do produto,2018-08-11 00:00:00,2018-08-13 14:06:47
e2fdc1f6a6910ad4de0c9898bfbfe78c,ac416b71ffbc5fbfe4b5cea8a05b0d4d,5,,,2018-08-04 00:00:00,2018-08-06 18:06:38
d86a89b9e46c2f591bd4fd03e7f468b5,aee20a4d671a2a3435bdee5bf40393c8,1,,,2018-08-09 00:00:00,2018-08-11 02:42:44
e9d47e43f318c7ed45baf391f67f77ee,04c16a4e370df99cc2e5e4228ee63820,5,,,2018-08-11 00:00:00,2018-08-13 13:43:14
d7b2ccb2c8b9635d25b8f6c961ee4166,a0f74a1d59cf95d1ff371a6e9d3a1f61,5,,,2018-08-10 00:00:00,2018-08-10 22:03:11
e7139bad9a0a07b933972fca5cce87e8,49acb5fc9c65246c7611d008c2304353,5,,,2018-08-09 00:00:00,2018-08-10 07:49:47
721cd8869a24b02084a70299443c30d4,679783b320e587d8e1c9e0dcb2421539,4,,,2018-08-21 00:00:00,2018-08-25 03:27:08
8a900b6f9c0df5a1f446aee898be24eb,f4b7dd32932ce541611390cebb64b110,5,,"Produto chegou bem antes do previsto!
Ótimo!",2018-08-11 00:00:00,2018-08-14 13:09:23
c9e0be2273576aadc91df8c10caea3df,edd63d440fff63cfb4a5d662945a6a28,5,Satisfeita,Adorei a agilidade ,2018-08-12 00:00:00,2018-08-13 01:27:24
8f2efb06c855dcf63446c1b5e52edee9,1c086b183353c56b2ad03c345330d9a5,5,,,2018-08-15 00:00:00,2018-08-17 18:35:48
0a67648051de8aa084b6fe13ca1d55b7,cb7e54b683ab7303fa52e2c3975801a6,4,,,2018-08-11 00:00:00,2018-08-11 21:14:35
570b831b97a0d12cbd3b898287b66886,980044cb2540e5978dc610bcc47bb9e7,5,Tudo certo!!,Recebi conforme o pedido! Tudo perfeito!,2018-08-10 00:00:00,2018-08-10 20:04:26
7d8d252cc0ae002b13db033ec1cd9dcb,0cf8068e7b7318f0e518be23c903b9f2,1,N foi entregue ainda ,Demora de entrega,2018-08-15 00:00:00,2018-08-15 14:13:55
75f7003635f8e347535932df012f686c,5e149681ce0a38cbd1ab43422be73a56,5,,,2018-08-15 00:00:00,2018-08-15 15:56:02
51315f055e8f95ef64eb7c267de10208,5e41ebabb65c9b6a46dbbfee1b4d6a4b,1,,,2018-08-09 00:00:00,2018-08-13 21:06:37
e1a55ef5f914fff9a2df1aefc27fb9ea,22a0afb00de21962e96bef9ec5b51223,3,Até agora nada,"Ainda não recebi o produto, por isso dei ""não"" em ""recomendaria""! ",2018-08-12 00:00:00,2018-08-12 18:13:54
257c646020ca92fa10e40ffca1d9d30c,79172945447a2dd29abbffd445a99205,5,,,2018-08-11 00:00:00,2018-08-14 17:18:17
f0fbe998bd453d0bdab28806f9a0ba1f,d520b96e396bd11c8861b4310c25388b,5,10,,2018-08-08 00:00:00,2018-08-09 08:03:07
42e3efe2dcfc865e002c3f51d90c59ef,6be6d87095d612a3a5176d6aff456c62,5,,,2018-08-16 00:00:00,2018-08-19 14:33:05
561499c465cd289afee13e35bd185de0,78c68db8e7034d43fdfa205630fe7826,1,Prooaganda mentirisa.,Eu comprei pensando que era uma cama e veio uma capa de colchão fiquei muito teiste e não tem comi devolver não e pra mim e para um senhonha de 74 anos acamada assim que vc que fez a propagandaso pens,2018-08-11 00:00:00,2018-08-11 21:16:43
93052900de585760c847599730260c04,9d6a38b49a05b68e74e4d8899ebfe249,5,,,2018-08-14 00:00:00,2018-08-15 00:17:16
d319221e03109b7d5542bfa8b26b8424,3c75574b6ba7015391e4755c6c03bd12,4,,,2018-08-07 00:00:00,2018-08-08 17:25:26
9dad94dce5cce19925015c19ac361551,618f64df06c611bd4ea802bafba3e20c,5,,,2018-08-14 00:00:00,2018-08-17 00:00:13
82b4022670970c30eb0f7d485f1eb94b,b042196844fac663617a8534823b6720,5,,,2018-08-14 00:00:00,2018-08-15 00:26:38
b5911fb7bd52635ca60d65dc9f806381,1924c6aa8ef1e715f7593d5b36bc596f,4,,entregue antes do previsto muito sastisfeito,2018-08-17 00:00:00,2018-08-17 17:02:05
f3ea74280be512c197bd8342220b1b6d,8c552a81cd185f54e557a0c955602a75,5,,,2018-08-11 00:00:00,2018-08-11 15:51:01
2b88edb45379c2a78122f4da1f5d953a,7d09831e67caa193da82cfea3bee7aa5,1,,Ainda aguardando a entrega do produto ,2018-08-22 00:00:00,2018-08-22 11:13:42
638d7d8adfa37c28220ad990e97ac2c0,a6aa2d9d0561ad1c39f33d69e3f1277e,5,,,2018-08-04 00:00:00,2018-08-06 13:29:38
2b8512d3b809ac818ad6faa8583d07de,426a9742b533fc6fed17d1fd6d143d7e,5,,,2018-08-09 00:00:00,2018-08-10 10:33:05
1f8087ac9e2bc9529b37fc17f02464b9,f0dabde4fd77bc24990f7107e4c46474,5,,,2018-08-10 00:00:00,2018-08-10 18:44:40
e21b7aaf1cc392d4ec402e4cd5bbf0a0,6b9aa78b4ae64ba1d10964b1a15b5989,5,,,2018-08-16 00:00:00,2018-08-17 20:00:44
fe58f5966eeafde057379eb64baa729a,85c8b9409449608b5f5c6c0a66c9146a,5,Recomendadissímo,,2018-08-15 00:00:00,2018-08-16 17:34:24
906c3981514f88d0eae536d6ee57549f,748501d017db167d2dfb7720aa4dd21b,4,,,2018-08-14 00:00:00,2018-08-15 23:47:02
0750a9093611930763e7203b846c6fca,52064702688c67baa4242897e9136b5a,3,,,2018-08-10 00:00:00,2018-08-13 11:00:37
29438818bd857d086f0854aafd249ac5,73efca6402c1b6108195348448d76147,5,,,2018-08-10 00:00:00,2018-08-13 12:00:17
f1f8d5f08b1307f68150b38b60978f47,1d843e22f87fd9181266898d32d23a63,4,,,2018-08-14 00:00:00,2018-08-15 09:33:34
8f726b5ec07cd6dc823978a54c282a9f,984d7b91d51b86ce72cbfffc2dcdb8d5,4,,,2018-08-22 00:00:00,2018-08-22 19:49:17
1ebe986ff069b1ed4ecdae8c9f92500a,c97c5a964e8d8032ce2da2cbf89d2183,5,,Muito satisfeito a minha mulher adorou,2018-08-16 00:00:00,2018-08-16 12:35:31
f7e5c0af71266b7a4074172620a99fcf,2fe782855de414d2c2c51fcdb1437e3c,5,,PRODUTO DE ÓTIMA QUALIDADE CHEGOU BEM EMBALADO E DENTRO DO PRAZO .,2018-08-11 00:00:00,2018-08-14 10:27:04
18ca5afc465bc6bbaa3693e1a9c108f8,29446d5a7212cd18dec57e1ba28c2dee,1,Pessimamente atendido,Até o momento não te hoje informação do produto e TB sem resposta dos e-mails que passri,2018-08-23 00:00:00,2018-08-23 09:50:45
0e0c9b227d4a6870c170a4acfbb6f8a0,f1dc649e1ea6789e7eddbdaf40aaddb1,5,Satisfeito com o produto!,"Foi muito bom, dentro das minhas expectativas. Vendedor entregou o produto antes do prazo final, bem embalado, produto correto com nota fiscal, tudo certinho. Está de parabéns.",2018-08-10 00:00:00,2018-08-10 23:45:57
9424c40b874811e23520ec92256cacd7,72ebb0547658a1d829e79aca8367d606,5,Ótimo,,2018-08-10 00:00:00,2018-08-10 21:22:46
ad43d3f05c4571e3347b7da3d8fdb24a,4dea4753bef29a866f8cc4a9c7ccbf40,4,,,2018-08-14 00:00:00,2018-08-14 22:10:48
813e63aaa191ff3333e492f2c6bc1969,d6e4899000744aee28d41363a581e3c2,5,,,2018-08-09 00:00:00,2018-08-11 21:32:41
89a2256f0598754df2de402a442ee1b2,bca647a251ea21807ba8cf824272dcfd,5,,,2018-08-16 00:00:00,2018-08-16 21:54:27
ebe7d6270931b8508b36c74eee7967de,1270910d921270ad6a35e504554c4068,4,,,2018-08-17 00:00:00,2018-08-18 13:43:32
c96f26de74c03f495f40d96e1ad8733d,3bb5b510c269261066a258389a2e00d7,5,,Recebi antes do prazo e tudo certo. ,2018-08-11 00:00:00,2018-09-12 18:45:49
47ca32a260e79e7488c1c51233304230,1d092689be844c404abe12e678e2eef8,5,Confiável,"Produto entregue dentro do prazo, fornecedor confiável",2018-08-21 00:00:00,2018-08-22 00:32:50
9d08f4d4135dbd081d846dd6bba9650d,514a25ad1f240dd40ca9f02d1cb60a91,5,,,2018-08-18 00:00:00,2018-08-19 07:05:24
154920ea210312d2bab7107b2b825137,3ff122d5ce35754dba91bc1c99ad6a65,5,,,2018-08-21 00:00:00,2018-08-23 22:34:30
0ce830ac505f00ed6d4834fbe5417f23,866e0f3023c57babaf95164f170317e8,5,excelente,rápido e eficaz ,2018-08-18 00:00:00,2018-08-20 01:45:26
6fd50484c0d432f5d5f58da6a2598b18,067cdcc9257641b7d0ed7a49a466dd8d,3,Pelo valor...vale a pena ,"As bolsas chegaram bem antes do prazo, no entanto a bolsa grande veio com pequenas avarias; uma parte está descosturada e o acabamento dentro não estava tão bom quanto o da pequena, que veio perfeita.",2018-08-11 00:00:00,2018-08-12 12:33:36
1d6ffa46a63a9526d4caa3668359e7d6,83a2c8f38977e68d54c3c28a49c6cb99,5,Lindo,Chegou antes do prazo! ,2018-08-11 00:00:00,2018-08-12 00:38:42
525a0244fa390a30fd190386c9523a8b,3c8cf4a64088009cadc132d10d0ae7f4,3,Faltou um produto,Comprei duas pelúcias e só chegou uma unidade. Está faltando a pelúcia do emoji diabinho. ,2018-08-08 00:00:00,2018-08-09 20:33:32
322b806655cf3cfb6ce7ed2ab1f95fa8,a08337c882ce2f3733377bc48c5ca3ae,5,Muito bom ,Excelente !!!,2018-08-10 00:00:00,2018-08-10 18:18:28
c4cdabc2e26a18f764143230dd466600,edb81087bda65895772e72d1a5daa686,5,Chegou bem antes do prazo,Gostei da eficiência da entrega.,2018-08-21 00:00:00,2018-08-21 20:10:06
06d4844181325aac119c9b09ce3767a0,2cc44017e7eba3d4a59e029af9df7e31,1,,Comprei 2 produtos da vitaderm e só recebi uma unidade,2018-08-15 00:00:00,2018-08-16 01:00:08
c997ae332d22991ebdff2d760b2bab9e,b436eb981676e54c0bc9bcade0e079c4,5,,,2018-08-10 00:00:00,2018-08-13 12:28:05
f09e24f1b75406271d129d4fbac1cf27,6f0bbdaf91746e96253d10fe7e374f7d,1,Sem nota fiscal,"Não consigo nem emitir a nota fiscal, o produto era pra ser entregue até o dia 09/08, até agora não foi nem para transportadora. Indignada com as parcerias que a lannister anda fazendo! ",2018-08-11 00:00:00,2018-08-11 03:43:52
47ec5d023e9d871306980f5c689c6a8c,c526fe83c01c48066394ff5d81f9ab9a,1,,Não recebi meu produto ainda!,2018-08-19 00:00:00,2018-08-19 09:30:44
4fa1167137a5ad89e1c8c77531f7d5ba,2060cb090f613a2c6e389e351afc8031,3,,,2018-08-15 00:00:00,2018-08-15 21:01:44
a5af7752c286fbd8190c2e7964204c3c,1c0b41996d287cfa89739affd2df8033,2,,,2018-08-12 00:00:00,2018-08-12 15:07:27
9fe152e6294eb104826f9c20efc4a2c1,40a24d4585c66a3d7ba902a7dcd233a9,5,,,2018-08-18 00:00:00,2018-08-21 13:26:23
8aabd9e8c7042e679ae059d3355c6f96,ec6fad60162a199dc5aa0cbb021b26a8,5,,,2018-08-11 00:00:00,2018-08-13 21:40:24
3ab04ab4ec3945e085b564ef4e2f04fe,c95e5fb0ca685ee52a7db232285bf70e,4,Muito bom,Chegou bem antes do prazo,2018-08-10 00:00:00,2018-08-11 01:42:59
5858be766a592ec7bebad665ca6043da,031e976ccc4a1678f5485552ed1ae778,5,Ótimo,"Ótimo produto, recomendo, chegou antes do prazo",2018-08-15 00:00:00,2018-08-18 09:27:22
1c0d3df33c08ae4efe4ec8977554ff70,874a7690bc049bd4ce210d195bdfff7b,2,,,2018-08-10 00:00:00,2018-08-10 09:29:21
fac38004971cb1b644c3d85835c8b7ca,3e02fdc7581b3911fb32501e56bd3192,4,,,2018-08-10 00:00:00,2018-08-13 11:32:03
1ca19537b4e1999ae464d56c21319070,7aa5f2151edb70ee275202acec271ea3,5,Mt bom,"Entrega rápida, produto de boa qualidade gostei recomendo ",2018-08-11 00:00:00,2018-08-11 20:53:41
d15decf8ca54ae0c44adff8c30dd0d5c,f7df648b228c22aa46208224ab0fd67d,5,Ótimo ,,2018-08-14 00:00:00,2018-08-15 09:08:34
aa93ecca5165dacb0ce0d95102cb6b91,5d77e951a4327143b2844fb532e7ac82,5,,,2018-08-11 00:00:00,2018-08-13 20:37:59
e1918dca608630260437cd962ccf2f76,c905910185bc1f8e9c3617ee560770d8,5,,,2018-08-10 00:00:00,2018-08-10 19:54:14
12bbcfe45b8dd3258d56d9584da23861,fd566cfe4efd75cdc3ac93a0e1010248,4,,,2018-08-10 00:00:00,2018-08-12 00:59:39
311bec187414d9a75fe1985baf146511,728f6c4bcd81ebdfeb353bb9b0893a12,5,,,2018-08-11 00:00:00,2018-08-12 22:00:16
a2ac7cea4c85bd2b0030f70b39a6f0d8,0f2eddab2cf0edb934c4086172712081,5,,,2018-08-14 00:00:00,2018-08-15 07:23:37
32b4ab966d1276daf9c196fc2f832da6,59242532335f9d910b9f7d22be39bb59,4,,,2018-08-29 00:00:00,2018-08-29 20:54:05
ffd061a16dbfd7885b6d1764e1972b5b,d76ae02361b19ee1c7a277bf4740a64f,5,Excelente,,2018-08-09 00:00:00,2018-08-13 13:19:48
610d689648c010fdd9e5c10f09828b64,032b42b17fe9daa676ba9447f3dbbd0a,3,,,2018-08-15 00:00:00,2018-08-15 11:00:46
2a21a998494879b478ea2f722f431e21,a971cf0a515e6051941bd05ff3efc0d7,5,Zenildo,Eu recomendo aos meus amigos porque fui bem atendido na compra e na entrega tudo 0k,2018-08-15 00:00:00,2018-08-16 15:31:07
fdf7f231a453abe32ba791c846179c7b,494b5feb45ebf3e0dd57996b45bcf69f,5,,,2018-08-18 00:00:00,2018-08-18 22:46:09
3cf28975fc47b059523f99287307c0e0,fa6b736da07e6fab64807d4d37d8062d,5,,,2018-08-09 00:00:00,2018-08-10 02:30:28
61752d867135cc6402b9c6883f74601e,6ebdc6ce8dc5a2d9b4c6ed890718e65c,3,,,2018-08-17 00:00:00,2018-08-18 01:01:07
b12ecc5278a6196182f5c4ffe1a4973e,c8437ae2370954848655235ebb274b59,2,Produto inferior,"Produto inferior ao esperado. O mesmo foi comprado em mente a se obter o original do Google, não uma replica mal feita. 

Sem mais

Luis Fernando Brandao",2018-08-11 00:00:00,2018-08-14 10:57:46
160525369ffea777222c883cfd6697fe,945425732a4ff01eed5bfc09c1d5bd7f,5,,,2018-08-11 00:00:00,2018-08-12 02:18:17
3da8368232e5ea0380b662d8c835fe39,fe94f63f2f4d326a6da25bfe07ffaf93,1,,"Recebi o carregador, mas ele veio com defeito. Não está carregando o celular. Como realizo a troca?",2018-08-11 00:00:00,2018-08-11 18:56:51
4fe232e4318fdcceba1d0faa6319ab14,df62ac4bbb9419ada32597da29f9fe31,5,,"Entrega rápida, o produto chegou 16 dias antes do prazo. Produto muito bom.",2018-08-14 00:00:00,2018-08-20 00:57:28
806553e9762ac9c821743131722a749f,a99b56767df11d454006074f4ba801e1,5,recomendado,,2018-08-22 00:00:00,2018-08-23 17:26:54
28429e467ff7dbc2c0c0e46e54674ff8,77c155208a2ebfadeb34ab55497c597d,5,Excelente ,"Gosto muito de comprar pelo site das Lojas lannister, além de seguro, as entregas chegam bem antes do prazo.
Recomendo sempre aos meus amigos o site das Lojas lannister.
Parabéns ",2018-08-15 00:00:00,2018-08-15 22:42:54
9d93348ed66639e3d95d3830c9cc44eb,38fe76b8f86dd618f6647bb4f23d57de,2,Não é igual ao da foto,"Recebi o tapete mas a estampa não é a mesma da foto de descrição. Esperava uma única tonalidade, no entanto, ele é composto por dois tons (forte e claro) bem diferente ao prometido no anúncio. ",2018-08-12 00:00:00,2018-08-13 13:48:44
699b6369c2375ed0249976bb6047fda2,74599b2f01a4dc2150e3e9c9d8ecab7f,4,satisfeito,,2018-08-11 00:00:00,2018-08-14 10:48:00
4014afb4f1cbb4ee5a09a5d74b4711e9,47f6d79f82f6b8667a9282d11ad1b931,5,,,2018-08-09 00:00:00,2018-08-15 12:00:09
4910a0d41fca570cb921f0090ed5c4f8,003cc6161d7a2593f2525cce0c330d32,5,Muito rápido a entrega! ,Amei o conj! Foi entregue rápido! O conj é perfeito ,2018-08-08 00:00:00,2018-08-08 22:10:40
7e4eb93116e10cd20ba92574b742ede1,328ae377ef041759aacefa4eee149cdc,1,Espera!,Produto ainda nao foi entregue. Ainda continuo no aguardo.,2018-08-19 00:00:00,2018-08-20 04:37:26
782539f5a7bd6276fcd02f722c4e53d2,9b8f3948f0476494b86f7785f7c1e848,5,Pontualidade,"Entregou antes da data em perfeito estado, e veio tudo certinho. Obrigado",2018-08-10 00:00:00,2018-08-11 12:01:44
07fd613d0944b9efa06e0303fdf21d71,b24f022765a67a60735c54402342c9e4,1,,,2018-08-15 00:00:00,2018-08-18 12:07:55
bb386d014587878d25a4d151d233865e,c39414c195d0f94c9d9c35e7c6ed4f1a,1,produto suspeito,"A IMPRESSORA DETECTOU QUE UM DOS CARTUCHOS NÃO É ORIGINAL, O PRETO",2018-08-17 00:00:00,2018-08-17 19:51:57
ca2566fdfe4ce4d121d891fac1c8e2ab,a06a669230c816de8d78362b370dd46a,5,,,2018-08-09 00:00:00,2018-08-15 01:19:17
b9050ad11903ca5218a85101d898f4fe,c36b0f4253481ba100d5a003cd3b6fc6,5,,,2018-08-09 00:00:00,2018-08-11 13:39:07
58b59369f5ba70f7e96d5d9bfd999bde,295f86e82a2d290cce6aef6009b55fb6,5,,,2018-08-12 00:00:00,2018-08-13 01:55:03
1e92b3e035f0d9b738f6011a94932651,e4c09ee4522daa0f32bd2e6b2f5ed048,5,Entrega rápida ,Recebi antes do prazo ,2018-08-12 00:00:00,2018-08-16 01:15:08
88ae8ef3850b137d95ab9bbb137b44e4,cbc53400ab70c26079285e050d0dd7e1,3,bom,bom,2018-08-18 00:00:00,2018-08-20 13:39:50
81dafff2e05211f93cc251a32732e24c,cec31771f7be596e463066dab5db839f,1,Não recomendo negociar,"Não entregou o produto, nota fiscal emitida em nome de outra pessoa com outro produto. Cancelou a entrega do produto por conta propria",2018-08-28 00:00:00,2018-08-29 01:13:13
102f5d5c564a0440d13b6cc7dc670d84,85f1556f734e21409383816d518c8101,5,,,2018-08-14 00:00:00,2018-09-11 19:19:29
6244a00fd5b4a9835247de349f7ee966,d23bc376aeb971eadf9129860f03c047,5,Satisfeita com a rapidez.,"É a segunda vez que compro e não tenho nada a reclamar, entrega realizada antes do prazo previsto e corretamente. Parabéns!!",2018-08-12 00:00:00,2018-08-12 19:51:06
9ea616a99291930e927a7440d212d967,42cba4864b46e647175a24df49b1426a,2,NAO RECOMENDO,Pedi o produto na cor preta e veio na cor branca. Estou esperando uma resposta da empresa(LOJARIOPRETO) para troca do produto na cor certa ou devolução do dinheiro.,2018-08-16 00:00:00,2018-08-17 13:46:41
6306c312e1ca61cc7f44180f308d0d42,5b14a3d13762f195f8bcefc1c2eb767d,4,,,2018-08-10 00:00:00,2018-08-22 11:45:44
afb6b942609ed1033530e06710458bed,9d7ecf49e46ed6b1d5caa034b87404a5,2,talvez,"Quanto a compra faltou a opção da fragrância , pois eu tinha interesse era no almíscar, no mais o que veio perde a fixação.",2018-08-07 00:00:00,2018-08-10 11:10:32
96c536da1774efe120ee0e94d2ea13ab,cc4609648b8cff3ea47a04fc4380c25c,5,,,2018-08-14 00:00:00,2018-08-14 21:43:19
032cfcafde9237e9b8c33f00532874f5,cad8ab3b1083311bd57b8ea9aa7c1c85,5,Satisfeito ,"A fechadura é de ótima qualidade, veio dentro do prazo e é de fácil instalação. Já instalei e está funcionando perfeitamente, muito satisfeito e recomendo a todos. Obs: na foto estava com chave tetra!",2018-08-21 00:00:00,2018-08-24 15:28:10
1c7c1ee4aeb2c221873fc5f0319fc4e4,1a70c0ce7afbcfbad9123d6c029f5ad6,5,,,2018-08-08 00:00:00,2018-08-09 00:39:46
3d2df1ba7d86572567f63792eb01b935,b7d132ccaa4a7e53c9fb25ff9979fc35,5,,,2018-08-10 00:00:00,2018-08-13 03:11:21
a88fe5d1526c66f14ca4e0c85c456869,a274d2bbfcca25b8c47ee2467583e81e,5,Recomendo,,2018-08-11 00:00:00,2018-08-14 15:49:29
52b5e06c901bab89f7cf7e9314c01e32,38957bce5d0653b7a5b419556e7b9ba3,5,,,2018-08-16 00:00:00,2018-08-17 00:31:44
8fec8e6087ea94da0e0c945a92c8ae32,4628d3d8311acc92810202b9a41b3dad,5,Avaliação do site,Muito bom entrega antes do prazo e as melhores opções do mercado! ,2018-08-09 00:00:00,2018-08-09 21:21:07
ea29d049664a208e2feaea9b642680ee,37151727c96ceda28bc5b0eb91a25867,5,5,ainda não testei o produto.,2018-08-11 00:00:00,2018-08-12 00:28:20
42ba6e79761790906fd3b2d15569a61a,62fb9bca0ffbfb14ef2cc2b79b4434a5,5,,,2018-08-15 00:00:00,2018-08-16 11:30:36
7116abd52a985259fc263546b9f024ed,12ada6ec0be92b66bd3392b1764a4588,5,super recebimento,,2018-08-14 00:00:00,2018-08-14 23:05:54
d7a3789b1b28d5a96fbb3ce97bb15add,a67a7dcbea2b5ce61ba8bc99ff7362db,5,,,2018-08-22 00:00:00,2018-08-24 00:13:34
8c85d46fb2197c2dfe1244b8ce7a5cbd,ab4b37a7cd1397e63f4b25586d5bfe9f,3,,,2018-08-15 00:00:00,2018-08-15 23:38:27
8e0ce5f750d3c23d706caa67a12e2905,0ef716d86b77c7bf750b25ef9249d193,3,QUALIDADE,"A qualidade do produto deixa a desejar, pois é muito frágil, longe do original.",2018-08-14 00:00:00,2018-08-17 04:31:39
1a4fa5e81807b2fbc4217bd70f04a8a9,50464b5c4c37ca488dd7857dbaff4840,4,,,2018-08-16 00:00:00,2018-08-16 23:49:18
f232ed5794d74cffeeb70d27aa66028f,1b36920ded6f3aa566e53f04957af0e7,5,,,2018-08-11 00:00:00,2018-08-11 17:18:08
389d840c146e8fbcc2310a6b3c4043f6,6826d5740591909e368433e2a5ec75fb,5,,"Otima, chegou até antes do prazo, e conforme o pedido",2018-08-08 00:00:00,2018-08-14 16:22:01
3bf2f6dd8e7696acd8e625854d5e67e0,85e84e0247a114a9d610cb0a24710ad3,5,recomendo,AMEI ÓTIMO PRODUTO.,2018-08-07 00:00:00,2018-08-15 12:57:30
b4779288606a947d207ab0a9bc5b728d,636cae28249d7bd12aa6fb8d96bbe735,3,,,2018-08-14 00:00:00,2018-08-25 11:56:00
be6e91ba57603310a728a0f507d7aeb8,20c4ac55ded9c34a63cbf3e1f570afa4,5,Ótimo ,Recomendo para todos ,2018-08-21 00:00:00,2018-08-24 01:25:22
7b2a0d67ec2e814133941e6c2b2ed8dd,1f4ef92fe96573c57bbdf0fd5c284459,1,,,2018-08-23 00:00:00,2018-08-25 12:02:04
f36a77fb2c9fd4f01a3e73cdca4c8b65,2671e7f4ef9e76c9019650580aaeae95,5,Ótimo produto,Recomendo ..,2018-08-17 00:00:00,2018-08-18 13:10:23
e39c54b8b101e0c104a17959af0ad335,6895a2cb864a4bdb6ae98c2328666108,1,,,2018-08-18 00:00:00,2018-08-20 16:59:22
69d49a8b137bd12d4a0316c8829482f7,372e98d371f1e5e9d60496c1b57e64c0,5,,,2018-08-10 00:00:00,2018-08-11 20:13:04
0403a3294dd0019d80644def7cdfd603,9fe72f719dc088c3eaed6fda02b077c9,1,Cor errada,"Comprei o produto na cor laranja, foi enviado na cor vermelha, ate desanimei de devolver, o processo de troca sei que ia demorar, esse parceiro targaryen deveria ter avisado que a cor estava em falta",2018-08-12 00:00:00,2018-08-12 13:08:10
70005eec0127423cd798e189a194a8e7,ef8ad84adcf1d4c437f165f437e238f6,5,,,2018-08-18 00:00:00,2018-08-19 05:07:02
ca3dabf70d410c7d104cd4b4c6d4414f,51d70226d271148b34f0ae2a6aaef7e8,2,,,2018-08-18 00:00:00,2018-08-20 23:41:21
6c097bf77d89bbcd633ce292ffeaaddc,eeb52cabd36aa10f5feb6a64e51f8dae,4,Ótimo,Hidrata bem porém não alisa muito ,2018-08-11 00:00:00,2018-08-11 17:32:47
a195c85d040795ce4b1d6187065e7ea6,ae20f5a9812b11c76007a2c389285486,4,,,2018-08-15 00:00:00,2018-08-16 09:25:35
4e37a5c9efac692cbde959779231ce40,85cfaced617bb14d7aa5eeacad8c6ee4,5,,,2018-08-19 00:00:00,2018-08-21 23:53:05
358a8cacda1d23cfd05731e6b7066ada,e5417e5e64916eebb4159888b02469c1,5,,,2018-08-15 00:00:00,2018-08-17 00:22:22
861bcdf922d5b4fe90b8a0c990aaaddd,28bfa0968ea8dceb17513700ddfc0745,3,,,2018-08-07 00:00:00,2018-08-11 00:59:03
7a45a006224573d30252577c9ead8209,f05b87cae9d521c780bc3dfc281ca892,1,,,2018-08-26 00:00:00,2018-08-26 03:50:39
2a83301d69c0ab9e9f5aaaed0b50aee4,da29ecf90246ba3404fab5ad9febafac,5,,Muitooo bom o produto...gostei ,2018-08-09 00:00:00,2018-08-10 01:42:50
b2ca89b3e2c992fe4914985463c6b3a2,7ab8357ecb12f6b03ee66996c0250c6d,1,Produto Usado,"Tablet chegou com a tela toda arranhada, todo zuado, um monte de aplicativos baixados. Comprei novo veio usado. Já solicitei devolução estou aguardando ",2018-08-14 00:00:00,2018-08-14 23:29:58
a071c652f613fd725cff4ccf6f2f3ca9,201183426051cfc62c56f2414b2480e3,1,Não recomendo,"Não existe pós venda, é impossível saber o status da compra. péssimo vendedor.",2018-08-09 00:00:00,2018-08-09 16:19:05
5b0efc353aac4a4d70d5535cfb17e10a,63c3ce671d34493be2e342ac33a8249f,3,Manete ,Recomendo,2018-08-14 00:00:00,2018-08-14 22:43:42
71fc15cebdbb8537880b8046456e6c8e,1722f4de186ebcdb68411641263f6ae2,5,,Recomendo ,2018-08-12 00:00:00,2018-08-13 02:13:03
d21fd2784d582c5c499949b8bc6c1741,2591f6277be80b0c25627c745ec900c4,1,Paguei e não recebi ,Essa loja nunca mais,2018-08-16 00:00:00,2018-08-17 10:58:28
654bd26a5de3c29468babd4d3e4fb4fd,a6ae47718cbf5663cae29d4ed03ba272,5,,,2018-08-11 00:00:00,2018-08-12 01:59:31
cff756d29068cc24b1531320b49854e1,1a5e8ff5b36ddd03ce826651c129a760,5,,,2018-08-17 00:00:00,2018-08-17 21:18:06
c916eb912d982584e90cba98d9dee71a,7e2f198c10c1ac5ad206ebcdb1f18861,1,Preciso que faça estorno ,Preciso que faça estorno. O produto veio cheiro de queimado e não funciona ,2018-08-12 00:00:00,2018-08-14 20:44:14
f0ca464dee61e1445a79812c9159aece,9bbaeca96f9c4a3be4aa32aefcd1cd11,3,,,2018-08-16 00:00:00,2018-08-16 17:56:46
937804d7a75c25090020af23e32afe48,a4fa719430167664811c30680941ec40,5,,,2018-08-17 00:00:00,2018-08-19 23:17:40
e5417d4fc880f9ad80d614b3d914a56f,51d33e03b53c86c11bb49dac397b1a46,5,super recomendo,Recebi meu produto no prazo e recomendo essa loja.,2018-08-16 00:00:00,2018-09-06 01:39:56
c598947b5a794839306c37a2b67e40b6,2e203d616e144d45fd13e47098343406,2,Ruim,"Fiz a compra dia 06/08 /2018 não no dia 16/08, era pra ter cido do entregue dia 15/08 . Estou apressada pelo produto pois já estou prestes a dar a luz. Estou na espera.
",2018-08-17 00:00:00,2018-08-17 17:01:16
2676143568239a5e072bfa8a90473742,ef13107bb93c2e7cd4509174a883022b,5,Top,Rápido e de qualidade,2018-08-22 00:00:00,2018-08-22 23:08:00
7cb17e979e458b0b5b4215812b3b6a64,2f745f754793012b39e7806795178857,4,,,2018-08-10 00:00:00,2018-08-10 20:48:51
69afe234c4459b389e66ae9539d98182,b876459be8cda353e0830b7ce970e067,1,Difícil avaliar ,Fica difícil avAliar se ainda não recebi o produto ,2018-08-18 00:00:00,2018-08-18 03:41:22
f6362b9da08c0cb3093dd517f5217e39,7b1ade884cd7da23e0f853fd00807d38,5,Avaliação do vendedor,,2018-08-15 00:00:00,2018-08-16 09:54:49
1fd9390b619f60d70e7e4ad928e2eb54,9858c41d96443ebb71329d305f62302d,4,,,2018-08-15 00:00:00,2018-08-16 01:18:13
f00ecdb85ad7a030c989b77614b9b9f4,4fab03676c2144ed35264324eef0ea12,5,,,2018-08-10 00:00:00,2018-08-13 17:38:16
188f213aa222f8bc313a0191b401e095,b80f903f7c03f3e14f467161e1535627,1,,,2018-08-24 00:00:00,2018-08-25 14:40:01
926f061303dc7cd2844fbd0c034df1e0,9d6ebf13c4103f0a747d86c3c93f7af5,5,,,2018-08-23 00:00:00,2018-08-27 01:40:07
0ae6b9f0a26a4300075e146a1dd38516,00ad1a02d4d9decad15c7e8f8a9470cc,2,,Frete muito lento! ,2018-08-18 00:00:00,2018-08-19 17:11:48
c4e391c3cafc63b615bb1485a73ea277,ad005b5bdc8ec1f3085f0967211207d1,5,,,2018-08-09 00:00:00,2018-08-10 09:12:20
bfe38db9ef7a38ee6aa3dfc1e8c664e6,10a8ab52ea001eb59beb9c0f97d72eab,1,PRODUTO NÃO RECEBIDO ,O produto não foi recebido além de não ter recebido nenhuma notificação do vendedor sobre a não entrega.,2018-08-18 00:00:00,2018-08-18 16:50:30
bdf7a9c7e5934f285976594d368ef0dc,9c3225a3efe9fb83ea06492acb99d42c,1,,,2018-08-25 00:00:00,2018-08-25 08:45:15
f22a4b7388b07af1fe63d0f321ecb386,48483d781181b0424eb4d9729ce4ccca,5,,,2018-08-14 00:00:00,2018-08-16 19:00:21
28fe1864fff565cc06dbc26686b37539,81d183ca30a0f0ced737aed18b2ed9de,5,,Entrega super rápido! ,2018-08-11 00:00:00,2018-08-12 02:39:48
66639d36cb02f79bcf02b426417d10aa,29bd235b1e0eee8c72af9375033b5f8c,5,,,2018-08-28 00:00:00,2018-08-28 16:17:53
ebb2b8d1c0d3968473ac4303fd767bbb,b59dd1cfaae00761d5a3b6749e874c80,3,,,2018-08-11 00:00:00,2018-08-13 19:23:24
2db6613ca209b8617f12a2ad3ab0cfe7,f6cee891046f7eebf9019207ccb705e8,4,,Faltou a ventosa e resistência.,2018-08-15 00:00:00,2018-08-16 01:28:28
3d36830d26cb7d8849bbfe785cf37aea,f97da0a16b75363e98debcd65fe1253a,5,Excelente,Otimo atendimento,2018-08-15 00:00:00,2018-08-16 22:11:40
22aa28532bc6a5c69aa6cd70b495c642,45f470a790aede4d492919f4df65b123,5,,,2018-08-21 00:00:00,2018-08-22 02:13:56
e5b7c632962c91d5e40d1ba3e5952898,1b3308992abe10ed7ce26077dce05e8e,5,Super recomendo,"lannister como sempre, melhor preço
Entrega rápida!",2018-08-15 00:00:00,2018-08-16 18:07:55
07f0a588033ee847b200054c4a05f7cf,d30daca327cb882c3ccccced457f69f8,5,Super recomendo,Material recebido dentro da data prevista.,2018-08-18 00:00:00,2018-08-18 23:06:26
3bfc088039eef570be01fa50e6b300b5,4f5db1138694f3bc0bfdbb113f4f83ec,5,,,2018-08-11 00:00:00,2018-08-13 17:50:14
b16f8ba8d2a8677c090ae8f36d095db1,335874150963b28de5e55b480495739e,1,Cade o produto? ,Eu nao recebi ainda,2018-08-22 00:00:00,2018-08-23 12:49:27
a13383998f64da079d78590e02fb3ed7,e391abb7236a94efed4fc9ac3b2d4b32,5,recomendo,Excelente agilidade na entrega!,2018-08-11 00:00:00,2018-08-12 01:26:29
529cf9c64b1583df04d6ec10bdce83fb,9bcb423a861c6d643c7ce87c0cf4c7c1,5,,,2018-08-17 00:00:00,2018-08-20 16:15:44
6d6f27f33732e4031e92f47fa362902b,53e2d02e35bbcf2deb23911e2d791dbb,1,Está faltando uma cadeira,"Não recomendo, além da demora para entregar, chegou apenas uma cadeira, sendo que foi paga 2. 
Gostaria de saber, se posso abrir um processo, ou irão enviar a outra cadeira?",2018-08-31 00:00:00,2018-08-31 20:09:27
feda1bbf42c7349954f1d9530bcbb83e,968f909d3fba4660b8936a2d6041a917,5,Excelente ,Chegou antes do prazo! Excelente! ,2018-08-14 00:00:00,2018-08-15 00:43:58
35d2d424bb28846752cdcb767a7e175d,0ea5fe4904bdca87f8cc726a5bb5d768,5,,,2018-08-10 00:00:00,2018-08-11 00:06:06
4d688e0bd642ef9637f35fe41475b781,5fec03fce725fff481779aff4be805d8,3,Sob análise,"Comprei 3 produtos e só recebi um.
Não recebi nenhum contato da empresa para falar sobre a falta dos outros 2 produtos; se vou receber, ou não.",2018-08-11 00:00:00,2018-08-16 13:39:30
ad065a15e2061dec97f086bbd87b4cd9,5d4a1a39a8e54051757df8e8f570c8bd,4,,,2018-08-11 00:00:00,2018-08-20 14:51:20
286c1b4ddca3585545251591f7fbf831,98a6c523ea54e65d9320d388708b49d3,5,,Produto bom de ótima jogabilidade pessoal muita rápido na entrega ,2018-08-17 00:00:00,2018-08-20 09:41:45
2cef69fdd18122137632f14c8934b18f,25f43575fa101103e2246a97e03fb705,5,,,2018-08-15 00:00:00,2018-08-16 13:45:20
cbffd84f7a73a63423400ba8ce7349b6,7fc033af2ece8187b358f40d43a6b6e3,5,Conforme o esperado! ,"Só tenho agradecer pela seriedade da loja, de ter enviado logo o produto, bem embalado e protegido. Grato. ",2018-08-16 00:00:00,2018-08-16 23:58:22
f2d00b0331c63cb6b4f4145a96f4a1bd,e28a6e3aa7a161c1681ff579233321b8,5,Relogio ,Relogio muito bonito e otima qualidade ,2018-08-10 00:00:00,2018-08-12 21:05:29
97c77bc72e44b55352620ab35348e1da,d591fe8e95691bbffc5f4f2478bb3a7c,5,,,2018-08-09 00:00:00,2018-08-09 23:33:00
e3cc9e3a6e28a2bc01f18a09306553a8,3300cd5468b45a06dd47487a0d936212,5,,,2018-08-10 00:00:00,2018-08-11 13:03:59
fd173898a39bd7921a92b24556a6895c,d3920d21fca6f163bb21d3fbf37270a7,5,,,2018-08-11 00:00:00,2018-08-12 02:01:20
0f02cf4f51492d32833f9030467a884c,5640d8d8b0a6c23956f12c8dedfef8e3,5,,,2018-08-14 00:00:00,2018-08-14 21:56:36
c5a65c97b8ae6b86c640066e37a93269,90583aeed06ff85179fe55dc956ce115,5,super recomendo,,2018-08-15 00:00:00,2018-08-15 23:48:58
1c79eddd66efad6aa2c3e2866c84f9e9,ba8725726da21140bbe12319d7369d39,5,Rápido na entrega ,Gostei muito é chegou o que eu esperava ,2018-08-15 00:00:00,2018-08-18 19:53:25
7a21a8ad1b61c1f890c356ba939c0836,381cb353cd30a73a5e49e5f42e583c43,4,,,2018-08-21 00:00:00,2018-08-22 11:49:53
fbe97415cce882df2a3b794c103f88a7,a59d7b222600db38a7e511fd9499719a,5,,,2018-08-15 00:00:00,2018-08-17 22:53:11
c622293d5baafe56db00fa9ab45918dc,3142b77fc8c5d3b848943f5727c3901a,4,,,2018-08-11 00:00:00,2018-08-18 23:42:17
32c0dd2353da4bf093ac4bf51fde0c82,19b37f1efa2ddaf265496e78e245c19a,5,Recomendo,"Estes produtos são excelentes!!
sensacionais.",2018-08-17 00:00:00,2018-09-02 06:19:01
3c312d7d2a740bce1ecd028e1ca8ec9d,d077407f0f6dccff3bb4224b3aaec82d,5,,,2018-08-07 00:00:00,2018-08-09 21:33:29
0d9770bd211f24e77454717efc13d6bc,649b01370e30b79f0df619bf8ebc9201,1,Não Recebi o produto. ,"Não posso avaliar porque NÃO RECEBI O PRODUTO.
GOSTARIA DE SABER PRA QUEM FOI ENTREGUE SE EU MORO SOZINHA?
Aguardo solução para o problema.",2018-08-10 00:00:00,2018-08-12 23:20:09
e3a6d06d8607004e5d9e717ad2571ac2,0339ed6316da69c73459e191c10ff6ac,5,,,2018-08-10 00:00:00,2018-08-11 02:22:48
74b6d82879339e6a927e5275cec56e02,f963c329c770720f168067c84761f221,5,Linda,"A BÍBLIA é linda, muito satisfeita! O produto chegou antes do prazo ",2018-08-07 00:00:00,2018-08-07 19:15:30
4d02c904492493508f3559766ca2b87d,fa2b7f457f0624bb344dc3023f557d7e,5,,"Entregue antes do prazo, tudo certo.",2018-08-10 00:00:00,2018-08-10 17:04:37
909918688ac8cf5b6c252ee8756a17ac,dc54f7ab58e8feced89cf7f0bb97fc77,5,,,2018-08-11 00:00:00,2018-08-13 10:55:54
cbf3ba1e22efa8dd135eda11ceff852a,a9cd6a8565b10d36007e7a68f48af097,2,,ainda não recebi o produto.,2018-08-12 00:00:00,2018-08-14 10:19:37
54b516c8fd6716e900cd067453c66e6c,9d138733c51598bbcd3ea81678facf91,5,,,2018-08-14 00:00:00,2018-08-14 19:45:34
925ad67dd3b74050968e851081e6fd03,a5ce51395d295fe2c816182f79c81866,5,Maravilhosa,Estão Todos de Parabéns. ,2018-08-12 00:00:00,2018-08-15 15:58:11
ec587f7aa0a74d7c6de7abb1536a1b09,4fc1fb51c00a593d698708ba797bf73c,5,,Pruduto de ótima qualidade . Foi entregue dentro prazo,2018-08-23 00:00:00,2018-08-24 08:36:32
3e1d5d2bc8bf5a5276b3be0104abd413,4bd13580e951063d19e99e60bc4d1492,2,Produto faltante ,Só me enviou um produto de dois comprados no mesmo pedido ...,2018-08-07 00:00:00,2018-08-07 22:36:29
67e9cf9bb9d91aca825a8d7cba840259,e71957268efa9cb98b393a6851836014,5,,,2018-08-12 00:00:00,2018-08-14 18:50:04
8e25a803e07129cb18537d51d539aebb,c97e64988f3d2b091838bb2815fc246b,5,,,2018-08-07 00:00:00,2018-08-14 16:37:33
6399bafa5a0e48f6e4b9bfa8a78962c0,0a7ef385ee9080d0edef043521ec3114,2,produto diferente da foto,"Gostei do relógio, porém a foto que esta ai não é nada igual ao que vem.
Não recomendo.",2018-08-17 00:00:00,2018-08-20 02:38:08
b32dbea2b9bb3402cf9878f16fa9636b,8003335035c9770dd19bb3906577ae60,5,,"Muito bom!!!
Fiquei espantado com a rapidez",2018-08-11 00:00:00,2018-08-13 19:53:18
a0b6553aa643e1781e0aa4ac0380440a,2fd30a0079e9100628c92bb583ff56ec,5,,,2018-08-15 00:00:00,2018-08-16 12:05:12
cdfd642a991f9a54bf46efe28d9bc3a2,c85dd5c7536e1f5767943db786f80a7d,2,regular,comprei por engano pois achei que era á cama motessoriana no anúncio dava para entender que era uma cama sendo assim peço que seja atendido á minha solicitação da devolução pois esse produto não será,2018-08-10 00:00:00,2018-08-11 11:21:54
ab6a0b60d4e9f228d27b04e6d8bfdc77,07f770114a6de1a65f865bf22d8bb20a,4,,,2018-08-10 00:00:00,2018-08-15 22:52:16
4c273a7f6770a2dce151ce44443b89cd,64669840d01cf19228dbb0bcecfc638e,5,,,2018-08-11 00:00:00,2018-08-12 22:03:30
ec49e561c1700580b4b63f705ce28b3d,3fc0be2b864e9efc63373bcbafbb16ea,5,10,cumpre o prazo e o produto chegou corretamente.,2018-08-09 00:00:00,2018-08-13 11:55:14
c21e2ddc5453c186ab8e2fc47a1d3292,3683eb727daa8e1c605aeabd87b02445,4,,,2018-08-17 00:00:00,2018-08-19 17:54:25
527696d75047679802481dd90ee02984,f4f88d0fded20ff7a60fb80ccdd533d2,3,,,2018-08-21 00:00:00,2018-08-22 16:58:13
a56a3b99f43ed1fced8caa100070ea10,2542fe494d4b37b79ed85377e12c53a6,5,,,2018-08-16 00:00:00,2018-08-18 17:09:33
a872da2d54961fb80a1192cc347f270e,43cc7aac762dbd5d93a8354a946d85d9,4,Gostei.,Entrega antes do prazo panelas são bonitas porém a frigideira veio amassada.,2018-08-11 00:00:00,2018-08-13 13:39:17
ef5768b20e08efe5e3ccf46eac736022,3becf59664a588ac335a36f2a08e2d2b,4,Flavia,"Produto bom, entrega precisa!",2018-08-09 00:00:00,2018-08-10 00:58:04
f5852a6f42736470078ee38720a7849f,405b7a0bffb459dbc7646665024a2665,5,,Super recomendo,2018-08-17 00:00:00,2018-08-19 23:41:47
e51931a9b766fae65a3c423017bac64e,75c3991c985f0ad3e6c3b9ae67f16b76,4,,,2018-08-11 00:00:00,2018-08-12 09:57:40
5331f7c74c4ba1e858bbb11ba31d604b,c30a47a0dddaa5e8b49d103368bcca27,5,,,2018-08-11 00:00:00,2018-08-11 23:14:34
d70bceb376205914be31d3078474c0a8,915e61444d403c1c57fa206962c3e60f,5,,,2018-08-14 00:00:00,2018-08-15 02:36:15
d952cc49e49ac458161c817862380e34,bbac13f5b68d5b86c46f0a89a014b5e5,5,,,2018-08-18 00:00:00,2018-08-21 10:30:03
9cabf4c2a8aa4f97869544e1ab51679e,1d9c55c6ee885e00633510da321b569f,5,,,2018-08-09 00:00:00,2018-08-09 20:57:42
d82f08acedc9e9f1e4081de9f8d44e98,857abe904c90d0275b09c225b87d7f8d,4,,,2018-08-17 00:00:00,2018-08-20 09:54:23
b0524ce3e5ebd78d81a36c116255d70e,9ec8075dfc41a4b32e00cdac5dcca698,5,,,2018-08-15 00:00:00,2018-08-18 04:28:38
84f9204184c9f3a2eb9c520feac49c9d,aabd0a7ecf741520be60dc59fc6002ee,5,Prazo atendido.,"Tudo Ok, loja de confiança.",2018-08-10 00:00:00,2018-08-10 23:10:08
dba2362aa7d3b3d5b03fef26f158551e,2b201a0bd7f6b90ccfe1b70c2124d631,5,recomendo,"Entrega muito rápida, bem antes do estimado e realmente o que estava demonstrando no site. Muito bom. Excelente tamanho, cor e qualidade.",2018-08-08 00:00:00,2018-08-09 12:18:17
335a6e4327b9dadf4dd04c78efec578d,60f6dd1c9030b6132080d65599736d7f,5,Ótima ,,2018-08-11 00:00:00,2018-08-12 03:09:44
bb9ff8dfcabcacedf0670d75215eac7f,e1498c730a641e84a12251fb544db234,5,,,2018-08-21 00:00:00,2018-08-22 10:58:34
7c729bc3828f5baf702d79b310c636d0,a8fff3e04abf1de340f6a42662daa292,5,,,2018-08-21 00:00:00,2018-08-24 09:51:25
8eb5000a7d3b91685e234b5d15dedda0,3924ecb5e299e5fb70a6f38e34aa4c1a,5,Satisfeito,"Produto de qualidade conforme anunciado, entrega antes do combinado.",2018-08-14 00:00:00,2018-08-14 20:09:30
6e65532499c71ed387930b292d332cd0,b67c374fb9fdcc4009a0ab62b4525632,5,Recomendo,Produto bom já usei e no momento superou as expectativas.,2018-08-11 00:00:00,2018-08-13 12:08:44
5fd0254ca85d2929f1e7649d2be553f2,d85ce9b0e10e08627fdc72bedcf4cde3,5,Adorei!!!,"Produto com ótimo acabamento,superou minhas expectativas.Eu recomendo!.",2018-08-14 00:00:00,2018-08-14 23:19:14
15c863b6dc692a2006645a8970377abe,a1b442b97cb70e7207abe3f32a01e3d0,5,,"Adorei, meu produto chegou antes do prazo indicado, estou satisfeita e recomendo",2018-08-04 00:00:00,2018-08-06 22:26:27
940035ce9b8c19fe19956b04e6aba35b,df75241689bd24e168f5796f7d7fc115,1,,,2018-08-09 00:00:00,2018-08-09 20:09:52
9dbc11453a036a52d84b482a8c85ef01,b40ee43d69ef05a0fcd620401e329efc,4,,,2018-08-04 00:00:00,2018-08-08 23:49:49
774a50be4ef930e6ca8352baa5d89fb7,7d941bda521698c6df74824010ddcb36,5,,,2018-08-05 00:00:00,2018-08-06 14:17:12
bc2f3d8c853e6323b913655002b17a9b,91e573f4d0f3c29490414ff2f58a423c,5,,,2018-08-08 00:00:00,2018-08-08 23:04:24
130bfefd8fc5f493ff8fddcdba97b074,fbee188f61534261ec8009aca20859f9,5,,,2018-08-09 00:00:00,2018-08-10 01:10:20
37dddf2d45d45bbd66790dabc9efa71e,c98f20eb107a235a15b60b2b5de731da,5,Excelente,Tudo ótimo,2018-08-18 00:00:00,2018-08-20 10:42:50
21fc0df5923ea8fa2a9a6846f816beb8,e72f85f6fe5543d0e70e5ffc67976643,5,TOP,"Cadeiras top, fácil instalação dos pés... não tem o que falar curti bastante.",2018-08-09 00:00:00,2018-08-10 12:54:30
9dc3f89c8f5172b157cc41cb4b2b4f6f,d115642fba3060e4082472bb2801b111,1,,ainda não recebi o produto???????,2018-08-15 00:00:00,2018-08-17 09:30:27
49d14fe08981f80fae252c0743609c53,12212c72d1bc207ff5bb823d711dbe88,5,Perfeito,"Sempre compro nas lojas Américanas e até agora não mim arrependi.
Recomendo sempre.",2018-08-11 00:00:00,2018-08-13 19:45:37
4a143c35062fe4db38ba3e4136d27fb7,a57f69a30b656e82f1c0a04f0f644e34,5,,,2018-08-10 00:00:00,2018-08-12 13:26:32
8094797660b57a0099a766bb217303ae,0436c197b0ba8265af9fa94b7f444866,1,"Consta que chegou, mas na",CONSTA QUE FOI ENTREGUE MAS NÃO CHEGOU NADA,2018-08-17 00:00:00,2018-08-20 18:28:27
6f097da2df631912ca01ca919164d122,8cfa7a16b03f825c01508778166f12f1,5,,,2018-08-06 00:00:00,2018-08-07 10:28:21
efef69cf2664452347ea5a719d9e2df4,7d0bb97fefe21572745b2bbaa3b4ce76,5,,,2018-08-11 00:00:00,2018-08-12 00:37:52
b17ffaf551027bafe85b7fe25ad2efa6,4f16d07441ebb275f11b0c403433a20b,5,Lindos,"Os quadros são lindos, vieram muito bem embalados e chegaram super rápido. ",2018-08-07 00:00:00,2018-08-10 15:13:41
8f16df8224a5fa4f1cc1c5e6018d680c,5b9e9502eca103a28ea22a94c65e3950,1,,Até agora não recebi o produto já passou 4 dias da data da entrega ,2018-08-22 00:00:00,2018-08-23 16:07:43
7cef106f6b24c1e51f5a74114f8b6c79,9bc4a96e4a1d676280d0f8ead78ceadf,5,"EXCELENTE,RECOMENDO",otima.,2018-08-11 00:00:00,2018-08-12 06:18:53
78c58d4a6cc2e756b43e6ea1ff6c6229,55818ca5e8e590285938c49fccd72eef,5,Super recomendo,"Entrega rápida, bom atendimento e produto de qualidade",2018-08-14 00:00:00,2018-08-14 18:55:25
a4f50050d7fd021c03da8e7d50f412dd,49f0e82d2c3c46134f551799b3990bf9,5,,,2018-08-10 00:00:00,2018-08-12 22:30:48
b2f44692a53cfd5912f21fd4204b6c95,debac352e54823e317babc2b6182b188,4,,,2018-08-09 00:00:00,2018-08-11 14:31:18
b6725ed60daeca0627149dc9537644d1,9edb1acec4ceb154e425aa9248286f7e,5,Ótima qualidade,Rede muito boa e resistente,2018-08-14 00:00:00,2018-08-15 00:22:51
4b6d8173b31fd14c1c4b826973c31568,8b030516b5067d6a711fad2df0bab663,4,,,2018-08-22 00:00:00,2018-08-25 00:07:36
e5165a20b6e6fce0ee6d94ac91a92798,f14111b697a9152a18836775aa24ddad,5,,,2018-08-14 00:00:00,2018-08-28 14:36:01
85e2af4a10986f6fe1cc91f4362ba4d7,edbba0310d0feea21acbde68a48a5613,5,,,2018-08-18 00:00:00,2018-08-19 12:07:30
da8b12656fef1cdf584b686e5085ef6d,0f9807b737e645eaa107418a88f30fd6,5,,,2018-08-14 00:00:00,2018-08-16 18:17:28
b82937dda7f93ff05e4e1bf16da0e1e9,fe060c64faf15963690f95b750ec2301,4,,,2018-08-23 00:00:00,2018-08-23 20:57:36
61d13f4092904eaaaa7085f3997faba2,995b5da66f9cd51fa907e9a10e91054b,2,,"Estou tentando efetivar a solicitação de troca no site, mas sempre aparece mensagem de sistema indisponível. Produto veio com a cor errada.",2018-08-17 00:00:00,2018-08-18 00:43:49
c1d19e7d277bd8e3da980d7e13936331,4d670725075298192ec296c1aa5f6eab,5,Ótima ,"Adorei o produto, e foi entregue bem antes da data marcada.",2018-08-25 00:00:00,2018-08-25 20:29:50
d8ed7181ac57f3fbf865967fa6b348ef,537690295b4d85739ba8cbf72ece30b6,5,,,2018-08-12 00:00:00,2018-08-13 00:24:19
4d8008025373ec373670e11a52c1e358,95c704fb2ac70f398a019de67a705ae8,5,,,2018-08-12 00:00:00,2018-08-15 00:07:00
df3d45d78a476d173ca824f406fba540,255f9f53c24c0cf657d03d7a4b67c1d6,4,,,2018-08-14 00:00:00,2018-08-15 15:14:26
00d94c2f30e0ffaf2753319fc02c94a4,fef42a935645baebe981cf96008dbb1a,5,10,Já conhecia o produto,2018-08-07 00:00:00,2018-08-08 12:13:16
2211b6c7a61c868164cbac342338de1e,cdf746aa8492ace4e8785a606adf00f4,4,,Vieram peças incompatíveis com o tamanho do acabamento do teto para a instalação. Tive que me virar para conseguir instalar.,2018-08-29 00:00:00,2018-08-30 01:48:16
c02468a6a0192a529a45d2e50cb52f6a,ec99cf3ef9a84993f1e55aa4fc615c42,1,Esperando,"Estou aguardando a dupla de quadros, pois so foram entregues as cortinas!! Apos receber, altero minha avaliação!!!",2018-08-18 00:00:00,2018-08-19 11:28:35
47c46e926980f961bdd8d1f1107c4384,f46e4c3b10d88caacf23b8ee4d674d7e,5,excelente,,2018-08-10 00:00:00,2018-08-16 16:02:44
0ec8b372ce3ecf81de78bce5ff296c8b,c0d68ca2e27d53c566c02dc89021ee76,5,,,2018-08-10 00:00:00,2018-08-10 23:12:36
2cf8ef25ce0f9decd89b8df297366fd4,8b5bc96af9b784e1819b28162f0ffffc,4,,,2018-08-14 00:00:00,2018-08-18 10:51:37
a3b77096f9d64db10491fe2cac022449,4cbe925cfb272323db0ca38c5dcd6e6d,3,,,2018-08-15 00:00:00,2018-08-15 12:47:50
ca8cc2f8d7d8be9970d04eb462ffc6de,2b40731966a5ce118fc7ca8b1cac993e,5,,,2018-08-11 00:00:00,2018-08-13 12:45:32
6645a57c259c300a9cf43f701e0b74cd,49de2042facc292abd730e3dc6c0a75a,5,,,2018-08-14 00:00:00,2018-08-14 22:51:34
23353e5d2e1e1f29b7e04867668fe679,e55fa3385fa77f6be6a0041c5daf2fb6,1,,,2018-08-11 00:00:00,2018-08-14 08:03:24
e4d9e5b4e0309bf5a88b7d92033b3937,fc174f22ce400b79551344335ef7d9d9,5,,,2018-08-16 00:00:00,2018-08-20 12:39:29
7a73aeab035dd8217755e59d56d7b76e,d6b2cc5d981e25c858336cad7bde6e06,5,produto ótimo recomendo,Ótimo...,2018-08-22 00:00:00,2018-08-23 15:18:55
27a7db9c500f6f26fecf128c7ef92fa9,138231385802e09f83a82cf35bc5f4aa,5,,,2018-08-17 00:00:00,2018-08-17 19:14:56
7c2234d404b12b83ecca18b47bf56d29,9a50f016b349f16c4b2e42a4be02d1c3,5,,,2018-08-11 00:00:00,2018-08-14 01:56:21
9c16d321d03cdd6baabec119323b4dfc,75e659c8ca6e2872f6d35430337e5dc6,5,Ótimo atendimento,"Gostaria de saber como deixar visível a hora. Leva apenas 5 segundos no visor ao apertarmos o botão. Tem como fazer isso ? Posso colocar em 24 horas ? Como acertar a hora, se adiantar ou atrasar ?",2018-08-12 00:00:00,2018-08-12 21:52:38
eeff034df4f8096ba692c63d6945946a,873c916c2bff3ea61a59f7bf7f0879c2,1,Tablet,Recebi o produto usado estou tentando trocar porém sem êxito.,2018-08-15 00:00:00,2018-08-19 20:38:42
cb7c8dd01e9ecc660f0250f8593fa83f,9057b899f36887819dff05586e5d11e1,5,,,2018-08-14 00:00:00,2018-08-16 23:02:18
60fbd613e6573b559c94a5c6c85b2905,54766753b06221dcdc0b0d27db25cc10,4,,,2018-08-15 00:00:00,2018-08-16 09:34:54
c4bc11d45c181de6ef39f4153eadf019,07d3edf3fa2d24ebc102315c95ec89f4,4,recomendado,produto bom e entrega no prazo.,2018-08-09 00:00:00,2018-08-13 12:04:17
910d61db30be43e9b33ed8305fcad0dc,0b52695e8c759b22075c6937089c4158,5,,Produto como na foto em perfeito estado e entregue antes do prazo não tive nenhum problema ,2018-08-08 00:00:00,2018-08-09 01:55:01
967105bbfebcd9101ec6c5442dc5866d,0725532304d0cfa92301860fe3075a28,4,recomendo,,2018-08-09 00:00:00,2018-08-10 16:55:55
14daa02b4712c130475a6fd2d7a24df2,ef7c5d4791639dc1862b7bb3bacb3d48,5,satisfeita,,2018-08-14 00:00:00,2018-08-15 13:34:13
c04f014737030c452713c078e9156de6,ff3555a6834ab7c343f8b67157dfdd07,3,,Os dois fones vieram com defeito. Um dos lados não funciona.,2018-08-11 00:00:00,2018-08-15 00:22:17
cf60ec7a6e6f91d8037e3400562d358f,95a73758f9a0f238d54fbdcc11617ee4,5,,,2018-08-07 00:00:00,2018-08-10 03:08:32
ee5c32082c60989722a2357c1d2812b6,e7f4523b6b3d8e132da47b94e7b09235,5,Ótimo extensor de lápis,Produto de excelente qualidade.,2018-08-15 00:00:00,2018-08-15 18:22:35
895682b1b016f82f3ec00d2fe12a0b68,78e790c1defefa3d8515bebfca7315b2,5,,,2018-08-15 00:00:00,2018-08-17 18:07:14
dd0f661cd90ff01fc33c3610468394f3,12dc316f04369335263005a3f304d101,4,,,2018-08-15 00:00:00,2018-08-16 03:25:35
bbe2de29361d496f4b96ac69cd5ceaf3,370d5b41dfcdc96d0edb780967153d4e,5,,,2018-08-16 00:00:00,2018-08-16 21:16:04
348c75c9233095268e727196479e89b7,b2899a43c8dc465bf845340ea77aef50,2,,,2018-08-16 00:00:00,2018-08-17 00:33:30
053276cf451937065e640bb4aa8ee5e2,943f6c7b262e40ec0526ff87156fb401,5,Gostei,Só q ao pedir não sabia q o produto era grande demais para minh,2018-08-21 00:00:00,2018-08-21 20:31:37
285f589c2ed58c4d7d1cc73b2299addc,64994605d8b781cada123b1d5c06d637,5,,,2018-08-17 00:00:00,2018-08-21 11:54:55
5eaea38d05e6ac902677e4168b152473,c6fe39cb893dca9cdde3a0d2201cc7c0,1,Horrível ,Muito ruim!! Embalaram ele dobrado e por isso quando enche ele é difícil desamassar!! Péssimo... Estou insatisfeito com o produto... Desapontado. ,2018-08-11 00:00:00,2018-08-14 02:07:02
1ac0dc607b49384b153adb330e2ce89f,44bb5734f29017e33add235fbdf83b90,5,,,2018-08-17 00:00:00,2018-08-17 23:44:15
bf3851061be7ca78f29c373cc132d074,71ae442d46d1764c665ba4c9e3073864,1,ruim,"pedido efetuado e pago em 06/08/2018, e ainda não entregue",2018-08-24 00:00:00,2018-08-24 18:29:24
d7571afbf0e50bced611a2318c3d9961,7fefe32e6b0c87d855993ac5dc8dd951,4,Produto OK,Produto foi entregue antes do prazo e atendeu as expectativas conforme descricao do produto,2018-08-11 00:00:00,2018-08-15 21:44:50
ba4958b7bc4b5a45cbf56a3d40a4ca5c,7659908b7f0bf2c0381852a0102c54e8,5,Faca ,Ótimo produto e chegou em pouco tempo ,2018-08-14 00:00:00,2018-08-15 23:16:38
9e458589684a37279022a15d18f6b038,b0708857586f16e3ada17925950a87e5,5,,,2018-08-07 00:00:00,2018-08-07 23:36:28
ee32bbc3cd2dc0652a8c8519ec261f59,4b90912a086907b087947c385e8d13b1,1,péssimo,,2018-08-10 00:00:00,2018-08-13 11:09:31
69dd338f88a1312dc8b8a3258417b02e,02a3c3a1c72dbff557b2f56fc0caa847,5,Muito bom,"Chegou antes do prazo,bem embalado e como esperava",2018-08-14 00:00:00,2018-08-15 01:55:42
afbef7d05202865c6b8b3532514e90bf,1126e3a4ac41a7be5c3cc650d36ccc54,5,Super indico,"Super recomendo, chegou antes do prazo estimado.",2018-08-09 00:00:00,2018-08-11 22:40:38
483e6af89c5c4a3a978438c8fb7d6929,e89ced624c37029ad8e8e12f036a1a55,5,,,2018-08-09 00:00:00,2018-08-15 12:35:04
8bbea70248d37876d5038d3f6cc7f0e3,672dbfbd96238e4d07021fcdd9152b6c,5,,,2018-08-15 00:00:00,2018-08-16 00:21:46
ae38101a141edc78dae7c6813c06a7cc,c99f547e83c25761f4c58fd7f41cd337,5,,,2018-08-14 00:00:00,2018-08-14 21:20:44
5f3c150a3daf1211a15b2c54a25e129e,4d8660f18113eab64ba09d4eb4aa9ddf,5,,,2018-08-10 00:00:00,2018-08-12 00:07:34
dad135984dbb10cab96e096fd2a33536,c4ee82a6c0873cfdbe96e41596698248,5,,,2018-08-15 00:00:00,2018-08-17 13:38:08
d7f35ef68947276d3ace1f4f284a9d2d,fad1f2027ab155751ea0746b70f81921,3,,,2018-08-14 00:00:00,2018-08-15 03:20:09
55ee75737d958632f694aa4b51dc70dc,49873be3d163feec184f5afcaea61a47,5,,,2018-08-10 00:00:00,2018-08-20 11:19:48
386dcac26a21ea548869f22091d86437,43c19b4037a93e40cda474629cc40648,5,,,2018-08-09 00:00:00,2018-08-10 03:15:16
0b83ca2a96f664f3f14294fba60d2cf0,bfdc8cc8e1e3a146d1adb471208f0a72,5,,,2018-08-08 00:00:00,2018-08-08 17:10:57
d08b5a8b52f56acf9d172b407f544e4d,3a572776650593b33c1a7bb4e7f8f650,4,Atenção,"No computador ela parece maior, para quem que uma carteira mais compacta, vai gostar.
Eu gostei, mas achei que seria maior.",2018-08-10 00:00:00,2018-08-10 19:41:36
2a75d1c26ccf5e5e91664c16b028ed77,af9b2bc020f9e2e4baf46e08f5700e51,3,,,2018-08-11 00:00:00,2018-08-13 22:16:13
046b608d9f8cec16149abf7c4f27f900,d9df7ac84c310a46b85f5c2f50216bc1,5,Super recomendo otima,"Gostei do produto, o prazo foi exato e o preço ,muito bom.
Comparei sempre",2018-08-17 00:00:00,2018-08-20 01:08:35
49c2a0a22fe9df1d4856b8198cfcd1d1,6e4ee1e1cfdf990b9c37dd33df4b2bb5,5,,,2018-08-15 00:00:00,2018-08-15 20:39:20
b10623fc1e55ea09bab96a0336046d4d,a97a20383c7664aca72d666d1858be2a,1,Pior possível,"Comprei um coisa e recebi outra, já enviei e-mail e até agora ninguém entrou em contato comigo.",2018-08-16 00:00:00,2018-08-19 21:51:54
cc303b7df939f2737d29f1e47de9d030,9836847f32179c3ed12e8eb240440aa7,5,,,2018-08-29 00:00:00,2018-08-30 11:19:49
1f4447f25e476eed3408a14f940af7eb,1cc625f985bb32e5e4d51ebd1914c21e,5,,,2018-08-10 00:00:00,2018-08-11 00:04:15
819f36c6186e8b44a8cb528d96c59134,b319c42146aa1548b1e415a91dd13789,5,Ótimo ,Ótimo ,2018-08-16 00:00:00,2018-08-16 17:12:23
06b0e5703d6d052d201e23cfdab72fa5,9d18163cf9d35e24677b08a21030866d,5,Muito bom,,2018-08-11 00:00:00,2018-08-12 00:00:03
2104f309cc01b4e6b1b2858cf3fc3586,bd982aee32cd290fc0ecf05ec77c326b,1,,"Comprei o telefone com o prazo de entrega para três dias úteis, que daria dia 09/08, e até agora nem sinal do produto. stark precisa repensar esses parceiros com quem anda trabalhando. ",2018-08-11 00:00:00,2018-08-14 12:07:54
bbc0b1c5829620534d731d7f4dc8272b,6e53f3d94a384e3e000da1b6d43641ab,5,,,2018-08-10 00:00:00,2018-08-13 12:01:35
661146b49c3c0fa409709c9c8dd12334,d32d584f32319a9b013c05fd83400831,5,,"Muito bom e seguro
",2018-08-08 00:00:00,2018-08-08 23:25:41
638bd1169d6da5b5a4fb2269d01b59ea,4e19d5224178c861043985f3f63fed27,5,,,2018-08-10 00:00:00,2018-08-11 15:47:31
54226441484df6b782dcbf811611cbee,f848632484a14e56ee4ae609d013b95d,5,,,2018-08-17 00:00:00,2018-08-18 12:48:13
3dfdc9634ab5fa0f86e258efb41e85f5,c578368509858a65535ce3962ee21be3,5,Otimo,Gostei de comprar com vcs ,2018-08-10 00:00:00,2018-08-11 11:55:28
fbdf6fd82dd1af8d026926afb3db95b3,c4bd023ec3c8f99bdc3a817584217988,5,Super recomendo,"Parabéns para lannister.com, compra super tranquila.",2018-08-07 00:00:00,2018-08-08 10:57:36
725645c874004c10ba0f02ccc0175f73,c5db0e83090bb51a4e80f3b323bdd9aa,5,Prazo de entrega ,"Produto excelente
",2018-08-14 00:00:00,2018-08-15 13:22:22
bf71ed0751cc0400d55cdcb90940409d,83d0c85dbcc4f41c0608144b122c4034,5,,,2018-08-14 00:00:00,2018-08-14 19:12:25
78f69b58d6e32b0376dc06bda1b595ce,826781a83e7fab9989e0882180d2adc2,5,Recomendo ,,2018-08-11 00:00:00,2018-08-11 08:11:53
6055e17a58ede1adc08d1c381250a16a,a214ab5dc32ac17a484d2e0f95f8c90b,5,,,2018-08-10 00:00:00,2018-08-10 20:07:35
fe3f2dd098427376a1eea599f5757800,865eeebc1cf8c4134e81028fbf1b12b8,5,,,2018-08-10 00:00:00,2018-08-11 03:18:58
854a7212152b138278598c9e51e81eef,e2a0f7c30f5e78d97892b4140fdc0979,5,Bom de entrega.,"Ótimo vendedor, entrega muito antes do prazo combinado.",2018-08-22 00:00:00,2018-08-23 11:14:08
18922026f653eec8720baf3b49dd5c8b,c6e387c037a56bdb072d10c85f3f9fef,5,,,2018-08-15 00:00:00,2018-08-17 09:44:59
c83f3c16e7018b8bc584c377d7eba09a,fb2f2200a3b712539e9eb91ef5c7e1cf,5,Ótimo produto,,2018-08-08 00:00:00,2018-08-10 20:30:56
73c2522fb3d6cbdf34ca14c92a7bb085,d43df0b37313a8c9a453c321ce6084e5,5,,,2018-08-17 00:00:00,2018-08-18 16:42:36
d787027c38e137e29eea2ed51b2c5caa,e9e1c2a9c614341310b6e0b494941036,3,,,2018-08-14 00:00:00,2018-08-15 13:22:20
8495c08dab031374ca2dbf34534435ac,23538663b36489215fd49765baa4ba8f,5,Ótimo produto.,lannister Show,2018-08-17 00:00:00,2018-08-18 01:00:08
abe07c2789b20dc0770e9bb8b40d39b8,24f1803064ef788a570a74e04dc6663f,4,,,2018-08-07 00:00:00,2018-08-08 17:03:47
45e290c98f407e6c90a75d81fc14d005,91d95fd4dd24e83041031228370438b9,5,Segunda compra que faço!,"A capa aderiu bem no meu Redmi 4x, recomendo!",2018-08-15 00:00:00,2018-08-16 09:33:57
9e3c00ce94280a7d3a5790ce626b6b60,d1a6ee88427645deee3a642c9f27e39a,5,,,2018-08-07 00:00:00,2018-08-09 14:53:06
3e0e225a7d9c0b78abe2152ac84ddbba,cdbbf42ba3892a989ca5b644ee43db7f,3,,,2018-08-14 00:00:00,2018-08-14 22:00:23
a941716dd4e3153e9e74332e89224412,b2aac017e3d894267bf55fe86abb0dc6,5,Ótimo ,Ótimo produto e recomendo ,2018-08-14 00:00:00,2018-08-15 12:18:20
b8455dc2e1ae7988c132e89f4f5b390d,daa82801011a09e5047dca31d70b6be1,4,,,2018-08-22 00:00:00,2018-08-23 05:23:39
6675e1023ea09f5fd7508ead5a662ba6,8dc8685118410f97bea9569d280d64c4,5,Otimo,Produto de Boa qualidade!,2018-08-11 00:00:00,2018-08-14 09:34:52
b2af85b0d62056a9c28519f26d83ebd2,fb4c1eeef06c08acb4e63c9091ab5c6b,5,,,2018-08-16 00:00:00,2018-08-16 17:56:52
b685f6c22daadd60537a82a239cfdf08,f22d1b7a86950424a08a39c66fb46bfa,4,,,2018-08-25 00:00:00,2018-08-25 16:51:05
3f37f99c521cda5236bacefd081fb490,90e6c18b53175478f9663465aa3b6f6e,5,recomendo claro!!!!!,,2018-08-09 00:00:00,2018-08-15 15:37:44
8cdd20665d66c2403ffa95d5defa5360,e6c656a21310d32909eab8c157ccb639,5,,,2018-08-15 00:00:00,2018-08-18 18:24:41
5b16346ee3f996c1b90d132560e42e5c,dc05a07c0cc70e26e10e274313034ad3,5,Excelente custo benefício,"Excelente produto, entrega imediata e preço mt bom!!",2018-08-12 00:00:00,2018-08-15 05:02:58
b005f1c695ee41d53bbfe4210a07e77f,f9418673303e682d25b8e8a57bb7c4d8,5,Ótimo," Produto de qualidade que atende a todas as especificações descritas na descrição do mesmo.
 Entregue dentro do prazo sob ótimas condições.",2018-08-15 00:00:00,2018-08-16 17:51:28
052fa5728b27739afb1be6dfd235883f,dba5951df5e24339650c2552a565ad2c,5,,,2018-08-12 00:00:00,2018-08-12 19:06:35
bd183de5b8b0a163f5580897352760fc,1a018d08ae8c02d0106efe732d3e8a03,5,EXCELENTE!,Voltarei a comprar!,2018-08-16 00:00:00,2018-08-17 21:47:36
929900e1f5c555eb1d59f8fd8bd3d45a,6ca7be1c933db977fa6163dad70b0e07,5,,,2018-08-14 00:00:00,2018-08-14 21:37:33
0436a133738f4a3458afe451a151eb22,df5cc31d446df3719dde958e4f9dd5dc,4,,produto atingiu meu desejo. gostei da qualidade ,2018-08-15 00:00:00,2018-08-16 11:53:16
313e1e0b8cfa14495555c8256377398c,bcb83032ff3fe35a0f6df11c771069da,3,,,2018-08-10 00:00:00,2018-08-13 23:17:09
4305368300e501cd44693056d2242758,b39b424d0d3ee3397614f97926ed63b6,5,,,2018-08-15 00:00:00,2018-08-15 17:23:28
a82de5af3a8f1b995207eb931adfb90a,e78cb558fcb803bfa9fd0e4325bc94d4,5,Muito bom,Entrega no prazo,2018-08-11 00:00:00,2018-08-13 22:55:14
0047003d8db587826ba443ca6005f953,6728a6a592a63817d0ac211044efa702,5,,,2018-08-26 00:00:00,2018-08-29 19:11:50
7614571539059142995bcbe3ad5fd09a,bb2f21010cd5289802f3b79c1bcdface,5,,,2018-08-16 00:00:00,2018-08-17 12:45:12
732fd9fb8ca04c5e918c60a15b52be46,d8a38160525fa277b48b3502ad5ae5cf,5,,,2018-08-10 00:00:00,2018-08-13 12:07:19
c664f3718bbe3563fa5af68dc34c9e5e,e186fd488370885035932d8efab4212f,5,,,2018-08-09 00:00:00,2018-08-10 08:56:52
4683da4db2f4537b0bc2bee8169a0c00,ed5d7387a2587321c48d376aaea806d3,5,,,2018-08-14 00:00:00,2018-08-15 14:04:04
4a9a0ce68b704ee1c392db8911625e33,87bad43228f375c518a80fd2cdec8e17,5,sempre presente,competência comprovada,2018-08-09 00:00:00,2018-08-11 09:41:24
641158eb1e5d8355c3f862dc1f5db46f,a975a4d132e3cd7cb429e0deffc7cf8d,5,,,2018-08-11 00:00:00,2018-08-11 23:32:16
85e55fda26f3715d2b256bf85f896218,b4fb5424786d3482269edf0d0a02cdf8,5,,,2018-08-09 00:00:00,2018-08-10 01:38:39
e8308b28bae4d1e9730084b5a0adeb29,427d0f687214f83a79eb0b0d33d32d28,5,Nota mil ,"Eu sempre admirei a empresa de vocês sempre compro aí o caro é só o frete.
Um abraço ",2018-08-14 00:00:00,2018-08-29 21:49:33
5119af00b49d7db7d8e8394ae6e41b31,5fa163d53dbfa40c6363e9e47f6bb809,5,,,2018-08-10 00:00:00,2018-08-10 19:36:35
70949d129965fb1ee32aaccec720a19e,143d00a4f2dde4e0364ee1821577adb3,1,produto divergente,"modelo comprado: travesseiro memoria carinho BABY PILLOW / modelo entregue: travesseiro memoria carinho PRAM PILLOW.
Até o momento nenhum posicionamento do vender para a troca",2018-08-07 00:00:00,2018-08-08 11:53:04
b403dcb1f767324e95f86a0fcbb4b7d0,9b0608ab7dcbc73db0b62291f23c55bf,5,*******,"OBS: So fiquei na duvida, porque a embalagem nao é branca, e chegou na cor cinza?",2018-08-24 00:00:00,2018-08-25 01:02:41
b04d32b9eac63ebbc4348e9aa483032e,19eccdbcd24b02d1dd3953f04ed7699a,1,,"Paguei o frete e tive que retirar no correio , falta de respeito com o consumidor.",2018-08-21 00:00:00,2018-08-22 00:36:34
5fd656d183adc9d8c94788a29950e4fd,fb73306df41afb7ed9222b25f9ebdfb4,3,"por fora, está bem",Só vou saber a qualidade quando usar.,2018-08-26 00:00:00,2018-08-30 01:21:28
6621306ed0514d6e5eedf650e5428ffc,699c772093df6cd7b0a73ddac5132a93,5,,,2018-08-11 00:00:00,2018-08-15 00:25:31
4448100f266cfbf02b8ae7d269e0c5fb,da7b8d3f7de2b64a8d4f6d59b36159a7,5,,,2018-08-09 00:00:00,2018-08-09 21:34:07
23f7e04a31402fa92fa63f576f83f82b,bf17a7202282460d2e5bdb15bfc64373,3,,,2018-08-14 00:00:00,2018-08-19 20:07:00
f3f26ea61e514e716f6ab84ce4e8d8b1,02ef9aa8b6692c2ff049065f5a150c28,4,,,2018-08-08 00:00:00,2018-08-09 11:01:49
e7364ec0df267fc9cafe0c3fff7c9a77,b1cc959223d3beff53d4aeb97b8b6a8a,4,Bom relógio ,"Estiloso e moderno. Gostei, ótimo custo benefício. ",2018-08-17 00:00:00,2018-08-19 02:26:49
9022732158f504ac0f5c84fd19abdd65,f040040c63fb4164125917af2fa6d4b4,5,,,2018-08-12 00:00:00,2018-08-16 13:41:55
c93cbd724c41efdbe250c17711c77331,096375c5433ecff9fd971ca2bdd40f1b,4,,,2018-08-15 00:00:00,2018-08-18 22:19:56
3193281311fb713d3d32348108eca1a3,eb529b6aa88196cef958e24a0a8f4086,4,,,2018-08-15 00:00:00,2018-08-16 01:36:32
e99ed51ce2ceb13c46575f784abc7b59,e12e1c2f5a9e258abeecce80cfce12df,4,excelente,,2018-08-08 00:00:00,2018-08-09 03:26:52
7501ff5c6ef4bcc24ae145f924d4bde9,54a33eb07a24da26f790d99fa2adfd7c,2,Cadê meu produto,Já to a tempo esperando e a unica mensagem que recebi foi que meu pedido não foi enviado e depois nada.,2018-08-26 00:00:00,2018-08-26 03:11:11
b77b9a6979c0242fe75f60fed4204f5c,d56b0809a6666dd3fbadb40902a42b41,5,,,2018-08-14 00:00:00,2018-08-20 10:48:17
2c21ba8080bc6293e549c1dcaa866686,82728f6b511aa8dc053ba674db6f8b24,3,,,2018-08-08 00:00:00,2018-08-09 09:53:05
b6e0f0e7c1e19270aae924f42d1546c7,dd63de941b6998a80f25d03116747f9d,5,CONTENTE,CONTENTE COM AENTREGA,2018-08-14 00:00:00,2018-08-14 19:22:29
133718b49c1982371033fab9aa32a423,c9f0b297ad32f156608f2db479e1bb06,5,,,2018-08-08 00:00:00,2018-08-12 01:22:17
a0f8b50aaa9c5eb1801b6d8ece719dd9,ae96c285e2413fd08d98768e8dac20df,5,Boa compra. REcomendo,,2018-08-16 00:00:00,2018-08-16 12:59:35
7daa121128a5f69ae0e274ce57dc600a,4044c5fad995d07177b0c09ff2b0b7f6,5,produtos entregue no praz,produto de qualidade e entrega dentro do prazo,2018-08-15 00:00:00,2018-08-21 12:39:00
4e42b057dcdf64882eb31599a180f116,e21eee73ab66fa66d563ed4ceff5f0a7,5,,,2018-08-18 00:00:00,2018-08-19 14:39:15
cdc0e786fa6a5e8a0b56ea55678d6a3f,02bd584dedf7373cb07b6540cadf9a76,5,,,2018-08-15 00:00:00,2018-08-17 00:25:24
77650be7f386f52dc4b545971cc74a8d,3b401cba521461d124e0487ea53bb009,5,,,2018-08-24 00:00:00,2018-08-25 11:52:30
6b79c2963cfd9d73532b7ccc5ac45162,f622f166555604252d12a9f66850ce2f,5,otima,,2018-08-12 00:00:00,2018-08-12 19:06:50
f32fd5d39168e19eb59a86fb547338d2,045fb730a757a5379d79bdbc42d4e84b,1,,"Apesar de constar como entregue no histórico de pedidos, nada foi entregue.",2018-08-18 00:00:00,2018-08-19 11:10:09
e5ea3874f8e433da0433e8d44c928a11,10ee8dae1859d2e91a79ad35006d3412,4,,,2018-08-24 00:00:00,2018-08-25 00:52:58
7bf0cddfe39fc68bee52ac49f40a0914,07e68b7ed834c392f26a154d8997115b,4,,,2018-08-11 00:00:00,2018-08-12 13:57:43
4a02a700b8ef996c8806eee6e1302476,717255f43d5c9b702e9bc8c7d03a82ad,2,Recomendo parcialmente,Eu sofro de uma dor muscular no ombro esquerdo e no pescoço também lado esquerdo já fiz vários testes com o referido produto seguindo o que manda o manual porém até o momento ainda não obtive sucesso,2018-08-15 00:00:00,2018-08-16 17:43:59
5bf9a2f0d227df2e0568503c4c922187,35c66e9b12fe72dbb0b8d34af424c3cf,4,,,2018-08-03 00:00:00,2018-08-04 00:11:03
f29936dcb9271feb2ff52bed013e9e8d,3c4ef06a14ef470e73ea05eb315ff841,5,10,,2018-08-23 00:00:00,2018-08-27 12:30:55
17a6e5ebf97d583b0ca21315561a019f,2b749af514f3e9bd00fb20b105f36a83,5,,,2018-08-22 00:00:00,2018-08-22 19:56:40
323ed96df39bd0d9fb54c0f7092e689b,2c6b178947f5f631ec35f2a04c65c6d0,1,Péssima qualidade ,Produto de péssima qualidade ! Nao parece nada com a foto do produto no site ! Vou devolver ! ,2018-08-14 00:00:00,2018-08-14 21:50:19
17bf199dad9351d93c2c7b35963b5e1a,bdda3ba1c505bc39ff2117e340280a74,1,Ruim,"Na impossibilidade da entrega ou do produto, penso ser no mínimo necessário um feedback.",2018-08-10 00:00:00,2018-08-10 13:02:13
dec92ea6d80912145863fda1cc53da18,27a70a8fdf1c9edcfa01d463b45a5b03,1,,Nao recebi o produto ainda. Preciso com urgência. Estou aguardando.,2018-08-15 00:00:00,2018-08-15 12:12:16
81cc101ed27e72d084365c582dd962cf,8458b41c26bf20ba9b4ad514cacd4b2a,5,Otimo,,2018-08-16 00:00:00,2018-08-19 13:45:39
da95bc5de0638935a395014b5e635694,a22775141b5e773fb0dec808e36bf9f4,3,,,2018-08-23 00:00:00,2018-08-26 12:21:13
53556fa22ca6205f327531e1bd2eee9c,48f1b7e26f84f55846f1d003e3e6170c,5,,,2018-08-14 00:00:00,2018-08-29 16:55:43
0a01d4243fb68522ab1df424d131c21f,3b510aa86c6884da9a0f2d9960b2d9c1,3,,,2018-08-17 00:00:00,2018-08-27 15:02:05
2a51b815e5d2521635efc831a28e62ad,a016702972f9a03256db6aecb30ba538,5,,,2018-08-16 00:00:00,2018-08-16 12:41:17
f2214e51bb541de713838028feb22462,8e7f3b97378d8df36ad1b2c206db009d,5,,,2018-08-10 00:00:00,2018-08-10 14:35:42
b7f08f9d7ed0313b609dbe2056302ea3,c9359e6f27fbe7d1397c40031341540c,5,Entrega Top,"A entrega estava prevista para 16/08 e foi entregue em 08/08!!!!!!

Excelente, produto chegou intacto!",2018-08-09 00:00:00,2018-08-09 21:30:20
09467f9114e39d980fb498d1c0f39ef8,4c1b702493f9e6a8e7ab024bd34ba0d4,4,,,2018-08-10 00:00:00,2018-08-11 22:35:37
67583f565ce323d8ff32adba834b1ce4,6a5c76325c753e637e28d3efd69e0a0b,5,Recomendo,Produto chegou no prazo. Bem condicionado. Mas ainda não tive tempo para testar.,2018-08-11 00:00:00,2018-08-11 18:25:11
0ac44b87cde9497bc0d40ce17ff1185e,782656b57c879a8c0d6a326048331e91,5,Recomendo,Panela de muito boa qualidade.,2018-08-17 00:00:00,2018-08-22 15:35:46
d3d5aae3ac1a8b79c1f504e5cfc568f4,c5c8d33a3102ffa7d6fe4072ddf0ea8e,1,Insatisfação ,"Recebi o produto errado, há três dias tento resolver e não consigo. Quero devolver o que recebi e não sei como fazer. Quero receber o valor de volta, pois tive que comprar meu produto em outra loja.",2018-08-14 00:00:00,2018-08-15 08:50:15
8a8f7d4b4040a2efaea6b0b82ce5fdd9,d91a069afed21a6f7b095b0a908f5008,4,Muito bom,,2018-08-07 00:00:00,2018-08-08 11:28:14
8f5a98e18df3ad5d5f3af13b3e15a739,a6f2940cae871bfd63ea94dd5c476a62,5,,,2018-08-11 00:00:00,2018-08-13 12:54:05
62543545c83027bd51e3a397f6bc5b5a,72fab83427516c548cff90e1975ce053,4,,,2018-08-09 00:00:00,2018-08-10 18:54:27
2f539c02eb032e1cf80ab02d7b1d49d2,a530dc19f1969dc7898a1b96fcd6e602,5,,,2018-08-08 00:00:00,2018-08-08 21:35:17
71bcb2c9d90a584c8f50f7b3788dcad3,25d3716d0097db13efad1ec47ea26551,5,,,2018-08-11 00:00:00,2018-08-12 01:57:49
287a080ce85698770e2ac49d709341aa,5afa996de851bd409a84c61745106947,4,,,2018-08-18 00:00:00,2018-08-21 14:25:22
9b559711c1a966b69d76891b2dd460f9,fea63f76fbfe84a56f4059ed267918de,4,super recomendado,muio bom,2018-08-09 00:00:00,2018-08-10 15:32:10
42944405c2bd22daaa72df92a090ca47,a965f9a56bd7e9a365d2cb5818934cad,5,,OTIMO,2018-08-15 00:00:00,2018-08-16 19:14:27
b69c539a5ff51bc36317a840fa0466b5,50da5576c9b517983b6f5fcf44863cfe,4,,,2018-08-18 00:00:00,2018-08-18 21:29:00
86c3bd4572b8ec33b444c3a272107826,d379476af4ac3bc71f0f857e9f2827ef,5,,,2018-08-07 00:00:00,2018-08-11 10:26:10
ced0560b692ae389904d584f03f4d8bf,f83c27b5d5d61505da0a4ce01db3dfd3,1,produto com defeito,"estou desde o dia 22 tentando resolver o problema do produto ter vindo com defeito, mas só me atendem no atendimento eletrônico.",2018-08-23 00:00:00,2018-08-26 01:27:10
c2ef1d17ad335476d4f10852afcbbbc0,0d5fb8614978748bcfbef448c8a74a17,5,,,2018-08-16 00:00:00,2018-08-17 23:28:28
bb7c4b9e5a53fa5a1f40c1b1923401e4,620f2b2f6cabdf0426262c47bf3a883c,5,Otimo,"Produto bom lindo chegou em um dia depois da compra.
",2018-08-04 00:00:00,2018-08-05 13:20:43
fd953fb6ab47cab9c102002117508f9d,67bb62ec6f396662e56bcb9d61f09b57,4,*****,,2018-08-10 00:00:00,2018-08-13 13:30:08
500fb71cc4968d221d1a4bcc95d7b029,a00b62f3da02851a10f9dabf2708cfb9,5,,,2018-08-15 00:00:00,2018-08-16 18:51:22
822ec1912cdebb3201b3cd70cccdf876,7de2a03405b2f8af2b71ed46371bc149,5,,,2018-08-21 00:00:00,2018-08-23 12:49:28
e62f5da8f06207f90573e7da54c5fa0c,29d3f2fc23b7f95b28dbe5e3ef783d93,4,,,2018-08-14 00:00:00,2018-08-15 11:28:30
31c27bbd7aa10d6ae5077cc0e50f0191,70d7affe471e6f94c28682a3bd9b5552,5,,"Tudo perfeito, prazo exato e produto de acordo com minha expectativa",2018-08-09 00:00:00,2018-08-12 20:21:27
3e0970a9c61c73e6521d1b1177cc35cd,89243c8b1f29ba7a225bdad8061fb473,4,,Satisfeito com o produto...,2018-08-23 00:00:00,2018-08-23 10:12:21
70ba5e2565945b5a7e7f1027deb67ee8,3f2f8de95118170021d99d5fbc532352,5,Bom produto!,"Bom produto, rápida entrega! Recomendo",2018-08-14 00:00:00,2018-08-14 21:32:10
999ce675f2f793a2360d9809a2b37252,f7f0b79050e7ef0b1cf7ffceb0aa114a,4,Bom,Chegou atrasado mas está valendo,2018-08-15 00:00:00,2018-08-17 05:10:54
136c37d568421d9c5afa17b9012a0d9d,69cfaf72cc14e5d3ade9e5f121f74c19,5,,,2018-08-09 00:00:00,2018-08-09 18:38:37
31c1ec6d496a013a4c6b76ef6b39c488,fd6508408ae641784eec9008b9c351d1,5,Excelente.,"Excelente, recebi corretamente o produto.",2018-08-14 00:00:00,2018-08-14 17:09:01
2b64734b57322fa0e38c53a0d6cfc0ac,c57a1614ff14e7e6009f15b0d36d67da,5,bom,,2018-08-10 00:00:00,2018-09-16 13:36:14
b5c5f74aa6964aa5f25dcdfdc213ea71,e36285554df73e171f9f41dbcf487b50,5,,,2018-08-07 00:00:00,2018-08-08 01:23:16
dd82269eb061d531bf6200afc8149c9b,209e0537fe66ae1176cef2bc7953aef9,5,Impressionada,"Entrega em dois dias. Muito Rápido, em perfeito estado.",2018-08-05 00:00:00,2018-08-06 10:20:35
886af5818a814f54abb2d845406b0c3c,ce4c50f30197a0330b034d27da7f5ed6,1,,"A resistência deveria vir uma 110 e outra 220.
Vieram duas 110.
Essa foi a razão de meu desapontamento.
E como corrigir?",2018-08-16 00:00:00,2018-08-21 21:26:18
effa130e19bd7cf1cf15aea694e58789,7931c99744c2989d6f5218d38f439804,4,Ótimo,Adorei surpe indico.,2018-08-15 00:00:00,2018-08-15 19:43:49
10f9913dfb63a72ab7ee646722dd54a9,995afafadabbc8e07804a5f08f096b01,5,*****,,2018-08-21 00:00:00,2018-08-21 17:15:43
4114fcae3d6f98edbf6acb2d3d21f63f,39f71ba799c87ce196465bad51c55d0d,5,,,2018-08-17 00:00:00,2018-08-18 09:40:50
ac7ebe51f59d79b99898c9d541b3868d,907424cd045f2dcb775507e367f9ab60,1,Demora no recebimento,Estou a 3 dias em casa sem sair aguardando o produto e nada da entrega,2018-08-16 00:00:00,2018-08-16 12:22:19
08d87cd641df4094d0d21c87d339b71c,9321040d6f0176fc3327a596dd023d6e,5,muito bem.,Muito bonito o relógio.,2018-08-10 00:00:00,2018-08-13 00:38:51
6f20956bbe561303bcd1b32f6f9590b8,7bb7e430dba5149615b3083b33604d53,5,,,2018-08-23 00:00:00,2018-08-26 23:47:58
c0664eafebcdc02cb8ef8279d1dde825,c9f1715aa7997f1ebfb8560a516d92fd,3,recomendo,"Foi entregue dentro do prazo estabelecido , mas, este prazo é muito longo.",2018-08-25 00:00:00,2018-08-26 11:16:40
bbe4a074e2d5c4afc26691a4245d0104,2a6bec11c832798d5062d5fcad19635a,5,bom ,o produto confere com todas as descrições ...meu filho amou....,2018-08-16 00:00:00,2018-08-17 04:08:56
50f39f4890f1b4040c9b011caff5074d,73d60420cd1a179b2d8887d538efe4c2,5,Muito bom,Gostei muito do produtor ,2018-08-23 00:00:00,2018-08-25 20:13:37
e18f98f73c2dd3f5a62b083a701ff542,1631521110aac3da4983314a2ae78ba2,5,Bom,Ótimo produto,2018-08-14 00:00:00,2018-08-15 10:38:16
01c015d0b7dadd7f7d1cef9ac092b878,88a7f34793df2b92c81d02a09cec8e89,1,,,2018-08-24 00:00:00,2018-08-24 10:29:02
6fb1715795328cdf252138caab988d20,ed869c0c89353ad056e1e883e4be35bd,3,Sim,Faltou 1 luminária. Estou aguardando o envio.,2018-08-16 00:00:00,2018-08-18 12:40:29
1f0ee4efa56a0d904b127614fd68e183,c3f5604968d8dd5686a261e2ff17cb96,5,,,2018-08-23 00:00:00,2018-08-23 22:02:17
4cd2c26bf1305d1a5f2308b1ff03c322,52628d72feaca84428e9d902d3985605,5,,,2018-08-14 00:00:00,2018-08-15 15:42:22
c4901d429ceecb4e46b945990627391a,ecbd8d5fbb12d972ba4a898ce0bd43d4,4,,,2018-08-14 00:00:00,2018-08-15 01:06:13
265d8493383e98ad8ecdf045ddb141b3,38793c3d7ddaedf4e05f8fe9ce42ccf6,4,Ótimo ,Gostei muito perfeito ,2018-08-14 00:00:00,2018-08-14 20:06:56
4a4bae4208145d1a79a1c6fc966aae81,f8798210932c38fb57575fd5b985e408,5,,,2018-08-11 00:00:00,2018-08-14 14:58:05
8892e2166bfa2615c586857d30af5f37,bf1884f9aca840a9b8738d4bef0945b0,1,,"O vendendor entrou em contato comigo dizendo que seria entregue em 3 dias. produto foi parar no correios com prazo de 15 dias. Sem comunicar, sem nada, pessimo profissionalismo da empresa. não cumpre.",2018-08-09 00:00:00,2018-08-09 21:07:14
4a9e309f6f747fc00fe1ab19b6066d2e,42187cae0bc6e0829886d8131b4c4864,5,Tudo conforme combinado ,Produto entregue no prazo e tudo igual ao do anúncio ,2018-08-15 00:00:00,2018-08-15 22:29:59
c6217f72e7cc770cf87850f919db81fb,41d0cc817d720d7f3860716b335a3cb7,5,,,2018-08-08 00:00:00,2018-08-09 16:15:01
ac598249dbf7d438e58a215f24733cf4,9d62401a06bbb0dc190562ce8b24f0c7,5,,,2018-08-17 00:00:00,2018-08-19 11:18:03
5cbd5933dfc41663ab21360f7b436177,dda2dbc7b1340a2c9f8743feb8cbc432,1,Não entregue,Não entregou o pedido até hoje.,2018-08-08 00:00:00,2018-08-08 04:36:02
f0473d83042796f4c684c8c626f235a0,1230f41d95a6fc74a51d388e8b1e8810,3,,"O produto é o que eu pedi, chegou muito rápido, mas não era bem o que imaginava do produto",2018-08-14 00:00:00,2018-08-15 10:05:01
cd2ab660a15792b2004b5bfa6389f85e,2ad9dad7b4962fc37fd33869e09ae5b6,5,,,2018-08-14 00:00:00,2018-08-15 14:51:49
7fb35ed4eac7baf03920140db2d26eb3,fa3cc6b1b48c7b730f6c4c43e423c5aa,1,Falta 1 lustre,Entregaram só 1 lustre e ficou faltando o outro,2018-08-18 00:00:00,2018-08-20 11:14:35
e64f9bdcc688c3f03da2a4695e8f8e2b,495f52185fa8f606de522839d428f3c9,5,,,2018-08-18 00:00:00,2018-08-20 14:35:50
1e1a377cb278dff7ab9ffb2dcd76bec2,f6bf536c581306c6334e82ca15d7bea5,5,,Amei muito lindos e de boa qualidade obrigado lannister ,2018-08-15 00:00:00,2018-08-16 10:29:42
7847717546ec449fb005d56531bf4425,b934d5a120aad44cdd919ef7252f9b0f,5,,,2018-08-14 00:00:00,2018-08-14 21:13:22
a5f727ca0ce25cc8ad0872e3ecbb5e68,84f40c055bf1ed329fcf2f4ec4e9e9df,3,sim,"O Produto não veio na cor escolhida (Estetoscópio Littmann Cardiology IV Burgundy 6153), e sim entregaram um cor vinho...o que faço agora
presente para o dia dos pai",2018-08-10 00:00:00,2018-08-10 22:48:16
5a2f001015ff0db540d00d93a6f73a2e,def43ca6d79899925ea0c19f4fb63200,5,,,2018-08-10 00:00:00,2018-08-11 21:40:16
a101514aea38a20d61bdfcd234170e72,bde483878bed3f9a95fed760af049891,5,Esperando Receber,A semana toda ligando e nada de resolver meu problema. Hoje faz uma semana que a mulher das lojas lannister deu um prazo de 48 horas e eu ia receber um email pra retirar no banco o valor do produto. ,2018-08-25 00:00:00,2018-08-25 10:48:38
12f1e0122eec171e83b144c19d84e3dd,fd83748fe6056c1759777f41c19a742a,3,Bom,"Dentro do prazo
Produto bom ",2018-08-14 00:00:00,2018-08-17 00:05:19
e6acae33a98861be63cf635525330891,b2b8934746a9afa7b38c8c1f88268ecb,1,,As lentes estao com defeito nao sei se a cx toda,2018-08-14 00:00:00,2018-08-28 15:02:02
af258691f77441234fc29eb0ac238844,ab2ba1e5a2f808d58d514a5e7a650b49,4,,,2018-08-21 00:00:00,2018-09-07 13:12:16
77d7b8536583a9b88ece16e5b0942e36,e1e7bf45ba3cdff55983f9c1741384a0,5,,,2018-08-14 00:00:00,2018-08-14 17:47:49
0a8aafc386afc64123827bc2abf987db,c3fe6314b2bcaa6de6f9611550dfa399,5,,Recebi hoje,2018-08-24 00:00:00,2018-08-25 00:22:35
076cef9939f65f154352e846a9c94bab,a7a7cee8db5a07311875dd616cbad673,1,Reclamação ,"Comprei dois itens. E só foi entregue um. Nota fiscal consta dois produtos. 
Entregue apenas 1.",2018-08-15 00:00:00,2018-08-15 15:33:42
8625f35712c54f5b27e7eb76535b1089,be49c4e4b3b0f04ec7752ea004feec8c,4,,o produto foi entregue conforme combinado. Funciona perfeitamente.,2018-08-11 00:00:00,2018-08-13 19:51:48
f4abde642b3e44440b479e647bea4993,5915dc29c92ade2a2713fa949d9dec00,5,,,2018-08-18 00:00:00,2018-09-06 18:31:57
dbfd323cf020e6634355e1a9852491ca,7737b48ac906ed0be3c192bb1fc4c4ef,1,Não recebi meu produto,Não gostei da demora e nem dei satisfação de onde está o produto,2018-08-17 00:00:00,2018-08-17 11:14:01
5d09d4c6ed0be9f1d2db1b2a0d674b57,033e7f3c73132dd6a6792359b94155a2,3,Bom,Gostei venho tudo certinho ,2018-08-17 00:00:00,2018-08-19 15:18:23
10e7ffffc6122a1aedd688a48557f0c9,8346e642eb8d376b57cddc53b6118a3a,4,,podia ter vindo os dois junto,2018-08-09 00:00:00,2018-08-11 23:16:59
e6aec979f229602453f04345e48c8bc0,4076407d388d4127cf7edc12c2782ed8,3,,Bom custo benefício.,2018-08-11 00:00:00,2018-08-13 19:39:57
c2e3286ad4c44a47f83dbf1c5555a90c,b7592da1b6c34d2b2404a7b6e8639376,5,,,2018-08-15 00:00:00,2018-08-17 09:58:05
51d9866e708dae57d952802b0fed78d3,752265739a6d8d671585c7b9c924b9d9,3,Muito bom,Muito bom,2018-08-16 00:00:00,2018-10-17 15:10:18
824aef8fd64a074a7aa8221bec79d71c,f97a4a857b9a91dd1e7989becaed02ea,1,Pessima entrega,Produto com caixa violada e amassada. O frete mais caro que o produto. Precisa melhorar bastante. Pior que nao foi a primeira vez.😠,2018-08-15 00:00:00,2018-08-16 15:28:02
ebfc22faef849336c5f0e4ac9a8d97b3,43da1954a3ab906e70d25dff8fd0a3a0,5,,,2018-08-21 00:00:00,2018-08-21 22:58:20
e95b8f4c64efd959fb70f842976df8f2,47d198410caadbd9a77e92bf622ee749,5,Super recomendo,,2018-08-09 00:00:00,2018-08-10 14:33:25
4b823ef85f0d0e5e570fc74f13762151,2da6df6ecc3f69f3642ce1fafad85d5a,4,,,2018-08-17 00:00:00,2018-08-19 04:31:32
f18f98e800d133a114ba1f374334462a,07f9acd4e59411df700a59f89d4da8ed,5,,,2018-08-10 00:00:00,2018-08-11 01:35:10
db6deb448b47d701bda111387ac062e1,c33917dff50a1d91d9d26ea3c5e3a65a,1,Ainda não recebi o produt,,2018-08-15 00:00:00,2018-08-15 10:45:22
777031542366d8f88e895f4963ed415b,e8745aa1fc53254235ceef55710dc6ab,5,,,2018-08-09 00:00:00,2018-08-10 11:51:24
3c214a4916be92093201a379d708902a,5c52bc8eeaca96c7b9ed2d47db358f43,4,,,2018-08-11 00:00:00,2018-08-13 21:50:53
b7c683ec171cf5e54f75d6a7c6f076eb,8835bc08d0bba62b3f65c7903126fa49,5,Ótimo produto ,"Atendeu minhas expectativas, excelente produto com ótimo preço.",2018-08-16 00:00:00,2018-08-18 21:03:53
71b95719bafc578a6d8de6eeae438589,fddaf32439eab4df416cb63ef0a0ddda,5,,,2018-08-09 00:00:00,2018-08-13 12:50:32
72dc08f8a6832f293ec35a753f097259,13917780488fcc5fa2f9fa3c45549c80,5,,,2018-08-15 00:00:00,2018-08-16 15:05:44
a423385375bad6859c8ad9b50492a0ec,d68d5c93a1000f0278b511ffa6aeaa50,5,Bom vendedor ,"Chegou no prazo, ótima embalagem. ",2018-08-14 00:00:00,2018-08-14 21:47:03
08a9e572770df64bcfc48c215e13faad,8ce09fabe89667119f813bcaa531e675,1,Demora,O produto não foi enviado no prazo,2018-08-11 00:00:00,2018-08-11 14:12:31
253c1413b2b550b3799ee9b7f53ed20f,0b16257b1b7ee0922ea03954f2cae85a,3,"sim, recomendo ***",Quando da compra me foi dito que o produto seria entregue até o dia 10/08/2018 E até o momento não foi entregue...,2018-08-12 00:00:00,2018-08-12 11:46:45
f9762a7497a6a7585404106f89ddc0cb,d513f9d572bf6a3a3c4e59252fe4f19c,4,,,2018-08-30 00:00:00,2018-08-31 03:10:49
df2e1230320a7b2571c6e18451188999,1a0f5914485e7b79c7bd708563bccad0,4,,,2018-08-15 00:00:00,2018-08-16 22:11:29
c7a66ac600e06d489564987ab78b14dc,e932edaa6417ab9aba25187f8e6433dd,5,Dermacol 4g,Gostei otimo pra quem quer testar o produto!,2018-08-11 00:00:00,2018-08-12 14:11:50
3fe016454878d6abf3eeefabb21889bd,9bb24e7d420a1f6492f0d5f543978944,1,,,2018-08-17 00:00:00,2018-08-17 20:36:28
8872d90ede0d96dd1b0a6cf33d3eaff7,9828f937ea8a8105f999b119b9d677de,4,,,2018-08-09 00:00:00,2018-08-13 13:52:27
71fffc74d214c906add6a1f90608ccf8,81342024c8d07f66fa2852d3c8d9b890,5,Ótimo produto,"Produto bom,de qualidade,chegou no prazo, em perfeita ordem indico a todos",2018-08-29 00:00:00,2018-08-30 00:03:33
f72ca65d0e32db6b5c01a0fc82e9afe2,4969634a191db1f7ef36954434938327,4,,,2018-08-08 00:00:00,2018-08-10 03:11:47
96271efbb415da6e095d9d0efef4f36a,cf2bdd96e31b79ed41dba723fb42429a,3,,"ME INFORMARAM QUE EU RECEBERIA EM CASA O MATERIAL E NÃO PELO CORREIO, QUANDO EU FIZ A COMPRA , ALEM DISSO A AGENCIA FICA PROXIMA A MINHA RESIDENCIA , ENTAO NÃO CUSTAVA ENTREGAR EM MINHA RESIDENCIA.",2018-08-17 00:00:00,2018-08-20 12:10:14
e523df06f913d5b93cec3c7d3d5bc469,fbf16cb7728cac175e1222c7d73734c6,4,Satisfeito,Produto conforme o descrito.,2018-08-09 00:00:00,2018-08-12 00:47:42
eb4f1daeb94c44f379f2315d1adfb07a,f4d8adf14699f63ee2a2c3a6a43a1d0c,5,,,2018-08-09 00:00:00,2018-08-09 19:16:49
235ecc0e35936cf1444aba4fd8faf105,927a7c08b956e780d1a418ec9b5b1551,5,,,2018-08-18 00:00:00,2018-08-21 17:01:09
38f385f261f7e194660fc25854a9af3a,cf0fd312197c09391d0d85e878758e82,5,Recomendo ,Ótimo ptoduto,2018-08-10 00:00:00,2018-08-10 17:01:31
c949e16d99776431b295e399ecb1db0e,563407fb971fc3c8786c1a8adbf8b94b,5,,,2018-08-18 00:00:00,2018-08-21 13:50:49
6808649f657f88323aa8de12dbf01c27,498394cdea303b629a7f66b4ddcd7d50,3,,,2018-08-14 00:00:00,2018-08-14 23:45:37
db12476a2643c3110bbd510f54acfa7e,680fa5c6b4ff5efa74b9ee8c95638ac2,5,super recomendo,"Foi entregue antes do prazo, site super confiável.",2018-08-09 00:00:00,2018-08-15 11:26:15
d769d22720bf82190cb528aec9b264e1,9b430d2eff640e354b1e8eacb8a30a2c,3,,Teve só um problema na embalagem pois o produto chegou um pouco descolado,2018-08-21 00:00:00,2018-08-24 15:23:43
5587e47456652c949ac71373ff347299,81e5ffe389c377c7b423c9669a9fe712,5,Excelente,"Material excelente, recomendo!",2018-08-11 00:00:00,2018-08-13 10:43:58
ce8aaad6518bc30b27c6a61229464382,70a33c9dba6b43724e350938120b3e4f,5,,,2018-08-07 00:00:00,2018-08-08 12:06:01
6fcb8ce86d2e8db9d7baddd37649c278,7a12712273a3da7417b25f9108162305,1,Prazo de entrega,Comprei o produto no dia 6/8 e no dia 17/8 ainda não tinha sido entregue.,2018-08-15 00:00:00,2018-08-17 15:41:33
7124882c0161dcb0d9f866412b462653,f16cbac8a72057c2daba4b64662100ba,4,,,2018-08-15 00:00:00,2018-08-18 16:52:37
86b00582e8398af3afbd3c33de1c45eb,a2dd49b6ff8f34233706aa765cc0607f,5,Ótima ,,2018-08-11 00:00:00,2018-08-23 12:22:56
a796475b8281af96a119bca0e08946de,1126e8ce51fcc395870c8fabcf7de709,3,recomendo com restrições,o produto veio embalado em jornal que grudou um pouco na pintura e ficou uma mancha no produto. Poderiam ter embalado de outra forma!,2018-08-09 00:00:00,2018-08-10 01:12:46
6cad638384b4899d38420aa91d522119,8b0bfe5491af8bcf2015a54522f50a9c,5,Ótimo,,2018-08-18 00:00:00,2018-08-19 21:55:19
26fc78533a8c5fec600c5d58da84f079,40c95b7789cf4450c616a71d2efab73d,2,,,2018-08-11 00:00:00,2018-08-13 12:09:38
74b4c048f8644f7f210266646b273ca9,f200b8f0491708e277a34c5ba941c5fb,4,,,2018-08-17 00:00:00,2018-08-17 22:38:15
cc7f6d522343a049fd1c9ff3ad20b773,e979a3bd2f7e22a805e38dd992d5defe,5,,,2018-08-16 00:00:00,2018-09-09 21:08:55
0197d74523990ee54ffd59752d8cc58f,8e43f2c9b150b717ae56640b5fb64150,5,,,2018-08-09 00:00:00,2018-08-10 02:08:37
b285be276850b57ca17d2cc0d1da5787,2d141367a3c00a99a25764eced13ef4e,5,,,2018-08-08 00:00:00,2018-08-10 00:27:48
aefe07f71811ae98577fb6fd6140761e,73ab919f6023d8c8a68fb70d0b08a28b,3,,,2018-08-16 00:00:00,2018-08-19 16:57:02
6655178ccf8e3ca87b3df6e2d638a34b,5e2d4869083414bb82d2e3c5ae2a4ec5,5,,,2018-08-14 00:00:00,2018-08-15 01:55:09
cb5d350191eac18d84567a0278065c14,bef6908876c633575a196a310d1b5d77,5,,,2018-08-11 00:00:00,2018-08-13 16:10:41
ff3780db09611873139bb54ae240e865,aaa2176c2eedbba6fb84a3d63e01f433,5,Adoreii,"Ameiii o produto, já tinha tido outra antes!!",2018-08-10 00:00:00,2018-08-11 00:37:44
2fad011ebea52b257d2f55bedb2611d7,a67fbbbf7ef00baa90a44ab097b61e29,5,Ótimo produto,Deixa o cabelo brilhoso. O creme de pentear e uma maravilha,2018-08-17 00:00:00,2018-08-17 22:42:30
4e7da9316afd57812d3841f4627203f4,e02d97dcec0827bc0ac1ed539b48e546,5,,,2018-08-11 00:00:00,2018-08-14 11:29:05
034ff7d8893780d6d08f5d872e10eb5f,16b0354e89f049afdd965c97e243dac6,4,,,2018-08-11 00:00:00,2018-08-11 22:15:53
f44008d3831ba6d69e44c3226aba98ec,ce18cf057088cf275c41fc9510ed53ad,5,,,2018-08-09 00:00:00,2018-08-17 18:22:14
cdf89c8c70ab9fb7172b04361038cf0b,4e8eac5f839b87a8cdbd9847f4fe442d,2,Não posso dizer ainda,Não recebi o produto ainda,2018-08-11 00:00:00,2018-08-13 10:57:44
4b6fdbc6f36d926407cba6c5779d233e,c7fda56679ce4368d59d2d9511b3c19d,5,.,.,2018-08-17 00:00:00,2018-08-23 03:47:06
09e2ee7fb7fa7a9567f468566c172ff5,b7174804f0cc2ac4c7b84c73d8801912,5,,,2018-08-10 00:00:00,2018-08-10 19:50:52
3faa028da4f811cc6d17903f3e8478ce,938ceb503f66e3598a6e79a24745ac16,5,Super Recomendo,Nota 10 ,2018-08-16 00:00:00,2018-08-20 15:55:36
1b47735ebd4ac75fe7f9e426ae9c1657,8fc45fcea7ef26a592a2f96dc5fd9b05,5,,,2018-08-17 00:00:00,2018-08-17 13:04:45
7152d6a26f632370e780868655479da7,804aa537b5a0d8fe2c9a61a1fe9087a7,5,,,2018-08-14 00:00:00,2018-08-16 23:56:46
e5b48a584cec8406e2722967491b4627,57a7b18332c1b9b26d96e35379af3a38,1,Zero,"Eu não recebi meu produto
",2018-08-26 00:00:00,2018-08-26 23:39:07
fa4856516549fdcbb4c7e94726fd106a,f379762648ae96c1d04844ca3308df86,5,Ótimo qualidade ,Recomendo a todos preços e prazo de entrega a melhor ,2018-08-09 00:00:00,2018-08-10 14:20:58
6613d226e5c9b5d43354ba678d60e299,9e10abcef882f49dc69054c4b9f001b7,5,,,2018-08-12 00:00:00,2018-08-19 15:58:36
abe1b7104263f5c849349930406f5246,736d9580e48fa6a156f60f5341acd2da,5,,,2018-08-15 00:00:00,2018-08-15 13:13:03
b11e1f75696031ce69bed2fc5f4fa33c,4c792ea6a2a9a0d044176c1c42d49b22,5,,,2018-08-05 00:00:00,2018-08-05 17:42:39
c4b17a374b71539eb360fe5baaa9a10e,0760a852e4e9d89eb77bf631eaaf1c84,3,bolo fake,"Gostei do produto, porem fiquei preocupada não chegasse a tempo pois não foi atualizado o status da compra chegou no ultimo dia do prazo.",2018-08-25 00:00:00,2018-08-29 10:48:52
00a2984ee3d58903532e236c401214d0,6694b68ebe1f4dff3b22fbbfff33d80a,4,,,2018-08-18 00:00:00,2018-08-18 11:04:04
0dcffe71f4f2cf8dbf17b622bfaf4943,cad4f1f1630718b17426b3f335d0404e,3,,"Houve uma tentativa de entrega fora do horário comercial, não havia mais ninguém no local para receber. O novo prazo dado é hoje e o produto não foi entregue até as 13:00. Minha opinião pode mudar.",2018-08-16 00:00:00,2018-08-16 16:00:43
bf35ff7c62699888f2ba6a6f500bcb64,fad25ec1d119305e79431001599bb799,5,,,2018-08-07 00:00:00,2018-08-12 19:25:12
c4410b4871b11023a57a8b86d33522f0,24f6d178b92691453bffa42151277fbf,3,,Ainda não experimentei o produto por isso não posso avaliar.....,2018-08-12 00:00:00,2018-08-12 23:20:48
ab91fd6410f6549f922af17e380f034f,1fa463e9b5b2b6353d650ffa262c0a85,5,Super recomendo,Produto chegou até antes do prazo Recomendo a compra.,2018-08-07 00:00:00,2018-08-08 12:26:15
b3c6d264e10060300d7a2a868b1d2778,6dc1b0448d8665a1ad93f2c1ec5b925a,4,,,2018-08-14 00:00:00,2018-08-17 01:03:42
3a3fc2126f13eff43879b7dce2ee7c7e,d4ab24f781df0efaa8d664c145241296,5,Recomendo,"O produto chegou certinho, antes do prazo, bem embalado e sem avarias.",2018-08-18 00:00:00,2018-08-20 14:08:55
4f0ccab846b3b639f6f4d66da2c2e426,da7d7e53c86d326200b7b44b722f2aa1,4,RECOMENDO SIM,"AInda não comecei a usar OS CARTUCHOS que comprei de vcs , portanto não posso dar minha opinião sobre os produtos.",2018-08-15 00:00:00,2018-08-18 16:54:37
a35106ee96b4359d793b123df1e63433,02a98752595ee9d94c570ad3e18055b4,5,,,2018-08-08 00:00:00,2018-08-09 12:02:25
7456e445f2a6ba86b437a0bd9e254e8d,67e5eba68c1f19de1a6cb6dd510deaa7,4,,Muito bom produto vale a pena ,2018-08-11 00:00:00,2018-08-13 16:48:44
bf42dcc85fc2ab203a33e8c2dcb5a78a,01a9d731c0f08f4f79c10b7679dcdebf,5,,,2018-08-18 00:00:00,2018-08-19 14:59:33
62b5b512253a653908e0c833b2418aa2,23f99f3d6a5974cd50c00ebb3d6540a1,5,No prazo,Frete grátis para clientes compras realizadas no mesmo ano.,2018-08-21 00:00:00,2018-08-22 18:09:24
0c8c6b0798278555b03ac734cd00660f,8fb847d8f402a68dbcfdeac4cf2375c3,5,,,2018-08-15 00:00:00,2018-08-17 17:31:42
f814dfe5e6cd9f42c80501386e9b16eb,33621dd1b751a02342dc065c32f1c96c,1,,,2018-08-12 00:00:00,2018-08-13 17:15:40
ad236b3f375d9c2df9decb547454c4d8,03720fdc92032ee4abd471d172006ab0,2,,,2018-08-19 00:00:00,2018-08-19 18:51:28
a9e806d299523f15b9104a925003ddd1,571178bf1877d0e28f7ec1e2f73c063f,5,,,2018-08-18 00:00:00,2018-08-19 15:41:20
e7bc3e09f66d6962f930a504adfe88b8,9da388551ea23281b9bb4cbf12376992,5,,,2018-08-09 00:00:00,2018-08-10 11:30:58
fde2763b3dc45b5b371d7da4e9c62b52,fa3418d42d5f87df0490832ade4cb968,5,precisão,Que lindo meus lustres...Eu recomendo,2018-08-10 00:00:00,2018-08-10 16:59:21
70fe50a23e51da3277a9cadd8f9d8862,21b2689d22f457f04c68814cb269764d,5,,,2018-08-09 00:00:00,2018-08-10 11:32:14
a212857576d1286891684102e75d6602,330cddd53241bd912b7df82d4a5e99fb,5,,,2018-08-08 00:00:00,2018-08-09 13:03:48
6c0835c304416bae68efb406b07a28d3,6fe3cca762774a4e0e4e75467b4651e6,5,Muito bom,,2018-08-15 00:00:00,2018-08-19 01:01:43
d514be6f1a8f1d1b726f53ff4f3dbe9e,f50e54b63f3aef3514497d67977256f5,5,,,2018-08-08 00:00:00,2018-08-08 22:28:05
5254fbb5db3f66e0ecea1a3f99e77375,f52ed0bde654bdeeaca2b4d0ad7e6c33,5,EXCELENTE!,MANTER O PADRÃO PARA FIGURAR ENTRE AS MELHORES LOJAS.,2018-08-10 00:00:00,2018-08-11 21:28:35
d10384fcfdff19626123d77d3c13c704,da1b33a717a76516deb6b4db0bbfa8f0,4,,,2018-08-16 00:00:00,2018-08-19 01:44:40
9255c41697048f77b5f4f8078656c77c,045e0b29f969d5cd3bf5ca04087a4af8,5,Recomendo!!!!,Produto chegou bem rápido..Parabéns!!!!,2018-08-11 00:00:00,2018-08-12 18:55:57
0bc41ca6b380f72e8d4518d90432d357,1315d21afe8cc17fff429dac7ed6370f,5,Lindo😍😍😍😍,"Super feliz com o produto.
Obg.",2018-08-18 00:00:00,2018-08-19 01:45:04
a47160fcd907091749f0adc3f1580da2,8953a647003d73790117d36c57de87b8,5,,,2018-08-14 00:00:00,2018-08-17 11:56:23
a7b4c56b030684cdc740975ea1d715dc,8989ff6e6604e09ac1c199428637422b,5,,,2018-08-18 00:00:00,2018-08-20 18:36:53
ae4d55586404afad436315a486772a6a,e086a8e8919e918a3f1968ec76281bcc,5,Ótimo produto ,"Produto original de ótima qualidade. Pequeno, super delicado.",2018-08-14 00:00:00,2018-08-17 03:37:17
e97be4601a6fa63ed4bb9f20a944a396,1d911134e95ec6f299e80fe19b5b88c5,1,,"Sempre comprei na americas.com e os pedidos chegavam antes da data prevista, mais este ainda n chegou e nem mandou email nenhum avisando nada.",2018-08-30 00:00:00,2018-08-30 11:39:13
6c41dfde8e2e13f0afe27ebefc28bcee,7b407def87721a29fc233b7ae9ad6013,5,,,2018-08-09 00:00:00,2018-08-11 02:23:13
206fcd0c7e9d3248ff891f31205ae6ee,d6cd9d63e25452e0278cb6eeed08de6b,3,O produto veio quebrado,"Um os produtos veio quebrado, estou tentando trocar ou devolver.",2018-08-21 00:00:00,2018-08-24 02:48:28
0542b6805151c92520d739c6c469ca59,4dfb733b29969397d64be1d58ecb7d42,5,Excelente,Minha gata amou!,2018-08-11 00:00:00,2018-08-14 12:16:50
cfd672ef810b24373155f6903ff69835,9550c6dde457784adf6688cea59cd6b8,2,Ruim,"não foi cumprido o prazo da entrega na data prometida e até hj 10/08/2018 não recebi a mercadoria, falta de compromisso, no minimo teria que ter dado uma satisfação, mas não o cliente tem que correr ",2018-08-08 00:00:00,2018-08-10 13:41:46
9da7e59722cb096fc3447779c185b8bd,febc08cf93a49479fcb455b3f673bd2f,5,Fantástico!,Adorei!!!,2018-08-09 00:00:00,2018-08-10 13:44:51
9e8754217121d3079efbc397ef8c38f3,8badb85035ae9283c53e42b0ab697410,5,Recomendo,,2018-08-15 00:00:00,2018-08-20 15:32:20
99bfaec842158f374e939f5db994da5e,145b75a554e404852b520d70c50c9f9c,5,,,2018-08-15 00:00:00,2018-08-16 01:44:22
2a03aecc66750484006123ff8358fe16,0dfa57672b4853ecb26cd28c31a79e54,1,Pessimo produto,"Produto de pessima qualidade!!!!
Nao se encaixa na categoria ?capacho?, espessura fina, material horrivel! PESSIMO em todos os sentidos!
NAO foi isso que comprei!!!!",2018-08-17 00:00:00,2018-08-18 15:14:48
fefd7ae742a4d557a1fded0afa5a5549,d47221803d32f8f54b53694c19f0a368,1,,,2018-08-18 00:00:00,2018-08-18 14:36:20
ea4b9abf93706b56dc0e7f882951c233,7f29d1dcde28ba1c61a2f92068efdb9d,5,,Produto conforme pedido.,2018-08-10 00:00:00,2018-08-11 12:16:48
a87661069575114fadd124c997fdddc4,24a670b13d0b287bf0e123c3010fd19c,4,,,2018-08-21 00:00:00,2018-08-21 21:47:36
5552a67bec20a6160314c8df989b2cab,23939807bace6dc4e9701a868e697f76,4,,,2018-08-10 00:00:00,2018-08-10 21:08:17
39b2b451b6ef1f429168ce1d28f9a368,5df35b35ce08d3d6f634eccfeb93a143,1,Não recebi no prazo.,"Não recebi no prazo, não tive um retorno de quando poderia receber, e estou me sentindo enganado com a empresa que ofereceu o serviço.",2018-08-16 00:00:00,2018-08-16 15:24:18
8744dcd6a9a8ed84bd2ca7bf5a00e1bf,202ecd14054c7ca8c26634abe19ace58,5,Otimo,Otimo,2018-08-10 00:00:00,2018-08-10 22:29:11
f0288c460876a29926bf6ea306d4a85c,8299af0d040bc54540e8c6a35046e99f,5,,,2018-08-15 00:00:00,2018-08-15 23:31:14
653c99c159f7d98d0cd683bdb62eb19e,1d5f437b878f76103ac129b13e81bbbb,1,Um desserviço ao cliente,Comprei dois rolos de papéis de parede conforme anúncio.... Recebi dois rolos de cor caramelo e flores bege (horrorosos de feios).... Totalmente em desconformidade... Abri reclamação... Péssimo !,2018-08-15 00:00:00,2018-08-15 21:28:19
0afe9c78fcb38b6c676ada24d3ec75d4,0870bb57b1b24052c8ac2cd8df433553,4,,,2018-08-12 00:00:00,2018-08-14 10:43:36
3a5cb7ba2dce9b466161f3365798e88f,7844d2f4784ca5e03bf47dd1ac050bc2,5,,"O unico detalhe e q co.prei 2 iguais e veio em duas caixas separadas e poderia ter vi do em 1 caixa e diminuir o valor do frete so esse detalahe me chamou atencao.
",2018-08-09 00:00:00,2018-08-09 21:15:49
9c001bfdae1ff0062ac7080d1d0b3738,68a049ac76db01ce0790c5dc64351140,4,Bom,,2018-08-17 00:00:00,2018-08-20 16:27:00
bc20146a91378cd9be162d7c5b63f29e,fba96485cb359053087bb66dc9b5d6f2,4,,,2018-08-10 00:00:00,2018-08-10 19:38:56
73fa9ec79556b182fb6dfee1bd95bbe7,116f5088fd9393bef556fc932533e3dc,4,,,2018-08-17 00:00:00,2018-08-18 12:10:02
12bbadc3451c22a823b244340dfb6fc6,eda6f38dade9e617edc1883e14094491,5,,Show de bola para empresa... não me encontraram e me ligaram pra efetuar a entrega. Nota 10.,2018-08-15 00:00:00,2018-08-15 19:51:09
df566377e83c394645b4202bfcb349f9,351c531e51df4db1eedeaaeacb58e0b1,5,,,2018-08-14 00:00:00,2018-09-03 19:53:09
f39611bf5e1f76a3f18703cfafe2b73f,d67009600392acea26eda59caab5425e,5,Perfeito,"Produto de qualidade. Chegou em perfeito estado.Recomendo este produto!
",2018-08-10 00:00:00,2018-08-12 19:40:12
9f4ff6013e2a2d470be3a8025a44a40b,319d8eb9ba6d4f64a4b7c5da23b82cf1,5,Super recomendo,,2018-08-16 00:00:00,2018-08-17 12:07:41
48d3f1d66063d709207d019e488605b5,12e253a6a65d9b9dc662a314f8c72fae,5,,,2018-08-10 00:00:00,2018-08-13 00:46:10
45c7edbdc71c7af963bf7c009632f3de,120b19c8ebbbe34df59e157f3dd1f0c9,5,,,2018-08-16 00:00:00,2018-08-17 00:04:20
f21c150d6febf6a8700a22e570c10469,2cb6e38ed0cc360e8364ac92cbd72c6a,4,Ótimo,Ótimo de confiança pode comprar chegou muito rápido,2018-08-29 00:00:00,2018-08-30 00:14:05
72b8bea2f21ab307cf15664f8f294b6d,54a51314febd38a9bfb89a9f49006289,5,Maravilhada,"Recomendo sempre o site da baratheon, pois sempre que compro são entregues dentro do prazo, o site mais rápido. Valor sempre em melhor condições. Atendimento ao cliente satisfatório!!",2018-08-10 00:00:00,2018-08-12 17:42:14
ca926b9ff4bb8812071030500b2ca8c4,c05dd0beb102cea787767476aa03d03e,5,,,2018-08-09 00:00:00,2018-08-10 01:20:19
dba480ebe9592ed8f4d9df16525bcd66,bf4753bf93e0d4b25fab22e045029e7e,4,recomendo sim,esse produto e de qualidade e muito bom podem comprar ,2018-08-11 00:00:00,2018-08-21 00:20:33
4136d85b0816a434021f7bd94712ee93,aa20c8dee3466002e6bd9d64cdac1bdb,5,,,2018-08-11 00:00:00,2018-08-11 23:35:38
fa207c24dfc4121a7d7b1009837a76ad,276971787e4550d908a7306c2fe79da3,5,,Rapidez e eficiência ,2018-08-22 00:00:00,2018-08-23 01:52:36
7c2e917552dbdab306e4a4488752f928,83262941cdb645f93d2446a666571eb4,2,NÃO CUMPRIU O PRAZO,NÃO CUMPRIU O PRAZO DE ENTREGA,2018-08-21 00:00:00,2018-08-27 14:42:37
ca0d4e61fa8b7bdcdb06731d819c3143,2ce205c58fef8abc5963b6da38e4b2fe,5,,,2018-08-15 00:00:00,2018-08-30 02:14:23
a031ab4274251ad9a93e86003b6e9bbc,edf195e14f83b9753f2cf2f7263f279e,5,,,2018-08-22 00:00:00,2018-08-22 11:15:49
9cab10f901c05c6b34f02023b70086ce,2df3629aa299e4d981055ac3f6be5817,5,,,2018-08-15 00:00:00,2018-08-16 00:31:49
2a8c3fe0db63bdc68ec801d3ee07b1a2,6dc8b8f970d5256ebe88e075c1428321,5,muito bom,,2018-08-15 00:00:00,2018-08-16 02:07:17
95e804d54d3007a2698dc76d2c69a46a,b36a19a1d044f4328c2b659fea4d8dbf,4,Meu pedido ,"Ainda não posso dar avaliação porque comecei agora, não deu pra fazer efeito.",2018-08-11 00:00:00,2018-08-13 21:24:40
d2faaa25736121371dd543733a14d75b,2078512e84c5104a45f4a1b80cce3ed1,5,,,2018-08-18 00:00:00,2018-08-19 13:14:21
242e3bd959c2cddbee0e97af77c0dbda,c3e26e5fb80a6b20f91b8a4f4b5b6141,5,,,2018-08-10 00:00:00,2018-08-11 11:00:22
47068150ea7849de742cd5e48bb386a2,aba560ab127e5b68433f34376747f9aa,1,Falta 1 rede ,Faltou 1 rede chegar chegou somente 1 rede,2018-08-10 00:00:00,2018-08-13 02:14:07
055f48e41c3413b81ef0dcdee9311d61,371d3a892917017b32ada644ba1f301d,3,produto bom,"produto bonito, porem com acabamento mau feito",2018-08-16 00:00:00,2018-08-16 22:57:15
d2d5cc250c1ca27314de100afef898f9,e661124f7936eccc5d961f2dd754f865,5,,,2018-08-10 00:00:00,2018-08-12 22:32:16
c1b71fac499523deefebaf45957320d9,91fb016286a84fa7006aa6033499914b,5,excelente,,2018-08-23 00:00:00,2018-08-24 22:56:25
d8bef0bbad507b83d991b958f50b33f3,a162da83b66ff8c619d83b87c1de93b9,1,não recebi,não recebi o produto no prazo previsto,2018-08-23 00:00:00,2018-08-23 19:38:10
2cb1392debddc58f1a6e1780e266d992,b40657a8b73e674b61107a06e46b6f8d,1,,Comprei 2 unidades do produto e só recebi 1,2018-08-08 00:00:00,2018-08-08 21:42:31
9fafa4e2338ca9a0c6f6af53a38d66c2,d1f3aacf6953cd2cb98b26b17fa5ba14,4,,Veio com defeito de fabricação;Mas já resolvi com a americana.Vai mandar para troca com o fabricante.,2018-08-21 00:00:00,2018-08-21 23:34:32
3f4c7632d46d34e18082054d8511272f,37404c7e8f026ab1b81aef92a59939b5,5,Bom,Muito bom,2018-08-15 00:00:00,2018-08-17 11:56:57
6f77ea6a56a39ef660c520e18684b830,4505acb3759da6b9c7d79a80d29ab3bb,5,,,2018-08-19 00:00:00,2018-08-21 05:08:42
aa19cb8c6d939e65f119bbbed38d94ec,c68d61e0221d10f9ffd722a96a2f10cb,1,NÃO RECEBI MEU PRODUTO ,"Não entraram em contato comigo até o momento, só foi emitida a nota fiscal e mais nada. O prazo já passou. E até agora nada. ",2018-08-11 00:00:00,2018-08-13 16:43:16
cde0d354842170ddfe413b2d6de3f45a,cba0deb7b7e121a54760408a83ecc42c,1,,O produto não foi entregue.,2018-08-12 00:00:00,2018-08-14 10:03:50
d69818a5b332a9b282939dda0b8e7765,7e3b7b3527cce28aa98702e05fda566e,1,,,2018-08-16 00:00:00,2018-08-19 22:02:34
2c56480e8d88a8878c04c51fbad4617e,e4a4e438b4d2f4b43f3831c332beb438,5,,,2018-08-23 00:00:00,2018-08-24 16:45:29
ff3c886afe4a899dcb6ed721c8f4a22d,c4b7e0f753bc9776f48075c977a2d623,4,,Não usei ainda mas chegou antes do prazo ,2018-08-11 00:00:00,2018-08-12 13:18:03
22d2657f5b5475eea70ad746d1913535,3c3e5bec9a05202ab008c05c55f951fc,5,positiva,Recomendo e assino embaixo.,2018-08-16 00:00:00,2018-08-21 17:30:14
34099fedcb1c9cd5b01c70ec8f1ea071,711f6009f8bf028b3fa426696b581432,5,,,2018-08-11 00:00:00,2018-08-11 21:23:11
feaf5d67f21fb610b3b518d6c13301e2,196b28752aee8590f3ae915f8592b4f9,1,,,2018-08-11 00:00:00,2018-08-13 17:54:55
fd8c3b811ae4ad7588428b28233a937e,c0bc6e5c9ad833c1a7a566871b33c938,5,,,2018-08-11 00:00:00,2018-08-13 18:38:49
a5eb5e72b7a7ae4fc1b5844ca0d4364c,5658cfc0ef9916f519d7619207a08379,3,Legal pelo preço ,Então entendo que o produto é chinês mais veio com vários defeitos tipo riscos na pulseira mancha preta só que não tenho tempo pra ficar trocando obrigado ,2018-08-10 00:00:00,2018-08-13 06:10:45
247616e450dde0f344fc0cbb76db3380,71b63cb24c0cdeeb5604ab4b0e891c87,5,,,2018-08-14 00:00:00,2018-08-16 22:37:57
b585b6d3dbf598f3c8d7356408c654a1,9d87d0391a942964abee51bf76befef0,5,Relógio muito bom mas....,"Relógio muito bom.
Botões, visualização mas a pulseira deixa a desejar. Marca muito no braço e chega a incomodar. Tirando isso, relogio muito bom...",2018-08-11 00:00:00,2018-08-12 02:51:15
273fd8152ff57ea2497219c3b06189c3,89875b3e82ac7361593b7c13d1ea5a02,4,,,2018-08-12 00:00:00,2018-08-13 14:41:44
549ead6521df431bead061cf252dd3de,dcac490b5b3b967a6ca5d810dbca27d9,5,,,2018-08-12 00:00:00,2018-08-13 00:50:34
77a21ceed057deb1212a383310e4677f,0a2820ea58a627b97ba956f38567cae8,5,Excelência ,,2018-08-18 00:00:00,2018-08-19 13:05:35
78b71c155969e2366f6c2ec2dccb868b,897abc3130a6d4c579a229b45349f611,4,recomendado,É SEMPRE O PRAZER COMPRAR NA AS lannister......,2018-08-10 00:00:00,2018-08-10 19:21:50
ba9e123495cce18473555760f621ce2b,1b2ea47a491df032b8a995d37f045681,5,,,2018-08-15 00:00:00,2018-08-15 20:49:43
edab2026ef35d2531f9561b5d590f807,c3aa0764f72af0672f23966336a8fd0c,4,,,2018-08-21 00:00:00,2018-08-23 21:06:32
7be1c3b85fefca4735e0d5a334da8293,d24b90d375b1415ca40e5b531d04a6bf,1,Horrivel ,"Olha meu produto veio com defeito,ai mandei para garantia e a garantia veio com defeito tambem.",2018-08-10 00:00:00,2018-08-24 12:39:39
59d34a9cf1717d4c3516d7ceea900a27,2a197a3a167970df77d91b94905578a1,5,,,2018-08-11 00:00:00,2018-08-12 02:54:01
36baee95da35ec15c8f2f7374dbd464e,f8204e84e9a426029a3f9848738caf33,4,,Muito bom.,2018-08-12 00:00:00,2018-08-12 23:12:22
50849fba137ee51a11962409e693ab52,f5af86a3bea41e5daef5c06e7a02ad2e,2,,,2018-08-15 00:00:00,2018-08-15 16:31:07
a1480680b2dec69cb991455654c36420,80c6a53cf1e905c00caa7d3d85a4bdb1,4,,,2018-08-25 00:00:00,2018-08-26 21:38:55
54ae969e97682eba2cd43bf9e9c7d5a1,a1ebec3b404746545a11186a23a88baa,5,,,2018-08-11 00:00:00,2018-08-14 11:18:08
6fac4ff0f6e5a77539221d6bec255af3,e5e6a20a4c3fbe6ee280c01f8fe279cc,5,Recomendo!,"Produto de ótima qualidade, com cores vivas e bem recortado. Deu um pouco de trabalho pra colocar (devido à falta de experiência) mas o resultado foi surpreendente!",2018-08-15 00:00:00,2018-08-16 11:20:53
21f6fed10205ff28299987e6419b6f9e,c2412fc369f785dbaebb28b731f92bdc,4,,,2018-08-09 00:00:00,2018-08-10 09:05:42
78365da66322c59512af308b0dfd61cc,57cbc8e34a5ceffb92f8b3193e4ffdb8,5,,,2018-08-09 00:00:00,2018-08-10 12:20:26
a685bed4600bb7642a7ccbefe9648f9f,9951937ab72b12a841cb4f931ac8bfbc,5,Rápido e correto,"Rápido, bom preço e item correto.",2018-08-15 00:00:00,2018-08-15 22:25:49
5d087adf21e1a92b497e59b710e21e85,96c2e97254411b014e9c6497388ae8bb,3,bom,,2018-08-15 00:00:00,2018-08-16 17:37:48
16608004117a6c5e67f8c4d1f0e518a7,c28c4378f50e09ee967e830dac65634f,5,,,2018-08-16 00:00:00,2018-08-16 14:21:50
d9a0ea668340ff32317307168bbb49e6,3438960569bf3e42fa63f8e7bab0ac03,1,Atenção,Não recebi nada!,2018-08-12 00:00:00,2018-08-12 14:25:49
670f66c863916df3f7fd572af8de8c13,014ac3cfd0e55bdc2cdd12aa181b00cb,4,,,2018-08-14 00:00:00,2018-08-15 01:16:21
e7c0792050dc0d6194e396adae3d6ec9,bf8569849cf96423f89a59792c83184e,5,,,2018-08-08 00:00:00,2018-08-14 13:44:22
8d03499727854af8857218abf03366d7,6b51309cb191abb919de57f626c06719,5,Nao tive problemas ,"Recomendo, chegou muito antes do prazo. ",2018-08-09 00:00:00,2018-08-10 12:20:20
95c44204c0b490257d1c34cfdc6e1cd9,a2b932dba58739e74b19e8216b7de165,5,Muito bom,,2018-08-10 00:00:00,2018-08-11 16:41:44
50159be3324818783d2662534eb31484,3bf7afbf899683dbd726ff8b50d69c76,3,bom,o produto é bom a entrega é rapida;mas frete muito caro.,2018-08-04 00:00:00,2018-08-05 02:26:50
68fa8ec9b6eff66e5e313c532679219a,7c7730a9be0a2cd5d43285e6e53476d8,4,,,2018-08-11 00:00:00,2018-08-11 22:53:20
282f648dd1155e9f52d6a76b00f53227,847e04c1fabd29748790e74c1430c603,1,Pessimo,"Não entregou o produto e nem deu satisfação
",2018-08-15 00:00:00,2018-08-15 13:03:30
d6389a1baa018d27de62a31f7f4879aa,4b2dc3d5bb4accd12c73d55b2a10f856,5,,,2018-08-08 00:00:00,2018-08-10 11:14:38
2602b96fe7751841a291c62c8f09f8f5,c2fb804b4b295e3dbb9bbd7388946e32,3,Termômetro portátil ,"Produto não era o mesmo da foto, embora com características funcionais semelhantes.",2018-08-15 00:00:00,2018-08-16 07:58:22
230200e31b6af4848e211656738a149b,417e44a3df3ce085aeafc1976354af8e,5,Perfeito,Ótimo,2018-08-22 00:00:00,2018-08-22 20:26:46
8de59983eadc752efaf5e7c5b4b46787,c021ea4a80ce0d1bce358a2f831c34db,2,Produto veio diferente,O produto que pedi veio numa numeração diferente da que havia pedido ,2018-08-08 00:00:00,2018-08-08 22:49:30
afde57c34517e3dd7aeee32b08d06c4c,905abf7e67aedee76e5974a22bcef8cd,1,Não recomendo.,"Relógio não valeu o que paguei. Material de baixa qualidade. Creio que as Lojas lannister não deveriam vender ""relógios como os de camelôs"".",2018-08-10 00:00:00,2018-08-10 19:14:20
58033f35148d2fe7e42b4d6b8369b09a,759ceb2a861358153b8c0727e3552c65,4,,,2018-08-14 00:00:00,2018-08-14 21:15:26
3bb53a80ceb931497ff1a01d3a6b0aa1,115faf732ae2a6adbc96dc35069621e5,3,Cuidado com a imagem,"A única observação é que se trata apenas de um teimosinho, o que pela imagem parece que receberá dois.",2018-08-09 00:00:00,2018-08-11 11:03:22
abad27856efa9e0a834fdb925331c55f,08804ff605210017ad305e46cbd4e3c8,5,Muito bom,,2018-08-12 00:00:00,2018-08-13 14:45:54
2dcef8beafd3acf3e96d42ab2c27b310,47757e40bf5bef19314ecbdf38a45d41,4,,,2018-08-11 00:00:00,2018-08-13 21:22:22
26494ce5718ca133c4bb501a1ff89036,2a77dac3cf72264c6013ed1ee5fa8cad,5,Excelente ,"Produto conforme descrito, entrega rápida. ",2018-08-16 00:00:00,2018-08-16 21:10:45
63203f7339ba1474f09fc886798c6d9c,820bd7a99cb9df2daca2dc8125e0f7de,5,,Amei o produto e chegou bem antes do prazo dado,2018-08-14 00:00:00,2018-08-14 22:54:01
185f775f7ec5e03d93123573805578f5,eec93f9fe0cc92067ebff02639cfd67d,5,,,2018-08-18 00:00:00,2018-08-23 16:24:16
88415a0bd45a66749c4ee2d3eaf7fe73,198edc616965e287128e8854d4ac8b4b,3,,,2018-08-08 00:00:00,2018-08-08 23:11:00
5493cc3575da99853500b591b6245ab6,a85c1538df5701aa9a7c6cc423bd80f4,5,,,2018-08-16 00:00:00,2018-08-16 12:49:25
2106c2c02f575c56a0117024b1162d32,a650c714762d0184be820c5e311c8d96,5,,,2018-08-11 00:00:00,2018-08-12 10:00:59
1b9e406bbc8412b2d9a49262f34e0958,d2deb9270ebda7fd5dc5ff3b9a499a58,5,,,2018-08-22 00:00:00,2018-08-22 22:59:27
c6b7b101ce4a1d79d2fcd8031d63b292,9450a19a745c16784964ea86003dc665,5,Super Recomendo,Produto entregue antes do prazo combinado,2018-08-10 00:00:00,2018-09-11 18:00:00
8eaad086732cb5f9ec409f56209bd159,909b69f5894c4b1a14264b64f98b4e10,1,Muito Chateado com atraso,"Muito chateado em pagar 25 de frete 
e ao menos enviar no SEDEX 10..
ou algo parecido.

esperar quase 20 dias. e nada",2018-08-19 00:00:00,2018-08-21 15:12:04
56938b0f621ba8b13e269de34be9052a,cc747bcd22a8ec8bbddbe6c96945a5ad,4,,,2018-08-16 00:00:00,2018-08-16 23:50:37
9cadd4af8d9e742ee0a3ea8495e5b5c8,c4d4197abeec6caeaef01372a05ff714,4,Ótimo,"Recebido no prazo, chegaram os item separados, um em um dias outro em outro dia, mas tudo funcionando perfeitamente!!",2018-08-15 00:00:00,2018-08-17 03:18:18
b24b0f6ba7eeb2d9e6cb990fd5ab4c65,4cfe6efc40f9645ef7b88440a1c64149,5,Avaliação,Comprei um produto pelo site e foi entregue no prazo e em perfeitas condições.,2018-08-12 00:00:00,2018-08-12 23:26:54
481f4438f30481147b712343c1dcf2f8,703ef7c6795e0ee91cff038a9a81abb5,5,,,2018-08-08 00:00:00,2018-08-08 21:38:23
a3cb7b7153b41e82d2aa5911e8d0c97a,13d42b83c086bc8b73e3b9c8aca4b88c,5,,,2018-08-04 00:00:00,2018-08-07 02:46:22
dc150a7f68f8733e2737b10d931788d0,375aac0ed45f117fefb4e511189306d4,4,,,2018-08-16 00:00:00,2018-09-21 20:17:23
ece9256871e1d186f5b6718f3a552373,265a8ba29224f47c0476cfcfa6986f77,5,,Uma das melhores lojas da internet,2018-08-11 00:00:00,2018-08-14 13:57:55
6a4d1a109f22e4ffb593456139cec87e,dd85a2e16f897db080450d64a4a67628,5,Otimo,Entrega chegou antes do prazo,2018-08-09 00:00:00,2018-08-11 12:04:35
4037e15146c2be40c1ffc8fae73cd21f,482ef538799136578c9ae6ffc2d93252,5,,,2018-08-09 00:00:00,2018-08-09 18:26:49
b7e6ea13ea97ce0b142997f66bd12a81,f478f5a8d328a5e473e8c09106bfb312,4,,,2018-08-09 00:00:00,2018-08-10 01:56:06
8e322473be039230e318404ecfec3b36,ed20372f93978f02adb6424088ddb730,5,,,2018-08-11 00:00:00,2018-08-11 21:21:58
0d11b7afd07f32d18a8ffedfe07dc349,be0b6a23108963f24b23e7aa663d2eb4,5,,,2018-08-11 00:00:00,2018-08-17 16:58:11
496c1930cbf189eb1d64f7f8513fc22b,917fa92d0e4a7a2297aa28d79a35b64d,5,,,2018-08-14 00:00:00,2018-08-14 20:27:39
a38b8d76ae4c510a3d4e7ce019611fe4,57c38272c5be87d337e47ad5f1d88343,4,,,2018-08-11 00:00:00,2018-08-14 00:56:49
5745f121d4f0b090be75d89a3d74c99a,cb38a96792763020d1c6a3f5e3073026,5,,,2018-08-08 00:00:00,2018-08-08 22:27:28
19c718798d3e3aa315b9cbc7f3724091,fc5940447e1729d88293fb999ad3c2da,3,Adaptador de 12 v p/ 110v,"Comprei o adaptador, porém muito fraquinho, não serviu para mini compressor. Achei que deveria vir com mais especificação. Mas voltarei comprar na loja, perguntando antes sobre o produto com o vendedo",2018-08-14 00:00:00,2018-08-15 07:56:00
7391d41aed621a25d380ecc0113d1655,977ec2dc0bff193996408d1631b22181,5,,,2018-08-11 00:00:00,2018-08-22 13:23:46
78482aef21a433e85c995b102c42f5f4,c8097c4a079d36884044cd13c0df3452,5,,,2018-08-10 00:00:00,2018-08-12 16:46:34
d17632341204e822215b5c2008827781,0dbd7242192102a62fc3677d4d42b5a1,5,,,2018-08-10 00:00:00,2018-08-11 23:42:50
1f30f338975f79dc83ade22d88af21b9,186f1e57fee9e20849f58439056655a8,4,,,2018-08-07 00:00:00,2018-08-07 17:46:44
7c4d312151aec770f0cfae0d3525a0df,684dd0a88e0981f537557582bc8acd90,5,,,2018-08-11 00:00:00,2018-08-12 01:37:08
f900d3f77837930d046ba8ac40f80754,1ad01a793bf3c9b8c126414f162a6a0d,5,Otimo,Compra prática e eficiente,2018-08-09 00:00:00,2018-08-11 01:30:02
a858d652f94c762f2d08941ecd00a53f,d28a0d4aabf9fe1941c36b8d1af9bd5a,5,,,2018-08-16 00:00:00,2018-08-17 00:19:30
3a995dca5cd883de3eb8c971002b6b8a,bc839831ba2010861cf9e75ed8f1306f,1,Atendimento Péssimo ,"Primeira e Última vez que compro com essa loja, comprei uma mesa cavalete no dia 02/08/2018 , hoje estamos no dia 24/08/2018 e minha mesa ainda não foi entregue , não consigo contato com a loja",2018-08-24 00:00:00,2018-08-24 10:07:08
85a391b84d8e864de7190a2afb6f82e4,292362d65fdd556daf473eaeaa487a06,1,não cumpre prazo,Não cumpriram prazo de entrega e nem avisaram o atraso.,2018-08-12 00:00:00,2018-08-13 13:33:24
e656f2bcac7fa80b7c6377ecf2814967,bfabc9ca0342b03adf7e07f25c4a4058,5,Excelente ,"Progressiva realmente maravilhosa, sem cheiro ruim e deixa o cabelo muito hidratado e brilhante!",2018-08-11 00:00:00,2018-08-12 21:19:44
9cf5231529bb3d37ea87e44b5570e2e7,6711d32f6b3652ef28afeb71bcf586f3,5,,,2018-08-18 00:00:00,2018-08-18 19:44:47
6e8cf20456a8aa4ac20e3ffe288e3d48,4f88a7f264d48920c4f0762d160212ca,4,bom,"demoraram a colocar nos correios, mas depois foi rápido, mas atrasou !",2018-08-17 00:00:00,2018-08-17 08:45:15
871de0244d05b81004f74ed651e83164,2aaa173ecc917a0e748a8e8ad584534f,5,,,2018-08-11 00:00:00,2018-08-12 01:26:04
950264ec99b3f6154fcd80661e8a366f,920c5e9d5a8a142e714aed65b5e06f8f,1,,,2018-08-19 00:00:00,2018-08-19 04:18:52
8ab1b2cbfb6e97aaac0aa35ee76df973,655ad03e23e4483c96fdd1139788fee9,3,satisfatorio,,2018-08-04 00:00:00,2018-08-06 16:37:30
264cf7130f3a23254d0cd6665d426bc4,8ded9e858af4bfcc66b2bfd35b762268,5,,,2018-08-08 00:00:00,2018-08-09 01:22:43
3014755015a6f45b8bc8ad62983a0573,e16fb24453a306d5d6ba1fb3156df7a4,5,,,2018-08-21 00:00:00,2018-08-21 22:47:36
d1cb6e8ac59c40427069ffddd69e0346,11fb3a6f90bfba7e4b6717e62fe6cbc1,1,PRODUTO 3 DIAS DE ATRASO ,PRODUTO COM 3 DIAS DE ATRASO NA ENTREGA,2018-08-12 00:00:00,2018-08-14 00:18:15
e680e6725e7642642e226160696b6a0c,626a8ff56da018438dd2249de58f0014,5,10,,2018-08-24 00:00:00,2018-08-24 21:14:40
e84e03a002279a22db194736b91b82b4,6f177560cdac40d55fa56882c853569b,4,,,2018-08-25 00:00:00,2018-08-25 21:25:00
529766fe9bd8184f1e41ec58998d62cf,7b186487147f406839316cb0a719d4b1,5,,,2018-08-17 00:00:00,2018-08-20 00:40:35
05ca650e28c86bce40aac7d14e2e4dd2,c3256d0b41fca9e8892884ca21306c59,4,Bom.,Sobre o tamanho mais específico. Faltou algumas peças. ,2018-08-09 00:00:00,2018-08-10 00:38:17
e4fbd692345895fbb2c50bfc9220aeca,ccb3e2fc8477b6fd3e3edf0dad0211b6,5,,,2018-08-11 00:00:00,2018-08-13 09:06:29
fe647aff428e9bd34f7d0c326a1ef4c7,7c926685c8c9410446902c46d3929d08,1,,,2018-08-30 00:00:00,2018-09-05 21:04:09
f34e4153a25584cbdac1b14f7cec433e,99f6d132908e686db5ad8db097e76aa3,4,,,2018-08-08 00:00:00,2018-08-23 11:28:44
6c698e5d193ab18db7615ea75a28866e,b8b61059626efa996a60be9bb9320e10,5,,,2018-08-22 00:00:00,2018-08-23 15:29:34
b5ca827d5ec9f58978e7631f95680377,788fdf598d5dbd1de9c4865b1b1824bd,5,,,2018-08-10 00:00:00,2018-08-11 01:39:30
8f3e304ddad170208c8951bf55f1c2c0,b4cac287aa00c47e84e6e899d809a9e2,4,,,2018-08-08 00:00:00,2018-08-10 22:00:12
c5aa6dc16d55a61e9659070a36a31f24,79aee5d2f7328b2d701eb4e87f54ce47,5,Avaliação de entrega,Produto entregue até antes do prazo. Em prefeitas condições. Super recomendo.,2018-08-16 00:00:00,2018-08-17 12:47:19
d5fc905526b399187edadeed7c9b5288,22c8ca185710c015f6ae93a6d78c9b4a,5,Excelente,Produtos em perfeita ordem e prazo correto.,2018-08-28 00:00:00,2018-08-28 21:18:12
52c967c50e3040b61baea82cbc632e6b,b44c0f4d0cdb8ae7289069d703ca6db8,1,Pedido incomplete.,Fiz o pedido de duas lumimarias e só recebi uma.,2018-08-10 00:00:00,2018-08-14 11:24:40
9c73951b78f006ca82b6b014fa833349,d22d34dc3b27dd6647daeddbcc570636,5,,,2018-08-11 00:00:00,2018-08-14 18:04:15
18e87ce15108fd10067d7e29759c8f1f,a8a737a6c936da9f10807e4c4262da72,3,,,2018-08-18 00:00:00,2018-08-18 11:06:17
2a195b026ae9a97c275c8a6b748d81ea,4959c38155b6320f1e4bd741132334e0,4,,,2018-08-10 00:00:00,2018-08-10 21:14:08
88e21bc61092063208deb5964cb4189f,5935d2e5e81201ca0c8233ea39b5b63b,5,boa,,2018-08-22 00:00:00,2018-08-23 21:11:23
0d7e92caf515b5733fd9a2a45bc8b10e,df7133582058755527a65a8395403d26,5,,,2018-08-08 00:00:00,2018-08-10 18:19:42
4b9eafe03072ce58dfcedd24ef0a2573,fe4021e2697d2b86229336b10e91128c,5,Ótimo Produto!,Recomendo!!!,2018-08-08 00:00:00,2018-08-13 00:11:14
5b86e1ca912827bd7ad2816c0ab79aea,5d971e980c1ac22c7eea39b173d48679,5,,,2018-08-21 00:00:00,2018-08-22 02:42:06
a0be385e0ba2a87876aa93671c80a1ef,f3dcf0d2824efde907e341ff4997f693,5,,Parabéns. Estou muito satisfeita,2018-08-15 00:00:00,2018-08-16 01:38:42
e3c1b775220b33cccaf85f1e5af5aefb,70a4b21bf18001a99d94bf894697b8c1,5,,,2018-08-21 00:00:00,2018-08-24 20:51:12
dbbd7f49e49618e43034f5c0d04b7a3a,cd4669d3b4eb487d41fc3919a3b1b8b6,5,Excelente.,Produto entregue no prazo e em ordem.,2018-08-09 00:00:00,2018-08-16 18:09:33
ecbef60c998fa80d00b20c5d1eeece4e,15e67a6eec264915cd81f8f57dbacd81,5,5 coroas,excelente,2018-08-14 00:00:00,2018-08-14 17:52:23
2958d869de3eb7a2a72f864232e764f3,8618c8cd264cece4218bfa403bdc4b14,5,sensacional.,otimo,2018-08-14 00:00:00,2018-08-16 13:57:49
bc6c59e8ea1a181e2d8bebbf87eb70c0,01c156f67900e1f33d1234ce92cb18d9,5,,,2018-08-18 00:00:00,2018-08-18 16:41:04
046748be03abb9d0829a5b8a9188e2cc,bcdad86f44c780bf1aaf24b66dd97753,1,Sem produto em estoque,"Comprei e depois me avisaram que não tinha estoque, situação extremamente desagradável.",2018-08-22 00:00:00,2018-08-22 10:55:37
e8225419d3ee729c4c28ce60af0aa510,51520d3bdef580c2ffd3b8fea209172a,5,Ótimo produto,"Chegou conforme consta na descrição e nas fotos, e foi entregue antes do prazo.",2018-08-10 00:00:00,2018-08-13 11:07:01
32d8aaa99609ef715cc09cfe96bec2a1,a2a04ead650a00874aec73c0d989298b,4,,,2018-08-05 00:00:00,2018-08-07 22:06:45
0db295270ad64e1781f9017d31de5a7e,8b75c1d5d99e30c53acf26bdfd1f29bc,1,,,2018-08-15 00:00:00,2018-08-15 19:16:07
db488e5fc24cea7558a4fd7c900d57d0,aad035e568a4d856b8cfe95cd55907f2,5,,,2018-08-14 00:00:00,2018-08-15 18:36:47
8b1090586f2ed5ced2b4124fbbea2578,fef34b6fb683748342c85724a3fddfd3,4,,,2018-08-10 00:00:00,2018-08-15 15:00:54
d1836852f812a2743d4599b80412b148,f5f5e7dc064892b36f19ed8c2b40e1a9,5,,,2018-08-30 00:00:00,2018-08-31 00:43:34
8e7e294ade7d80ef8c69d57db9180942,9d83685f52030d78be6112d861500ccf,5,MUITO BOM,,2018-08-09 00:00:00,2018-08-10 11:12:49
753b48134f950280bb61b31da33f8846,8da7a1c49a88ecf2f5a92925c9333af1,5,,,2018-08-14 00:00:00,2018-08-15 14:59:21
78f8ba147b53fa7ee0afed59b847d260,2b46723e0416af4c04c758c77bbf9279,4,,O acabamento podia ser melhor.,2018-08-09 00:00:00,2018-08-10 13:55:20
e0b5c20f40d1e4301520a12514d3b625,a9493527e59e8341b49a5d0a41b0623b,5,,,2018-08-09 00:00:00,2018-08-12 04:07:09
f0aeb8d3c2730908877ae552c266ceab,5b01111319bb33fcc77bb2aef3e938ff,5,,,2018-08-09 00:00:00,2018-08-10 16:57:25
402384534b947ee8032da0423c3d01f4,c89a29cbd8db5a3dc5750a3748985526,5,,,2018-08-15 00:00:00,2018-08-17 19:58:38
509a1ee873adfe55a3f29aa8151bdc6d,363c3c7c87e46fc1262fbd46cf22daad,5,Ótimo,Muito bom,2018-08-17 00:00:00,2018-08-17 18:29:38
6e6457c0fd6102a52dfd124a0353cf61,d802b8adcfb2cc03772c0645c9257a4a,5,,,2018-08-17 00:00:00,2018-08-20 13:10:14
1772040f6b454e3275f8f1a7a032bcc8,ae2534a5b52aefc2aee11e48ea987cbd,5,Muito bom,"Recomendo, entrega super rápida ",2018-08-16 00:00:00,2018-08-17 12:32:48
71c1469c326f2d360d45b561deb11de0,f6ac44bbece0129b596dfc21aede3c20,1,Não recebi ainda. ,Entrei em contato com o vendedor no dia 16 pela última vez e disseram que era problema com o correio. Até hoje nada. ,2018-08-16 00:00:00,2018-08-18 09:58:47
f6b1702e32a9806b20fb15d720a40b7b,095a4047965f98a409258e1db6c99e79,5,super recomendo,"loja seria competente produto maravilhoso entrega antes do prazo tudo ok minha loja preferida parabens 
",2018-08-15 00:00:00,2018-08-16 00:40:30
0daf63f26d677362fe43acc8fbe16b08,f12e95396a91baaadc20348d68728946,3,recomendado,Gostei da compra ,2018-08-09 00:00:00,2018-08-11 00:00:54
03481cace568fd150210bc6eb7ed8f83,b70f6b5a22ff6a89a473176bce5c5f88,5,Excelente,"cabo de excelente qualidade, chegou dentro do prazo.",2018-08-14 00:00:00,2018-08-14 19:12:45
0de0648ce2a8fc6db22751edd8190522,a3729d646cfea82533ffe6992fe17539,3,bom,bom,2018-08-07 00:00:00,2018-08-08 00:10:23
72e684d56361095064bef2a1d14b7ace,0e0170b61d0a01970751c69f238a4dc2,5,,,2018-08-12 00:00:00,2018-08-17 00:38:30
30085794988367d768c175dfc8469ef7,421bb69fc426ab8530ef85399541a9ac,2,Aguardando produto,"Recebi o pedido pela metade !!! 
Já comuniquei lannister sobre ocorrido e aguardo solução do caso !!!",2018-08-14 00:00:00,2018-08-17 20:33:54
7a3572da88b1470a54db29138bd81b34,533e69dda70ac7671a0bda8bb5fc08db,5,Muito bom,Gostei muito do produto chegou antes do prazo. ,2018-08-25 00:00:00,2018-08-27 23:48:09
575854dcd2f4e0a957d19febe8e3670d,dcda6f9e7ef0110e7cfc192c003c8ae4,5,*****,"ótimo produto, revendedor confiável. recomendo",2018-08-16 00:00:00,2018-08-17 13:52:20
944af1a2fac2973a503a607f5f33f2d7,dea423aff47d60bcd5f0678234bf8c3f,4,,,2018-08-15 00:00:00,2018-08-16 02:28:27
ca15703f012bdd62cf79226e36c8c06c,6fd99ae46481ecfc9fa468d54f403e90,5,PERFEITO SUPER RECOMENDO,,2018-08-09 00:00:00,2018-08-10 12:35:04
d4bcde18de1a594de0af63efa3df42a8,3b5ce64f9f05683358404919c5872b8f,5,Tudo beleza e rápido.,,2018-08-09 00:00:00,2018-08-09 20:47:47
e21106d0edc21f811ef2c3ab2c3c1f86,34f054dbc6acae464a192cbf2083cf72,5,Ótimo ,Recebi meu produto antes da data de entrega tudo perfeito funcionando do jeito q eu vi no desenho. Super recomendo...,2018-08-22 00:00:00,2018-08-22 20:17:39
4151a0d50d84e1d7123fa5e47c1f7851,3b877e13f7c459f7a8f3015dd9bcc2ec,5,Muito bom!,Muito bom!,2018-08-14 00:00:00,2018-08-15 09:51:29
a2becdbe8421610a20f04d51398b248e,dbb786efd821d7f903d79cb502ba3083,3,,,2018-08-10 00:00:00,2018-08-11 23:11:11
a2c58b607b474e0acdbc7b470f384834,420fb4457bf13ecb615ef8bd9dacdc03,5,,,2018-08-22 00:00:00,2018-08-22 22:00:48
b96ec7addfd0f3070173f34c9267f069,b067f7c5967819ff5e1cff8bd3814a6d,5,,,2018-08-16 00:00:00,2018-08-16 20:04:46
5d70ad634ec321128ddd4448ffd4e745,8a268898598fdef7f8a38b795bc111d9,4,bom,gostei muito só achei que após a confirmação do pagamento demorarão muito para postar o produto,2018-08-22 00:00:00,2018-08-22 19:10:08
b0fb2726083215e32172fdd6fb8b0904,f887e6cba479b38cfeb57c84d0b5c2a6,5,,,2018-08-16 00:00:00,2018-08-16 17:15:39
070ed4d6f1cc6097bf812b09293aad19,6fec846920d64dd20cad8adb75d01e8d,5,,,2018-08-11 00:00:00,2018-08-12 00:04:24
ede6bcdd2f7793bd222035d89bf511ff,a23fc2b3af4f1a48e6105fb5dd8d1348,4,,O único detalhe é que a etiqueta que deveria marcar o meio do tecido está no lugar errado. Mas o produto atende às expectativas,2018-08-14 00:00:00,2018-08-14 23:36:16
052fe0df805b1f3506a3abd082c37a6f,23cb58815b6e6ba073afff7d37258dfb,5,,,2018-08-09 00:00:00,2018-08-09 23:39:03
f53c8dbc5b50d8cf763b12a651d9a944,e6179e66e05b531c6f8ad2b292717091,5,,,2018-08-14 00:00:00,2018-08-14 17:03:03
b3fa036e9a0f28be3175906baca02db1,3b881091c6fc2687191b01c705287c13,5,,,2018-08-16 00:00:00,2018-08-17 00:29:40
fea46f78ce903a1cf5891e89b5b395f4,1ac975a2e0caad3a89c4c5bbdc8f996a,5,Muito rápido ,Muito rápida a entrega!!!,2018-08-14 00:00:00,2018-08-18 11:12:48
ffac91a923b560d742de565629682c32,e79714832b01797085c10409669150d5,4,"Bom, mas atrasado.","Produto bom e vendedor confiável, só pecou no atraso da entrega e necessidade de e-mails para acompanhamento. Compraria de novo, mas podem melhorar.",2018-08-11 00:00:00,2018-08-14 13:00:06
8bf2e9a886b7fd58ca20f8f44ee3ecf6,25d6858f3b1d2f332623bdccb12db9eb,5,,,2018-08-10 00:00:00,2018-08-10 22:07:21
ada6b6b111555572496c8b72cec24e70,b0928556a10706af462ca2ab2c91903b,5,10,otima,2018-08-15 00:00:00,2018-08-16 01:16:12
2d47a6f73ea192937fccdc114e6c0ecb,0152de20f6e09fb1133847df8babd490,4,,,2018-08-15 00:00:00,2018-08-19 15:42:14
f3f3bb39cfabb3aebe63b4eef4de08b7,7f579e203c931f3e8410103359c6d523,5,,,2018-08-11 00:00:00,2018-08-14 02:27:05
6bb4056c14f01cbc2d844363e10202c5,fa6e801a54147fb8ada766a1f407a80f,4,sim,bom,2018-08-08 00:00:00,2018-08-08 19:06:27
13486846cc162ea66c00349dd136dc23,c863a49cb9cb9a145f7d39a575866b44,4,,,2018-08-14 00:00:00,2018-08-24 19:33:21
7aef54164c43cc500cfc10f8e69a85d9,df68ea0d1a2a2b9d4dfa236820acbe9c,2,,"Pedi 2 jogo toalha banhao c nomes e códigos diferentes no site,mas chego dois jogo iguais da mesma marca passione. Não sei se embalaram errado. Vou ficar c os q chegaram até mim. ",2018-08-08 00:00:00,2018-08-11 01:43:30
4620a67603ababb12a56f521a124a400,62194497cd66edf084b172f8cdff8235,5,Ótimo produto!,Recomendo sim chegou no prazo e o produto é de ótima qualidade.,2018-08-07 00:00:00,2018-08-07 21:55:19
d89577daaa2358a565a0a70c6728e2b2,fd7bc10be53abc6d0c38867a72503dd9,5,,"Parabéns! Produto recebido antes da data prevista, mais barato e de boa qualidade!",2018-08-18 00:00:00,2018-08-20 10:54:15
1b2284f7058c285644fffeb17b531b05,e51a9885ddaf8cc8e4a5f760fa7992bb,1,,,2018-08-19 00:00:00,2018-08-21 02:20:12
18d7ba4dc2f28eded4bd8f2dab842e8c,93ae3d70a721582a8c0a1d28d804f947,2,Pedido incompleto,"Boa tarde, nessa entrega estão 2 pedidos e chegou para mim somente a mochila, o controle air mouse não veio. ",2018-08-10 00:00:00,2018-08-11 16:00:02
646925f8960ae3df6eaa6f8fa10b8fab,1778680c0dd08f2bcd27642d236a91f0,4,,,2018-08-18 00:00:00,2018-08-20 23:03:01
180aa51b8f72c9a5d11d2d6f5c40cdf1,6753ca1ed484341d2218aaa7ddc18e20,4,,,2018-08-10 00:00:00,2018-08-10 21:16:41
52d746858d0d24b75b34c3272e6fce25,26d9a2f9a41aeeb0b0dd16ac2ca59225,1,,,2018-08-11 00:00:00,2018-08-13 03:13:48
fab1cbb6bae54990ef29e269d1ae817f,87daa04cf49273df4f787a55b303e1a2,5,,,2018-08-16 00:00:00,2018-08-19 03:35:01
c3a4f9e2a8b7ff0e80e556f43486548f,cc7bd0bcbb309edb2cd6fd9e87e70fcf,3,,,2018-08-10 00:00:00,2018-08-10 12:28:34
9b09f24d75ce1bf0ac4b05d6dad8729c,7d0c53f67b84e94a751d09f03fe58e99,5,Bom,Bom,2018-08-10 00:00:00,2018-08-12 18:28:01
103d39074fa26b7bfd65101962bbec58,b3112ca67f3afd4e20cf2ee91fc4f804,2,,Não recebi o produto. ,2018-08-18 00:00:00,2018-08-18 17:13:46
22d7dd6ce4a359ee8a5a723f481f565d,91a4048535e7c3a499d28e56430d7c6a,5,,,2018-08-15 00:00:00,2018-08-15 15:32:38
3924dd0dd8ee88aa2b5b7f51b7484396,f886ca9715359489ac5ca62177ce61c9,4,muito bonito,Veio dentro do prazo e em ótimo estado,2018-08-12 00:00:00,2018-08-14 14:41:00
02758513428840ec2c4b920ef4e47204,ecb7b1b5d15cf872f986f88e7344d9ed,4,,,2018-08-15 00:00:00,2018-08-17 12:42:55
5fc1c18d99f36caa648408bcaaa17208,43d6342125d8088b91c7075c954bc592,5,,,2018-08-10 00:00:00,2018-08-11 00:45:04
bfc454cecf80102adc9e44a02374e02d,d4b4050ad0885ce84603e34ee06201ca,5,Perfeito,"Tapete lindo, entrega bem antes do esperado!",2018-08-12 00:00:00,2018-08-13 21:58:01
970d557393a8374d565b3e90160e7c71,3e8beb10c7fe2966555446e8575a88b7,5,,,2018-08-09 00:00:00,2018-08-09 23:27:57
18dba6b0d5c72baa4266ada011196758,79a29a6cac0403ad0d0b5390f5bbf1fa,5,Muito bom,Foi muito bom comprar pelo site parabéns ,2018-08-10 00:00:00,2018-08-11 01:04:12
e2939942e13107c1f9cdafac4b7abc10,05529f3e7ed5cd4214281f2bf60e89d6,5,,,2018-08-18 00:00:00,2018-08-24 18:18:37
7abecb6f7ce00a296c99ffebf28ebf32,fd9f784391898343d5de70ad1eb32d74,5,,Ainda não abri,2018-08-14 00:00:00,2018-08-14 23:34:30
0951fa60db0d0765764911e6e2dd2212,028df34320b87c04ef6de145db2e8444,5,,,2018-08-12 00:00:00,2018-08-14 13:54:09
32d1dd3ea2864ea67f54ff4dce98ef27,c606b6bf8e4f7fd3289dae004615ded4,5,,,2018-08-16 00:00:00,2018-08-17 01:34:53
ba5716028a59719c4507b8a3c8a697de,0231f6b89e5798ff6c0dfb1e18a94da9,5,Maravilhosa a qualidade,"Muito boa a cadeira, ótima qualidade,e clara a explicação pra montagem.
",2018-08-18 00:00:00,2018-08-19 03:15:21
b198682d4763c4d145742e733344ce79,d307f9ed518d1ee6fe69995bf48ede89,5,,,2018-08-15 00:00:00,2018-08-16 14:21:21
9d8c414738305af1419d9ab505caceef,b3666570c67eca46e04bc11a7285f0db,1,Produto de qualidade ruim,"Produto completamente diferente da propaganda,de péssima qualidade,os desenhos da cortina é muito claro e manchado,na foto as cores são muito mais vibrantes,só vou ficar com o produto pq sou obrigada.",2018-08-14 00:00:00,2018-08-14 23:40:02
fe333b513e02525836c6a966228b9c7f,1c723386781fca8d1e45ac747914962a,5,,Pena que foram só seis garrafas...,2018-08-15 00:00:00,2018-08-15 22:20:54
c535fb13da25357afc4ce89ae58b8573,ca956d502f34466301d1268a2df5b0a3,1,,"Péssima qualidade do produto
",2018-08-14 00:00:00,2018-08-15 03:09:48
2da1c7eb5e403df8696f6dad4b569676,6df5ccb6ecd13e123c2a9a0a5ed0ae9f,4,,,2018-08-11 00:00:00,2018-08-13 23:02:39
e02d9eb9423bf203d6f0968fe928e927,e3c4e25333597368379529a91b6970a1,5,Muito rápido !!!,O produto chegou no dia seguinte !!!!! Adorei !!!!,2018-08-03 00:00:00,2018-08-06 01:23:39
eb824d7da25153a37c70a49b49ea6d6c,885a4bc7ab1c81c53d7ea58b81bb90ef,5,,,2018-08-14 00:00:00,2018-08-15 10:27:41
cc7af58aa5bfd02b2301103c84e40945,1dbd19609384c9e5b21e382e560a85fa,4,,,2018-08-08 00:00:00,2018-08-12 21:51:06
c00e7dbcce7bdccdacddaa48cb7588fd,a8ad75728836e5b2103463b917d0e6f4,5,Ótimo produto,Peça linda ótimo custo benefício.,2018-08-09 00:00:00,2018-08-09 22:17:49
08fd08a7c5003ade44d4dbd90e460fec,241eaf5ff29c3e08e2efc61f6f87e44b,4,,,2018-08-09 00:00:00,2018-08-09 14:20:23
e0f4425337030390f21f589be1b951ff,101181f5adb1f9b1084fc5ded1160d75,4,,,2018-08-14 00:00:00,2018-08-19 12:03:44
cb68b08818d5b3b50e1623762ccdd684,fcfd2d9dca1b759a8838eac01a9ce2eb,1,Horrível ,Eu não recebi o meu produto e também não consigo entrar em contato com a loja. Absurdo!!!,2018-08-16 00:00:00,2018-08-17 02:00:36
5f0d10e87fd7d85f95ef07076d7eaaf2,2303956d13919bf90f2a4818bab96a71,5,,,2018-08-11 00:00:00,2018-08-13 23:45:45
855579b176442a843855e24c8b391fda,f1a873fc10e7bd542bcc4198baade2b9,4,Muito bom,Gostei do produto,2018-08-09 00:00:00,2018-08-10 00:38:42
584fd82800e6c9a85042771656e4c9db,72ac5a7945d55c3fd45160f365353fae,4,,Recebi o produto em perfeitas condições. Obrigada ! ,2018-08-22 00:00:00,2018-08-22 15:08:54
f783ff5633f8c643401c06c051763e35,4abba1209ac9ef2480b19c2e88391f23,5,,,2018-08-07 00:00:00,2018-08-08 14:39:26
426521f88022fccb7602b0da0667e431,a5df4819e2227684e86dc2959b9ae9d6,4,,,2018-08-09 00:00:00,2018-08-09 23:04:49
3c7c2e92174ede46ad0aba667e33d1a8,1cdcd38020c62cfc2ba884e5a23eaa0e,4,SHOW,SHOW,2018-08-10 00:00:00,2018-08-12 00:55:06
0621531eaa26c26b8fc71a8859959afd,2743f5c8d8d1bcee7337f51c781ee474,5,,,2018-08-14 00:00:00,2018-08-14 20:56:59
2bb5191ce582291eeb3061e191ec94f5,1265cc7a9988226b4abf1885582ceade,5,,,2018-08-14 00:00:00,2018-08-16 19:50:42
2385bc600ff8319e9029edab3f0c19e6,d12750a4a29395c6d1cd3a83992f1e16,2,,Comprei 2 cartucho de tinta mas recebi apenas 1 cartucho.,2018-08-17 00:00:00,2018-08-17 23:03:12
bd7c651b7a3e5dba15a96fe0a9304dd5,b9f406c8efb6e5e869d3c9a8829f83ee,5,,,2018-08-14 00:00:00,2018-08-14 20:46:56
f0aba34c22fa028104c49c5fa600114c,0ed9d0447248a2cdfab50c897e1d61bc,5,,,2018-08-17 00:00:00,2018-08-20 11:49:22
cb0dd4043ddd1a76ba310c62293c31e7,0a998b0552bd0e04c7b38f0f58737c54,5,,,2018-08-08 00:00:00,2018-08-09 12:16:42
f7ae70f5425bfa7b3341761ce4d27847,0fc8b7fbf6a7c5ab753e2e3d0ae70d8f,4,,,2018-08-14 00:00:00,2018-08-14 23:07:56
53bd3e58dbe6549ea210cde1c1d50933,c4f4ae572252215f366edb6f851c166f,4,,,2018-08-11 00:00:00,2018-08-13 01:28:40
3f010b909ef2ad0facf4587361fe38b6,dd7ac010ac0daaa2d26a974ceaf897a0,3,,,2018-08-16 00:00:00,2018-08-17 00:43:54
d7f4be0b311e6da380110fda5003bf38,6ee0abe7b83e046f6ca20743a8c6e7c7,5,Tudo certo,,2018-08-11 00:00:00,2018-08-13 22:33:09
36a765b072ea9cf83d63d174b325bcec,eea61355af8b855cb3b052efc66b588c,5,Muito bom,Ótimo produto e forma de recebimento.,2018-08-11 00:00:00,2018-08-13 16:42:06
83cfe860021f43522e584d1ac2ba09b4,edc852e0d271566f7923b10c089c30ec,2,,,2018-08-14 00:00:00,2018-08-18 21:43:17
566acd0031a3da158f60f1d3d1b2566e,5c8016724722d7906a7e8cfa22d7727d,5,,,2018-08-16 00:00:00,2018-08-17 02:05:33
ab1cff9b36e46cea468b5bf58eadac40,8ca57f2b32c00588cab243b2115441f5,1,Produto veio errado,"Gostaria de saber sobre a devolução do produto,pois informaram que seria 48 horas pra confirmar a devolução e até o momento nada.",2018-08-19 00:00:00,2018-08-23 12:53:30
d04ee3fbd4d019d9a116c111de74e524,f1ffa84db833c490ced2c3bc52b1b833,5,"Boa compra, recomendo!",,2018-08-10 00:00:00,2018-08-13 12:29:28
721f1ee6b15ec5033cc1902b43a2f8ce,1118f05e23d1a8082fa47f8a377de658,1,,,2018-08-15 00:00:00,2018-08-15 05:13:19
14d540de5632307e389e9416086fc978,1b9ecfe83cdc259250e1a8aca174f0ad,1,,,2018-08-17 00:00:00,2018-08-19 13:51:01
1b2e149ff0aab40dcf9efb19633c545b,d524e77bf9d7d01dec8ba849212ee527,5,Ótimo,Ótima vendedor,2018-08-11 00:00:00,2018-08-11 21:58:26
21677e2e35eefdd2a730d3ed5e8feecf,dc28b4fe4b9aee6d106b4fdb21e6c894,5,,,2018-08-15 00:00:00,2018-08-15 22:01:55
c3bbb0d89a11f7081f1bffd4efd24c2b,bfbac0cb986a021b149fd1ecd301a95e,5,,,2018-08-08 00:00:00,2018-08-09 14:27:23
2339bdf3242cc938a679ea97d7f4bf9d,f299ec6360351d71a661e17e4322500c,5,,,2018-08-10 00:00:00,2018-08-10 20:02:30
8829c6b10e1e7e294c3ea34ae56825c5,ec089ea63c9167d2ee9a19ab32d22062,4,,,2018-08-14 00:00:00,2018-08-15 10:06:13
0f365f5d4e8656300f081e01b2500268,bb410325795fc7a944df598360cf5f08,4,,,2018-08-08 00:00:00,2018-08-08 21:06:49
394dd900b40c0f2029eddcd4c29954bf,84b3b056e8c005f680939ef08864292d,1,,,2018-08-23 00:00:00,2018-08-23 09:03:40
8dd3dede0efeb3a53efb95ad7c6a1e4a,9b5efb42ba88b4bdef7e4a84b439acc3,2,,,2018-08-09 00:00:00,2018-08-12 12:53:30
a3edc001e295d220b45b40fd5dbdbffc,ed14c3058d5e31989c9c093cfcdae0d6,5,,,2018-08-14 00:00:00,2018-08-15 22:25:05
932f8c5de124d8b3f2929bd2f4c4e58c,dfe927ca4859176d7377a7543078d4b1,5,,,2018-08-18 00:00:00,2018-08-21 17:00:34
e9de07dc30df1f38c40f934cfc6c36ba,47d160e3b388f73aa2dfad3c508f4ca3,5,Ótima entrega e produto p,O produto e excelente e a entrega foi super rápida! Super recomendo!,2018-08-12 00:00:00,2018-08-12 20:40:17
ee5d92337626519d937cdae22df967b8,21df4877f402eea02a4c1aab13411b1f,5,papel parede,lindo!,2018-08-09 00:00:00,2018-08-15 11:24:47
0dbc79e0cb36f3baf6369984bfe96c11,008819c6d5f6da6fa5cd9d50ca927cf4,3,,,2018-08-08 00:00:00,2018-08-09 14:21:40
3619334e47a08edbc895ec91c6908a8b,733abca4b3372182a6c955ed064b0929,5,,,2018-08-11 00:00:00,2018-08-12 23:42:02
2d18bbb7c1b6ab290bc61345634865c0,35df2a75e8f319d4fe179f529613d23d,1,Eu preciso q troque ,O produto veio diferente da imagem,2018-08-12 00:00:00,2018-08-12 13:29:03
cfbf66327fe295a2f95ba468b6a9d1f2,201164b89baf9300df72f328a6e5842e,1,Não recebi,Não recebi o produto. Ia retirar hj.,2018-08-23 00:00:00,2018-08-23 12:17:45
292f16344bed93ca8cb755f51def71e3,fac467ce69a8abb815d930471940d06f,5,Bom d+!!!,Recomendo totalmente!!!,2018-08-11 00:00:00,2018-08-14 11:32:16
a3a67e8935adca4d81bb118830cd8861,2fa5e9f6c4873828710c581b86281125,5,,,2018-08-10 00:00:00,2018-08-13 00:03:17
6841162a4c5016dcc594e369bf736e0e,71b7a44b3e9561dce3ce2841bf401b24,5,,,2018-08-15 00:00:00,2018-08-16 13:30:17
6a667d0a498a4a37772de6171eb50db5,df79dc38cd1e0f49f9ef6385b30caab8,5,Positiva,Veio um ótimo produto tanto a capinha como a película são muito adaptáveis.,2018-08-11 00:00:00,2018-08-12 01:42:37
0d3e51d345f2b0e8f57565a4e7410ca2,945977d780700b75a6eb2ccd81566d4a,4,,,2018-08-07 00:00:00,2018-08-07 21:38:49
82b906af6f373f7a1343b8c4fb6f17cc,bb68ace3e06362eec8e986719378ba29,4,ótima,excelente produto,2018-08-28 00:00:00,2018-09-03 12:26:40
d47b5015f29c77bc3a4fc1d0a41298dd,283882195739ec4b5092b247f052f6d6,4,Recomendo,,2018-08-08 00:00:00,2018-08-09 13:05:31
ff3e67b3e53fc3b684e2028d4672aaee,d2df2c8001cece568604ec609cef2167,5,,,2018-08-14 00:00:00,2018-08-15 11:36:59
0f7f02fdf3be0aa8e489b594b220c546,b276f402443d899868708548298c858f,2,,não tenho como avaliar pq ainda não recebi o produto.,2018-08-12 00:00:00,2018-08-13 00:50:22
f9c5fb8227a1b15157c2e7bc1162d9eb,318f17dd3da19e3c819d905940547755,5,,,2018-08-14 00:00:00,2018-08-16 21:28:02
0e74397c07ff4198e73acda70dd841c3,fbaea27eafbf4ac56866115c9096c490,5,,,2018-08-10 00:00:00,2018-08-10 03:36:14
e1149e5272eda7a15bfe786cd1018152,3b4036c28cd5f750d7d1041c6eab8f86,5,,,2018-08-09 00:00:00,2018-08-10 10:19:48
6d212fa73e5806565cf5e623c320b2fd,5ce5414216f07cdd464573ba59e7f187,5,,,2018-08-09 00:00:00,2018-08-13 13:10:08
6e1b5aa5f09ae613ca042a4db2314eb7,68e04d66b10f8b3ce33634655717a23a,5,,,2018-08-17 00:00:00,2018-08-18 18:53:50
bfb7e82429acaf8486c1ac40b48fa68c,95329bc75845ea5b52290fba0e025e0f,5,,,2018-08-11 00:00:00,2018-08-13 14:41:41
50e10c50ac0969b32f3921cb929b6125,ac046246a304e47bb50a9c923430aa55,5,bom,,2018-08-17 00:00:00,2018-08-20 10:59:15
f1cf82dee0e9c64252fa311b8c182317,23936c5f77c03f7cbd20d185732c60d9,5,,,2018-08-22 00:00:00,2018-08-24 16:22:43
7684b0f5c833920f9731e4a7a5d8128f,1a7b59b9cddabc898f2cc56389b5fbc1,3,3 falatando produto,esta faltando 1 unidade,2018-08-10 00:00:00,2018-08-10 13:47:37
4ac324d8a61fab33f0546b8339eb89df,ac8a707fb4b1197afa70e75fa66f187d,5,otimo produto,produto entregue no prazo.,2018-08-07 00:00:00,2018-08-09 17:25:05
6fc7eb92dc458c37825bdcdf991c0fe5,d17f1a91c60b8fe9d060b2579f04fd0a,5,,,2018-08-16 00:00:00,2018-08-16 17:01:32
35881e3ae0bd8cbce38bd0eb0ecef5a8,180fb4e6556687774c55bc255a5f7d8a,5,,,2018-08-08 00:00:00,2018-08-09 15:53:10
0efb205475370bf7a8f28dbba8c57d6e,111fd867f837d390ba296535e5ce8b92,5,,,2018-08-09 00:00:00,2018-08-12 02:30:52
bdf315902e532f26ff9557f4545e3fe6,64f25972cba1c6faca4f32c7ac90e3c2,5,,,2018-08-15 00:00:00,2018-08-15 21:25:03
5e10f40798cb47a37faa1d745ddf34e7,ca4ced509eae117b7d3823b4ce2467dd,5,,,2018-08-16 00:00:00,2018-08-17 01:43:29
78ef188726f0bf273844e117b63e1d80,d05d5881240a2b6f02e90a83bddc85cd,1,,"😡😡😡😡😡👎👎👎👎👎
Empresa sem compromisso com o cliente",2018-08-11 00:00:00,2018-08-11 14:06:21
9fbc1da26e7ba88631bea5de53108f0a,cb1f3a44e8b8527e16913306a4d3de2f,4,,,2018-08-16 00:00:00,2018-08-17 11:50:14
73a0c8339beeab289bcb19f7e2f34e5f,880e262ca224fc654e306f76653f4d25,5,Adorei o produto! ,"Muito bom, gostei bastante, chegou super rápido.",2018-08-11 00:00:00,2018-08-13 21:13:32
d5cfb5a153d532821440086750c51741,bb8d02c6bd5c148f41176b66ee1ae726,4,Bom,Bom,2018-08-25 00:00:00,2018-08-26 11:20:59
f83706652e0db3c57c07a8ec0807f41f,8b249044e8ce6377509b32dc840bfe76,5,recomendado,recebemos o produto.,2018-08-21 00:00:00,2018-08-22 12:44:24
b1f535ff6be46db30d5b616514d6918c,4c1eb4e6d52d42048614e4c46f3c5f9e,1,Entrega ,Infelizmente n fiquei feliz passou o prazo ainda não recebi a mercadoria ,2018-08-25 00:00:00,2018-08-27 11:03:21
ec2d7cefd2f64b13174c7eabb9ac2a66,1e7d25f611e794f9614dd3e10a8596e7,1,o produto não chegou,"A data da entrega era dia 23/08, já estamos no dia 27/08 e não tenho nenhuma posição de porque o produto não foi entregue. Estou extremamente irritada e insatisfeita.",2018-08-25 00:00:00,2018-08-28 01:24:25
6285fc2fbbc8905c61c70c0262a8b699,49e4c4907bdae7153ea492e2827fe5ab,1,,,2018-08-10 00:00:00,2018-08-10 19:59:20
a97600573d3da8daec0d0499827ed8ae,92f144c6732e7617d13768d337193453,3,,,2018-08-22 00:00:00,2018-08-22 23:38:23
3a7803182a208792d89f8feb0fe38dcc,4ed868229ad01b5686124edd1f82b18b,3,,"A entrega foi feita dentro do prazo. 
Não testei o produto mas veio certo 
",2018-08-14 00:00:00,2018-08-15 01:27:29
2d12040eb0c4aeb8a8738c53dfc268c2,caeae132e3ebfb4af85f98f054c37ef6,5,,,2018-08-12 00:00:00,2018-08-12 20:06:17
fedc3404b7e5721113515e93aca333e1,baa297bb0f3189e5aec7838ec35b5efc,5,,,2018-08-11 00:00:00,2018-08-12 02:51:11
343b6061fb2d0d75a7fceba9cb292089,5c7cd811e61b95684de8c9416aa236ce,5,,,2018-08-16 00:00:00,2018-08-17 03:19:14
52058d5b424b51e30bbaa30c66c3b4e1,5ebc0e4396ff850d059771c6a0a3b4ab,5,,,2018-08-17 00:00:00,2018-08-18 10:32:26
c9d81146a88de4c94395077c5f80b9f4,ad9447ca1bb7d23ed83358f2235b5a56,5,,,2018-08-22 00:00:00,2018-08-23 01:27:08
702c934824a18de862e704ceb530be25,4e55f642a3b11a6cfcec80a9aebbb513,5,Mto bom,,2018-08-12 00:00:00,2018-08-14 21:39:44
bd2e0696e50e1d31ad0babef3e076e75,3f04e710beea0fa7c09842c227f005ad,5,recomendo,muito bom produto e vendedor,2018-08-14 00:00:00,2018-08-15 11:12:11
3cd2863aa22cf5e980423c285bbc94c3,b2727344d4f955cb61829ed7f61b12fc,1,RECLAMAÇÃO,"O TAPETE NÃO VEIO, SOMENTE O MOSQUITEIRO.",2018-08-14 00:00:00,2018-08-15 18:13:03
bdd2b0409b73c08024690f5b15341a48,8e7c4bc6f83390fd197e3494442f1925,5,,,2018-08-04 00:00:00,2018-08-08 00:07:17
ff837671b95f5eb5f605bb60bb84adb2,30bef37a80d21494c619aea50b367550,1,Péssima Loja!!!!,"Não recebi o produto. Previsão de entrega era dia 13/8 e consta que sequer foi despachado ainda, sendo que hoje já é 15/8. Péssima Loja.",2018-08-15 00:00:00,2018-08-15 05:00:15
3a1093ff63b53c3c2c0f57af0344b9d1,bf2b2acbd8715f4415c2adfd5d9cf772,3,,,2018-08-17 00:00:00,2018-08-17 19:32:44
a70f5dca44766ae72ca87e11405d7663,3ea0c27406751dd56d4c57b342aa3b38,5,Excelente ,Continuem assim e vou recomendar todas as pessoas que conheco para comprarem de voces ,2018-08-08 00:00:00,2018-08-08 23:35:13
bc98cb465b8d08de65b87b021a5c24d9,494648e782c762fe2547626ebb7dfaff,5,,,2018-08-11 00:00:00,2018-08-14 10:42:39
8ff6181cba380f5e072a56e9b2b7d850,d6facb241e387bcff2026c6cc25eaf68,1,Produto não entregue,"Tudo muito ruim, não tem ninguém com possamos fazer reclamação pela não entrega do do produto. Não tem ouvidoria, para reclamações. Não tem nenhum pessypara informar o por que da demora da entrega. ",2018-08-16 00:00:00,2018-08-18 09:04:21
fcfdb4a771bd5307bcb076de4523e94f,38eb04fead5a8c966e7e01b87830b50e,5,,Produto chegou conforme eu havia solicitado em um prazo menor do que havia informado. Estou usando a lente sem nenhum problema. Muito satisfeita!,2018-08-14 00:00:00,2018-08-15 15:50:22
8e4beb3d634e53886dc80fb899297a9a,92ae7ea2c6f759b8aa53b32b59e0d142,5,dentro das expectativas,satisfeito,2018-08-14 00:00:00,2018-08-16 21:12:05
2dcb5c5fbdc1f48826d025524b29b0df,46aac4b6ae578b1097249c607ade4751,5,,,2018-08-08 00:00:00,2018-08-09 12:31:22
787e8bc93835b5ecc9f7baa156ee28b9,91d34a183e2eae29ccb607481a4d8ca5,5,,,2018-08-09 00:00:00,2018-08-10 13:26:56
36abbac55d83ae253a6f0f95cb4a204c,983416e50ec1adc19bffa333e3dc5bdd,5,Ótimo produto,"Entrega muito rápida, funcionou perfeitamente, chave idêntica a original. Ótima qualidade.",2018-08-08 00:00:00,2018-08-09 00:56:58
b49cec5d7e32092056f5c5345fe46326,5e8e2246d1b5e113efb8958d9b9fd9de,5,Produto de alta qualidade,"O produto comprado chegou antes do prazo de 48horas em casa, com a sua integridade conservada!! Recomendo a loja!!",2018-08-10 00:00:00,2018-08-13 20:30:11
1138c45e69df8e31fdad6ec60e08ecf3,9c3fe119bb87723856e0d807d2ddf37d,5,,"O produto é bom recebi no plazo 
",2018-08-23 00:00:00,2018-10-05 14:01:38
c1a24b80d714812b0ad8ce80999c2ffa,fbb362a74494da7dcf08aed5f2a471e2,3,,,2018-08-12 00:00:00,2018-08-13 17:55:44
c2fd3562e52aa9e4742503b4582b891d,96bb1f97b225fb91cdfced5bbae3166e,5,,,2018-08-15 00:00:00,2018-08-15 22:26:26
9dc7c9ae42778a5fc7a7f7eed36b82e6,b3c763d35ce46cf0a205b217814323ee,5,,,2018-08-17 00:00:00,2018-08-18 02:03:31
9d9e9d372d8107fd9d2d2b8ea9b1418c,610d01be21a4553d8ae1b2c4000c2703,1,Não recebido o produto,"Não recebido e ninguém responde os meu email
Nem a atualizar o acompanhamento pra saber se ainda vou receber minha em comenda",2018-08-15 00:00:00,2018-08-16 14:06:07
8a709f6a31b26a87a5776b6cd39fe394,454f02c2698ee870f2ebc3741d64540e,5,,,2018-08-14 00:00:00,2018-08-14 23:12:44
7945547631e850d3268ef0937efdd0db,c9edb7bc5d1bba89d462a4f94c79c078,1,Péssima qualidade ,Quero aqui dizer que sou cliente de muito tempo da stark e compro muito...Mais nunca tinha comprado um produto de tão péssima qualidade como esse...Quero aqui dizer que o produto vai pra lixo...,2018-08-14 00:00:00,2018-08-15 00:51:39
1317a56ca97dc6727038acc6882c6ecb,601316c0f92a0da733702a7b89304189,5,,,2018-08-14 00:00:00,2018-08-16 20:57:49
4a9e8581274744af7fa4473b9b9477d5,f838a927949e184c27e9965fdb239fcf,5,,,2018-08-11 00:00:00,2018-08-12 02:34:27
b5bf33747d415ed07935e88b178c25d4,2e4950942a89079792a52127600284e5,5,super recomendo,"entregue na data,recomendo a venda de produtos",2018-08-09 00:00:00,2018-08-10 15:20:33
daf0e932b6dd53d168afd03ed5a1d485,dfbdae4128710f6f089dca71d4bc4844,5,Recomendo ,Ótima loja online ,2018-08-14 00:00:00,2018-08-15 11:25:11
60148b9d9f7b49ba32d2ab68f9ef2fa6,e5e97ea49a63037149fb40b8d41f87d3,5,,,2018-08-18 00:00:00,2018-08-18 10:37:54
dd1deb7faf933a2bd44dd10cdfa9a953,e10c080e6f7f8136087836cadcd26199,1,nao satisfeito,o produto ainda não foi entregue,2018-08-25 00:00:00,2018-08-27 10:10:05
505bdb1e7a2ba23890a1c81c33df4198,958064d074b8767d4e9a988f63c1633f,4,,,2018-08-14 00:00:00,2018-08-17 12:47:15
07decadb55a497a4282ecd54a53216bd,8c0d6c9f5d9beccd28f857ceb4ae162a,3,,,2018-08-15 00:00:00,2018-08-18 11:56:14
532b0d216e442cbc24f05cd9def9e1eb,943035d73ee455c651564e940e946391,5,Muito bom ,"Boa loja 
Produto entregue dentro do prazo em perfeito estado, recomendo a todos.",2018-08-09 00:00:00,2018-08-10 00:45:06
45a301e140af06e6d42ab5be8210795f,6df06dce06727e9d068f266a9b2cdaa7,5,Avaliação de lojista,Excelente produto.,2018-08-14 00:00:00,2018-08-17 09:38:22
2246435f3c51b461a1fe48f493b9f705,7443eeca92daa9ca934f515628610510,4,,,2018-08-19 00:00:00,2018-08-22 00:21:13
0bb20d4f394f7bd4b6158541ea9b27af,b9eaa4a76558ca828580d82dec38cca9,3,Bonito mas pequeno,"O cesto é lindo e decorativo, mas esperava que fosse um pouco mais largo. Ele é fino, nao cabe muita coisa. 
Quando comprei procurei as medidas mas nao encontrei.
Mesmo assim recomendo, porque é lin",2018-08-18 00:00:00,2018-08-18 11:03:11
e164a9b592d2eb0aea5af67eb63f1c95,5c60e286915180fdddc17760d914fc1d,5,,,2018-08-09 00:00:00,2018-08-10 19:53:21
b1f60822227a157050c24f4590a815df,c9df12344ba358f97f2ee696709f2415,5,,,2018-08-17 00:00:00,2018-08-20 15:19:40
0bb233cb3714538e33454b3ef1dfe535,0d91eecd335defba92a82bc3f062225a,4,Otimo,,2018-08-22 00:00:00,2018-08-27 03:07:54
8022b9ca812e328ad0778e6f092e25fc,298787a86f7ed145b210dfa7262fca2f,1,,O produdo não foi enviado ainda,2018-08-11 00:00:00,2018-08-13 09:25:25
4349c3aa70d403c7bcda8be333fc582e,107c13bd61028594c5dd87a1acf92f45,5,,,2018-08-19 00:00:00,2018-08-19 23:21:38
f68f009b676ace8245a93bea6582d58a,1f9ed60661469689dae5955276ef81a5,4,,,2018-08-11 00:00:00,2018-08-11 19:36:47
f4af1cd9b0fe60dd1b3bad9096506108,49410e2fb311cf8b70baeea98a3cdbf1,5,amei,perfeitinho,2018-08-14 00:00:00,2018-08-14 22:04:13
abc996ef9312d29ca2f68f88957b24af,41c843dab306ff15365492a2dd8c3cef,5,,"Foi ótima toda a negociação. O produto chegou bem antes do prometido.
Tudo certo",2018-08-09 00:00:00,2018-08-09 22:57:37
c84049c42940addc4d9b725ee5456da6,bad80abf6bc799b1c731a90f1a761689,2,Recebi pedido incompleto,"Foi entregue somente parte do pedido, sendo que os produtos eram da mesma loja",2018-08-11 00:00:00,2018-08-13 15:46:15
357adc18fa982ae01ac4b92a18395894,c58280939363439540f5e35a91a5e296,3,Produto não confere,O produto entregue não é igual ao exibido na fotografia. Quando abri para montar achei as prateleiras um pouco estreitas. Depois resolvi comparar c a foto online e constatei que é outro produto. ,2018-08-17 00:00:00,2018-08-17 14:32:50
7ae2946f031f4605ad426a2d11742ebb,fecfa796d77518eb5df5799cf3e1b495,5,,,2018-08-15 00:00:00,2018-08-15 23:36:03
5d87e5143c60a1ea360fb8cd271a206d,c6f64ddfd9a519815891070106aa9543,4,,,2018-08-11 00:00:00,2018-08-11 22:07:37
16ac23eeedd7ba5eeca8d2263f1cefab,1f55d59fd95c97d28af581c3c7b4f267,2,,,2018-08-11 00:00:00,2018-08-16 14:35:05
db0bc06d9ab9df16b75a1ea07bb63c77,dbbe1b2ff4094c09c4a05b045b71e81b,5,,,2018-08-10 00:00:00,2018-08-12 20:31:31
3468bf4d2b5ea6a061bdb27e561fcb71,1f079793c7cf0447834c7f3fff027802,5,,"Amei minha luminária, mas na foto parece um pouco menor.",2018-08-08 00:00:00,2018-08-14 23:18:20
99af374925232ce64fe7f07a31b74f52,1de20a0990748db5dffe019f0cac3cc9,5,,,2018-08-08 00:00:00,2018-08-08 23:56:33
2f366b6a18fb7c504494693c19595d13,6954eac303f94f5f51b80deb4ba7be50,1,Não recebi,"Não recebi ainda o produto, por não ter nota fiscal o produto não foi liberado",2018-08-17 00:00:00,2018-08-20 19:29:37
04c3c80ab7660e1120cca6113c701b36,35bd296a8ad55ea37b88e2d4c04dca4e,5,,,2018-08-14 00:00:00,2018-08-15 17:30:59
1d95e50b453378c4fd402fcb11629bb9,b28360b44929ee4de27af7329c403c58,5,,,2018-08-22 00:00:00,2018-08-23 23:09:24
56d36dff97a27b9ef40fd5868baac295,c4c6f4e48fd572d4d909012e522ab9c1,4,,,2018-08-16 00:00:00,2018-08-17 12:07:07
602c2c5bb9a9b2dac41763f3e4355d4f,b2d895292b5119d7d9306512de5bfe79,4,,,2018-08-11 00:00:00,2018-08-12 02:10:42
c9aadb1be0fd9dd281a5aedc058a8e9a,b482da27c44f99cbb2c11a278ba31d6c,3,PEDIDO PARCIAL,"o unico problema é que comprei dois produtos identicos e recebi apenas um, a loja alega que o pedido sera enviado separado, isso não é bom... Mas alem disso nao tenho o que reclamar!",2018-08-15 00:00:00,2018-08-16 09:18:00
ef24da08194c5d94e8ba55a76a0a79d7,13df04a948b9837c1b115c5363a97a3e,4,super recomendo,muito boa loja ,2018-08-17 00:00:00,2018-08-20 11:00:47
0acaff40176e24f82891ac2c6adfd006,e7c5ccfc34c262f8f9240ade57e01ed7,5,,,2018-08-11 00:00:00,2018-08-12 16:22:37
c6796cfb287859ad32ed193301e70116,186ab35ad2c07d4b35781c8bb314cbd9,5,,,2018-08-08 00:00:00,2018-08-08 23:32:58
2d64217e625fe64d991bc1493f831067,00faa6afcde74aaa630e1d2fda2bb0f7,5,,,2018-08-11 00:00:00,2018-08-11 19:44:16
75cdae83a68d21db169a859705870f8a,b228e6b7a06468abcf8c203f8e86689c,3,Faltou um relógio ,"Comprei dois, e só foi e entregue um. ",2018-08-11 00:00:00,2018-08-13 15:41:15
25cb70675b40b3c341e92f667dc7893f,efa3d5327513176bad13d0c62bb7bb1e,5,,,2018-08-11 00:00:00,2018-08-25 00:09:47
eaab12116ad1ce4f5ad8a76b2a3c0dad,b84385348baedce597620569ed44593e,5,,,2018-08-11 00:00:00,2018-08-13 11:52:29
10915c6e8a820f34f735c6a739a1b0ec,6903412e8ef5bbc0934881a1059c0942,5, ,,2018-08-24 00:00:00,2018-08-25 02:07:20
c4c76769bf80090647464916b645e63d,5f55e6b524e35858ebe24f6f9a5491e0,5,Otimo Produto.,Produto de qualidade entrega rápida.,2018-08-04 00:00:00,2018-08-04 23:18:29
590036ec3cb186b264cf6338059fdcfe,1936ad02cf90caffb1558f148050521e,1,não recebi a mercadoria,,2018-08-12 00:00:00,2018-08-13 17:56:22
3d13ca2069309fe2f3897006fb675e64,edf97e2ce9f13188f1f70288901d707a,5,,,2018-08-09 00:00:00,2018-08-12 11:32:05
82274dbbdb3ee029eb82b01769bd73d4,80c74a42dcbd6a54b9a563012dc17eca,5,,,2018-08-16 00:00:00,2018-08-20 13:04:35
d932f00daac681b02c5742ab0c18cd04,5f8af87da2123c6841b3941b3b5f478e,4,,,2018-08-11 00:00:00,2018-08-11 21:24:01
3495633e2e90309c969a6489c1255488,07a78584049fe9dca82ae7bf5717d8b9,5,,,2018-08-09 00:00:00,2018-08-09 08:53:39
547382f4d3217c1afb4adffcb42f1428,95602660d1840a734d33125e90ce2b00,5,,,2018-08-04 00:00:00,2018-08-05 17:32:32
2a235d2fcf8fb7386a11bc5bec0b5922,0f213d7015dad47737aecd4d7403f919,1,PRODUTO NÃO ENTREGUE,"O PRODUTO CONSTA COMO ENTREGUE NO DIA 16-08, MAS HOJE DIA 20-08, O PRODUTO AINDA NÃO FOI ENTREGUE.",2018-08-18 00:00:00,2018-08-20 23:00:17
28b687c263041625bf572af48d7538e3,80ba49127f9a97f9bbe4e60770798cc7,5,,,2018-08-15 00:00:00,2018-08-16 11:29:04
57b6d8f6eae40440bf2802f255dea707,eb4d645f0a565f91e489a626b9b22334,1,insatisfeita ,Preciso saber a data que será entregue,2018-08-16 00:00:00,2018-08-16 15:03:51
8016dcc0ebb27c1cc3ecf29487bcc954,fbdb804cd5fd11e97287cd4cc842f7c4,1,,,2018-08-23 00:00:00,2018-08-23 10:18:59
5f22ee45166f243fe3b9fc9efe29a7db,c39ffdd77f5ddda482650795f30f7aac,5,,,2018-08-08 00:00:00,2018-08-10 19:49:56
505f76797c1454c67254ad9d193bed2c,95640f66424853e44e3ffb0cdd8974f6,4,,,2018-08-17 00:00:00,2018-08-21 01:36:26
08a036e64b1b35a79f0f64dc248609f4,a5a1cabede9ba7b85cc04f0c65bddb88,4,Vale a pena,"O produto tem boa qualidade e tem tamanho suficiente para um celular 6"".
Recomendo.",2018-08-08 00:00:00,2018-08-10 23:41:48
d5b353235f98e304b065c6b74c57fd3d,369c055c7ea13627ab3d3100c5af3e8b,2,,"Boa tarde, ainda não recebi meu pedido.",2018-08-12 00:00:00,2018-08-13 16:01:16
c53ac4572114a54c121fc9c789d68a76,ceb0508b7d0cebf8cd0cf1052322da3c,1,Regular,"Péssimo material , falta de respeito com consumidor, mandam as cores q bem entendem",2018-08-07 00:00:00,2018-08-07 23:38:58
61f1e4f570dfd470f5f1800eeb754eed,0b90ac9175a39196661a45b34be587e4,5,,,2018-08-12 00:00:00,2018-08-14 17:53:23
6e5efad25e981635ed137697af64799f,06d8cb692ed19b092adaaf5337d01a39,4,,,2018-08-11 00:00:00,2018-08-13 09:45:34
8dfae1fe2a9c3f72aea5307330890838,44de0afee520be53cfddd8428eb63160,5,Muito bom,,2018-08-08 00:00:00,2018-08-08 21:14:53
3af0a6690434558c071e65f3f508c478,0c905768040f5d51c3cccf00256ddcd3,5,Perfeito,Super recomendado o relógio. Atendeu em tudo minhas expectativas. E a entrega chegou bem antes do combinado. Estão de parabéns.,2018-08-14 00:00:00,2018-08-14 21:42:11
e0948bf68194251b985b6743c2867af8,483f86b7cf498c438e3be9ef583d7548,5,,,2018-08-11 00:00:00,2018-08-14 15:53:38
bf4c1b80dea0bbd05269ff02b0df03bd,ea6bd8f80f9e0495ab4d0eb5bd86fe10,5,,,2018-08-12 00:00:00,2018-08-14 22:11:45
53b6d6e52e0ac20ccf639f75f75961be,b8a0ea35d4a5efa22c003976eb138ebc,5,,,2018-08-09 00:00:00,2018-08-09 17:14:48
7595e1fdfd2d6ecde40dbd48dff5c964,e07857247dc486cab4563ffb9d9aeba1,4,,,2018-08-15 00:00:00,2018-08-15 21:31:20
92a33e9715e1cd3aeb366304d394842a,e4de4d75a4d1e6b3dc57a3d94922023f,5,,,2018-08-17 00:00:00,2018-08-18 12:03:38
c8de6eb13570f02a224d34c5294602d5,0fc664e3e9937dfcef8a126f89b976ad,3,,,2018-08-07 00:00:00,2018-08-09 18:29:24
d2a5ead8ff66966d127a3ed9b9db1b1e,61a23849dae9124f254660f6c968fc37,5,,,2018-08-15 00:00:00,2018-08-16 02:03:54
bc80610bf306746bafbde894e4dfcb5e,6c12fb27d4bdb7ed78460a2248e1fea8,5,,,2018-08-17 00:00:00,2018-08-17 20:17:49
a7184daccc28f9909216c5d96126b6e7,e1a3568b83270103ac2d1ffd0e598a0f,5,,,2018-08-09 00:00:00,2018-08-09 17:10:50
13e23131280fe4503a47508c8cf7183b,55ab3650a53071b34253bdcada9e584b,5,,,2018-08-09 00:00:00,2018-08-10 00:28:46
964b54e2b7615546e3986b4519e8f4dc,fd8ae066cb36d75d6a3679bb30370c39,5,"Recomendo, aprovado ",Muito bom adorei o produto super recomendo. Chegou bem rápido. ,2018-08-17 00:00:00,2018-08-17 20:03:01
529b87cc3e83002e72b9346a2aea5b83,cc9bbac0ab49464c551e527df59db18c,5,Satisfeito,"Conforme combinado, produto de qualidade.",2018-08-08 00:00:00,2018-08-08 20:09:00
fb55fd628563e559d882c3d530ca13cc,1eb7606f2ad568b8303fb24c8ab1e2cd,5,,,2018-08-08 00:00:00,2018-08-11 11:24:19
6f29ee0126cd32882dd3264caf2c139c,65480799a0ea99cc43f86d3af16e9d1c,4,Muito bom,Produto chegou no prazo... Só não veio o fone de ouvido.,2018-08-11 00:00:00,2018-08-12 17:05:22
517b4c38529b4553da2ebba3bb734e6e,42113ccffae542a6aee6b921c765d59e,4,,,2018-08-08 00:00:00,2018-08-09 11:32:04
2735b4b5ae6683be2415d415d61ea221,b2ab8e46c0531fd546ec40b146724c46,5,,,2018-08-14 00:00:00,2018-08-15 23:10:06
b7f318f65274259caaf47fcff53c8b54,5f320558febd0e414d9a52714cfbae31,5,Perfeito,Foi um presente de casamento o casal adorou. ,2018-08-09 00:00:00,2018-08-11 21:54:27
0b54f6f5f4a49a1a20687b29416ad079,6a9ea3a6a0a791f6c34b8145d6cbd42a,5,,,2018-08-09 00:00:00,2018-08-15 11:03:51
143f6db7fc05f38965da560ef1c44ed3,00526a9d4ebde463baee25f386963ddc,1,,Eu comprei 4 agaveas so veio uma,2018-08-17 00:00:00,2018-08-18 14:54:07
569e9c33b9fb5993e5bcdb5fbe03dc6f,60c2fd4bd6d23ab4fa7a910b61dac591,5,,,2018-08-09 00:00:00,2018-08-10 03:54:28
1809796a91703b4886eae2b39dc62575,60968a386889fb91ca9c02b4f2eaa9bc,5,Boa,,2018-08-23 00:00:00,2018-09-17 16:58:11
2bdd56b4c485d9c0930c10c94e2bcd35,e9b78b3921cc12cdc6d6e8ff717de8d3,5,Parabéns,Recomendo!,2018-08-14 00:00:00,2018-08-16 13:35:25
e93792b638782030985793823f0d07de,df6c49ed3556438e1755c756bed90fff,5,,Produto muito bom e a loja também. Entrega até antes do prazo previsto e os produtos são de ótima qualidade. ,2018-08-08 00:00:00,2018-08-09 11:54:42
25785cff4c7243da038683a3e8fdaf34,e225050f709a0409b3a30c63fa35c6da,3,Bom,"Gostei do produto será muito útil, recomendo a loja.",2018-08-15 00:00:00,2018-08-19 00:47:28
92004d349821076cc018c6f710360a0c,a1a43cda291e19630504e0139508698d,4,,,2018-08-08 00:00:00,2018-08-08 19:49:34
bc38eb8e0730c3b9c648e97c5b5ae4c8,5fce29fc25bfce9a829c5f4caa9ab9b6,5,Super Recomendado,"O produto veio bem rápido e em ótimas condições. Compararia novamente e recomendo.
Abs.,",2018-08-09 00:00:00,2018-08-13 13:14:02
a1f252485b141fa057cd28da2eb2ffd2,481474f010c7ba31ed88a2af403c0926,5,,,2018-08-07 00:00:00,2018-08-08 19:46:54
d7e929bfe394e801329eed4b2bbadf01,49e46b4388f4b9ea96901467bd26eb6d,5,,,2018-08-14 00:00:00,2018-08-15 00:52:07
91c56a6b7b0aa7d1df2be095d62b1bbe,75f959697b81c9b9eeddb7499941ecaa,5,,,2018-08-09 00:00:00,2018-08-13 11:47:57
a1faee692039d22aa2302442e127836f,55a4f9b50beced29f599c03bf4df76e0,5,,Legal,2018-08-19 00:00:00,2018-08-20 15:03:52
e0a7a0396fb2fa8dabc942e652917a04,2fc7fe2e06e84beba127768beb2f705e,1,,"Demorou 1 semana para gerar a nota , e no final nao foi entregue no prazo e ainda estou sem o produto",2018-08-12 00:00:00,2018-08-12 13:07:57
3a02e11879aa292509620953e4ec13c1,8c077233d04d9bca0a5bef45afddf354,5,,,2018-08-11 00:00:00,2018-08-14 12:33:19
06c2d8e9a36e526c2140ed9643ff6e21,6a0725621168540d5200cba214d6ebe7,5,,,2018-08-11 00:00:00,2018-08-12 00:18:55
7543611f18cddc7931b8a82385bf0900,c73d5fa01a74c67962173f17716b9630,1,Quero a troca do produto,O produto chegou atrasado..e veio quebrado..e até agora não consegui contato com vcs para trocar.,2018-08-23 00:00:00,2018-08-23 20:15:59
473048c7dd5a27c13388bf973eb7c567,55f140655997122535ac2c2290ce6b2e,5,,,2018-08-11 00:00:00,2018-08-20 21:19:24
bab21b273abafd8e8fc06a3ada30fe92,f9e5527003cf8cbd665bfc75e264da16,1,,,2018-08-10 00:00:00,2018-08-11 01:01:12
029dc650c7234688f7495553fc7b8df6,129f71206f00d7fa856e19aa56618068,1,,Tenho receio de que o relógio é uma réplica ,2018-08-15 00:00:00,2018-08-15 23:57:35
c75b65937ca862ab939dec3f4dfa9f70,3d67d1613ecb493299891b537b079f48,5,,Ótimo ,2018-08-11 00:00:00,2018-08-12 13:00:44
2a84453a157bea81c280394617c29543,20e2dddb8e92f51c9d7a595e7266b20f,5,,,2018-08-15 00:00:00,2018-08-15 22:49:10
cdb7ee80cef9e14ba93767f64d2023b2,a27bc60b5829ed193c7a85e25f6de764,5,,,2018-08-11 00:00:00,2018-08-23 18:38:21
e7db0b2dbd3faf13c1c6138c9be449ee,65f4d9e4822b4f34980ad36f71a08dad,5,,,2018-08-23 00:00:00,2018-08-26 00:07:24
b38632155798cdda9bd0d9ef343d0bb0,7b88e96eabae61915bbbd53786f34275,5,Muito bom,O produto chegou muito antes do prazo e veio direitinho.,2018-08-14 00:00:00,2018-08-15 17:27:59
8bf7cc7a0163730a93e3db8fef141347,e762633655ca1d869d2036864e96fb6f,5,,,2018-08-14 00:00:00,2018-08-15 10:20:46
f3d8058e473709502cc7c10611431e1a,94b3244b8c0ad78eb455a0638d92b351,5,,,2018-08-22 00:00:00,2018-08-26 23:38:02
0c04cb8943c7508d2b101015c1424d82,78e669f43077eded2d55ba9455560995,5,super recomendado,,2018-08-16 00:00:00,2018-08-18 11:13:02
5983375aa07525a0cd9a62a692ca91be,5c76d1348426fdd99247825f50c45a2d,5,Otimo,Produto bom veio bem bonito como na foto e chegou antes do prazo,2018-08-15 00:00:00,2018-08-15 22:02:59
72d74eec960e3082d9476593e1ec3c6f,e97c5fb2b1ca5b5fd19f2c910a274e33,5,Tudo certo,"Produto bonito
A loja entregou rápido 
Recomendo",2018-08-14 00:00:00,2018-08-15 00:51:20
68f2d11b4a02da0f1fa1d895e5d5637f,3f75656d4a9d4b3e18204bae2bd96925,5,,,2018-08-08 00:00:00,2018-08-13 09:15:49
4c23027b28a65ccbd7564cef3c33896d,fd54537438233bc798bd3fdac32bcfd9,5,Ótimo ,,2018-08-10 00:00:00,2018-08-12 23:24:21
58f45622655a51c5dac8c7eaa25dc519,4295876088eaa108fede7b0b77109ed3,5,,,2018-08-11 00:00:00,2018-08-12 11:04:26
3f0db75d71e19170dfdfdd9ec44d692b,0af07373c6e0f41a0660087bf63d7c64,4,Bom,"A entrega foi rápida, mas temos que melhorar no rastreamento, pois a gente quase não consegui rastrear.",2018-08-17 00:00:00,2018-08-19 09:19:03
5b38682aa7777ff7b0967031f87409f8,fab137488ea6654792ec4cac3000cee8,4,,,2018-08-15 00:00:00,2018-08-17 18:14:41
eaac55b443474db981be37d6bec713b5,3c74e538974fb013e938fbdd7d83675c,5,,,2018-08-17 00:00:00,2018-08-17 21:08:10
5e90302fe86fb4bdfc068fe1790403f6,8237160b16b119b5390f8072691974f0,5,Ótimo produto ,Achei a cortina linda e de boa qualidade.Recomendo! ,2018-08-08 00:00:00,2018-08-09 02:08:03
f047a58a2f259d2a7637a08a05d28126,675696464e3f1ec45c04dc5b171b2ed4,3,Recomendo.,"Produto muito bonito, grande e com muitas partições, não gostei muito do plastico que reveste dentro, mão parece ser muito resistente internamente. porém externamente é muito boa.
",2018-08-14 00:00:00,2018-08-15 12:44:49
15d80d132b2dca0d2338ad7a72365ba0,b3e7ea02bc00558f1ee99a2927181b4e,5,,,2018-08-18 00:00:00,2018-08-18 19:22:56
4e6725fb0029833d908a262a29fe8b25,4014ecd96ac1d06f8cca3ac729c389ff,5,,,2018-08-11 00:00:00,2018-08-13 01:22:08
c36ba52f6ed8acc1b10a2dcf31dd6662,8171d9c270f72f461104055ce2cada91,5,,,2018-08-14 00:00:00,2018-08-14 21:35:53
f1e7fb2973730ded638be6dab0c3dc58,5f862e4fe640e66110b40cced6911038,3,,,2018-08-11 00:00:00,2018-08-14 17:11:35
a6908790a04f61073fc06574c04f99b7,f3d2d81bbba5674341cadf212e3ba72a,5,,,2018-08-03 00:00:00,2018-08-04 03:22:37
33f04e77b6ae0c80a593bb99e7fa01fd,6e1c9b0136456e44d5b1d74c5abfae85,5,,,2018-08-15 00:00:00,2018-08-16 11:39:12
5af0b7f9d21896492e1e1c9b9b8bb282,d8ff993abef623e4c9956f245c4345e9,5,Excelente,,2018-08-18 00:00:00,2018-08-19 23:17:51
f1f312c59674ad384cf410b4b440220c,a524add4c939052769dca61e4e2cebb0,3,,,2018-08-12 00:00:00,2018-08-14 15:37:57
3a3b02a0bc72f3be731e7db680c8ef50,46f0668d5961419489c708d57e9e99bb,5,,,2018-08-08 00:00:00,2018-08-11 12:00:00
cb2197ba8c380750e8a8cdf57a549dd0,62fe4763f75b8c61cc111e465211c08c,5,,,2018-08-11 00:00:00,2018-08-13 14:52:57
a4b8ef65914f04321b5303f921ca9a86,d1ff908b4e21d4fffd5da1a0c84c3404,5,Super recomendo,Excelente compra,2018-08-24 00:00:00,2018-08-28 11:24:12
880814050d03f00b83374055274a3f9d,1e0f40bbfe787796d0c56e3795dc94d8,2,Relogio de pulso,"Prazo de 3 dias úteis para entrega. Foi Comprado para presente do dia dos pais 06/08, 4 dias para entregar e não foi entregue!
Se não consegue entregar no prazo aumente os dias !!!",2018-08-11 00:00:00,2018-08-11 19:41:17
1f04548153229e22a47e16d672d2fa7e,38dcf9bd2b8951b1407c82f1d70a8f7f,5,,,2018-08-16 00:00:00,2018-08-23 21:08:11
acc92162454a5acc503b828374d7c0dc,b48c09f638b289e9055c56ab3c3e4ae3,5,Super recomendo,excelente produto,2018-08-09 00:00:00,2018-08-09 18:27:44
e90a9be311254b767186bb6c1c823a59,2cc3c6f1d89338c78360e079513f99d2,4,Recomendo,"Apesar do produto estar ok, a caixa estava amaçado e houve um pouco de vazamento de tinta.
Acho que faltou uma etiqueta de frágil.
De resto tudo ok.",2018-08-10 00:00:00,2018-08-11 18:54:11
f1728343b05bf4f27c695d38735920b2,8c3337e8848790574f8d28f6591afbb3,4,6,,2018-08-14 00:00:00,2018-08-15 00:41:48
b6bd094ea68e31863cabea2f28e6073f,a2b510cbf99b001ef7b7a9aacc9789a8,5,,,2018-08-16 00:00:00,2018-08-19 16:37:21
720ff16eb1247a524f0207c6abcea829,47241d51bf3749ec7ad04962507ac2df,5,Excelente ,"Amei o produto... A entrega nunca vi tão rápido, comprei em um dia chegou no outro. Parabéns para a transportadora targaryen e a lannister pelo excelente trabalho, atendimento e compromisso. ",2018-08-05 00:00:00,2018-08-05 22:25:36
153e5b38080c623fb9d4a8fc4feb5251,cdc1ac6a94d34f438c153db4b7b5a691,5,,,2018-08-15 00:00:00,2018-08-16 12:58:43
d34e88e5d50f6abdf6da0a049422454c,649bb84817768858f695a41b42207285,4,,,2018-08-16 00:00:00,2018-08-16 21:46:14
bdde6cf2d23af6f71250fc957305346f,9991ee8a375a021fcb40b5ecf9902e5d,5,Amei,Perfeito os pendentes ,2018-08-11 00:00:00,2018-08-12 15:46:22
096b42b14747d0f6dbed00d66eadeb46,3efb84891f27efd4a1ad0e11ca4fb36b,5,Super recomendado,,2018-08-25 00:00:00,2018-08-27 11:35:51
1f32bebf7854a88c70c3907c1c1b14ef,ec6fa0fd3abb372973ffa4c792a2e936,5,,,2018-08-11 00:00:00,2018-09-07 00:08:55
b1efe3d7ecea8192fa8a83cf43dfb243,57e17fb636b56e67ea9a40c9f2a02527,4,Bons quadros,tem boa qualidade e acabamento,2018-08-07 00:00:00,2018-08-08 12:37:48
9b4c6ceccd5fa257e75239739722c336,ccbf44556216d2ad81b039514a0d8877,1,Negativo,"Referente ao pedido, é 2° vez que vem falando. Pedi tres n°s 5/0/7 só veio o 0/7.",2018-08-16 00:00:00,2018-08-16 21:17:30
432535f80139f69319254bda6e6053ec,f92d5a62c7841e7f1a73ce4a68912c4b,5,,,2018-08-31 00:00:00,2018-09-04 10:00:11
8b46f9e835a1644a414a9753b1d9539d,4b2113709e5d5f3760113b4a980cc88d,5,Excelente,,2018-08-15 00:00:00,2018-08-15 21:47:01
994fb2e27ca0653f8f003546e2a0e497,85df9618973ec5807b30a864e352599f,5,Ótimo,"Produto foi entregue em tempo ágil, super recomendo ....",2018-08-10 00:00:00,2018-08-10 17:47:37
9fddd2907f1325a16aca7b1fcb41119f,c07e1447e2887a9588ca8fbbe9d3c549,5,Super recomendado,Muito bom.Produto entregue dentro do prazo e corretamente,2018-08-11 00:00:00,2018-08-12 16:32:30
f9ea27e25d309d55f5f8130001414a64,15a5c3e66605b949f4fc77d747f8003d,5,,,2018-08-08 00:00:00,2018-08-10 01:39:30
fade356e7332606aa22776d8d553cdce,837b75362f8a7c08c85182dfd16cb72d,1,,Ainda nao recevi o produto.,2018-08-12 00:00:00,2018-08-12 13:51:31
bc21c710c4a13549093961445df5b3ba,83b38224c814740db730aad1c72c7a3f,3,Não posso recomendar aind,O Produto veio com defeito.,2018-08-14 00:00:00,2018-08-15 12:01:54
37fd849d926e69b49729ac4cafd7cff9,57aca838ac598c9289dc89f0ef979700,5,Bom,Produto veio conforme especificações.,2018-08-16 00:00:00,2018-08-17 13:43:33
