order_id,order_item_id,product_id,seller_id,shipping_limit_date,price,freight_value
003a94f778ef8cfd50247c8c1b582257,1,452f66a0f164cac57802e2cea93188ac,f80edd2c5aaa505cc4b0a3b219abf4b8,2018-08-07 15:05:14,39.9,18.08
003cc6161d7a2593f2525cce0c330d32,1,fadc89c2a60ff96b18827644074dfd70,53e4c6e0f4312d4d2107a8c9cddf45cd,2018-08-07 20:04:14,85.0,12.9
00526a9d4ebde463baee25f386963ddc,1,0c4a0f8ab44f9acd2d04e7024f9ba362,7210cd29727d674c00741e5e387b3ccd,2018-08-14 22:15:22,33.89,8.4
00526a9d4ebde463baee25f386963ddc,2,0c4a0f8ab44f9acd2d04e7024f9ba362,7210cd29727d674c00741e5e387b3ccd,2018-08-14 22:15:22,33.89,8.4
00526a9d4ebde463baee25f386963ddc,3,0c4a0f8ab44f9acd2d04e7024f9ba362,7210cd29727d674c00741e5e387b3ccd,2018-08-14 22:15:22,33.89,8.4
00526a9d4ebde463baee25f386963ddc,4,0c4a0f8ab44f9acd2d04e7024f9ba362,7210cd29727d674c00741e5e387b3ccd,2018-08-14 22:15:22,33.89,8.4
006c42f310102c1910b3c5793ce5fc34,1,b20004b530789d5db586f589da0ef3e3,afa6714acee029b2dfdf357e5579cc03,2018-08-08 16:24:34,229.99,20.8
008819c6d5f6da6fa5cd9d50ca927cf4,1,57f2bc497c1a3ebe41ba7a06d78ed159,6560211a19b47992c3666cc44a7e94c0,2018-08-06 21:50:11,55.0,7.65
00a379dfab816a83741012b71b264098,1,786248c98cab9ad5cccdb751909da1af,1da3aeb70d7989d1e6d9b0e887f97c23,2018-08-07 20:04:20,15.99,7.39
00ad1a02d4d9decad15c7e8f8a9470cc,1,5403528d987ad26e8d7cb25940411987,6560211a19b47992c3666cc44a7e94c0,2018-08-07 12:50:17,49.0,19.25
00d15ff0236872686e4899ed1ce680ad,1,702a14f9c5a93130c3346c4de901d864,55029529919c0123526150bd26ca8f20,2018-08-15 03:55:11,57.95,22.34
00f1bb0af030935db1745ee28367ea26,1,677d8ace413e0060fa8686cde56eaf10,4869f7a5dfa277a7dca6462dcf3b52b2,2018-08-08 23:31:34,268.9,19.98
00f6ac4816d12f49026b09f2aa77d15f,1,b532349fe46b38fbc7bb3914c1bdae07,1025f0e2d44d7041d6cf58b6550e0bfa,2018-08-10 17:30:14,35.0,19.44
00f6ac4816d12f49026b09f2aa77d15f,2,b532349fe46b38fbc7bb3914c1bdae07,1025f0e2d44d7041d6cf58b6550e0bfa,2018-08-10 17:30:14,35.0,19.44
00f6ac4816d12f49026b09f2aa77d15f,3,b532349fe46b38fbc7bb3914c1bdae07,1025f0e2d44d7041d6cf58b6550e0bfa,2018-08-10 17:30:14,35.0,19.44
00faa6afcde74aaa630e1d2fda2bb0f7,1,e583bb5fa3cb1e876a6ea48f21dfef34,7d7866a99a8656a42c7ff6352a433410,2018-08-09 02:45:18,22.5,18.26
014ac3cfd0e55bdc2cdd12aa181b00cb,1,8ef8561be5799da29925c5baaf083a13,559d56f3b8f0bc2e5a9a62fe2ce2a39f,2018-08-09 09:30:07,135.0,23.75
0152de20f6e09fb1133847df8babd490,1,fb19ac22e32dfecea21afbdde4b97b5f,17e34d8224d27a541263c4c64b11a56b,2018-08-13 22:50:19,211.05,14.14
0181409c6498f79e161dde79c2a7dc59,1,656d923048a96be8ec0da05d7b71aa28,709e16e2b25c7474d980076c6bfc4806,2018-08-03 15:31:18,43.9,18.41
01a9d731c0f08f4f79c10b7679dcdebf,1,0e362037e5f02f62c8ce89f49cb9d520,f4a04f7be452aa3bb31760bf00055dd0,2018-08-14 18:44:19,39.0,15.37
01b4dfef1c8848e8c0431ce17f5f72ea,1,f9b0ee95ce8b1ef8b50eecc5e0fa4348,e9779976487b77c6d4ac45f75ec7afe9,2018-08-08 14:10:16,25.89,22.98
01c156f67900e1f33d1234ce92cb18d9,1,41db6d8062fcd38410c699743ccc0265,92eb0f42c21942b6552362b9b114707d,2018-08-17 17:50:18,13.47,18.23
0231f6b89e5798ff6c0dfb1e18a94da9,1,aed75ad669fbebd5a385ac7cc2ae7573,17f51e7198701186712e53a39c564617,2018-08-20 12:50:19,550.0,98.77
028df34320b87c04ef6de145db2e8444,1,6a31191d5ac5852b0478f6e245ac5b02,7357b52d27cbaa90f81a96cbc1279396,2018-08-08 15:24:05,118.13,17.02
029b2daf51dda061aeb1cf32c9306db7,1,eb6913790ee61d3d4d8dffcbbedea827,382229d1e840115ffe3dbf5ff460e417,2018-08-08 16:35:20,29.9,18.31
02a3c3a1c72dbff557b2f56fc0caa847,1,964093075b6885bfcc6520dd216e4d8f,4830e40640734fc1c52cd21127c341d4,2018-08-10 08:50:17,25.0,15.28
02a98752595ee9d94c570ad3e18055b4,1,11dcc970f7a5581e1bf777b6da3f7096,06579cb253ecd5a3a12a9e6eb6bf8f47,2018-08-06 13:04:18,68.9,11.5
02bd584dedf7373cb07b6540cadf9a76,1,9ea1152d6d52dc57ab2ea49aa626adc1,e9779976487b77c6d4ac45f75ec7afe9,2018-08-07 21:50:14,54.0,23.18
02cb7027f3074adf1407706d712298f7,1,6b7de889f456ee35f031172d358b2cd2,594f9aaa48e5bf431f011ddc5669b0d5,2018-08-09 19:45:18,135.9,23.67
02ef9aa8b6692c2ff049065f5a150c28,1,63888810573fd78e60644cdf803cd2fa,537eb890efff034a88679788b647c564,2018-08-03 13:00:21,29.9,15.31
02f1d13053a2833d022b8921ee3411a3,1,fddc61a36e83f12b665d068c07411aa7,54a1852d1b8f10312c55e906355666ee,2018-08-08 12:55:32,74.99,19.72
031e976ccc4a1678f5485552ed1ae778,1,49b624365d1b55a1747aedf255a15e62,3db66a856d18a9cba7c9241fc5221c50,2018-08-10 17:25:05,179.9,39.77
03202c9906e9d1140a8ac3e15f4492e8,1,422879e10f46682990de24d770e7f83d,1f50f920176fa81dab994f9023523100,2018-08-09 04:44:41,49.91,20.99
0327e299243edec0ed4f26712a05b910,1,30360c8b0b2ac6918f53ab66bc3c306f,8ae520247981aa06bc94abddf5f46d34,2018-08-08 18:30:20,189.9,19.43
032b42b17fe9daa676ba9447f3dbbd0a,1,0127db1f4effcf8f5b88d80588bc5624,ececbfcff9804a2d6b40f589df8eef2b,2018-08-08 22:44:39,49.0,13.0
032d90128bd4c1c63e317ab45ddc2879,1,774ea72f37a7fbf1fb32b973a18f2348,f80edd2c5aaa505cc4b0a3b219abf4b8,2018-08-06 19:45:18,144.9,21.65
03350e641d4d30d50b38c2e3030cd394,1,06f756df8d80309915285f3ee6ea1059,b1a81260566c1bac3114a6d124413f27,2018-08-08 23:05:10,129.9,24.06
0339ed6316da69c73459e191c10ff6ac,1,9fe172fa8e662ca8572cf12abf8bce23,cab85505710c7cb9b720bceb52b01cee,2018-08-09 04:50:30,49.9,13.01
033e7f3c73132dd6a6792359b94155a2,1,e7cc48a9daff5436f63d3aad9426f28b,53243585a1d6dc2643021fd1853d8905,2018-08-08 19:23:52,170.0,25.54
033e7f3c73132dd6a6792359b94155a2,2,e7cc48a9daff5436f63d3aad9426f28b,53243585a1d6dc2643021fd1853d8905,2018-08-08 19:23:52,170.0,25.54
0359f367ef22ad541b0bdc484158be09,1,7416f209ecc901d8c6c64377f12cd1d5,b32be1695eb7ec5f10f72d9610a12527,2018-08-07 12:20:06,159.0,64.48
035c01a45e289b155db4e47cf39b29d3,1,656e0eca68dcecf6a31b8ececfabe3e8,5f67c6082caacb26e431a7b17940cece,2018-08-13 06:05:33,79.9,13.9
03720fdc92032ee4abd471d172006ab0,1,dd2ca29c9d0f93d3b1d28d7d7ee3025c,5b0cc932433fa5184b5b94bfe6bcc256,2018-08-09 21:45:17,99.0,44.49
03e9790f0220543f057ebca9e29b459a,1,81a3d1dc085d3226530f23cd4af5030b,0d33a55da925bbf1ff02af5f6059fc7f,2018-08-03 13:24:21,35.9,9.0
0436c197b0ba8265af9fa94b7f444866,1,7f72a8900b3d2fc8fa2635b7836d6e6e,7299e27ed73d2ad986de7f7c77d919fa,2018-08-09 16:05:22,64.99,18.56
045e0b29f969d5cd3bf5ca04087a4af8,1,57e7f9befd08f9e14bc4545abf760d0e,7901646fdd36a55f564ffaf2dbccaaf7,2018-08-09 23:10:11,72.0,19.69
045fb730a757a5379d79bdbc42d4e84b,1,a783f0d718c28a1375f64c1dfff1818a,85d9eb9ddc5d00ca9336a2219c97bb13,2018-08-17 04:10:19,34.9,13.58
049ede3fc839758e81752a9dacd1f911,1,6ab9d49c399f239bc88ea28c7568213f,5c853bb56f70f4d14218944bae111d7a,2018-08-10 04:35:12,12.99,12.79
04c16a4e370df99cc2e5e4228ee63820,1,0bbdc963004d9b2fd3427ee3c5ae3608,06df0c10d34e459d9672bc77388742eb,2018-08-08 20:04:47,299.0,15.43
052fd91f936f4938c1085ce62862142a,1,b520bae2a8c9790cac40196cb2025283,b499c00f28f4b7069ff6550af8c1348a,2018-08-05 21:35:19,44.99,12.98
05529f3e7ed5cd4214281f2bf60e89d6,1,49cb84851ad1487be5bf70a42bb954dd,b2c97074649f92197d9387d9033dda5f,2018-08-03 18:20:05,53.3,37.28
05a6f444527fc90e28da6088b1707b20,1,4ebe0af5e3df81384008ea97f49879fd,ea8482cd71df3c1969d7b9473ff13abc,2018-08-07 12:35:14,79.9,18.66
05ec9565bccc292561dec1d33bfefdfa,1,8dc8cdb4e5a2d2f2af019bc5a255e907,e333046ce6517bd8bb510291d44f0130,2018-08-09 11:30:16,49.0,13.92
05f18c930e9961675a68af3b18efaf6b,1,bb77135946e78428a7a5634a46113a22,95f83f51203c626648c875dd41874c7f,2018-08-09 14:24:05,29.99,14.51
067cdcc9257641b7d0ed7a49a466dd8d,1,5fabb51e7d99bb9d824b30a637c36595,7a67c85e85bb2ce8582c35f2203ad736,2018-08-06 16:24:04,85.99,22.88
06bc7036f4e52afa8213176211d6ebba,1,67e927f7378303fc91ee4c3fc301bf5a,0951a6e282947e09cd47969f4ed0b47f,2018-08-13 11:25:11,79.9,15.66
06d8cb692ed19b092adaaf5337d01a39,1,e61c78a7343d82c0539d27df0f7dfc31,da8622b14eb17ae2831f4ac5b9dab84a,2018-08-07 11:04:11,199.9,27.7
071be1c98f3a6f467d8e472d94350db8,1,32442bee23baee10041f5a964cfcbd15,b1a81260566c1bac3114a6d124413f27,2018-08-10 03:10:22,199.9,50.36
071be1c98f3a6f467d8e472d94350db8,2,6c3f9c870ff6e96ad4f4511602078fb0,dbc22125167c298ef99da25668e1011f,2018-08-10 03:10:22,158.26,24.18
0725532304d0cfa92301860fe3075a28,1,1522589c64efd46731d3522568e5bc83,28405831a29823802aa22c084cfd0649,2018-08-08 12:31:14,35.0,8.41
0760a852e4e9d89eb77bf631eaaf1c84,1,1522589c64efd46731d3522568e5bc83,28405831a29823802aa22c084cfd0649,2018-08-13 06:15:14,35.0,15.35
076dc4ca874b482e0fed6263b1ff1b5f,1,b709188b458871de07fd90a08dbcd1f0,b76dba6c951ab00dc4edf0a1aa88037e,2018-08-07 18:15:18,16.99,22.06
07808f3f87407774955a7ceb2f4fe5d2,1,c3c47cc2c109b294de98015792804e64,845e8036c3f7bf62099352f5ed910240,2018-08-06 09:15:19,85.9,18.4
078f6a01964ee122ef20881df839af31,1,ada6a9116c85d8e56232e0a4265d7db9,c004e5ea15737026cecaee0447e00b75,2018-08-10 11:15:27,2350.0,69.2
078f6e79012194cd9eb77b10f6753d77,1,e3dd5a5b73bfbb610ada4ed74a6612b6,70c27847eca8195c983ed7e798c56743,2018-08-10 15:15:15,69.99,15.59
078f6e79012194cd9eb77b10f6753d77,2,e3dd5a5b73bfbb610ada4ed74a6612b6,70c27847eca8195c983ed7e798c56743,2018-08-10 15:15:15,69.99,15.59
07a78584049fe9dca82ae7bf5717d8b9,1,4178e16324fd0c9a8e18463caf390cc6,ceaec5548eefc6e23e6607c5435102e7,2018-08-06 15:00:08,265.0,24.57
07c60b22ef2c61750215fd44cf67f928,1,f8375e9fa93ad89af5386c8d0ff4e186,5275ca25d0358ca73864e0ae41be1320,2018-08-09 21:24:25,105.9,11.76
07d3edf3fa2d24ebc102315c95ec89f4,1,4c82c8d31845d751d797debc3d03697f,ce27a3cc3c8cc1ea79d11e561e9bebb6,2018-08-06 05:05:09,12.99,12.79
07dc1dc61c5ee9a1387069fec64b6663,1,342936541051cf54fbe4879bd6e84985,594f9aaa48e5bf431f011ddc5669b0d5,2018-08-07 10:24:06,45.9,13.66
07e68b7ed834c392f26a154d8997115b,1,5dec0a1a4dd30fb1ac9031f5dc4e2f5e,4869f7a5dfa277a7dca6462dcf3b52b2,2018-08-07 10:10:17,179.9,19.36
07e74b39ce62a7c6f7063b3168748191,1,b0acce29b45d9b1236d4787813058afd,d566c37fa119d5e66c4e9052e83ee4ea,2018-08-06 15:43:58,56.9,11.42
07e74b39ce62a7c6f7063b3168748191,2,b0acce29b45d9b1236d4787813058afd,d566c37fa119d5e66c4e9052e83ee4ea,2018-08-06 15:43:58,56.9,11.42
07f6947cb721727031402e0cd6d6e5e9,1,ac50a885bf3b6a817bf6a0a2f1e27af4,113e3a788b935f48aad63e1c41dac1bd,2018-08-13 21:45:19,19.83,12.8
07f770114a6de1a65f865bf22d8bb20a,1,27c5d184e397082e7f0ff11ace0d7269,42b729f859728f5079499127a9c2ef37,2018-08-08 09:30:16,62.9,14.02
07f9acd4e59411df700a59f89d4da8ed,1,0c5b17c1b54fc1dc48752ddb8caab6fc,2ff97219cb8622eaf3cd89b7d9c09824,2018-08-06 22:05:15,66.0,19.65
086986d3fe34c0417a41f76b14114fec,1,6e87f3a8a84e60c41db0a3e7779f6e0c,8b655f0855926bcb49f5835d38dfddf6,2018-08-08 22:04:19,229.9,14.91
0870bb57b1b24052c8ac2cd8df433553,1,89321f94e35fc6d7903d36f74e351d40,16090f2ca825584b5a147ab24aa30c86,2018-08-09 08:44:54,28.99,7.46
08804ff605210017ad305e46cbd4e3c8,1,336b68746bbdc7ef1b4e7115eaad1668,b494891378bd8f4560abe576c52deacd,2018-08-08 12:44:19,169.9,12.21
08bf457a7ecf8ba28efb48f0add11cca,1,99a4788cb24856965c36a24e339b6058,4a3ca9315b744ce9f8e9374361493884,2018-08-08 12:15:20,74.0,23.32
091c34308e51d6dff47fe839b7aebbd5,1,2caf3d5ea53377d4de079fdaf4ef13e7,6c6e3d67f969468f3bfd33f827a31222,2018-08-06 13:50:22,40.0,9.59
09249f4625a56408772a45322aadd544,1,fe75529a267b76ac6e96f0c322a899a4,620c87c171fb2a6dd6e8bb4dec959fc6,2018-08-10 10:35:16,119.9,18.94
095a4047965f98a409258e1db6c99e79,1,d1c427060a0f73f6b889a5c7c61f2ac4,a1043bafd471dff536d0c462352beb48,2018-08-13 06:45:08,119.99,44.64
096375c5433ecff9fd971ca2bdd40f1b,1,abc3432ff825d8e524db1d4eac6d2099,8d956fec2e4337affcb520f56fd8cbfd,2018-08-06 22:15:30,38.95,19.18
09859a28d56f326d009da66f7d02e99d,1,ba16581014183c8415da15145f3d4c24,710e3548e02bc1d2831dfc4f1b5b14d4,2018-08-10 20:45:15,299.0,63.26
09a93e48d7e84fa082320df90b072c7b,1,e1e932dfb67414e80b87ad97688cf2a3,fde0cc9ea29c8ccfc0a2c22256a58c71,2018-08-09 04:24:44,105.0,23.5
09ced678dfa43843d2f38c410def94aa,1,67e927f7378303fc91ee4c3fc301bf5a,0951a6e282947e09cd47969f4ed0b47f,2018-08-09 21:10:18,79.9,18.66
09e7742cede3e38bad12bf8e4e015d6c,1,6f3b5b605d91b7439c5e3f5a8dffeea7,4869f7a5dfa277a7dca6462dcf3b52b2,2018-08-07 04:35:23,162.9,19.24
09e90e3936db197d43b9bde1291c307d,1,e4c7ed7a832858c17d60ad5e38b00aba,d2374cbcbb3ca4ab1086534108cc3ab7,2018-08-09 02:43:57,72.9,14.09
0a00e9b0112a0e7ba031426a31659196,1,a4ea23e4c7a6ea7b4106779177221ce7,6a38087bc8ad4f89ff453561005f6dea,2018-08-10 04:35:17,49.9,37.26
0a00e9b0112a0e7ba031426a31659196,2,a4ea23e4c7a6ea7b4106779177221ce7,6a38087bc8ad4f89ff453561005f6dea,2018-08-10 04:35:17,49.9,37.26
0a05e512c3e656802c930be4c1766c2a,1,2028bf1b01cafb2d2b1901fca4083222,cc419e0650a3c5ba77189a1882b7556a,2018-08-07 12:05:37,49.99,7.61
0a2820ea58a627b97ba956f38567cae8,1,b0c8da302d49498d2ce6be8c631e4e20,88460e8ebdecbfecb5f9601833981930,2018-08-09 02:35:21,50.2,13.69
0a7ef385ee9080d0edef043521ec3114,1,a92930c327948861c015c919a0bcb4a8,6560211a19b47992c3666cc44a7e94c0,2018-08-07 19:30:14,78.0,18.65
0a998b0552bd0e04c7b38f0f58737c54,1,53b36df67ebb7c41585e8d54d6772e08,7d13fca15225358621be4086e1eb0964,2018-08-08 19:15:21,112.0,13.44
0abc7357d2bbb06a7d4d0b2a24d4ebd3,1,e6666bfb776cebb5e0e1cdf2410f7490,55f7a3319d80f7fdf078b8f03e6725fe,2018-08-07 08:24:04,274.49,14.22
0ad9d4e4f4c9746b59ddb9c18d30d241,1,9988437646bfc0cbe0f97d4451cb08fc,d91fb3b7d041e83b64a00a3edfb37e4f,2018-08-07 15:43:53,100.0,51.42
0af07373c6e0f41a0660087bf63d7c64,1,bdc3291ab242ec1effc8eb0987850268,5656537e588803a555b8eb41f07a944b,2018-08-06 17:05:19,25.89,18.28
0b16257b1b7ee0922ea03954f2cae85a,1,49f19939bc5c8639e06c36d3bf01ee98,81783131d2a97c8d44d406a4be81b5d9,2018-08-09 18:44:50,113.1,8.21
0b17b204a1785111272edfadb2aa9e94,1,214b2d4bc9a6b09243f5e27b9fa96d4a,062c325cd6a2b87845fab56b4ec2eeae,2018-08-07 22:04:00,95.34,14.98
0b3e1c68302779e0c67d97c5b8ed17f7,1,a05b734b423527efdc1917e441f19234,c5f7e746b7e6d07def6c0dae9903279b,2018-08-07 14:31:37,319.0,24.51
0b47f5e9432bd433f8c5cf64e60e6e5f,1,e7cc48a9daff5436f63d3aad9426f28b,53243585a1d6dc2643021fd1853d8905,2018-08-13 11:24:58,170.0,53.54
0b497dc78b09ae400416eabda31cf6ea,1,6a83f2e07c29ded9b8734d14a7d93c8b,7a67c85e85bb2ce8582c35f2203ad736,2018-08-07 07:55:13,89.99,11.65
0b49ef15b00408f4b3cc8c7ac0c5ae19,1,159cad5d8dadf4141e99b88d58c0c943,6c99c983ce3b6ba0ab813e6790e81691,2018-08-09 11:30:17,74.39,19.71
0b52695e8c759b22075c6937089c4158,1,8b8702416a4fecb685fc70b056cac372,955fee9216a65b617aa5c0531780ce60,2018-08-07 04:10:19,10.0,7.39
0b584b729bdfec204ec2aa5d21d6ca56,1,4a0d42e046d1d4d039b4b7807ca46e83,3bb32fedaa74e4ad20f4ce067733bd31,2018-08-08 05:05:18,55.9,22.32
0b5bc52b360d662aac171cf7ae46f187,1,7e6c4a0bf900e259f50ba63331fd2785,6560211a19b47992c3666cc44a7e94c0,2018-08-13 03:45:11,75.0,7.79
0b82d0616f1ad8da15cf967b984b4004,1,4a24717893a6c8f3cfcf9843b8987d15,2cb6eb1b7185064167657fa09f541105,2018-08-07 04:25:14,25.0,8.69
0b90ac9175a39196661a45b34be587e4,1,0e8df33c96f1c03405f222785b9d753e,a3e9a2c700480d9bb01fba070ba80a0e,2018-08-07 04:05:27,109.0,22.58
0c1eabff9739bc1f4ac404d1a8a13db5,1,349ce46a0e2e20054aa9d80c48af8816,d6b1ce66b035a475f00c017792ff9769,2018-08-12 22:10:17,169.99,23.99
0c57cbfd927d9e62af8beee6d48920b7,1,2b7bb91ceee2bfa598986638fb136ba4,bbaff50f3b708fda865918715276cd87,2018-08-12 21:50:13,26.0,7.44
0c57cbfd927d9e62af8beee6d48920b7,2,779e74ce337266c06bf392935ab34bc8,bbaff50f3b708fda865918715276cd87,2018-08-12 21:50:13,26.0,7.44
0c57cbfd927d9e62af8beee6d48920b7,3,3ead2a8b3b92444cfac54979d56c7993,bbaff50f3b708fda865918715276cd87,2018-08-12 21:50:13,26.0,7.44
0c57cbfd927d9e62af8beee6d48920b7,4,eeab31cd2a4bcd64e6b249e0a674b3a8,bbaff50f3b708fda865918715276cd87,2018-08-12 21:50:13,26.0,7.44
0c57cbfd927d9e62af8beee6d48920b7,5,1b0e9a414e59a00b13262ffb248ed9b4,bbaff50f3b708fda865918715276cd87,2018-08-12 21:50:13,26.0,7.44
0c6a2732270e3f0f66bd73dbde93b59e,1,b05eda1aa0322626a26b40fe913ebfc5,7d76b645482be4a332374e8223836592,2018-08-07 14:05:21,13.99,7.39
0c73b283fdefcef04be55400a4f6ccd1,1,3de4498dcdded5abe7349bd43c401c1f,6560211a19b47992c3666cc44a7e94c0,2018-08-09 04:15:23,45.0,17.25
0c905768040f5d51c3cccf00256ddcd3,1,12a46620105cc4bf4d193fed203ab9e6,35b96509602ec4b7da831b5cd73ff2c2,2018-08-09 19:05:21,259.9,23.75
0c9c2a32f57d7b49bacbe81e5534cbba,1,da97969972a524bca894f97ea6bcff90,d2374cbcbb3ca4ab1086534108cc3ab7,2018-08-09 17:50:26,29.9,12.87
0cc61cbbb97b708ac85f95f24e7e4439,1,643a4049ae3e6df63858575f28cd7b21,c70c1b0d8ca86052f45a432a38b73958,2018-08-09 14:05:13,91.55,15.74
0cce1e1470bc8d35d6a2bebb6991bc1b,1,6b5170a2d3ae93a38e63f17b356da239,3be634553519fb6536a03e1358e9fdc7,2018-08-08 13:50:20,33.99,20.19
0cf8068e7b7318f0e518be23c903b9f2,1,e7cc48a9daff5436f63d3aad9426f28b,53243585a1d6dc2643021fd1853d8905,2018-08-09 14:24:15,170.0,10.32
0d5d3777270af3ab88e1ad0e74c57e52,1,3e12358032a6a599d25d9fd630cec2e1,c679fb69a36e1d8349e8c50a217b4d58,2018-08-14 13:15:22,126.98,31.76
0d5fb8614978748bcfbef448c8a74a17,1,5194b6f4fa50ae9404bfd3e48ebe3911,17e34d8224d27a541263c4c64b11a56b,2018-08-10 10:15:30,181.5,20.46
0d702a2aa767d3a728780f8b61e31a46,1,d017a2151d543a9885604dc62a3d9dcc,6560211a19b47992c3666cc44a7e94c0,2018-08-10 03:25:21,49.0,7.6
0d91eecd335defba92a82bc3f062225a,1,b92a7304ebad1ca5b393b53b2de5c70a,7c67e1448b00f6e969d365cea6b010ab,2018-08-17 19:03:54,139.98,18.75
0dbd7242192102a62fc3677d4d42b5a1,1,d7a2f0c3a43042d52cf8361958342c5d,2075d8cd4dd63ff12df0749a5866bb06,2018-08-13 03:05:19,59.9,11.91
0df047ac4fa1b5eed06cc188e54fd23e,1,89427567da9c9b075c9dca131535104d,3d871de0142ce09b7081e2b9d1733cb1,2018-08-10 09:45:15,39.0,12.93
0df047ac4fa1b5eed06cc188e54fd23e,2,89427567da9c9b075c9dca131535104d,3d871de0142ce09b7081e2b9d1733cb1,2018-08-10 09:45:15,39.0,12.93
0df84fd499d4271993b678c5509f3779,1,1cb173e22a594e4c0883a4f0502b5360,efff9341f3f8f5237b44ff67ed36a7bf,2018-08-07 11:24:19,150.99,17.25
0dfa57672b4853ecb26cd28c31a79e54,1,a4f6f1f22e3d5cae41187879ded62616,6fd52c528dcb38be2eea044946b811f8,2018-08-28 19:24:55,58.67,8.57
0e0170b61d0a01970751c69f238a4dc2,1,46d418ab71bf88eeaa978665d4b0f693,b64d51f0435e884e8de603b1655155ae,2018-08-09 16:10:23,31.7,7.48
0e0170b61d0a01970751c69f238a4dc2,2,46d418ab71bf88eeaa978665d4b0f693,b64d51f0435e884e8de603b1655155ae,2018-08-09 16:10:23,31.7,7.48
0e0170b61d0a01970751c69f238a4dc2,3,46d418ab71bf88eeaa978665d4b0f693,b64d51f0435e884e8de603b1655155ae,2018-08-09 16:10:23,31.7,7.48
0e053aa097eda67e25b3934ef3eca8a8,1,34194988e78bc60417003c8a235b8083,dc64d75cc406bb0697be983831430e60,2018-08-06 13:10:25,195.0,23.3
0e26d0a204b8688d2481b72560ac3ddf,1,5910243c1624994e66138f05c7f4a275,6b333a05bf188ef3e1f1662a86bd9855,2018-08-06 22:35:13,229.0,27.66
0e520b5aa77bac2965d232c9a023229d,1,2624c8b856235b0499572d609ffd0930,7dc8c42cc750eeafea6c85712ffee9bf,2018-08-08 13:55:15,269.0,19.68
0e8488c62611eb99cdf174e019bf9d8a,1,7efbc2ce01bc5ac5d5390c330f90376e,0241d4d5d36f10f80c644447315af0bd,2018-08-07 16:50:26,269.0,44.55
0ea5fe4904bdca87f8cc726a5bb5d768,1,08a58dc963320d6073623382b9ceb920,8e8a7ce9f2f970dc00e2acf6f6e199f6,2018-08-06 22:24:13,129.0,16.0
0ed9d0447248a2cdfab50c897e1d61bc,1,26a3bf2fff7de4f4a65d54442c672913,a3a38f4affed601eb87a97788c949667,2018-08-07 09:50:13,329.0,25.45
0ef716d86b77c7bf750b25ef9249d193,1,13600956946060355717f613fc076a67,cda598c48d7c614bc1cad7d8ff6f0010,2018-08-06 13:25:13,79.9,19.75
0f04257628f269da8bcc26b6839d66f5,1,b8eb8663142255eb7ab4526b3ee1c7fd,080102cd0a76b09e0dcf55fcacc60e05,2018-08-06 20:44:14,139.0,51.69
0f213d7015dad47737aecd4d7403f919,1,046bb8477448980cb3355e0702e77a0e,ca4b77513ac2040591b0d8fae6958380,2018-08-06 21:55:23,175.06,19.03
0f2eddab2cf0edb934c4086172712081,1,f9a508234fed38c95437c5a16b847774,522620dcb18a6b31cd7bdf73665113a9,2018-08-07 23:10:17,79.0,13.89
0f8415c6898be42b337b26a77fcecbee,1,42737e3759311804e830f222c6135e30,e439f7176d763f92de325271111b2fd5,2018-08-03 11:45:12,379.0,63.63
0f9807b737e645eaa107418a88f30fd6,1,1158f353b550ac2a2dee2239ac64f79a,e51f22821f0c12a16ad5c020cdcd55e9,2018-08-13 04:45:03,169.9,20.38
0f9db6b2900040157d27f21ae0f3d86d,1,c9c6fde711572c1ad99ca12728c6af00,562fc2f2c2863ab7e79a9e4388a58a14,2018-08-06 05:15:19,59.99,15.52
0fb0e71d92a103ce203e4b32be458d9b,1,4ff38de0673d41a0da1499e300720ef6,5b07547f10dd980738a1a27f685af669,2018-08-10 13:04:45,69.9,8.65
0fc664e3e9937dfcef8a126f89b976ad,1,1e56c680b07833e85fec6904b2c7e4b8,f789d2c4f2c2eb38fc4373e7a4b35264,2018-08-07 07:25:08,69.99,18.59
0fc8b7fbf6a7c5ab753e2e3d0ae70d8f,1,42d3ba4dd1a78c5ba05ccc0d3417706c,8160255418d5aaa7dbdc9f4c64ebda44,2018-08-07 14:50:22,99.9,15.01
101181f5adb1f9b1084fc5ded1160d75,1,6a3370dbb5bd5817ac81a5db12cb2baa,516e7738bd8f735ac19a010ee5450d8d,2018-08-08 21:45:22,36.9,18.36
107c13bd61028594c5dd87a1acf92f45,1,ab592db756fdbec7cc98b2cd91ed51d0,79ebd9a61bac3eaf882805ed4ecfa12a,2018-08-13 02:23:54,124.9,51.74
10a8ab52ea001eb59beb9c0f97d72eab,1,77d33bd0b4fcc822df9ee16dd7c13a13,c522be04e020c1e7b79f3acff36513d5,2018-08-14 02:55:15,89.99,7.89
10ee8dae1859d2e91a79ad35006d3412,1,a6f1c622ba2df1146e04690cb9622288,05e107217c7266362fd44b75b2cd4cc4,2018-08-10 03:25:18,12.9,17.06
11120fb91d0191b1174ea4e37043ff39,1,19c91ef95d509ea33eda93495c4d3481,06a2c3af7b3aee5d69171b0e14f0ee87,2018-08-21 09:10:14,122.99,36.63
1118f05e23d1a8082fa47f8a377de658,1,49f19939bc5c8639e06c36d3bf01ee98,81783131d2a97c8d44d406a4be81b5d9,2018-08-09 15:15:29,113.1,8.21
1118f05e23d1a8082fa47f8a377de658,2,49f19939bc5c8639e06c36d3bf01ee98,81783131d2a97c8d44d406a4be81b5d9,2018-08-09 15:15:29,113.1,8.21
111fd867f837d390ba296535e5ce8b92,1,db9f690c43d7029be69f5ae0deb4fd96,8b655f0855926bcb49f5835d38dfddf6,2018-08-08 21:50:17,179.9,12.28
1126e3a4ac41a7be5c3cc650d36ccc54,1,052413504e5295cd66ec4ced0b310062,4869f7a5dfa277a7dca6462dcf3b52b2,2018-08-03 13:44:21,149.9,19.15
1126e8ce51fcc395870c8fabcf7de709,1,87d6047f661dc87643c40612a6eff3b3,4a1f694197d05fe70026b016a7316b41,2018-08-08 02:43:59,42.99,11.32
1143f20f5408741a0c7d79bfa56efa6b,1,dd0c92095e24c0592ff858d2c4837a78,e73bf2cea7fe4b0b4d287a7568ed1099,2018-08-08 20:31:08,109.9,16.0
115faf732ae2a6adbc96dc35069621e5,1,622d3b263cd40b06e1eeea144fb83f19,87d3c3aeb3ead335511b3ce315eb341e,2018-08-07 16:55:06,14.99,7.39
116f5088fd9393bef556fc932533e3dc,1,62f423e57a8c157d3877ee5867d7db88,1fe5540d7c1c37a595fefbacd5570d9e,2018-08-15 23:15:16,169.9,19.29
11fb3a6f90bfba7e4b6717e62fe6cbc1,1,b4bcc9155de9c60e343ecbff22b86dc8,f8db351d8c4c4c22c6835c19a46f01b0,2018-08-09 22:45:18,129.9,9.66
120b19c8ebbbe34df59e157f3dd1f0c9,1,5c909f03b5baf836858186d3d5867020,70125af26c2d6d4ef401a1d02ae7701f,2018-08-07 05:05:18,28.9,23.35
12212c72d1bc207ff5bb823d711dbe88,1,e7cc48a9daff5436f63d3aad9426f28b,53243585a1d6dc2643021fd1853d8905,2018-08-07 20:44:02,170.0,39.46
1230f41d95a6fc74a51d388e8b1e8810,1,5c3f833c3941c6353fd0cc51686a1101,d66c11a9572221d92fbb8c4897db5f9b,2018-08-07 15:50:11,170.0,40.4
1254db2858a5edb97a4c724409299e13,1,c589625c8ccc7bfd2e8f1fb041e24c4a,c70c1b0d8ca86052f45a432a38b73958,2018-08-09 22:25:11,110.32,8.03
1265cc7a9988226b4abf1885582ceade,1,a62b367ed54e81983ba07fdb06d405fb,98dac6635aee4995d501a3972e047414,2018-08-08 17:30:17,42.9,11.32
1270910d921270ad6a35e504554c4068,1,7814c273ab16783d73a9863ebfa8b141,1025f0e2d44d7041d6cf58b6550e0bfa,2018-08-14 03:15:27,230.0,34.69
129f71206f00d7fa856e19aa56618068,1,73bcea88583002fe12b7399af4ae60da,4869f7a5dfa277a7dca6462dcf3b52b2,2018-08-09 04:55:32,115.9,18.91
12ada6ec0be92b66bd3392b1764a4588,1,fbce4c4cb307679d89a3bf3d3bb353b9,c33847515fa6305ce6feb1e818569f13,2018-08-09 04:55:27,149.0,51.33
12ada6ec0be92b66bd3392b1764a4588,2,fad3ac91e2ae2e3e0e3f0bed36a565b8,c33847515fa6305ce6feb1e818569f13,2018-08-09 04:55:27,149.0,51.33
12cbd6fae38a4bd1d77a7596eab0b7e1,1,f7740e5b4337a3cc4a8a204553101a85,04308b1ee57b6625f47df1d56f00eedf,2018-08-15 12:30:33,527.9,25.63
12dc316f04369335263005a3f304d101,1,edfad7f99606f1d6beb6de0cf0ce60fa,85d9eb9ddc5d00ca9336a2219c97bb13,2018-08-13 20:15:21,38.9,18.37
12e253a6a65d9b9dc662a314f8c72fae,1,618c65cb5359281b2c830b9f3f2e1f36,257e61d3251fb5efb9daadddbc2cf7ca,2018-08-09 21:31:15,219.0,19.58
12e4a8a3ce5999f5d237b1e27b06c60c,1,62f423e57a8c157d3877ee5867d7db88,1fe5540d7c1c37a595fefbacd5570d9e,2018-08-14 09:24:33,169.9,19.29
12e4a8a3ce5999f5d237b1e27b06c60c,2,62f423e57a8c157d3877ee5867d7db88,1fe5540d7c1c37a595fefbacd5570d9e,2018-08-14 09:24:33,169.9,19.29
1315d21afe8cc17fff429dac7ed6370f,1,80459e1beff7fc5d0e2fbe676d043a64,fa1c13f2614d7b5c4749cbc52fecda94,2018-08-09 06:10:21,658.9,55.33
1339b6c9436a2ac70c404ab3b35deac7,1,79afa72908a4818cf6fda742a5dc4afd,23d7c96d4a1160db1c726b248601b25a,2018-08-15 15:55:28,189.9,21.97
136a3da67b93100ec6fc05442613bcec,1,90aaf7f993470e411207adabf5b998b6,1fe5540d7c1c37a595fefbacd5570d9e,2018-08-13 04:15:41,189.0,19.42
137f57a202d83cd03668234859e1b2a9,1,613db2ca288a12dd07e6fb99974800e8,116ccb1a1604bc88e4d234a8c23f33de,2018-08-07 20:30:16,19.0,15.23
138231385802e09f83a82cf35bc5f4aa,1,bcac6651b527e7de1413038c0df100d7,fa1c13f2614d7b5c4749cbc52fecda94,2018-08-07 16:05:16,999.9,59.35
1384f5f2f4532f5b9fa0f6cadafc93cf,1,1937b3e587fc766c8d1cef0c11c6aa53,670c26e0f1bf8d0576271d5cfaec6d2b,2018-08-03 10:31:38,49.9,22.28
13917780488fcc5fa2f9fa3c45549c80,1,50e9e70a21b874311949e3db8ace597d,c9aafcd0621b2207c10e32c649cada4d,2018-08-10 00:44:42,33.99,11.26
13ab379ac762d840b29042681a1a6156,1,b7a812ed1b86b3b00e566dc29ba7ec7c,640e21a7d01df7614a3b4923e990d40c,2018-08-07 21:10:18,26.4,19.38
13d341318c77969f10d77e1382957542,1,336b5407e252cac6f4e4270979cec8ad,2e1a7d075abe038c1b2743005fe42ff1,2018-08-08 05:10:09,29.9,8.96
13d42b83c086bc8b73e3b9c8aca4b88c,1,e2fcaac49de7a3a90f0dc74d7b1e9f10,2528513dd95219a6013d4d05176e391a,2018-08-03 17:30:12,219.0,16.83
13df04a948b9837c1b115c5363a97a3e,1,e7cc48a9daff5436f63d3aad9426f28b,53243585a1d6dc2643021fd1853d8905,2018-08-14 03:05:29,170.0,39.46
1431c3eda8ad65df1ad5982488e1a011,1,a0d20b18f2a06b34206ba5933b4ec05b,3df020b72d3d44b3af9d110fa3940b65,2018-08-07 20:55:24,49.9,17.48
1431c3eda8ad65df1ad5982488e1a011,2,a0d20b18f2a06b34206ba5933b4ec05b,3df020b72d3d44b3af9d110fa3940b65,2018-08-07 20:55:24,49.9,17.48
1431c3eda8ad65df1ad5982488e1a011,3,a0d20b18f2a06b34206ba5933b4ec05b,3df020b72d3d44b3af9d110fa3940b65,2018-08-07 20:55:24,49.9,17.48
1431c3eda8ad65df1ad5982488e1a011,4,a0d20b18f2a06b34206ba5933b4ec05b,3df020b72d3d44b3af9d110fa3940b65,2018-08-07 20:55:24,49.9,17.48
143d00a4f2dde4e0364ee1821577adb3,1,cef67bcfe19066a932b7673e239eb23d,c510bc1718f0f2961eaa42a23330681a,2018-08-07 09:10:13,112.3,9.54
145b75a554e404852b520d70c50c9f9c,1,a453b4ccccf554efba31d5ada5a59a60,ea8482cd71df3c1969d7b9473ff13abc,2018-08-09 04:30:28,27.99,12.86
148634e0774ce5a1273806a9e639bb93,1,b0c657fb8995510c4729dcb9739226c8,f5a590cf36251cf1162ea35bef76fe84,2018-08-08 17:44:39,89.0,14.2
1486436c20fbfcb9dbce0d90820b86a1,1,500870614ddcf5bd84f7d26861026c8a,92eb0f42c21942b6552362b9b114707d,2018-08-21 00:04:38,11.87,12.79
14d5fd67132f83c0c8a9e241e4a7d4dd,1,060c17562f97e5bb60bc0dfa4dd5b3f2,9f505651f4a6abe901a56cdc21508025,2018-08-07 13:50:20,24.99,7.44
1544633fddddf3dd98fd5e9eaeb01b4d,1,fa157aa51a996cc533b9048c3c8118a0,2379bdc3888025689a9deb7b141507d5,2018-08-09 04:10:24,175.0,13.89
156282e58da82d36a58582a6a94211e5,1,b6af4177bdc4b1acc9f8d9d52d614616,83645b1645cdee8953ee54c29ceed564,2018-08-07 20:10:20,74.9,15.59
1596533ff4cff89818b0490409f0c4f1,1,157ee978f4fcdf8984b0bb33a6687fde,e9779976487b77c6d4ac45f75ec7afe9,2018-08-06 23:05:11,34.0,9.55
15a5c3e66605b949f4fc77d747f8003d,1,d1c2619dd30b8bc3c63f18ca9692660a,cc63f0dd2acba93ffed4fe9f8e0321fa,2018-08-07 19:45:21,72.0,23.3
15c4d15a595aaff02d4de63093a4b57c,1,546ec29050b44fb370bb27656052faae,aced59e9b31ef866a94f9e7f29d8d418,2018-08-08 11:35:15,210.0,15.78
15db3ee82b2592326fd5390713cf56eb,1,c589625c8ccc7bfd2e8f1fb041e24c4a,c70c1b0d8ca86052f45a432a38b73958,2018-08-14 15:15:22,110.32,8.03
15e67a6eec264915cd81f8f57dbacd81,1,e9f31c92ab2b5fb1c5835ba61f39edd3,ee2fbacc2fc3794e656cc4d933d59ce7,2018-08-09 14:15:17,149.99,16.15
15e67a6eec264915cd81f8f57dbacd81,2,e9f31c92ab2b5fb1c5835ba61f39edd3,ee2fbacc2fc3794e656cc4d933d59ce7,2018-08-09 14:15:17,149.99,16.15
1606a97aa8d4a52d6d2c6467eeb5f4c0,1,6f0169f259bb0ff432bfff7d829b9946,213b25e6f54661939f11710a6fddb871,2018-08-20 11:05:12,119.85,15.15
162cf02f9877cddb71e0bb217b585128,1,0271c9f7fe6a29e563ddb672cdcc2968,c9aafcd0621b2207c10e32c649cada4d,2018-08-09 08:15:29,48.0,22.27
1631521110aac3da4983314a2ae78ba2,1,6bd4c564d1f96b0db5d02d376b4daed6,b6d44737c043328708f6749c2dbe50bd,2018-08-08 21:25:15,69.9,41.47
165fc79e50295637b743a0f33fbb3599,1,72bc7a3072eb84fd69d8e220fb7dbfaf,f789d2c4f2c2eb38fc4373e7a4b35264,2018-08-06 12:55:37,189.99,14.67
16693a75a341d20873b58f312464e250,1,3a7d90845985f39048815a6939c56be4,e9779976487b77c6d4ac45f75ec7afe9,2018-08-07 22:25:12,36.49,8.0
166ff8289e3c5748d7aab1c820f43731,1,d43ee56f2821be64f6bd3c3af659789b,d9bd94811c3338dceb4181f3dbc0c73e,2018-08-10 03:15:28,83.88,23.31
16988d29fc53e813b156b33c0eb39b1d,1,174bd46514622ad40ab32df5c832aaf3,808d4348b916efa08e766ebad39f61eb,2018-08-10 13:50:16,15.5,7.39
169ec5c8e238376cc87f2984cb173f1e,1,1a3577790b3f28eb137b105c4d62ca17,94b9108d4b637ba65bb4f1e53cfcf8d8,2018-08-13 11:05:20,28.63,15.3
169ec5c8e238376cc87f2984cb173f1e,2,1a3577790b3f28eb137b105c4d62ca17,94b9108d4b637ba65bb4f1e53cfcf8d8,2018-08-13 11:05:20,28.63,15.3
16b0354e89f049afdd965c97e243dac6,1,6157bc1be1e8edc531fc0c94dddf5ac9,ea8482cd71df3c1969d7b9473ff13abc,2018-08-06 21:45:29,27.99,15.3
170b7a63bf7b5f3d511c138e81f06e54,1,990d135e28e075648cb7d83198fdccf4,d9bd94811c3338dceb4181f3dbc0c73e,2018-08-09 04:30:31,88.83,18.72
1722f4de186ebcdb68411641263f6ae2,1,91846781ef75057e134949400768e272,530ec6109d11eaaf87999465c6afee01,2018-08-09 04:25:24,134.99,23.75
17295d6651c53865e020aa846be5ce3f,1,efa00ca4229c1a9fa813fd0a872cbb1e,19484c79cef6c062cb177aa4ef2fcc3c,2018-08-17 14:50:16,201.9,10.16
174b5b1a0a2498b8e2ba177359ff75ce,1,c20a3f598c16d77249da67e81caa8317,955fee9216a65b617aa5c0531780ce60,2018-08-08 11:15:21,32.0,8.97
175be3f02b744f3c7e1eb5e32cb0acbe,1,11e02f2cd150fa54525a1109f61ea2de,289cdb325fb7e7f891c38608bf9e0962,2018-08-07 09:45:16,109.9,15.87
1778680c0dd08f2bcd27642d236a91f0,1,c04ad94639d284d69b5ca0642a44f445,05d2173d43ea568aa0540eba70d2ca76,2018-08-14 08:24:57,101.62,41.69
178dc9ffc66f1968787b253a9318cc29,1,d2c7a1e57b8f3e74095798f867334b36,6560211a19b47992c3666cc44a7e94c0,2018-08-08 11:05:11,49.0,1.39
178dc9ffc66f1968787b253a9318cc29,2,69523f67543ff9ea6b1a15858fb59b3b,6560211a19b47992c3666cc44a7e94c0,2018-08-08 11:05:11,58.0,1.38
178dc9ffc66f1968787b253a9318cc29,3,0bdd9a52d192d64770e33ae559512478,6560211a19b47992c3666cc44a7e94c0,2018-08-08 11:05:11,55.0,13.87
178dc9ffc66f1968787b253a9318cc29,4,060f0122cdc8f25db4a0d7359fdae7b0,6560211a19b47992c3666cc44a7e94c0,2018-08-08 11:05:11,49.0,13.87
17be7ed9263bf0ea1f2e8ad91f699dac,1,a02d0123079f4ae96001ba2010d1a2df,1025f0e2d44d7041d6cf58b6550e0bfa,2018-08-12 22:45:16,228.0,49.97
1800e46c3912d9882187335b9768b6a9,1,6ab6d9589ae19abcee458918d4779fae,6039e27294dc75811c0d8a39069f52c0,2018-08-13 05:15:17,199.9,16.7
180fb4e6556687774c55bc255a5f7d8a,1,034ecce08e1adf75b5fecf2faac7ed11,6b243f80ed07b10f0e8aa0f21a205f3c,2018-08-05 21:25:20,44.9,18.46
186ab35ad2c07d4b35781c8bb314cbd9,1,4ff38de0673d41a0da1499e300720ef6,5b07547f10dd980738a1a27f685af669,2018-08-07 15:10:13,69.9,18.59
186f1e57fee9e20849f58439056655a8,1,8b8702416a4fecb685fc70b056cac372,955fee9216a65b617aa5c0531780ce60,2018-08-06 21:10:23,10.0,7.39
18a8340e8091e1cec53fad4f26e66a4f,1,4fe644d766c7566dbc46fb851363cb3b,c31eff8334d6b3047ed34bebd4d62c36,2018-08-08 13:05:15,69.99,23.29
18d4a7100f31e670cfebe0dce5a2d844,1,fe9f815c71f1651837c0f6770e533db4,3df020b72d3d44b3af9d110fa3940b65,2018-08-06 03:05:12,49.9,13.93
191a21c0a0934fdb7dcd56c6b28a8682,1,d24c7932a5182750c209db9a91d209a0,ceaec5548eefc6e23e6607c5435102e7,2018-08-16 23:35:13,179.99,16.56
1924c6aa8ef1e715f7593d5b36bc596f,1,bb50f2e236e5eea0100680137654686c,f7ba60f8c3f99e7ee4042fdef03b70c4,2018-08-09 10:24:48,330.0,24.24
1936ad02cf90caffb1558f148050521e,1,5083416598756311d4bb4ddabd661e25,af3ef48d0e13835e529c29ac573c63e5,2018-08-08 14:50:14,53.0,19.71
193d998b23a996345ca322516b2d5af3,1,eddb814fb553b6951f51b34c5f578ba0,397c4d0c005b6f41f90098ac724e28cb,2018-08-09 14:45:19,1899.0,79.18
195362ade532294f73fff8ff4f138c3f,1,bd988548c4a31b6c4fe5571e3cea8f8a,fe2032dab1a61af8794248c8196565c9,2018-08-07 03:25:07,179.9,9.42
1955e6384cd6fc6cb02799b1e458b2d7,1,a92930c327948861c015c919a0bcb4a8,6560211a19b47992c3666cc44a7e94c0,2018-08-08 00:24:14,78.0,7.81
1960190ca65fb64227cf890a91874094,1,fb89f7ed5be9848869c6b3688f96d982,ca4b77513ac2040591b0d8fae6958380,2018-08-07 16:45:25,79.9,8.72
1960190ca65fb64227cf890a91874094,2,fb89f7ed5be9848869c6b3688f96d982,ca4b77513ac2040591b0d8fae6958380,2018-08-07 16:45:25,79.9,8.72
196b28752aee8590f3ae915f8592b4f9,1,bb50f2e236e5eea0100680137654686c,f7ba60f8c3f99e7ee4042fdef03b70c4,2018-08-08 22:04:40,330.0,10.47
198edc616965e287128e8854d4ac8b4b,1,aadff88486740e0b0ebe2be6c09476ae,da8622b14eb17ae2831f4ac5b9dab84a,2018-08-07 05:05:16,29.9,7.47
19b37f1efa2ddaf265496e78e245c19a,1,2f785af0f4f132585052347521b90b29,c9aafcd0621b2207c10e32c649cada4d,2018-08-10 00:25:11,41.0,8.45
19ba784efbf17691a04ac155893e93b8,1,b4a006be2cfa0a5ee4c36fe0b2e3d359,7299e27ed73d2ad986de7f7c77d919fa,2018-08-09 13:15:18,209.99,22.08
19c12787aa9334d1ccac97bfab56e576,1,ea10285afcafd4d505a539481c9c576b,240b9776d844d37535668549a396af32,2018-08-15 04:50:27,59.99,21.72
19eccdbcd24b02d1dd3953f04ed7699a,1,be0dbdc3d67d55727a65d4cd696ca73c,e9bc59e7b60fc3063eb2290deda4cced,2018-08-07 20:23:56,65.0,13.8
19f52cca1f9f963eb3275ad1a2033c0d,1,31e085df58ad2bb752bfbabd1972197c,ea8482cd71df3c1969d7b9473ff13abc,2018-08-08 09:10:11,27.99,7.46
1a018d08ae8c02d0106efe732d3e8a03,1,b9de40e43fccb6ba53b7eadbd5c49077,2dcf93836ae3ce0d7c93e2f10876467a,2018-08-09 19:50:18,129.9,23.71
1a0f5914485e7b79c7bd708563bccad0,1,282dcadbd8c61f52f06a8ae802b54ee6,c9aafcd0621b2207c10e32c649cada4d,2018-08-09 11:30:32,98.0,36.04
1a479eca71e8e8efb68b0968a43d8fb1,1,cf3c40851efb1d10b475156c902b4765,080102cd0a76b09e0dcf55fcacc60e05,2018-08-03 17:24:12,68.9,17.41
1a5e8ff5b36ddd03ce826651c129a760,1,c3f8ee7e05c01c61ab863e336b0f2e5e,6039e27294dc75811c0d8a39069f52c0,2018-08-14 15:10:15,259.9,54.04
1a6b9a764637acbc39e1624a2211f548,1,be0dbdc3d67d55727a65d4cd696ca73c,e9bc59e7b60fc3063eb2290deda4cced,2018-08-15 03:30:22,65.0,13.8
1a6b9a764637acbc39e1624a2211f548,2,be0dbdc3d67d55727a65d4cd696ca73c,e9bc59e7b60fc3063eb2290deda4cced,2018-08-15 03:30:22,65.0,13.8
1a6b9a764637acbc39e1624a2211f548,3,be0dbdc3d67d55727a65d4cd696ca73c,e9bc59e7b60fc3063eb2290deda4cced,2018-08-15 03:30:22,65.0,13.8
1a6b9a764637acbc39e1624a2211f548,4,be0dbdc3d67d55727a65d4cd696ca73c,e9bc59e7b60fc3063eb2290deda4cced,2018-08-15 03:30:22,65.0,13.8
1a6b9a764637acbc39e1624a2211f548,5,be0dbdc3d67d55727a65d4cd696ca73c,e9bc59e7b60fc3063eb2290deda4cced,2018-08-15 03:30:22,65.0,13.8
1a6b9a764637acbc39e1624a2211f548,6,be0dbdc3d67d55727a65d4cd696ca73c,e9bc59e7b60fc3063eb2290deda4cced,2018-08-15 03:30:22,65.0,13.8
1a70c0ce7afbcfbad9123d6c029f5ad6,1,73326828aa5efe1ba096223de496f596,d13e50eaa47b4cbe9eb81465865d8cfc,2018-08-10 12:04:44,82.49,8.74
1a7b59b9cddabc898f2cc56389b5fbc1,1,06d7bbea1c245835d64a183587a3775c,0725b8c0f3f906e58f70cbe76b7c748c,2018-08-08 04:05:31,32.99,11.25
1a7b59b9cddabc898f2cc56389b5fbc1,2,06d7bbea1c245835d64a183587a3775c,0725b8c0f3f906e58f70cbe76b7c748c,2018-08-08 04:05:31,32.99,11.25
1ac975a2e0caad3a89c4c5bbdc8f996a,1,4744ba40fb4b128ffc1c6a753711f2f7,7ade73f1b9b4e965f9009a4c3a7e2c15,2018-08-09 13:15:21,85.0,19.79
1ad01a793bf3c9b8c126414f162a6a0d,1,c92d3f9d69facbffae2637d8b815011e,6824a69c9ea0313eba299dd4a2dba09a,2018-08-16 19:45:11,54.5,14.68
1ad01a793bf3c9b8c126414f162a6a0d,2,c92d3f9d69facbffae2637d8b815011e,6824a69c9ea0313eba299dd4a2dba09a,2018-08-16 19:45:11,54.5,14.68
1b2ea47a491df032b8a995d37f045681,1,61a4100ccd6d9c4c808a1fd954ddb8ad,05ff92fedb5be47920fea08e501238b9,2018-08-06 22:30:18,489.06,26.22
1b3308992abe10ed7ce26077dce05e8e,1,e34b5d6c531312550872e725578a3808,5a6a02f419701fc8c605af71d4fc57a4,2018-08-13 04:31:24,34.9,7.5
1b36920ded6f3aa566e53f04957af0e7,1,73326828aa5efe1ba096223de496f596,d13e50eaa47b4cbe9eb81465865d8cfc,2018-08-10 10:50:22,82.49,18.68
1b5339b3d49c30108e0aa8c2c2cbbbd8,1,6f1b3488c5314b527201978357a8d85f,240b9776d844d37535668549a396af32,2018-08-13 04:23:58,259.99,19.92
1b79d2acd9204f5e12d9c6f8b8ac5bbc,1,103cc8c441a717d9a54fca312ae8ec3c,fa1c13f2614d7b5c4749cbc52fecda94,2018-08-03 11:24:32,168.9,23.11
1b9b1209ee112e9b2276c880746615e4,1,24908bd1bd10700a84f4fd551a3a52b4,a673821011d0cec28146ea42f5ab767f,2018-08-07 12:55:26,89.9,11.65
1b9ecfe83cdc259250e1a8aca174f0ad,1,ad673c1cd02b966e931f9db4fdc34791,9646c3513289980f17226a2fc4720dbd,2018-08-14 04:10:26,25.0,8.34
1bb0ce15a167cb42d0bc628a99395f66,1,06f756df8d80309915285f3ee6ea1059,b1a81260566c1bac3114a6d124413f27,2018-08-06 16:30:53,129.9,24.06
1bb1bff5951d630e985ec8d3f8037b86,1,3554200c1d7f3b4b39a0ae68aa1c0a54,cd6efc47efaabf134f8bdb654e10b4f1,2018-08-07 15:55:30,163.0,16.76
1c086b183353c56b2ad03c345330d9a5,1,8cf7e354e6d9f04a09f4d59bc77dcc8e,76d5af76d0271110f9af36c92573f765,2018-08-15 17:10:12,735.0,23.32
1c0b41996d287cfa89739affd2df8033,1,3cb39171fd36c50097f2dedbbe0dfe6e,16090f2ca825584b5a147ab24aa30c86,2018-08-09 14:25:08,31.99,7.48
1c3942a6bfebaf529e695c920baacb0f,1,cfb763496d9fc48751a27db4fd02aa2d,391fc6631aebcf3004804e51b40bcf1e,2018-08-08 19:55:11,49.95,18.45
1c723386781fca8d1e45ac747914962a,1,dd650fe0148b47c3adedb593cda2c6dd,1927cdb9fa74f5270097f6250e8e8f34,2018-08-10 15:55:15,120.0,58.92
1cc625f985bb32e5e4d51ebd1914c21e,1,d1314aa640f46cc0302ec32290782b7b,01fd077212124329bac32490e8ef80d9,2018-08-09 10:10:25,13.0,18.23
1cdcd38020c62cfc2ba884e5a23eaa0e,1,3ca00c4e1220f5de09fed51ea33cec30,f1fd5ab1181f827ffad998c1a5de7d74,2018-08-03 10:31:45,119.0,21.1
1cf0fc2c07de89a211f8dcf9ff5af15b,1,701ff123e9085dcc9c2f833efded6374,ff1fb4c404b2efe68b03350a8dc24122,2018-08-14 22:05:23,395.0,20.94
1d092689be844c404abe12e678e2eef8,1,a291cc846d74d97f01611894f983073b,de722cd6dad950a92b7d4f82673f8833,2018-08-13 15:50:15,189.9,37.1
1d5627fc461ef90a7a7c03f06266aa54,1,054515fd15bc1a2029f10de97ffa9120,e9779976487b77c6d4ac45f75ec7afe9,2018-08-06 20:15:22,43.0,18.4
1d5f437b878f76103ac129b13e81bbbb,1,ee300c0281d54f57ed53d622f7e8dbff,71593c7413973a1e160057b80d4958f6,2018-08-13 05:05:26,59.9,9.17
1d5f437b878f76103ac129b13e81bbbb,2,ee300c0281d54f57ed53d622f7e8dbff,71593c7413973a1e160057b80d4958f6,2018-08-13 05:05:26,59.9,9.17
1d71e35103fe8db2e50dfff158650e4b,1,781afe929e3016a667f5f439afd55fce,08633c14ef2db992c11f840f04fad4cd,2018-08-08 11:30:37,109.7,17.7
1d843e22f87fd9181266898d32d23a63,1,0e0656cd8f9bf2dfad875866965389c7,5cf13accae3222c70a9cac40818ae839,2018-08-07 16:05:15,59.9,18.52
1d911134e95ec6f299e80fe19b5b88c5,1,cb9d764f38ee4d0c00af64d5c388f837,ea1776927851da2532aa70d6a32c095a,2018-08-09 22:35:17,34.9,15.34
1d9c55c6ee885e00633510da321b569f,1,01f3a99b81f49109d42540d84bcb8e07,b67d6c666e8dce1d078c882825e12704,2018-08-13 11:05:23,45.05,7.58
1dbd19609384c9e5b21e382e560a85fa,1,c3ba4e8d3cb30049213b682e751e9d00,6560211a19b47992c3666cc44a7e94c0,2018-08-07 02:35:18,95.0,15.77
1dde4ac4444355c43b97d058a89e45bf,1,bd6e6fce9ada76ea2db0f1912e8e478f,1835b56ce799e6a4dc4eddc053f04066,2018-08-07 05:05:20,56.99,13.98
1ddeff2fa520dc8916dc524bd3b0e58e,1,e5ae72c62ebfa708624f5029d609b160,88460e8ebdecbfecb5f9601833981930,2018-08-10 14:05:26,57.9,8.15
1de20a0990748db5dffe019f0cac3cc9,1,20c036a30ef670a7591c160758fe0b65,8b9d6eec4a7eb7d0f9d579ce0b38324d,2018-08-03 16:03:54,69.99,18.07
1e0f40bbfe787796d0c56e3795dc94d8,1,3eebb0207da828bf5376257ceca70959,6560211a19b47992c3666cc44a7e94c0,2018-08-08 20:30:10,58.0,7.67
1e3d732b1d231004fa6b9c9141f53856,1,863c150f7756157ab06ad61737ce9a16,d9bd94811c3338dceb4181f3dbc0c73e,2018-08-07 16:50:10,109.22,16.96
1e7d25f611e794f9614dd3e10a8596e7,1,689c51a11e9c5daefc1f9b0782e28fcf,b561927807645834b59ef0d16ba55a24,2018-08-07 20:30:23,24.0,19.08
1eb7606f2ad568b8303fb24c8ab1e2cd,1,c6fa05b26acb1af4a61bf2830419d1fa,acce39e832338debb07b02385cde5967,2018-08-07 13:50:14,119.9,17.03
1ee8f299315c112e3442b232cb9c6f3c,1,afdb06ebeca917512783bcbaa8ed28c0,112453736dbe3889cfb74e1aaa0ba0c1,2018-08-13 19:24:56,135.0,23.75
1f06e0b20a4b5a839950bf1f9f779957,1,af893b2efa430418d774a852e7870601,8a432f4e5b471f8da497d7dc517666e2,2018-08-06 22:05:09,69.0,23.28
1f079793c7cf0447834c7f3fff027802,1,d678178aa4291cd25a755a90188375c8,1025f0e2d44d7041d6cf58b6550e0bfa,2018-08-07 14:50:20,35.0,9.0
1f4ef92fe96573c57bbdf0fd5c284459,1,42ec84ace63b58b8c5a7ba7be01d5fb8,2a84855fd20af891be03bc5924d2b453,2018-08-07 16:15:18,99.9,22.0
1f55d59fd95c97d28af581c3c7b4f267,1,cf857bce01d442bb8631a548a4432def,271c58a1d139c45eaf3316107c6d3a3b,2018-08-08 23:35:13,119.9,11.86
1f5e41ca3a4a73a67d6ac937f4fe5422,1,6c09be1fc42a113b2f3e558d7df2f133,671585f5a2af58b6e276bc01003c0d2b,2018-08-09 10:25:08,45.0,15.42
1f6c0814bc17d77eaa0f31f053ec9ae2,1,ea54f7358c3cecaf658b39b7c5f0f020,643214e62b870443ccbe55ab29a4dccf,2018-08-10 03:05:25,9.9,7.39
1f6c0814bc17d77eaa0f31f053ec9ae2,2,ea54f7358c3cecaf658b39b7c5f0f020,643214e62b870443ccbe55ab29a4dccf,2018-08-10 03:05:25,9.9,7.39
1f9ed60661469689dae5955276ef81a5,1,93305944cf8bb41c63bf59676ac2d0b3,b29d3380981c51df13fc6fbe87e1763d,2018-08-08 19:10:22,56.9,13.98
1fa463e9b5b2b6353d650ffa262c0a85,1,3fde071523d485031f4f0fc9fe1c42e4,44717f64ec2a457979cf83c429077666,2018-08-08 05:23:53,71.0,27.45
200b121c28e10ef638131a7c76753327,1,81781c0fed9fe1ad6e8c81fca1e1cb08,b39d7fe263ef469605dbb32608aee0af,2018-08-14 16:10:16,100.0,19.89
201164b89baf9300df72f328a6e5842e,1,9a469eaf45dfbc43d39ba1977a3c07af,d2374cbcbb3ca4ab1086534108cc3ab7,2018-08-10 07:25:10,42.9,19.49
201183426051cfc62c56f2414b2480e3,1,a8fd2715c837d04bac16cf90155919f8,8d899e15a5925f097cca50faa49b15e3,2018-08-08 05:05:13,57.5,9.71
201183426051cfc62c56f2414b2480e3,2,a8fd2715c837d04bac16cf90155919f8,8d899e15a5925f097cca50faa49b15e3,2018-08-08 05:05:13,57.5,9.71
201183426051cfc62c56f2414b2480e3,3,a8fd2715c837d04bac16cf90155919f8,8d899e15a5925f097cca50faa49b15e3,2018-08-08 05:05:13,57.5,9.71
201183426051cfc62c56f2414b2480e3,4,a8fd2715c837d04bac16cf90155919f8,8d899e15a5925f097cca50faa49b15e3,2018-08-08 05:05:13,57.5,9.71
201183426051cfc62c56f2414b2480e3,5,a8fd2715c837d04bac16cf90155919f8,8d899e15a5925f097cca50faa49b15e3,2018-08-08 05:05:13,57.5,9.71
201183426051cfc62c56f2414b2480e3,6,a8fd2715c837d04bac16cf90155919f8,8d899e15a5925f097cca50faa49b15e3,2018-08-08 05:05:13,57.5,9.71
202bcf28f7e3dfcee06ab0bfe10c750e,1,eed8b513f23793f1d52a3baf41f38392,52a50b42accf164f9f019941e5759d9b,2018-08-06 20:05:11,39.99,18.38
202ecd14054c7ca8c26634abe19ace58,1,bd6e6fce9ada76ea2db0f1912e8e478f,1835b56ce799e6a4dc4eddc053f04066,2018-08-06 14:30:52,56.99,13.98
2060cb090f613a2c6e389e351afc8031,1,72213b0a540435cfdaf469c415de0082,9e7c5f4d7770eab65738cca38f9efccf,2018-08-13 01:44:31,84.9,13.25
2078512e84c5104a45f4a1b80cce3ed1,1,51556be67b1fe2eea3c13273a659009c,ffa6adafb71b807dc13159e26431354c,2018-08-09 04:24:38,99.9,23.85
209e0537fe66ae1176cef2bc7953aef9,1,51dcebe4be78c07308e1fee83999e285,f46490624488d3ff7ce78613913a7711,2018-08-08 22:45:16,19.0,11.15
20aac17e27ac5fb3ebbf44a26b0e2d3c,1,4167a7ae0930579d1f27d465a1a042f0,c70c1b0d8ca86052f45a432a38b73958,2018-08-09 20:44:13,110.32,8.03
20b919e05f847a4e3adcb4352ee309b8,1,12e6d0f655986ceff00c74658dec97b1,3be634553519fb6536a03e1358e9fdc7,2018-08-09 16:24:39,49.99,44.15
20c4ac55ded9c34a63cbf3e1f570afa4,1,fc5010afcac79b05b2e4bc8e5912092d,c9aafcd0621b2207c10e32c649cada4d,2018-08-09 21:50:16,99.9,53.05
20e2dddb8e92f51c9d7a595e7266b20f,1,bdb398ac06c2ed352859d8f8cf2f713c,d921b68bf747894be13a97ae52b0f386,2018-08-07 18:25:11,158.9,23.04
21af06c81b813d390e6f5df558fdbc3c,1,5fec075d001fba20a6bdeeb5d9b22dbe,602044f2c16190c2c6e45eb35c2e21cb,2018-08-07 14:05:13,74.99,19.72
21b2689d22f457f04c68814cb269764d,1,d76aac04bb7fcc7a54f1215251724b27,0509040ea3fe50071181bbc359eb7738,2018-08-08 12:50:16,54.9,15.48
21df4877f402eea02a4c1aab13411b1f,1,4666663905288ce384a71d096b22e7cd,8185694b58b2ba6de20fd41ae608bbea,2018-08-08 18:45:15,120.0,31.86
21e4cb49918b1d01621e459fc79a60d1,1,830345ab5d2e365c7c6b91459119ea2d,05ff92fedb5be47920fea08e501238b9,2018-08-09 04:15:28,478.04,92.67
221acf4033f18fbab8e09d105429367f,1,07821918ef487fd64eb20b3c8aeb897f,e9bc59e7b60fc3063eb2290deda4cced,2018-08-17 18:10:20,139.0,14.31
223c55ef218f911885ccb9692537c1c0,1,ab1106e227a745836a0dc83b374e2575,cbd996ad3c1b7dc71fd0e5f5df9087e2,2018-08-06 20:03:54,22.6,12.82
223f7c98cbcab2327a6e8b11e0f13838,1,046cf43a5b63303b3c3c4ba076d1d732,b2ac621f0d0322434d04a12b078b9369,2018-08-10 04:05:18,139.0,28.25
2255eb0e92e75d04fc4afa0ad636f875,1,060c17562f97e5bb60bc0dfa4dd5b3f2,9f505651f4a6abe901a56cdc21508025,2018-08-07 08:15:19,24.99,12.84
229d0231b531443ecfe2a09572108c7b,1,82c51c3938503a4ddc096fbed86428d6,cfe94489ddd337d1e29e12f2a7205d10,2018-08-05 22:30:09,99.0,15.79
22a0afb00de21962e96bef9ec5b51223,1,4c7d4a2efde21e3bf1660926fabc6a9d,a1bea7061f61f6fdd9a85a6325ba1033,2018-08-09 22:45:22,52.0,8.52
22c8ca185710c015f6ae93a6d78c9b4a,1,e59dd207c69d86e890febadc796d1078,e9bc59e7b60fc3063eb2290deda4cced,2018-08-14 22:44:37,125.0,22.81
22e93d4515387496e3bd3cf6e8eca396,1,73326828aa5efe1ba096223de496f596,d13e50eaa47b4cbe9eb81465865d8cfc,2018-08-09 20:15:25,81.49,8.73
2303956d13919bf90f2a4818bab96a71,1,ca11a4b920d7e64e5d2230d5373e0f76,8ae520247981aa06bc94abddf5f46d34,2018-08-07 11:50:11,47.99,22.27
23152da25fd8a3154b39fea912376a07,1,af53bbaeee1f3190c2ff939fc236b6f5,06a2c3af7b3aee5d69171b0e14f0ee87,2018-08-22 03:15:21,64.99,27.74
231f5faa326e8643dc979ef4dcc9cd31,1,a92930c327948861c015c919a0bcb4a8,6560211a19b47992c3666cc44a7e94c0,2018-08-07 13:45:14,78.0,15.65
232f30270c13607c2184ab9980245bfc,1,c4b2187a1d2bd1543f27ba3f12e56952,4830e40640734fc1c52cd21127c341d4,2018-08-07 04:35:18,75.0,19.72
23538663b36489215fd49765baa4ba8f,1,b11b6e603959e09bb5b90095db226602,eaaa46e98c9e61f6764dd1d7a2ab8b3e,2018-08-10 14:04:43,98.0,27.64
2386b5c23a2a5a08397fa987f56b8fde,1,c5c66926b3f964b8cf9e7dfb1150d13e,921323538c9f1c4e816f2720eac02bea,2018-08-13 00:55:22,25.99,7.44
23936c5f77c03f7cbd20d185732c60d9,1,b0c8da302d49498d2ce6be8c631e4e20,88460e8ebdecbfecb5f9601833981930,2018-08-07 16:04:12,50.2,13.69
23939807bace6dc4e9701a868e697f76,1,595fac2a385ac33a80bd5114aec74eb8,289cdb325fb7e7f891c38608bf9e0962,2018-08-07 04:24:08,116.9,15.92
23a868333bc15837fc68d57a8287bf06,1,16048247166ec654c76c845f308c85f5,17e34d8224d27a541263c4c64b11a56b,2018-08-09 20:23:59,114.08,13.46
23bdd0be32ec574e0bfb0ae381405424,1,ca5c923962558430573f83661dbe36d6,66922902710d126a0e7d26b0e3805106,2018-08-03 16:30:16,105.0,20.69
23cb58815b6e6ba073afff7d37258dfb,1,386a4f2070eb63feb31e2147c0aecfae,cb5ff1b9715e99589f3e0c7a6afab9e3,2018-08-09 02:50:39,35.0,13.59
23f99f3d6a5974cd50c00ebb3d6540a1,1,afeeea6271148ee1bb15173b8187c431,53243585a1d6dc2643021fd1853d8905,2018-08-13 21:05:12,219.0,19.63
240143ab3914b9052e329d80e795b1c9,1,d017a2151d543a9885604dc62a3d9dcc,6560211a19b47992c3666cc44a7e94c0,2018-08-07 12:35:16,49.0,17.34
240143ab3914b9052e329d80e795b1c9,2,44d097d59e8430f88a67517cd0c4f865,6560211a19b47992c3666cc44a7e94c0,2018-08-07 12:35:16,69.0,17.34
241eaf5ff29c3e08e2efc61f6f87e44b,1,51e3084a334ce75dc646c9c6eea90e37,8d956fec2e4337affcb520f56fd8cbfd,2018-08-06 13:15:20,24.53,7.43
2446a642fca6873ebfd22332c6657732,1,d3beab88b06d8b7f89e83f6744861ee5,bc47d5d1490df2b36add65d733eafaba,2018-08-07 13:10:28,120.0,12.5
2446a642fca6873ebfd22332c6657732,2,c342f482010f1ec6d94f55102e4994b9,dfa0c4c6229ab200a4a1336b4d7128ff,2018-08-08 13:10:28,44.0,12.5
2456821eb4bf8fe5ac094da15037a2f3,1,89411fc3098e56bb679697117c2055af,d6b1ce66b035a475f00c017792ff9769,2018-08-09 10:55:12,169.99,15.5
2464a4f54814d3de636541955feeb947,1,e6fc61fe224249bd106fec6e1751a586,fa1c13f2614d7b5c4749cbc52fecda94,2018-08-03 20:44:01,199.9,8.98
24697b1f8e78fdb9d2316bcaa2c6e216,1,e53588854973a383ff66d64f0fee88a9,bca9230d3bbb4efa51872bf605a2f1ad,2018-08-09 14:15:21,17.77,7.39
249907441e345229204263360b34edd7,1,af3660080355b203936d26f31bbfcfca,caa9bc43a9fe8cf9c564ddd8a03cc4a6,2018-08-08 18:50:19,49.99,7.61
249ce1b12f07122e85a8a56336368477,1,c777b9591e90c49e0745efb1051789ca,4d6d651bd7684af3fffabd5f08d12e5a,2018-08-15 09:05:11,199.9,19.5
24a670b13d0b287bf0e123c3010fd19c,1,19c91ef95d509ea33eda93495c4d3481,06a2c3af7b3aee5d69171b0e14f0ee87,2018-08-22 20:25:10,122.99,30.11
24ac7fc612c1995049d602089ed733fe,1,d7e407589b859c99b1df9088674c20e3,cc419e0650a3c5ba77189a1882b7556a,2018-08-07 09:05:11,229.99,34.09
24b2d434709c901b14bca606ef51cecd,1,0f56d67a1f266a9cf5af6ffd7895bed6,5cf13accae3222c70a9cac40818ae839,2018-08-09 04:55:23,94.9,14.96
24c30ddeb5a4b85a61bbb58b9e3d66c9,1,7174375d5bea2b7612929eae33df48d1,3febca52652e7209509ccfe61cbde40e,2018-08-20 03:35:18,42.0,8.45
24f1803064ef788a570a74e04dc6663f,1,d0b61bfb1de832b15ba9d266ca96e5b0,66922902710d126a0e7d26b0e3805106,2018-08-03 10:05:12,36.0,15.35
24f6d178b92691453bffa42151277fbf,1,4b6c0fa189ae4c4c7a4d357ff185512c,52831e5990d0771cb4951d6f12928167,2018-08-13 04:35:20,65.0,13.12
2542fe494d4b37b79ed85377e12c53a6,1,052413504e5295cd66ec4ced0b310062,4869f7a5dfa277a7dca6462dcf3b52b2,2018-08-07 14:04:03,149.9,19.15
254496381e0184650717e8cf8e456d50,1,e56b42f71554ce1f5b7dbd07ec8dca6d,1900267e848ceeba8fa32d80c1a5f5a8,2018-08-07 14:35:19,39.99,19.47
255f9f53c24c0cf657d03d7a4b67c1d6,1,9e870305de6fa07292921450d5aac9a7,2d9e8987a2ea5cf88dce330249043ff1,2018-08-08 13:30:28,119.9,59.92
257e2d62e2b031eb09cea19d847305c6,1,a39cc58c1b5926b6f9f378daa89f1315,1025f0e2d44d7041d6cf58b6550e0bfa,2018-08-09 19:05:13,150.0,26.01
257e2d62e2b031eb09cea19d847305c6,2,349ce46a0e2e20054aa9d80c48af8816,d6b1ce66b035a475f00c017792ff9769,2018-08-08 19:05:13,169.99,26.01
2591f6277be80b0c25627c745ec900c4,1,f303e2cdf0967ef1a153d12f2685d280,1900267e848ceeba8fa32d80c1a5f5a8,2018-08-07 17:10:08,56.99,23.2
25d3716d0097db13efad1ec47ea26551,1,4520766ec412348b8d4caa5e8a18c464,16090f2ca825584b5a147ab24aa30c86,2018-08-08 21:10:15,29.99,18.31
25d6858f3b1d2f332623bdccb12db9eb,1,6f3b5b605d91b7439c5e3f5a8dffeea7,7d13fca15225358621be4086e1eb0964,2018-08-14 15:50:07,155.0,19.19
25f43575fa101103e2246a97e03fb705,1,a79ae5e76295aa86fb2a41afaa708074,725c32fa80c2faacc4fc88450d27314e,2018-08-09 04:35:22,32.99,15.33
26492946caba5024f4d5e99dbdf4514f,1,2aba8662055d2c7e8d7a4ad797f27840,13c2ed7698b3ca92dad49e849219da59,2018-08-06 09:31:28,13.0,22.06
265a8ba29224f47c0476cfcfa6986f77,1,8683af6cf14f1bf2426f390ba500a980,dfa0c4c6229ab200a4a1336b4d7128ff,2018-08-08 18:15:23,36.9,15.36
26691a6d8902f95be91e566557db80aa,1,624846a50026c57927e1156335b120f6,3d5d0dc7073a299e31fa718ce1bc00b6,2018-08-06 14:04:16,15.0,16.32
2671e7f4ef9e76c9019650580aaeae95,1,65bb1c5a918d2876d7a0262774887d86,dfc5fb7259bb2b599ca565e6e9448f0f,2018-08-09 15:55:13,129.99,20.1
26d9a2f9a41aeeb0b0dd16ac2ca59225,1,e7cc48a9daff5436f63d3aad9426f28b,53243585a1d6dc2643021fd1853d8905,2018-08-08 03:05:21,170.0,39.46
2728d62e6ca51781ee895aca18a89f31,1,18b0e642cbae7251e60a64aa07dd9eb9,85d9eb9ddc5d00ca9336a2219c97bb13,2018-08-15 02:50:37,22.32,15.26
2743f5c8d8d1bcee7337f51c781ee474,1,669386709be2cc2fc80d31077bd43f2f,ea00f977a203ff88adf7057cb7806998,2018-08-09 12:24:50,49.9,11.37
276971787e4550d908a7306c2fe79da3,1,1f75be631e988bb0ad750e60e18d043b,fd386aa7bed2af3c7035c65506c9b4a3,2018-08-13 03:50:20,13.99,37.04
27a70a8fdf1c9edcfa01d463b45a5b03,1,efcef300fe9b2c558a8ea258127f6e6f,070d165398b553f3b4b851c216b8a358,2018-08-09 18:50:15,59.99,18.59
27eefac938270184a597acd3c44344ca,1,bc2ead3bce545913170e95871fddf5b4,4c18691b6037662be2df78a765d98ab5,2018-08-06 19:03:58,45.0,18.42
27f01bec8fbffea109aa86d4d3364a15,1,01604238fbc11ce379e537a76b26bc94,a8739afb32aaa45e01815ca76f76f54b,2018-08-08 18:25:14,18.32,18.23
27f01bec8fbffea109aa86d4d3364a15,2,01604238fbc11ce379e537a76b26bc94,a8739afb32aaa45e01815ca76f76f54b,2018-08-08 18:25:14,18.32,18.23
283882195739ec4b5092b247f052f6d6,1,80a43af9cebbce401a0e92603326450c,750303a20e9c56b2a6bc45cdce0b897d,2018-08-09 21:31:21,17.7,7.71
283bf5d2f306422175c079231da015f7,1,16048247166ec654c76c845f308c85f5,17e34d8224d27a541263c4c64b11a56b,2018-08-10 08:04:29,114.08,13.46
2868122766fb8490193dc08920622c8b,1,dd768d259ee6054e0dadd66c8e2be0b6,1900267e848ceeba8fa32d80c1a5f5a8,2018-08-07 17:50:15,29.99,18.31
2878b4e373a9556df9aa1708a4e5c3c8,1,fffdb2d0ec8d6a61f0a0a0db3f25b441,9f505651f4a6abe901a56cdc21508025,2018-08-09 16:55:38,34.99,7.51
287c56aa824d8d1ea40246ad12013f62,1,4ff38de0673d41a0da1499e300720ef6,5b07547f10dd980738a1a27f685af669,2018-08-08 10:45:12,69.9,13.15
28b6917cb6d7f6fe0540986342ec6866,1,036734b5a58d5d4f46b0616ddc047ced,ea8482cd71df3c1969d7b9473ff13abc,2018-08-03 08:50:14,37.99,18.37
28bfa0968ea8dceb17513700ddfc0745,1,d79269e0532dd1d04403600e14565046,ea67327e24487bdfac5fbfa37ea124df,2018-08-05 21:31:46,217.32,34.6
2921ebd304831878ac888644314d424d,1,282dcadbd8c61f52f06a8ae802b54ee6,c9aafcd0621b2207c10e32c649cada4d,2018-08-13 04:55:24,98.0,15.08
292362d65fdd556daf473eaeaa487a06,1,89321f94e35fc6d7903d36f74e351d40,16090f2ca825584b5a147ab24aa30c86,2018-08-09 10:05:10,28.99,7.46
29446d5a7212cd18dec57e1ba28c2dee,1,c20a3f598c16d77249da67e81caa8317,955fee9216a65b617aa5c0531780ce60,2018-08-06 20:30:50,32.0,16.41
295f86e82a2d290cce6aef6009b55fb6,1,4eff4dd8918d15c9a308a9645d353807,4b9750c8ad28220fe6702d4ecb7c898f,2018-08-08 18:04:51,48.9,9.09
298787a86f7ed145b210dfa7262fca2f,1,5548040d5b1cc71c61c03d2f1d2e6ede,1127b7f2594683f2510f1c2c834a486b,2018-08-07 22:24:17,27.64,7.45
29bcc6a8befe426cad7140eb616f16fe,1,83fa3277de5135b715fb7ba8a357b19b,e067ad2c1c0b48758eb1b5228bcf7a68,2018-08-13 18:44:14,69.9,9.24
29bd235b1e0eee8c72af9375033b5f8c,1,61eee7a9f1884caed59c316047c5832f,f8db351d8c4c4c22c6835c19a46f01b0,2018-08-08 12:44:20,109.9,43.05
29d3f2fc23b7f95b28dbe5e3ef783d93,1,73fdc89a7474d12e91ebb4a38341fd84,5bc24d989e71e93c33e50a7782431b0e,2018-08-08 14:05:20,249.9,37.1
29da327955bc0e7d3be1b98d93d0903e,1,06e95441ade9262a325f6d5c1561cbb4,213b25e6f54661939f11710a6fddb871,2018-08-20 04:50:32,79.9,19.75
29f08eca9316db52a34130eeb52dffd0,1,1fc4d10c30db884f34f1b8388731b021,4f1f1c8666cdb6442f775c4e8caed465,2018-08-07 14:15:13,349.99,64.47
2a197a3a167970df77d91b94905578a1,1,c2a7775e16b4ac0e1e9d78c9e8c9e825,929f342384a6607afe143d789ade1316,2018-08-08 16:05:14,34.0,13.58
2a26d2bff48eca96ae022096754602f0,1,91846781ef75057e134949400768e272,530ec6109d11eaaf87999465c6afee01,2018-08-09 21:50:22,134.99,23.75
2a6bec11c832798d5062d5fcad19635a,1,eb7172d8a3c64298d2d767f6603c231e,725c32fa80c2faacc4fc88450d27314e,2018-08-08 18:45:17,49.99,22.28
2a77dac3cf72264c6013ed1ee5fa8cad,1,80fc21f90a43fdcfc623f11f5457db10,fa1c13f2614d7b5c4749cbc52fecda94,2018-08-06 22:35:18,119.0,19.74
2aa60aae490332613940bcc5eea147c6,1,13092c58e867fc029b7307c2dc6f18f8,ca4b77513ac2040591b0d8fae6958380,2018-08-09 14:25:07,87.99,8.78
2aaa173ecc917a0e748a8e8ad584534f,1,bb77135946e78428a7a5634a46113a22,95f83f51203c626648c875dd41874c7f,2018-08-13 04:44:39,29.99,14.51
2ac44694fb65d738c9b26010ef5e6915,1,d7a389b75ee484bee049db1a54882b76,6f229cc508fc6915ed5c499efd93baa4,2018-08-05 22:10:17,138.5,9.9
2ad9dad7b4962fc37fd33869e09ae5b6,1,a7b497445896c24d425d100e4f03d8cd,23c38debaffe4a25a30fdbd9b586a13f,2018-08-16 08:44:53,47.06,11.35
2b201a0bd7f6b90ccfe1b70c2124d631,1,21d2fdced5c69bfc6539b67908a4ad28,1554a68530182680ad5c8b042c3ab563,2018-08-06 09:24:06,169.99,24.18
2b40731966a5ce118fc7ca8b1cac993e,1,e1e932dfb67414e80b87ad97688cf2a3,fde0cc9ea29c8ccfc0a2c22256a58c71,2018-08-06 22:45:12,105.0,20.02
2b46723e0416af4c04c758c77bbf9279,1,c32b1155b886162db8e1ec114699a799,1835b56ce799e6a4dc4eddc053f04066,2018-08-06 22:24:21,56.99,13.98
2b4c98424c04c927d4f10fd35a3e3558,1,e4c7ed7a832858c17d60ad5e38b00aba,d2374cbcbb3ca4ab1086534108cc3ab7,2018-08-09 11:24:36,72.9,14.09
2b5d5c1847d069c5efeb82f4056c15d8,1,6bd4c564d1f96b0db5d02d376b4daed6,b6d44737c043328708f6749c2dbe50bd,2018-08-13 03:50:22,69.9,20.74
2b5d5c1847d069c5efeb82f4056c15d8,2,6bd4c564d1f96b0db5d02d376b4daed6,b6d44737c043328708f6749c2dbe50bd,2018-08-13 03:50:22,69.9,20.74
2b5d5c1847d069c5efeb82f4056c15d8,3,0950783476d3f6529a03b28fcac219d1,cc5a78bbad32776dc4e3af205218368c,2018-08-16 03:50:22,64.86,11.52
2b749af514f3e9bd00fb20b105f36a83,1,450c25d98ed6923154a934554475bf13,dbdd0ec73a4817971d962698f2fea022,2018-08-03 13:30:18,399.0,203.38
2b7e043a45afd5cae23ce498b699c9b7,1,43b6d9e46e1e6b8ac743a1c31e462937,eeb6de78f79159600292e314a77cbd18,2018-08-08 19:24:35,879.0,32.45
2b8c5991476242babd85ba5b7ca5a7cd,1,8d1e9f9f3d7126c5ccdfb50c10c8e444,9b76ad3d04236f76bc71c59470305e13,2018-08-14 00:05:02,164.9,23.95
2b8c5991476242babd85ba5b7ca5a7cd,2,8d1e9f9f3d7126c5ccdfb50c10c8e444,9b76ad3d04236f76bc71c59470305e13,2018-08-14 00:05:02,164.9,23.95
2c23f1e95bc8b5a7a891d3d4a7651c3d,1,f03a17295cb505e5cc28920af1c36739,808d4348b916efa08e766ebad39f61eb,2018-08-09 11:44:26,22.5,7.42
2c52a346156e0b2ae61c3642e9cc9d91,1,9766505cde62429c3629bb6411cd9dc4,9c690ceacd5c66731bf443ea810195cb,2018-08-08 01:25:09,47.9,14.64
2c52a346156e0b2ae61c3642e9cc9d91,2,9766505cde62429c3629bb6411cd9dc4,9c690ceacd5c66731bf443ea810195cb,2018-08-08 01:25:09,47.9,14.64
2c6b178947f5f631ec35f2a04c65c6d0,1,f521813909e310116b6b2f0b11f3dd44,09f952a5f58d2285b0372551ae8f9b01,2018-08-09 21:45:22,101.0,14.29
2c9a4bb73b123a0d370e12b5bf22b0d7,1,38db388d2fc1b20662fcfd3f38b0be28,f125f3a310c2e5f822d116147de1e474,2018-08-08 11:35:18,151.3,18.86
2cad1cf90acc3870d982eafa58b9a657,1,64fb13596caf118c438edc5c6ed2d50a,88460e8ebdecbfecb5f9601833981930,2018-08-08 13:04:12,74.9,18.62
2cad1cf90acc3870d982eafa58b9a657,2,64fb13596caf118c438edc5c6ed2d50a,88460e8ebdecbfecb5f9601833981930,2018-08-08 13:04:12,74.9,18.62
2cb6e38ed0cc360e8364ac92cbd72c6a,1,7148a8f67a1564b5a6c5944398357e18,c9c7905cffc4ef9ff9f113554423e671,2018-08-09 22:35:21,45.0,52.67
2cc3c6f1d89338c78360e079513f99d2,1,08a58dc963320d6073623382b9ceb920,8e8a7ce9f2f970dc00e2acf6f6e199f6,2018-08-07 11:35:17,129.0,16.0
2cc44017e7eba3d4a59e029af9df7e31,1,0a795de8287e3f8f1f6c2ddcd8091f8e,a21c11ec5c3f03e7cc9f9203bff9e1c6,2018-08-14 12:35:16,110.0,15.87
2cc44017e7eba3d4a59e029af9df7e31,2,0a795de8287e3f8f1f6c2ddcd8091f8e,a21c11ec5c3f03e7cc9f9203bff9e1c6,2018-08-14 12:35:16,110.0,15.87
2cd938176e6aaa529800d96e692e9c6b,1,060e9bdedfae37724dbce0b3270d76ae,6560211a19b47992c3666cc44a7e94c0,2018-08-07 20:31:16,45.0,7.58
2cddd5821b44b272c68fd4d199029359,1,5a3320037d5922a7708647c81ecc1f15,b6d44737c043328708f6749c2dbe50bd,2018-08-08 22:44:36,82.0,15.87
2ce205c58fef8abc5963b6da38e4b2fe,1,62f423e57a8c157d3877ee5867d7db88,1fe5540d7c1c37a595fefbacd5570d9e,2018-08-14 22:15:18,169.9,14.4
2cf6d5c8b5d68450841cfcc272ec3cee,1,91c82ace62e0ca1b69b1a45bcc214b45,1996942dc085d7773ba77a529b163cd0,2018-08-07 18:03:57,179.99,38.49
2d141367a3c00a99a25764eced13ef4e,1,e9eddac769237a45defef45db2f9cf1c,14d7985702e72162bbf13b6beb74ab2b,2018-08-08 12:44:20,59.0,7.67
2d27fa8465e2c54b168794e916caf16a,1,08e2ebd22ce2347ede845d0f3b64270c,d2374cbcbb3ca4ab1086534108cc3ab7,2018-08-13 20:10:19,71.9,44.3
2d3bc1f6ed458a137c51adc3cab7a488,1,c7a3f1a7f9eef146cc499368b578b884,ba90964cff9b9e0e6f32b23b82465f7b,2018-08-08 09:35:13,1099.0,40.17
2da01b4da104add683f87af323a0e9d1,1,0dda66cf50e9782e3b4499568095bba2,33c51922b6e3c16b24a8f28e5833c99d,2018-08-16 09:20:06,47.64,22.26
2da01b4da104add683f87af323a0e9d1,2,3f55ca21769e7535d3ba989450207285,33c51922b6e3c16b24a8f28e5833c99d,2018-08-16 09:20:06,47.64,22.26
2da6df6ecc3f69f3642ce1fafad85d5a,1,f89caa3ea4fb5f7b6e7fb2bb4ba61881,d2374cbcbb3ca4ab1086534108cc3ab7,2018-08-13 22:35:23,45.9,9.63
2dd5f6a66c1d82ee0b8c864ddf9833f2,1,af0a99476d96dcc1a1baa7c0d9ff6b9d,04308b1ee57b6625f47df1d56f00eedf,2018-08-17 04:35:17,527.9,21.8
2df3629aa299e4d981055ac3f6be5817,1,cdd914e78124a73cc28a165cfc4a0bbc,ba143b05f0110f0dc71ad71b4466ce92,2018-08-13 03:25:14,93.99,11.68
2e203d616e144d45fd13e47098343406,1,cf857bce01d442bb8631a548a4432def,271c58a1d139c45eaf3316107c6d3a3b,2018-08-13 20:15:24,129.99,11.93
2e4950942a89079792a52127600284e5,1,c5079acea9d34174b1948b00f599d2d2,980640c45d7a4635885491d077167e4d,2018-08-08 13:04:06,74.89,13.18
2e6e6de992c5567f41aa94497d505e77,1,422879e10f46682990de24d770e7f83d,1f50f920176fa81dab994f9023523100,2018-08-08 03:10:08,49.91,20.99
2e6e6de992c5567f41aa94497d505e77,2,422879e10f46682990de24d770e7f83d,1f50f920176fa81dab994f9023523100,2018-08-08 03:10:08,49.91,20.99
2ec517892d22fd59d39b4cfa2a69637b,1,19c91ef95d509ea33eda93495c4d3481,06a2c3af7b3aee5d69171b0e14f0ee87,2018-08-21 17:45:11,122.99,25.21
2ef410891d7032f34d90f6e7d1dc42b3,1,2fea0f2cec6b6324a277d4a61c2ed2c6,beadbee30901a7f61d031b6b686095ad,2018-08-24 12:30:11,86.0,15.7
2f547e1278ec9e38b722447379fa08b7,1,b12c4b01322e1befea8465bdf7fe2360,8bdd8e3fd58bafa48af76b2c5fd71974,2018-08-10 15:05:14,349.99,13.47
2f7278fadfba016a650a093b49cee1a4,1,87cc2aef12eddf0b170234138b0946e0,34d1ca11b242c0fee2c834ae8d788566,2018-08-09 09:04:52,185.81,19.4
2f745f754793012b39e7806795178857,1,37537165733f365867e2f4aad71aef6a,18a349e75d307f4b4cc646a691ed4216,2018-08-10 15:45:15,42.0,15.39
2fa5e9f6c4873828710c581b86281125,1,a7846339a3f354c6c2b07085eea02c96,26d6bbee02420494d471c9f6436929c0,2018-08-07 05:05:18,37.99,18.37
2fbaa53206d7c894eb7fd3a28d5d5592,1,98aaaedf37ab737ac27a285b011f42cb,888faa8bfb0b159c37de6d898b961c31,2018-08-08 12:50:26,197.9,36.74
2fc7fe2e06e84beba127768beb2f705e,1,4f0abfbee7569e43b80f9aaa256a9bf8,c70c1b0d8ca86052f45a432a38b73958,2018-08-09 00:50:14,110.32,8.03
2fc7fe2e06e84beba127768beb2f705e,2,5f42d57952b7815098979a5c4fa6f82a,c70c1b0d8ca86052f45a432a38b73958,2018-08-09 00:50:14,110.32,8.03
2fd164f74becbe83e1b81f3f3ab94d07,1,8c0b38fcee9ef771b9da3d7dc849989c,d79e8478eed9999493990b44955fb22e,2018-08-06 17:31:02,14.99,7.55
2fd30a0079e9100628c92bb583ff56ec,1,eb1e85561435be5d1760939dac8c881c,3d0cd21d41671c46f82cd11176bf7277,2018-08-13 08:35:13,33.9,13.72
2fe782855de414d2c2c51fcdb1437e3c,1,e59f9160ef2e37fd48efdb84a4c30126,d6b1ce66b035a475f00c017792ff9769,2018-08-06 07:31:24,113.3,39.06
300542e713279c59c9741f77d049f567,1,cac9e5692471a0700418aa3400b9b2b1,36890be00bbfc1cdb9a4a38a6af05a69,2018-08-08 09:50:22,97.1,8.84
3006835c4c3c11d4869c6bd3d346dca0,1,500870614ddcf5bd84f7d26861026c8a,92eb0f42c21942b6552362b9b114707d,2018-08-21 18:55:24,11.87,12.79
3016aab208504e35592823875a18d588,1,e7cc48a9daff5436f63d3aad9426f28b,53243585a1d6dc2643021fd1853d8905,2018-08-09 08:15:22,170.0,10.32
30524d6f42cc124d17d641b49e792b87,1,28beefcab28e6a3b659bae1bf1cbe453,18a349e75d307f4b4cc646a691ed4216,2018-08-12 21:10:20,30.0,7.47
309f6784abccce4e6e99672dca8ff4cd,1,bb50f2e236e5eea0100680137654686c,f7ba60f8c3f99e7ee4042fdef03b70c4,2018-08-10 07:05:11,330.0,10.47
309f6784abccce4e6e99672dca8ff4cd,2,bb50f2e236e5eea0100680137654686c,f7ba60f8c3f99e7ee4042fdef03b70c4,2018-08-10 07:05:11,330.0,10.47
309f6784abccce4e6e99672dca8ff4cd,3,bb50f2e236e5eea0100680137654686c,f7ba60f8c3f99e7ee4042fdef03b70c4,2018-08-10 07:05:11,330.0,10.47
309f6784abccce4e6e99672dca8ff4cd,4,bb50f2e236e5eea0100680137654686c,f7ba60f8c3f99e7ee4042fdef03b70c4,2018-08-10 07:05:11,330.0,10.47
309f6784abccce4e6e99672dca8ff4cd,5,bb50f2e236e5eea0100680137654686c,f7ba60f8c3f99e7ee4042fdef03b70c4,2018-08-10 07:05:11,330.0,10.47
30bef37a80d21494c619aea50b367550,1,485aa17cb179a6624fb0c9e12cc639d1,f8201cab383e484733266d1906e2fdfa,2018-08-09 15:35:21,79.9,9.87
30c3c6388d83af1e5d2919082f177a66,1,b91b2431ca8a681073c72cab18054e6e,a416b6a846a11724393025641d4edd5e,2018-08-10 17:50:28,239.5,15.99
30df6364a7029642408b5fbf8556ef21,1,a7216be504e1ff211b67479ab193a552,a2e874074c877c5a05abae80ad6e488f,2018-08-13 21:15:07,69.9,21.13
311251ba5bfaf2e67111e56ddee44f14,1,7b813bcc93ea73f063db20ce6c3911c4,fe2032dab1a61af8794248c8196565c9,2018-08-08 19:04:38,288.0,10.18
3142b77fc8c5d3b848943f5727c3901a,1,656e6ea7d86cf0008e67b693d33cc357,c70c1b0d8ca86052f45a432a38b73958,2018-08-09 00:15:12,110.32,8.03
318cbbe8d7e81a3901639555be1e8041,1,ebccaf8ddfeb6858f6cf417708159453,4091f77d8c768fc3e81c20761471761d,2018-08-13 11:44:51,75.0,9.28
318f17dd3da19e3c819d905940547755,1,6a3370dbb5bd5817ac81a5db12cb2baa,516e7738bd8f735ac19a010ee5450d8d,2018-08-08 17:44:39,36.9,18.36
319d8eb9ba6d4f64a4b7c5da23b82cf1,1,386703f26f328414fe118e10a5d92675,ea8482cd71df3c1969d7b9473ff13abc,2018-08-08 17:05:24,27.99,18.3
3213c825fd43c3d2aa27fed77ef29519,1,a4462e7d5df840cbd075f0224bf42554,6e386f64c84e482f0b9abf960797ee1b,2018-08-10 14:35:16,729.0,13.85
323dc5a41f87be5d3e726a2cd303e6ea,1,c20a3f598c16d77249da67e81caa8317,955fee9216a65b617aa5c0531780ce60,2018-08-09 12:24:48,32.0,8.97
326fa4ef13e06290f3b142da7663d4af,1,fa814ebf85f1640b2acea3c4378d40f9,fb3cfbc8a86f5d7fbb4d36b8df63f60d,2018-08-08 09:45:19,69.9,22.77
328ae377ef041759aacefa4eee149cdc,1,25e2023ed83352bde98dc1490d14c3d8,ff1fb4c404b2efe68b03350a8dc24122,2018-08-10 02:45:32,99.0,8.85
32c5abfa9eb2480a7162f1ac2425680d,1,011377a7487fef47fc9e73fa5f7322a6,688756f717c462a206ad854c5027a64a,2018-08-13 04:30:34,48.99,24.69
32cf1aa0aa0ea3a91c9779d558515782,1,32f186a3f6239888c37adf90db857098,90b36c5aeb728d5504a39f435bef0c5f,2018-08-07 17:24:08,29.9,23.01
32f0e397d36f01e44c8c257ceaecf508,1,aa9077a4c7139067003eeffe84759def,2646baaf662d4d92ac48f047e35db92d,2018-08-06 13:10:23,31.2,7.48
3300cd5468b45a06dd47487a0d936212,1,13bb5184d064f9b96e56d241eb8b7814,73b8eb4a9a729d4019b24ed1be748cbf,2018-08-06 22:10:17,121.75,23.65
330cddd53241bd912b7df82d4a5e99fb,1,c47d256557f7fa30144ecea5722eebc2,3d871de0142ce09b7081e2b9d1733cb1,2018-08-08 02:35:14,109.0,24.84
331839482e221dce28b19df7d740fcfa,1,49cb84851ad1487be5bf70a42bb954dd,b2c97074649f92197d9387d9033dda5f,2018-08-09 09:15:21,53.3,13.03
335046c7c87cf6b4d47ce63b22c563b8,1,4182ad8f6fd91b6064f2d1097d8a4291,c9aafcd0621b2207c10e32c649cada4d,2018-08-09 17:10:18,34.5,27.01
335874150963b28de5e55b480495739e,1,a39cc58c1b5926b6f9f378daa89f1315,1025f0e2d44d7041d6cf58b6550e0bfa,2018-08-07 12:44:15,150.0,44.97
33621dd1b751a02342dc065c32f1c96c,1,0c71252f37443403376d2008034a7240,70c27847eca8195c983ed7e798c56743,2018-08-09 19:50:22,107.99,8.18
33bc941e33954324394693138a3b95a6,1,85cdaad7591c6b04ee56edf0a4407a5a,31561f325664a8a7aba4c8d0c3a9b3db,2018-08-09 04:30:19,39.9,7.54
33d14124f0c894a2390998ae1015abf7,1,928e52a9ad53a294fdcc91bcf59d1751,955fee9216a65b617aa5c0531780ce60,2018-08-07 18:50:11,180.0,12.28
33df70afce3d048ea97b52a230185c90,1,fa38811cc82d393bddb9ad0b9ad96e2a,53e4c6e0f4312d4d2107a8c9cddf45cd,2018-08-12 23:05:10,85.0,33.08
3446075ceaabd2c708b0108c2f4da282,1,441b44bcdcc4969bd3a9d67bbeed44f2,5d3bb11474a06bdc23fb9e89f1164ee0,2018-08-10 19:35:17,229.8,23.43
34eb48efa7e9b176505b9e6797f25a42,1,f7740e5b4337a3cc4a8a204553101a85,04308b1ee57b6625f47df1d56f00eedf,2018-08-17 08:15:18,527.9,21.8
34f054dbc6acae464a192cbf2083cf72,1,458ae769e3911daa7d7e44ee726c7e78,cf1313c6e2c01c2f4b014f97db4bcd2b,2018-08-13 04:30:55,60.0,22.35
351c531e51df4db1eedeaaeacb58e0b1,1,5494497e1078148d7b0e41d4551412a7,609e1a9a6c2539919b8205cf7c4e6ff0,2018-08-08 17:04:38,64.99,19.65
359dfdef7cf4ed1003c2a0463eb431ba,1,7659404ade89460a4be1c11ac47d5f2c,2e1c9f22be269ef4643f826c9e650a52,2018-08-07 23:45:08,53.49,7.63
35bd296a8ad55ea37b88e2d4c04dca4e,1,3d9bbe6e6d8c6dd8ba6e728f2586e510,729b2d09b2a0bdab221076327f13d050,2018-08-09 14:31:41,29.89,12.87
35bd296a8ad55ea37b88e2d4c04dca4e,2,3d9bbe6e6d8c6dd8ba6e728f2586e510,729b2d09b2a0bdab221076327f13d050,2018-08-09 14:31:41,29.89,12.87
35c66e9b12fe72dbb0b8d34af424c3cf,1,d04857e7b4b708ee8b8b9921163edba3,9f505651f4a6abe901a56cdc21508025,2018-08-03 14:30:19,74.99,8.69
35df2a75e8f319d4fe179f529613d23d,1,9b462e55a70e01cfd3f9686d12e11f09,8648b1e89e9b349e32d3741b30ec737e,2018-08-09 21:05:10,32.0,7.48
363c3c7c87e46fc1262fbd46cf22daad,1,de89f330c497e12d2510c2cd2a48a29f,240b9776d844d37535668549a396af32,2018-08-13 15:04:33,679.0,19.85
3683eb727daa8e1c605aeabd87b02445,1,4fe644d766c7566dbc46fb851363cb3b,c31eff8334d6b3047ed34bebd4d62c36,2018-08-14 04:10:14,69.99,11.51
369c055c7ea13627ab3d3100c5af3e8b,1,0f784f8f15179b9e101beb85796efc1a,bc8c8d665ec4664d286be0d521722b19,2018-08-09 15:15:17,22.5,8.32
36c68e2e8ad21203f7f149a315550bb7,1,779dd392d4fbe5ca656bf3ceabecbf0b,1a932caad4f9d804097d7f8e615baed1,2018-08-07 02:35:21,150.0,17.32
36da86192d48458dcb75f9f2bf4f249a,1,f5889057b0c061390ce20f4b7b842ac0,daf565f087a52def0fd5c5825b3661bc,2018-08-07 21:31:41,49.9,27.3
370d5b41dfcdc96d0edb780967153d4e,1,1af2a3ec7cecc4015321e562a26c9d1d,080102cd0a76b09e0dcf55fcacc60e05,2018-08-07 04:10:38,42.79,18.4
37151727c96ceda28bc5b0eb91a25867,1,1468ae815f666819cd3fa15be0cc035a,87142160b41353c4e5fca2360caf6f92,2018-08-07 19:55:15,40.0,16.47
371d3a892917017b32ada644ba1f301d,1,eaa53c85856d19bc9f611f5628b4ce7b,ac9b01377919cdbd2a1bbb8d5837c70b,2018-08-09 19:05:18,55.9,23.54
372e98d371f1e5e9d60496c1b57e64c0,1,50e9e70a21b874311949e3db8ace597d,c9aafcd0621b2207c10e32c649cada4d,2018-08-09 13:45:11,33.99,11.26
373fa646df70e5064388905c109571ec,1,a1fc7e27ec70c82cbc5a559b1af76424,709e16e2b25c7474d980076c6bfc4806,2018-08-07 14:24:25,53.9,13.04
37404c7e8f026ab1b81aef92a59939b5,1,24c002cf6aa7f3c184a964064e2a2e5c,df91910b6a03bb2e3358fa6a35e32f6f,2018-08-07 15:24:25,188.9,19.12
374d4811c6f3657ec62ffec582801ccd,1,3a4113a7009a9fda9cc0021c98b74332,89de2d6f23e9746ff309705b23581faa,2018-08-09 18:24:00,50.0,19.54
375aac0ed45f117fefb4e511189306d4,1,8093c8511b079b39f83ad0d34e731f34,9596c870880d900012f2e8e6e30d06d7,2018-08-09 13:15:18,85.5,19.79
37820e5c04da5c34523175842e470d25,1,6c09be1fc42a113b2f3e558d7df2f133,671585f5a2af58b6e276bc01003c0d2b,2018-08-13 04:50:30,45.0,17.25
3789bf493d97b36ed2f5a866cc668abb,1,437c05a395e9e47f9762e677a7068ce7,7f7b8245c336066a1f9933c359f11d77,2018-08-10 17:10:18,51.89,7.62
378d1ac3d8e22dd46990757398ae8500,1,ba4d4408f422ce8b42de69cbf879f5f9,52a50b42accf164f9f019941e5759d9b,2018-08-07 23:30:13,29.99,12.87
3794be706c3088573f54b492768e7689,1,8e05d659efa36ce4bbc0a299a870f4af,213b25e6f54661939f11710a6fddb871,2018-08-17 17:44:33,119.85,20.03
37f6cceb272b1ae10ed4bd8cc0d4a98a,1,7564c1759c04fc0a38f2aa84f7a370ee,6860153b69cc696d5dcfe1cdaaafcf62,2018-08-08 13:35:17,45.97,19.51
381cb353cd30a73a5e49e5f42e583c43,1,dbb67791e405873b259e4656bf971246,e9bc59e7b60fc3063eb2290deda4cced,2018-08-13 11:45:24,61.4,13.77
3828ca6e6450e317619b87f49eca6492,1,013fef6ee8c8f3ff998e8f0a950a0495,4c18691b6037662be2df78a765d98ab5,2018-08-06 18:55:14,13.5,7.39
38793c3d7ddaedf4e05f8fe9ce42ccf6,1,f3c2c2578c46d659b7940e784319413e,aaed1309374718fdd995ee4c58c9dfcd,2018-08-08 15:50:20,198.8,52.11
38957bce5d0653b7a5b419556e7b9ba3,1,cb48e30ec967ad7cf282f8b417e397e2,9e6229250fedbe05838fef417b74e7fb,2018-08-12 22:04:28,149.9,18.18
38b1a471932ac62050bd8c14492af2a3,1,a8bb7885faf316d9a5062d42d2b2fba4,02f623a8eb246f3c5f7c2f96462654e6,2018-08-08 21:10:24,109.0,19.95
38cea9cee434d8caeca46e5b63002eb7,1,e2372fa4eec7531e44bb43844876e25b,db2956745b3a8e9f3785c99f34b5d25e,2018-08-10 03:05:18,189.0,23.25
38d4786d1c7b6dae14470fdfb8616bb0,1,140a6dabf1644704fc0d592be0be59d1,750303a20e9c56b2a6bc45cdce0b897d,2018-08-08 20:25:17,189.0,23.6
38dcf9bd2b8951b1407c82f1d70a8f7f,1,d87fc3441d23a38e9921cd2fa603b931,1025f0e2d44d7041d6cf58b6550e0bfa,2018-08-09 17:50:20,150.0,69.2
38dcf9bd2b8951b1407c82f1d70a8f7f,2,d87fc3441d23a38e9921cd2fa603b931,1025f0e2d44d7041d6cf58b6550e0bfa,2018-08-09 17:50:20,150.0,69.2
38eb04fead5a8c966e7e01b87830b50e,1,0a4f9f421af66d2ea061fbb8883419f7,c70c1b0d8ca86052f45a432a38b73958,2018-08-09 09:04:03,110.32,15.87
38fe76b8f86dd618f6647bb4f23d57de,1,8cd0af4160df609b19513a93e40899a6,7ad32824caee82087b3e2e5f33b1bf32,2018-08-07 10:44:19,99.0,15.0
390cb12cd3157360539ab0739c1b8fa9,1,b532349fe46b38fbc7bb3914c1bdae07,1025f0e2d44d7041d6cf58b6550e0bfa,2018-08-08 22:23:57,35.0,13.83
390cb12cd3157360539ab0739c1b8fa9,2,b532349fe46b38fbc7bb3914c1bdae07,1025f0e2d44d7041d6cf58b6550e0bfa,2018-08-08 22:23:57,35.0,13.83
3912b0f176edb52c40f760e27d055456,1,41c24b8ce92d1a2cac62db5edfd088b2,4869f7a5dfa277a7dca6462dcf3b52b2,2018-08-03 12:04:29,102.9,13.38
3924ecb5e299e5fb70a6f38e34aa4c1a,1,145028037adecb27b1a58cf9597676cc,c26a2be5b53b7db6b276280da212a779,2018-08-13 17:10:19,399.0,46.59
394038740b5a42db8607def1c170eed2,1,3745086e428495d12317f5864306279f,a2b5b6105ea5942300631d2e76f4ffe0,2018-08-08 22:30:12,42.2,13.88
394d17c2b71a726e205caaeee3d2aa3d,1,dc52f0f5d3ec37a93eaf956cde4e5d2c,6560211a19b47992c3666cc44a7e94c0,2018-08-07 15:10:09,49.0,8.5
39735cad3fa0e9f2ea20c536b26ac87c,1,1078e04ece7f1498a5ea393bf9c4eb98,7040e82f899a04d1b434b795a43b4617,2018-08-07 03:10:15,24.9,11.19
39ce2a3fc7950d2767dd4b01eb49ea6b,1,00e437f5e55fc5a62e4ef2f84f41b5fb,08d0949a9a17c027262db1f3c450c26c,2018-08-09 16:35:20,9.9,37.04
39d42259839b9cfad053b83e19e14fc0,1,270c7e8ac3a5d25cc4324f7b603b8a22,0be8ff43f22e456b4e0371b2245e4d01,2018-08-10 13:35:15,59.9,16.61
39f71ba799c87ce196465bad51c55d0d,1,9e2ee57a77fedecd33b6914e9cf61199,a64e44665225d19dfc0277eeeaaccc57,2018-08-09 12:50:20,34.5,12.9
3a572776650593b33c1a7bb4e7f8f650,1,9fe172fa8e662ca8572cf12abf8bce23,cab85505710c7cb9b720bceb52b01cee,2018-08-07 15:45:20,49.9,15.45
3a6a52cd14ff4ed808a62999c78f2226,1,0496f30fa502d5454825087842d7a497,768a86e36ad6aae3d03ee3c6433d61df,2018-08-06 18:35:10,38.0,7.53
3a910fcc31e93133ce84280ebc47d956,1,b532349fe46b38fbc7bb3914c1bdae07,1025f0e2d44d7041d6cf58b6550e0bfa,2018-08-10 15:24:39,35.0,9.0
3b1a0e831b5c50ba012f9bf63d97a03b,1,35537536ed2b4c561b4018bf3abf54e0,955fee9216a65b617aa5c0531780ce60,2018-08-03 16:35:23,390.0,15.03
3b3725fa3dfc009ca1e6ebc503a0bd16,1,fbce4c4cb307679d89a3bf3d3bb353b9,c33847515fa6305ce6feb1e818569f13,2018-08-07 20:44:16,149.0,51.33
3b401cba521461d124e0487ea53bb009,1,4298b7e67dc399c200662b569563a2b2,88460e8ebdecbfecb5f9601833981930,2018-08-09 19:35:13,119.5,22.77
3b4036c28cd5f750d7d1041c6eab8f86,1,c784aabc6d8366b8fd85eaf9631cf96f,671585f5a2af58b6e276bc01003c0d2b,2018-08-09 08:50:16,45.0,17.25
3b510aa86c6884da9a0f2d9960b2d9c1,1,936a034fe3b07b7ae7c87fc8ceb0749d,6560211a19b47992c3666cc44a7e94c0,2018-08-09 11:05:16,249.0,16.84
3b5ce64f9f05683358404919c5872b8f,1,7d28cd96eae3fa5a49bdbfa00af70ea8,31561f325664a8a7aba4c8d0c3a9b3db,2018-08-06 22:10:11,49.49,11.37
3b842ff9ea0324f7726503cadd3c0db5,1,b35c8479840135aa13a0f2d6aa8b7f38,02b72cdeb9cfcc429f1af6f4e3f3b737,2018-08-15 03:44:56,129.0,69.05
3b877e13f7c459f7a8f3015dd9bcc2ec,1,e316e505ab5f17bb7fcfed3dcff53a3e,b4ffb71f0cb1b1c3d63fad021ecf93e1,2018-08-09 18:55:10,50.0,15.45
3b881091c6fc2687191b01c705287c13,1,e7cc48a9daff5436f63d3aad9426f28b,53243585a1d6dc2643021fd1853d8905,2018-08-12 22:45:09,170.0,19.34
3ba790c8d2e841929c346e8da5c6abed,1,3e5047976e9d805d4cb72a96649f9b11,85ecf03781da592876b7844acc1b729f,2018-08-08 08:44:48,159.0,18.91
3bb5b510c269261066a258389a2e00d7,1,bb50f2e236e5eea0100680137654686c,f7ba60f8c3f99e7ee4042fdef03b70c4,2018-08-06 12:55:26,330.0,21.22
3bc3db2c8da17bdf6b0344b1a2ed7cb8,1,aa70ae9ee9a798d44ae6e00ce6d82cb1,c70c1b0d8ca86052f45a432a38b73958,2018-08-07 14:05:18,110.32,8.03
3becf59664a588ac335a36f2a08e2d2b,1,03078714f1e3f3758555f67ff35b4b01,594f9aaa48e5bf431f011ddc5669b0d5,2018-08-07 07:55:16,44.9,38.58
3bf7afbf899683dbd726ff8b50d69c76,1,366980848ec5025f19199579ff57bd6d,73a63f72308aa20a46f4b1632018f196,2018-08-06 14:55:21,121.9,21.46
3c32b5ee0d19331febeea91a6fbf37c8,1,2136c70bbe723d338fab53da3c03e6dc,6560211a19b47992c3666cc44a7e94c0,2018-08-07 10:30:15,29.0,22.92
3c3b5a515dbd753a7d18c009be59f57c,1,e24cb34674177a7fe1358c33cf899417,0885aaf116795758dfeb5f1032487bcd,2018-08-06 18:35:15,34.9,15.34
3c3d88787b28904377716a09b10fb0e4,1,7d8f983b213d00e33e83aeabe1ecea40,ea67327e24487bdfac5fbfa37ea124df,2018-08-06 22:24:14,129.99,21.55
3c3e5bec9a05202ab008c05c55f951fc,1,e3f7b3cbb0ccf1f1e361e6974b22e346,1835b56ce799e6a4dc4eddc053f04066,2018-08-09 04:24:45,41.0,19.5
3c3e5bec9a05202ab008c05c55f951fc,2,a511bdae1b7671858cdc3398cd601ab1,1835b56ce799e6a4dc4eddc053f04066,2018-08-09 04:24:45,48.99,19.5
3c4ef06a14ef470e73ea05eb315ff841,1,e7cc48a9daff5436f63d3aad9426f28b,53243585a1d6dc2643021fd1853d8905,2018-08-15 03:45:01,170.0,21.46
3c74e538974fb013e938fbdd7d83675c,1,dbb67791e405873b259e4656bf971246,e9bc59e7b60fc3063eb2290deda4cced,2018-08-09 10:24:12,61.4,13.77
3c75574b6ba7015391e4755c6c03bd12,1,0f6fe4862e89ffc00d229ccb2fc46159,5b85809efd0d0e4dea1a9544e1280ed9,2018-08-03 17:05:14,99.9,19.89
3c8cf4a64088009cadc132d10d0ae7f4,1,ab674fcb1f06bd16dfbca8d91f016391,2a1348e9addc1af5aaa619b1a3679d6b,2018-08-08 16:05:16,43.9,3.89
3c8cf4a64088009cadc132d10d0ae7f4,2,24c0de23191c9450049b2b3d8749ad35,b5abf4f36adc043117b4fca82c22984c,2018-08-08 16:05:16,49.9,19.45
3d15ff4099fc39d6eed5f8c1200521b7,1,c7944f654db61924bb81f0e3160ab757,3d871de0142ce09b7081e2b9d1733cb1,2018-08-13 19:50:14,139.0,22.79
3d5c01d5bef96b82a7ae8684f1665c31,1,863c150f7756157ab06ad61737ce9a16,d9bd94811c3338dceb4181f3dbc0c73e,2018-08-07 15:30:19,109.22,9.52
3d67d1613ecb493299891b537b079f48,1,1ba4e3fe92f16fd5a8942f7b7d804b52,1f50f920176fa81dab994f9023523100,2018-08-09 04:44:44,79.9,24.17
3dd4f42a9b185cd0b083246bae24090c,1,4ff38de0673d41a0da1499e300720ef6,5b07547f10dd980738a1a27f685af669,2018-08-07 12:24:14,69.9,8.65
3decc053f76f6898aefed9c29e26e2b7,1,af0a99476d96dcc1a1baa7c0d9ff6b9d,04308b1ee57b6625f47df1d56f00eedf,2018-08-17 14:15:16,527.9,21.8
3e02fdc7581b3911fb32501e56bd3192,1,6030a4783b8f3adc3d0e392b0df67064,2e7ea2aafec5835e781b21d6d1faf1f1,2018-08-09 10:24:40,65.0,7.72
3e073b27114fe955e184db124d34a566,1,e7cc48a9daff5436f63d3aad9426f28b,53243585a1d6dc2643021fd1853d8905,2018-08-14 14:10:16,170.0,4.66
3e073b27114fe955e184db124d34a566,2,e7cc48a9daff5436f63d3aad9426f28b,53243585a1d6dc2643021fd1853d8905,2018-08-14 14:10:16,170.0,4.66
3e073b27114fe955e184db124d34a566,3,e7cc48a9daff5436f63d3aad9426f28b,53243585a1d6dc2643021fd1853d8905,2018-08-14 14:10:16,170.0,4.66
3e073b27114fe955e184db124d34a566,4,e7cc48a9daff5436f63d3aad9426f28b,53243585a1d6dc2643021fd1853d8905,2018-08-14 14:10:16,170.0,4.66
3e073b27114fe955e184db124d34a566,5,e7cc48a9daff5436f63d3aad9426f28b,53243585a1d6dc2643021fd1853d8905,2018-08-14 14:10:16,170.0,4.66
3e073b27114fe955e184db124d34a566,6,e7cc48a9daff5436f63d3aad9426f28b,53243585a1d6dc2643021fd1853d8905,2018-08-14 14:10:16,170.0,4.66
3e33f5f2369d96398462a491d376fefd,1,06edb72f1e0c64b14c5b79353f7abea3,391fc6631aebcf3004804e51b40bcf1e,2018-08-08 00:35:20,39.99,12.94
3e34f8c0022e2a7093ae49d16555e06b,1,d69e906470f99256b16bee14a0268fd1,14a08204d03bb6b6bde8029f801ae0eb,2018-08-10 05:10:29,17.0,15.23
3e36ac046e031f1d3e1f8ce6767c018c,1,779559842fc122d55edbd03153f35e81,f8db351d8c4c4c22c6835c19a46f01b0,2018-08-06 22:15:25,26.9,7.45
3e43e4dedffaf5c15e579786d0b5317f,1,970694629024df557d9b71b3088a488d,e504a4e2efaa45cbff7e268a2c58c956,2018-08-07 04:15:24,99.9,34.46
3e68d0953d76c816cb9b580357cf65a1,1,d76b0c7f80641d892f4e650e74e4c120,2dcf93836ae3ce0d7c93e2f10876467a,2018-08-09 20:44:52,49.9,9.1
3e6fcbe51e870332ced599c465eb6df0,1,abf7c583f35ff13ce82c05debdef8ef0,cea729054f157f5870bdd321a958d994,2018-08-07 22:50:15,126.0,9.63
3e8beb10c7fe2966555446e8575a88b7,1,437c05a395e9e47f9762e677a7068ce7,7f7b8245c336066a1f9933c359f11d77,2018-08-10 04:15:24,50.75,7.62
3ea0c27406751dd56d4c57b342aa3b38,1,f71050e65776861c8c3ec7a2d2b0194c,53e4c6e0f4312d4d2107a8c9cddf45cd,2018-08-07 08:30:10,85.71,12.9
3ea27e818dd373d6afff3fb13be4910d,1,a5e74dc2d01e8b9df1590c7160358273,59b22a78efb79a4797979612b885db36,2018-08-10 03:30:26,119.0,23.82
3eb08a4c95b522bed075ec059ad858ab,1,fcf6ad274391aea29f5d6e5ef9da5050,5cf13accae3222c70a9cac40818ae839,2018-08-12 22:15:22,89.7,13.34
3eb08a4c95b522bed075ec059ad858ab,2,bcf64c2356ded745b81b4348a8a763e1,5cf13accae3222c70a9cac40818ae839,2018-08-12 22:15:22,89.7,31.77
3eec01b486a4d08de50a38ef2fb87b79,1,931541a73da8874f772b1fa532b99fea,e9511df20ccd82658a30c37b7fb343af,2018-08-06 14:10:15,35.0,14.56
3efb84891f27efd4a1ad0e11ca4fb36b,1,c706d50b57c9e83293c2586d01f32445,7ecd59e5e20407131822c1a68ac59c1f,2018-08-16 15:45:11,49.99,14.65
3f04e710beea0fa7c09842c227f005ad,1,d1c427060a0f73f6b889a5c7c61f2ac4,a1043bafd471dff536d0c462352beb48,2018-08-07 04:15:34,119.99,44.64
3f090361c1e3266bf3dda7a00df3c0ec,1,39251fd407f6dc1db07c08f5786aee52,c1849d4d32d7a6cecd5aa471809d3135,2018-08-10 11:50:23,19.99,8.89
3f2f8de95118170021d99d5fbc532352,1,9af675a3fdeff7a4d141e18feaed4375,4e922959ae960d389249c378d1c939f5,2018-08-09 20:44:29,85.0,7.86
3f3db9c8cc4092015241bc6697ea24ef,1,9759a740aa84f55b71c0c8c306a80737,c9aafcd0621b2207c10e32c649cada4d,2018-08-09 11:44:29,17.0,12.43
3f56a22363145eb59c7fb42254d3f345,1,1a758361b1c10b3ffe3d3373332de319,8d956fec2e4337affcb520f56fd8cbfd,2018-08-03 20:44:08,42.93,37.21
3f60c18dceaa348eb8891eea71a53dc1,1,ceb43e52119b25c8f2b6049a5534c339,6b243f80ed07b10f0e8aa0f21a205f3c,2018-08-05 21:04:08,64.9,23.6
3f698de643d49203acf6e773a09ff631,1,e0e2e29a516b06947e388d20aa7bf7a6,1cd9e0cc1839d55516843def5600816d,2018-08-13 04:55:28,209.0,14.76
3f71e424f5c88b151069830e08da04ad,1,d6b80738418fd3491b89c8d2cf5f8256,d1c281d3ae149232351cd8c8cc885f0d,2018-08-06 12:55:37,189.99,22.19
3f71e424f5c88b151069830e08da04ad,2,3e362e76af5b6669122b87d6f0a38eca,391fc6631aebcf3004804e51b40bcf1e,2018-08-10 12:55:37,151.8,22.19
3f75656d4a9d4b3e18204bae2bd96925,1,2136c70bbe723d338fab53da3c03e6dc,6560211a19b47992c3666cc44a7e94c0,2018-08-07 10:25:14,29.0,7.46
3f7b475727ce3c7198f0ca2a15c05e9d,1,602c01834bee89627e66532343914a2b,18a349e75d307f4b4cc646a691ed4216,2018-08-15 02:15:13,16.0,38.99
3fc0be2b864e9efc63373bcbafbb16ea,1,6c8b2975a4a05d1f36948b20753b29ca,955fee9216a65b617aa5c0531780ce60,2018-08-09 04:25:15,50.0,11.37
3fc0be2b864e9efc63373bcbafbb16ea,2,6c8b2975a4a05d1f36948b20753b29ca,955fee9216a65b617aa5c0531780ce60,2018-08-09 04:25:15,50.0,11.37
3fd0aee5e461a0922a15e3747a042332,1,19c91ef95d509ea33eda93495c4d3481,06a2c3af7b3aee5d69171b0e14f0ee87,2018-08-21 04:44:36,122.99,84.63
3ff122d5ce35754dba91bc1c99ad6a65,1,a4bc259da0b7bb9a52d9dbcb9efd7fec,213b25e6f54661939f11710a6fddb871,2018-08-16 20:10:18,39.95,18.38
3ff122d5ce35754dba91bc1c99ad6a65,2,a4bc259da0b7bb9a52d9dbcb9efd7fec,213b25e6f54661939f11710a6fddb871,2018-08-16 20:10:18,39.95,18.38
4014ecd96ac1d06f8cca3ac729c389ff,1,7b7867b1566350578959e705c5a46b2f,d1c281d3ae149232351cd8c8cc885f0d,2018-08-09 04:31:27,17.99,8.82
4014ecd96ac1d06f8cca3ac729c389ff,2,7b7867b1566350578959e705c5a46b2f,d1c281d3ae149232351cd8c8cc885f0d,2018-08-09 04:31:27,17.99,8.82
403607f34876d4bb53d5184c2282e59c,1,f2a76781f22caf64ef56f2c87889e12a,54583ab379489add547fe47b628db589,2018-08-08 09:04:01,250.0,20.94
4044c5fad995d07177b0c09ff2b0b7f6,1,3af4f5bb8b0616387fe23646fa94e256,1025f0e2d44d7041d6cf58b6550e0bfa,2018-08-13 10:50:19,230.0,83.79
4044c5fad995d07177b0c09ff2b0b7f6,2,a02d0123079f4ae96001ba2010d1a2df,1025f0e2d44d7041d6cf58b6550e0bfa,2018-08-13 10:50:19,228.0,83.79
4044c5fad995d07177b0c09ff2b0b7f6,3,fe9c4b2cf9c3adbaf3644880fb72254d,157c3e4b42f81ac4a44e8b1ca2fe9876,2018-08-09 10:50:19,416.0,83.78
405ab8184e07bfa663f7627527c96049,1,9ecadb84c81da840dbf3564378b586e9,1025f0e2d44d7041d6cf58b6550e0bfa,2018-08-15 03:50:15,35.0,19.44
405b7a0bffb459dbc7646665024a2665,1,928e52a9ad53a294fdcc91bcf59d1751,955fee9216a65b617aa5c0531780ce60,2018-08-06 21:55:21,180.0,43.54
4076407d388d4127cf7edc12c2782ed8,1,a06766fec51c96d4d0bce282906735eb,1900267e848ceeba8fa32d80c1a5f5a8,2018-08-07 00:30:19,38.99,19.46
40a24d4585c66a3d7ba902a7dcd233a9,1,cf857bce01d442bb8631a548a4432def,271c58a1d139c45eaf3316107c6d3a3b,2018-08-09 19:35:20,119.9,57.61
40c3b608098b72f21af4a0a9006af9d2,1,1a758361b1c10b3ffe3d3373332de319,8d956fec2e4337affcb520f56fd8cbfd,2018-08-09 17:45:21,42.93,15.4
40c557817a4ef8b8ca3481447849539d,1,8f7ba3a21866ed0cf0233dd71fa0da72,0b90b6df587eb83608a64ea8b390cf07,2018-08-13 20:10:16,58.0,13.75
40c95b7789cf4450c616a71d2efab73d,1,5101f008a270fb10336de6703f32221e,c33847515fa6305ce6feb1e818569f13,2018-08-08 15:31:36,79.0,26.85
40db493fa22b26e65d2677bcc2c67344,1,500870614ddcf5bd84f7d26861026c8a,92eb0f42c21942b6552362b9b114707d,2018-08-16 21:04:07,11.87,15.23
412d2be13fcba6c139d5c9998e77a7c6,1,428142062f95deb5d5c834e4f0313000,4c8b8048e33af2bf94f2eb547746a916,2018-08-14 03:05:15,68.1,14.06
412d2be13fcba6c139d5c9998e77a7c6,2,428142062f95deb5d5c834e4f0313000,4c8b8048e33af2bf94f2eb547746a916,2018-08-14 03:05:15,68.1,14.06
413648037e02e5c759e67071c61b2fcf,1,ca5c923962558430573f83661dbe36d6,66922902710d126a0e7d26b0e3805106,2018-08-07 17:04:03,105.0,18.54
414a0b1cbb58b3ae7ce9c39083fcf007,1,d24659126d5bbd0b1bacba3e8d17a978,7b07b3c7487f0ea825fc6df75abd658b,2018-08-03 17:15:24,32.0,7.48
414a0b1cbb58b3ae7ce9c39083fcf007,2,d24659126d5bbd0b1bacba3e8d17a978,7b07b3c7487f0ea825fc6df75abd658b,2018-08-03 17:15:24,32.0,7.48
417e44a3df3ce085aeafc1976354af8e,1,18b0e642cbae7251e60a64aa07dd9eb9,85d9eb9ddc5d00ca9336a2219c97bb13,2018-08-15 11:55:17,22.32,50.88
41c843dab306ff15365492a2dd8c3cef,1,42ca857208d059f51c317b503000c385,f789d2c4f2c2eb38fc4373e7a4b35264,2018-08-07 08:15:14,119.99,18.94
41d0cc817d720d7f3860716b335a3cb7,1,ebb12274522d82caa7dca657873b2ad7,fffd5413c0700ac820c7069d66d98c89,2018-08-08 01:04:35,99.8,32.09
41f02d9998aea7e212e8917bf2649cce,1,eb6913790ee61d3d4d8dffcbbedea827,382229d1e840115ffe3dbf5ff460e417,2018-08-09 04:31:13,29.9,7.63
420fb4457bf13ecb615ef8bd9dacdc03,1,d06466afa11453b6450b70992c90ece7,db2956745b3a8e9f3785c99f34b5d25e,2018-08-12 21:04:07,209.0,20.65
42113ccffae542a6aee6b921c765d59e,1,6a31191d5ac5852b0478f6e245ac5b02,7357b52d27cbaa90f81a96cbc1279396,2018-08-08 12:10:17,118.13,20.02
42187cae0bc6e0829886d8131b4c4864,1,b50a88003f2de609b7fb5d419bdb6b9c,e5475dcab1e07b63d7f6e902d8f5eda8,2018-08-09 20:25:07,35.0,12.91
421bb69fc426ab8530ef85399541a9ac,1,27c0cea4dc76549f5bd124d9cad0ae3b,1f50f920176fa81dab994f9023523100,2018-08-07 08:55:20,119.9,76.17
421bb69fc426ab8530ef85399541a9ac,2,9dc742d39f778e41ce3a88753f280d40,1f50f920176fa81dab994f9023523100,2018-08-07 08:55:20,119.9,76.16
421bb69fc426ab8530ef85399541a9ac,3,8e0be6304c4a94268be42e2d8dfaded9,213b25e6f54661939f11710a6fddb871,2018-08-16 08:55:20,119.85,76.16
426a9742b533fc6fed17d1fd6d143d7e,1,a1beef8f3992dbd4cd8726796aa69c53,512d298ac2a96d1931b6bd30aa21f61d,2018-08-16 14:24:28,4399.87,113.45
427d0f687214f83a79eb0b0d33d32d28,1,f8b624d4e475bb8d1bddf1b65c6a64f6,b410bdd36d5db7a65dcd42b7ead933b8,2018-08-07 23:25:18,179.0,19.48
4295876088eaa108fede7b0b77109ed3,1,89e4362d74afa10ac57f8d67210132a6,dbc22125167c298ef99da25668e1011f,2018-08-08 21:45:17,96.8,14.98
42be6028bdacb5416ab5bd400589b0a3,1,3e845176ca89939bffd10efd3467a090,0241d4d5d36f10f80c644447315af0bd,2018-08-09 22:50:23,79.9,18.36
42c384d95181d3ee567e8639ff74fff9,1,f486b2e5c945f3261655ae0bcbf92855,3bb32fedaa74e4ad20f4ce067733bd31,2018-08-08 21:04:11,23.9,18.27
42c384d95181d3ee567e8639ff74fff9,2,f486b2e5c945f3261655ae0bcbf92855,3bb32fedaa74e4ad20f4ce067733bd31,2018-08-08 21:04:11,23.9,18.27
42cba4864b46e647175a24df49b1426a,1,b05ec8d9cabec69e637318ebba813a09,cc63f0dd2acba93ffed4fe9f8e0321fa,2018-08-10 04:35:17,126.99,27.19
43212d0edb989569de152cc65e9d96fc,1,dc6d974a3b29ff63697e0926f8c76c51,d9bd94811c3338dceb4181f3dbc0c73e,2018-08-08 23:45:20,143.88,20.2
43787011f63fb232ab281d68142f504f,1,3963a38599692e337822f032da892d5e,213b25e6f54661939f11710a6fddb871,2018-08-17 18:50:18,59.95,9.17
43c19b4037a93e40cda474629cc40648,1,96341c5bd303e04bee20bcd01431dfaf,508808d438fe2ff972ed13bb8f4a82e2,2018-08-09 13:50:13,7.99,7.39
43cc7aac762dbd5d93a8354a946d85d9,1,88a3f73bd7326cded0153029c775d145,3ab971ce71839580d2ae5b4e40fe8044,2018-08-13 04:45:19,119.0,21.47
43d6342125d8088b91c7075c954bc592,1,af82bdd672f63ec5fb84b31302e39506,1554a68530182680ad5c8b042c3ab563,2018-08-08 15:05:11,75.9,18.58
43da1954a3ab906e70d25dff8fd0a3a0,1,2676f64fccc9174a0c843ecd4dcd44d8,04843805947f0fc584fc1969b6e50fe7,2018-08-09 15:10:23,700.0,37.38
43da1954a3ab906e70d25dff8fd0a3a0,2,2676f64fccc9174a0c843ecd4dcd44d8,04843805947f0fc584fc1969b6e50fe7,2018-08-09 15:10:23,700.0,37.38
44150e408d0bd0a5341db3e4f11a98d8,1,b6f3b8136ba8302906df7e11ff908751,a5cba26a62b8b4d0145b68b841e62e7f,2018-08-09 17:04:38,399.0,17.86
4464db47018d63c21ca7ca5dffc833e7,1,8e910a5a78e3378d8c570c13e143d631,1900267e848ceeba8fa32d80c1a5f5a8,2018-08-07 01:43:57,19.9,12.8
44900db49b182f4c5488152220bed716,1,78f03f51ef7a8e468dfe807ab205c9e5,bf00385a5f7fc1ef39a13c2e9ee50a5f,2018-08-08 08:44:45,59.9,24.77
4497ba9d409157ae7bc8aaf8fd113307,1,ea66598d13482c9c72f1936c62d2e630,6b333a05bf188ef3e1f1662a86bd9855,2018-08-09 20:35:14,339.0,33.42
44bb5734f29017e33add235fbdf83b90,1,ca7a479258a82d50745a75fc9a916475,31561f325664a8a7aba4c8d0c3a9b3db,2018-08-09 13:55:25,49.49,23.15
44de0afee520be53cfddd8428eb63160,1,bb42f37fc3d9130e4a4339d24a47dd7c,da8622b14eb17ae2831f4ac5b9dab84a,2018-08-07 19:44:24,44.9,8.47
4505acb3759da6b9c7d79a80d29ab3bb,1,0eb8e03d4ef83152c4642b606b5bbdec,cac4c8e7b1ca6252d8f20b2fc1a2e4af,2018-08-13 14:44:46,29.99,12.51
4506b1cbdeeb686eb19dd753a7a645ee,1,a16a8eed860c19b57d6326c7f6936d3e,596849622429351f47b32e6cae1055ff,2018-08-10 14:10:25,12.9,7.39
451a92b9b2211031e527f7f85525388c,1,86ecc269de40ba13205e7beeee12f26f,b76dba6c951ab00dc4edf0a1aa88037e,2018-08-08 17:05:20,29.99,7.47
454c3851ea6ca1eaa09fd44d2502aac0,1,d30115c5c4af6437de4bbf9faa668de1,d2374cbcbb3ca4ab1086534108cc3ab7,2018-08-09 07:04:00,19.9,12.8
454f02c2698ee870f2ebc3741d64540e,1,d19c5ff1a4d4e8b0558536d57cf43cf7,955fee9216a65b617aa5c0531780ce60,2018-08-07 12:44:14,250.0,32.8
455c8cc6fcb8015c8fa06b087cf373b1,1,61e8bddb5e00dffe8bfbf972cf3fdf18,3f3486b61f45078d4f31ee5e43d8c5bb,2018-08-08 19:44:28,99.99,11.72
455fa9dc182a1003b2d78824f8aaf8d5,1,313f8ed3413f949a1c0eb1cd6495ae5d,7ad32824caee82087b3e2e5f33b1bf32,2018-08-07 10:24:07,109.0,33.79
455fa9dc182a1003b2d78824f8aaf8d5,2,0b4b59f6bcaf697444a8b7b14f630b15,ea67327e24487bdfac5fbfa37ea124df,2018-08-07 10:24:07,158.6,33.8
4569b648054760495d7fd67996def81c,1,1cc786f2fc3932c7a07346cf556c28bf,82cb9f452fe8334df74b22d37824b431,2018-08-08 15:31:10,37.8,18.37
45bfddf12e8fd3de8dbda7b7208ec90e,1,89e4362d74afa10ac57f8d67210132a6,dbc22125167c298ef99da25668e1011f,2018-08-07 04:35:22,96.8,14.98
45e23c55f1e319a0808c5924598cad9c,1,931bb2a750c49badcd543774fd227364,c66dccfb3f109511246da627dd5a2498,2018-08-09 20:50:28,167.0,38.08
45f323ee344dfe76bcd78bc41c962c91,1,57f2bc497c1a3ebe41ba7a06d78ed159,6560211a19b47992c3666cc44a7e94c0,2018-08-06 12:50:19,55.0,3.5
45f323ee344dfe76bcd78bc41c962c91,2,060f0122cdc8f25db4a0d7359fdae7b0,6560211a19b47992c3666cc44a7e94c0,2018-08-06 12:50:19,49.0,35.04
45f470a790aede4d492919f4df65b123,1,56a474f5d7d6cfaa8500cddd0aa35bba,daf565f087a52def0fd5c5825b3661bc,2018-08-10 04:24:47,144.5,34.77
4628d3d8311acc92810202b9a41b3dad,1,31b5755dd3e583e7c227a935657a818f,8d956fec2e4337affcb520f56fd8cbfd,2018-08-08 07:50:11,80.3,7.82
467ba1d86d45ebd9cfa12501a08f40ec,1,6ab9d49c399f239bc88ea28c7568213f,5c853bb56f70f4d14218944bae111d7a,2018-08-09 05:25:18,12.99,18.23
46aac4b6ae578b1097249c607ade4751,1,fbc1488c1a1e72ba175f53ab29a248e8,289cdb325fb7e7f891c38608bf9e0962,2018-08-07 15:30:20,116.9,9.33
46b822b7e203850a10e485ed02abf2bb,1,07821918ef487fd64eb20b3c8aeb897f,e9bc59e7b60fc3063eb2290deda4cced,2018-08-10 18:30:34,139.0,22.9
46c43fa21f04b08b446b2bd3e06ae1a8,1,31b8e7c2a22f3dba5183cc110bdd72f7,7d13fca15225358621be4086e1eb0964,2018-08-16 11:05:21,199.6,38.31
46f0668d5961419489c708d57e9e99bb,1,3dd2a17168ec895c781a9191c1e95ad7,de722cd6dad950a92b7d4f82673f8833,2018-08-03 08:25:13,149.9,14.53
47241d51bf3749ec7ad04962507ac2df,1,d9bdf643d95cb89844c0da1a0df1d16e,289cdb325fb7e7f891c38608bf9e0962,2018-08-07 09:04:06,118.4,14.17
47757e40bf5bef19314ecbdf38a45d41,1,77a5af4a7d2e2717af0999f7dd0dd046,acce39e832338debb07b02385cde5967,2018-08-08 17:30:14,129.9,27.89
47d160e3b388f73aa2dfad3c508f4ca3,1,93b513d693c7e922381d6aec80dfb639,530ec6109d11eaaf87999465c6afee01,2018-08-07 09:45:08,135.0,27.9
47d198410caadbd9a77e92bf622ee749,1,5861217c6b00a886e28a101167dbb1e1,fd386aa7bed2af3c7035c65506c9b4a3,2018-08-07 12:30:10,15.55,15.23
47f6d79f82f6b8667a9282d11ad1b931,1,eeee41946ce5551470e97aef50ccf4c4,d26aa40b90272d4843d63be7c1462c8d,2018-08-09 02:35:18,99.9,16.89
47ffb2ae6aa6178f452d3ca54432f0e6,1,f9b0ee95ce8b1ef8b50eecc5e0fa4348,e9779976487b77c6d4ac45f75ec7afe9,2018-08-09 18:24:27,25.89,22.98
481474f010c7ba31ed88a2af403c0926,1,bd08d760237826c81c73fd4f6f391290,9f505651f4a6abe901a56cdc21508025,2018-08-06 18:25:28,9.99,7.39
481bab4ab953e59fd75574754371e676,1,d017a2151d543a9885604dc62a3d9dcc,6560211a19b47992c3666cc44a7e94c0,2018-08-09 04:10:21,49.0,7.6
481cc1808e96be16f9a098544f03a680,1,595b8278e4e5c52c86a4da3812b70081,4b0fdb526525f9890eb145bf1534640e,2018-08-08 11:44:31,156.9,18.23
481cc1808e96be16f9a098544f03a680,2,595b8278e4e5c52c86a4da3812b70081,4b0fdb526525f9890eb145bf1534640e,2018-08-08 11:44:31,156.9,18.23
482ef538799136578c9ae6ffc2d93252,1,3360da0bdc5e96e78beaade20beeefa4,ea00f977a203ff88adf7057cb7806998,2018-08-08 15:25:18,19.99,7.4
483f86b7cf498c438e3be9ef583d7548,1,bc072f287b475a918c00b3478d1bcef9,1690cada046eb7e92c12f98b1f8a8167,2018-08-07 15:55:25,159.0,13.41
48483d781181b0424eb4d9729ce4ccca,1,1b979ed0acbd0350ce3aaee840601644,d91fb3b7d041e83b64a00a3edfb37e4f,2018-08-08 16:25:15,66.7,18.57
48af7589aa4fbcb01531df8c9b510e91,1,6cdd53843498f92890544667809f1595,ccc4bbb5f32a6ab2b7066a4130f114e3,2018-08-08 17:24:21,364.0,31.8
48d4e2ea1003c1efbdc8c3cd4e0af69e,1,fe0c30fb2df4e35bc7319b277ddbdaa5,1c40343cc5d18c2d8248ac2f3366de34,2018-08-06 17:55:17,319.9,21.43
48e72584a72dfd3dcb2ed3a6c5ea07ce,1,afeeea6271148ee1bb15173b8187c431,53243585a1d6dc2643021fd1853d8905,2018-08-09 21:15:25,219.0,24.25
48f1b7e26f84f55846f1d003e3e6170c,1,059344baebbeaa42fa9f2bbe11b1583e,955fee9216a65b617aa5c0531780ce60,2018-08-13 04:05:22,29.99,12.87
490566f702bcd9c328d15da3a01706fb,1,5522eaf5bba15bca311ea28c518b01f3,c679fb69a36e1d8349e8c50a217b4d58,2018-08-08 13:10:24,22.98,18.26
491e593aee916fa4bf7b6cabb2f80070,1,0233382eae30811d6dfffbbfb5de36d8,59b22a78efb79a4797979612b885db36,2018-08-06 13:23:49,419.0,43.91
49410e2fb311cf8b70baeea98a3cdbf1,1,787a7fee45732e04f90ace8fda0ed076,537eb890efff034a88679788b647c564,2018-08-05 22:23:53,19.9,27.42
494648e782c762fe2547626ebb7dfaff,1,20a67c4242225878d0a014685ab3edaa,6edacfd9f9074789dad6d62ba7950b9c,2018-08-09 17:10:26,39.9,7.54
494b5feb45ebf3e0dd57996b45bcf69f,1,da98518441170ed0b0afcc0b471806ee,4c8b8048e33af2bf94f2eb547746a916,2018-08-13 21:30:16,137.1,23.67
494b5feb45ebf3e0dd57996b45bcf69f,2,5192b3aef1e52554497d72e7f5b97f28,4c8b8048e33af2bf94f2eb547746a916,2018-08-13 21:30:16,100.21,23.67
494b5feb45ebf3e0dd57996b45bcf69f,3,13b6735a82ec831943957f19fe66f71e,4c8b8048e33af2bf94f2eb547746a916,2018-08-13 21:30:16,137.1,23.67
494dfa139a38449b378d01cca4c0a6a0,1,76f4ae2b91f4c543cb215e778747a63c,165b1235e9e9942cb5fae67103576fb0,2018-08-09 04:24:39,91.6,59.87
4959c38155b6320f1e4bd741132334e0,1,57e1815b050566a793e010162f765cdb,edb1ef5e36e0c8cd84eb3c9b003e486d,2018-08-05 21:24:12,149.65,19.15
495df6b807cb718b99cf24a4609fd323,1,b55d740a9c9a5e4b9d681828a82d28bc,34056b8b55c1775a22af2331670a799c,2018-08-09 08:35:16,64.8,14.03
495f52185fa8f606de522839d428f3c9,1,dbb67791e405873b259e4656bf971246,e9bc59e7b60fc3063eb2290deda4cced,2018-08-07 14:50:12,61.4,18.53
4969634a191db1f7ef36954434938327,1,1dbd121a455304b1f6f0b548e9cc23b2,537eb890efff034a88679788b647c564,2018-08-05 21:31:43,34.9,7.66
498394cdea303b629a7f66b4ddcd7d50,1,3cb39171fd36c50097f2dedbbe0dfe6e,16090f2ca825584b5a147ab24aa30c86,2018-08-10 03:10:23,31.99,7.48
49873be3d163feec184f5afcaea61a47,1,634256dbcd184b3757ffd7632c9fe52a,42b729f859728f5079499127a9c2ef37,2018-08-06 17:30:17,27.9,18.3
4989f3f8cec2a6f73b0d121c0e134624,1,42a2efd39155b59e16bac90081495285,7d13fca15225358621be4086e1eb0964,2018-08-16 16:35:26,157.0,19.2
49acb5fc9c65246c7611d008c2304353,1,43f88c8353708451babf9bcdd1fda92a,cab85505710c7cb9b720bceb52b01cee,2018-08-06 21:15:22,64.9,7.71
49de2042facc292abd730e3dc6c0a75a,1,907578486a0740d13bf3a595047b3549,6ddc28b61be28373b4503a1f61cf98a9,2018-08-07 20:05:22,189.9,17.52
49e46b4388f4b9ea96901467bd26eb6d,1,0e3f5da3b1d7aeb2b1aa661a99c4788c,77530e9772f57a62c906e1c21538ab82,2018-08-07 20:30:19,49.0,13.68
49e4c4907bdae7153ea492e2827fe5ab,1,6f58431a7150fa91bac9f28f5454a8e8,5656537e588803a555b8eb41f07a944b,2018-08-06 17:30:24,25.89,18.28
49f0e82d2c3c46134f551799b3990bf9,1,d017a2151d543a9885604dc62a3d9dcc,6560211a19b47992c3666cc44a7e94c0,2018-08-06 12:55:32,49.0,18.44
4a3e33350d1fd4eace1585032a97ee06,1,7a2ce7934c70419330eaf46f20b159a0,9baf5cb77970f539089d09a38bcec5c3,2018-08-21 19:45:08,106.99,15.06
4abba1209ac9ef2480b19c2e88391f23,1,b27b9df9f45462cc40727ef0681d5995,b494891378bd8f4560abe576c52deacd,2018-08-06 05:10:19,109.9,13.43
4b2113709e5d5f3760113b4a980cc88d,1,f91ca402b63936397a526d0c81976270,4d6d651bd7684af3fffabd5f08d12e5a,2018-08-20 13:50:10,229.9,14.27
4b2dc3d5bb4accd12c73d55b2a10f856,1,3360da0bdc5e96e78beaade20beeefa4,ea00f977a203ff88adf7057cb7806998,2018-08-07 04:15:09,19.99,7.4
4b431346a500d72d3ce468a29dd5b060,1,ca0ebb053b17d7de027780de787ed000,6560211a19b47992c3666cc44a7e94c0,2018-08-09 21:45:21,145.0,22.95
4b90912a086907b087947c385e8d13b1,1,c7b99e577e7d7948c7fab1d7c1326d22,45ba18c210d42734ec52c0c1c574e9ee,2018-08-07 02:45:36,99.9,10.01
4ba6b813ed91fee2b26261b064aaf348,1,a92930c327948861c015c919a0bcb4a8,6560211a19b47992c3666cc44a7e94c0,2018-08-07 11:15:11,78.0,13.21
4bd13580e951063d19e99e60bc4d1492,1,37dffde0476450e75dae423136954b0f,66dc1b1632bd6a3e508510c5b3492107,2018-08-07 13:50:07,149.0,29.69
4bd13580e951063d19e99e60bc4d1492,2,8a2d3285de64b2117fbf83784acd09fc,bd697db56ff8e7c9cd1abeb7f72029b2,2018-08-08 13:50:07,99.99,5.24
4c1b702493f9e6a8e7ab024bd34ba0d4,1,4b54b3c4276e14492c3b466f49583f72,ef990a83bbea832f36ebe81376335aa8,2018-08-06 19:30:58,148.0,23.84
4c1eb4e6d52d42048614e4c46f3c5f9e,1,9bd556e1c4a7917679b89ec2075e9cba,725af026f869236a8dd0ceb98564d156,2018-08-09 04:10:22,212.99,27.79
4c393aa9849047431a6c20ff36adbfb7,1,3d6c312fc91b957f0515be3afd19f439,966cb4760537b1404caedd472cc610a5,2018-08-09 01:10:12,848.9,24.04
4c480567d1db63cffddc552638c35d8f,1,64fb265487de2238627ce43fe8a67efc,4a3ca9315b744ce9f8e9374361493884,2018-08-07 20:04:17,79.9,10.29
4c480567d1db63cffddc552638c35d8f,2,18796df281656da4036dd926561a6030,cca3071e3e9bb7d12640c9fbe2301306,2018-08-10 20:04:17,79.57,29.4
4c480567d1db63cffddc552638c35d8f,3,cc4b51ca9b5ca05b7fd5337bddb7341c,4a3ca9315b744ce9f8e9374361493884,2018-08-07 20:04:17,48.0,14.71
4c480567d1db63cffddc552638c35d8f,4,84f456958365164420cfc80fbe4c7fab,4a3ca9315b744ce9f8e9374361493884,2018-08-07 20:04:17,84.9,4.41
4c6e24a5fceacbcf444cdb5141ec1688,1,e919bdbe0314f5cef7d86707f9d89c1e,df47da4ae86fa4db890d05aaf24e21d8,2018-08-13 03:44:53,58.9,16.6
4c792ea6a2a9a0d044176c1c42d49b22,1,06f2166336faca73c644b11eaca22d06,d5ba419e26d246a0719437cf37d9b46d,2018-08-06 16:35:11,105.0,9.49
4c8c092a897404409eb4858b2c35f100,1,2216232cbfdfdc984d20cd53acb7aba8,ed4311e67debd72b8610a5347a743087,2018-08-09 08:50:16,140.0,17.25
4cbe925cfb272323db0ca38c5dcd6e6d,1,409ec48108c4dad2130633a912fe877e,1900267e848ceeba8fa32d80c1a5f5a8,2018-08-08 17:10:17,40.99,13.87
4cc44db58430b3250f2ef264dbcc3b4c,1,740867136b4bf7605e36c5913b91eb99,9a03a4e9eb0b947652fae4f6121a3f5e,2018-08-10 14:50:15,200.0,18.53
4cfe6efc40f9645ef7b88440a1c64149,1,d017a2151d543a9885604dc62a3d9dcc,6560211a19b47992c3666cc44a7e94c0,2018-08-09 04:10:17,49.0,7.6
4d33c3b8db205a116cc13b56b4cbf5cd,1,1c6cf85f4af5c2787a812d273b836c01,b19f3ca2ea475913750f25a5c37c8d8f,2018-08-13 07:25:06,78.9,13.65
4d670725075298192ec296c1aa5f6eab,1,145978af3e89b318be0b717a0953649a,18e694e0e48ed6f7aa3f24aade5fd697,2018-08-07 15:30:16,23.9,37.08
4d6d5d4ddbda3bae532db626873c671b,1,c784aabc6d8366b8fd85eaf9631cf96f,671585f5a2af58b6e276bc01003c0d2b,2018-08-09 23:25:17,45.0,15.42
4d8660f18113eab64ba09d4eb4aa9ddf,1,6d8df074fad8f0315c8226b43f71a084,cc63f0dd2acba93ffed4fe9f8e0321fa,2018-08-08 04:24:06,258.0,40.89
4dda81f6169b472f50dc01b2c3cea637,1,cebff45f1d1558430be0e07ac0df6a68,c003204e1ab016dfa150abc119207b24,2018-08-08 12:15:20,95.9,23.47
4de51073bc1cd11e85fb03f29508b308,1,25e2023ed83352bde98dc1490d14c3d8,ff1fb4c404b2efe68b03350a8dc24122,2018-08-13 17:25:15,99.0,37.6
4dea4753bef29a866f8cc4a9c7ccbf40,1,2f0ea37228e35c052271f5617038986b,530ec6109d11eaaf87999465c6afee01,2018-08-09 19:24:59,134.99,23.75
4dfb733b29969397d64be1d58ecb7d42,1,b1e1af0d92d503c0ad5bc5546c16ba43,fa1a9dec3a9940c072684a46728bf1fc,2018-08-10 20:10:10,69.9,23.64
4e08bdd0a71b43ba19f8c0a89c8ce665,1,2ff995aead9c63a1f37a07b3664ead37,8b9d6eec4a7eb7d0f9d579ce0b38324d,2018-08-09 12:44:58,74.99,24.91
4e08bdd0a71b43ba19f8c0a89c8ce665,2,53a72a0b6feec4a5cb40c5c79374b471,9e6229250fedbe05838fef417b74e7fb,2018-08-15 12:44:58,169.9,24.91
4e19d5224178c861043985f3f63fed27,1,8afd2ec5bf821e4d1a061e7ca31cac24,6560211a19b47992c3666cc44a7e94c0,2018-08-07 10:50:10,165.0,16.26
4e55f642a3b11a6cfcec80a9aebbb513,1,947a46e4f6dcc04e256398abf33e272e,acce39e832338debb07b02385cde5967,2018-08-07 22:45:10,119.9,15.14
4e724a5cf81fb255b3e27cca2632e90f,1,8684bd8f93b4f4038d07188a23811e93,cc63f0dd2acba93ffed4fe9f8e0321fa,2018-08-08 18:05:22,69.0,14.79
4e7838e2ac3b81d9d9ca377dcc0549de,1,c4c7585167f8d6dc4ccc0b38f0d820ca,c0f3eea2e14555b6faeea3dd58c1b1c3,2018-08-09 00:44:08,79.99,15.66
4e8eac5f839b87a8cdbd9847f4fe442d,1,566d57dc88c7ca3fb90725bef1498b51,fe2032dab1a61af8794248c8196565c9,2018-08-07 18:05:26,219.9,9.7
4ed868229ad01b5686124edd1f82b18b,1,4a96de21ccfb22ebe1c56992acbbd7fc,7a241947449cc45dbfda4f9d0798d9d0,2018-08-08 21:35:17,129.0,15.97
4ee4abefdd469c7756e296aca7f29361,1,6f3b5b605d91b7439c5e3f5a8dffeea7,4869f7a5dfa277a7dca6462dcf3b52b2,2018-08-03 17:24:05,162.9,19.24
4f16d07441ebb275f11b0c403433a20b,1,78efe838c04bbc568be034082200ac20,0241d4d5d36f10f80c644447315af0bd,2018-08-03 13:31:54,70.0,24.36
4f510ee3f8f37d3f09228624a7b72ec8,1,af37cff523f7bacc47bc01c5674bf4b4,1da3aeb70d7989d1e6d9b0e887f97c23,2018-08-08 12:24:22,110.0,8.03
4f5db1138694f3bc0bfdbb113f4f83ec,1,9271d2541a43f8db13d164887228a189,5ef131ac72773e5b3f6c0d63cf424657,2018-08-10 04:55:28,71.1,41.48
4f88a7f264d48920c4f0762d160212ca,1,ba80c9f47a84d1e08465f72e22930c83,70c27847eca8195c983ed7e798c56743,2018-08-09 13:05:18,114.99,8.23
4f88a7f264d48920c4f0762d160212ca,2,ba80c9f47a84d1e08465f72e22930c83,70c27847eca8195c983ed7e798c56743,2018-08-09 13:05:18,114.99,8.23
4fab03676c2144ed35264324eef0ea12,1,c784aabc6d8366b8fd85eaf9631cf96f,671585f5a2af58b6e276bc01003c0d2b,2018-08-08 21:15:14,45.0,17.25
4fc1fb51c00a593d698708ba797bf73c,1,a4d0871577d73bc394c482dd0998af7d,c9aafcd0621b2207c10e32c649cada4d,2018-08-09 19:55:19,23.89,6.41
4fc1fb51c00a593d698708ba797bf73c,2,e044a6c8994164db4e2446054a374b9a,c9aafcd0621b2207c10e32c649cada4d,2018-08-09 19:55:19,25.99,53.38
4fc1fb51c00a593d698708ba797bf73c,3,e892e0e01990e737eb81a57db12f8c8c,c9aafcd0621b2207c10e32c649cada4d,2018-08-09 19:55:19,39.89,53.36
4fc1fb51c00a593d698708ba797bf73c,4,3dd7de1b6e3362ad26c1879acc292f19,c9aafcd0621b2207c10e32c649cada4d,2018-08-09 19:55:19,98.99,53.38
4fcd41f1365d2b6852c34568499584b8,1,3d5837f86205fe83f03fb5f7e4d5b9cf,9d4db00d65d7760644ac0c14edb5fd86,2018-08-07 02:35:17,145.9,9.72
4fe6cee06467399353cf7a3068d59064,1,365cdbd29e4a18a4e258fc40c6fc746c,cc5a78bbad32776dc4e3af205218368c,2018-08-09 18:23:55,78.71,75.35
5043c2e9366f7600db60c67283a20260,1,fc8595227785863846b7daa2ae3f2c9b,db2956745b3a8e9f3785c99f34b5d25e,2018-08-16 15:45:20,139.0,13.63
50464b5c4c37ca488dd7857dbaff4840,1,052413504e5295cd66ec4ced0b310062,4869f7a5dfa277a7dca6462dcf3b52b2,2018-08-07 23:15:23,159.9,19.86
50464b5c4c37ca488dd7857dbaff4840,2,b2e22c958b453a43a650a579dcac2e43,4869f7a5dfa277a7dca6462dcf3b52b2,2018-08-07 23:15:23,344.9,19.86
5052e182aee58daae49fec8b9caad0c9,1,ac5b95f5dc30a0bb558f9b6edbcaab5c,c3f5668699a1b04c0fa61ecea1e2bff6,2018-08-06 20:35:25,140.75,59.07
505bb60c12a248aa8c995503ec264554,1,1ae200ea89b47dfa17d0ae0745a25492,ececbfcff9804a2d6b40f589df8eef2b,2018-08-10 20:10:21,59.5,22.35
50bfdb0627807130b8f989106c985a75,1,dc7b5d2b32ae30c86acd229b5ff34dcc,7210cd29727d674c00741e5e387b3ccd,2018-08-14 10:05:15,63.0,18.99
50da5576c9b517983b6f5fcf44863cfe,1,4ff38de0673d41a0da1499e300720ef6,5b07547f10dd980738a1a27f685af669,2018-08-08 18:24:10,69.9,18.59
5128bbf180434cd939884e273629de98,1,1613b819ab5dae53aead2dbb4ebdb378,16090f2ca825584b5a147ab24aa30c86,2018-08-09 23:31:19,28.99,7.46
5136243abaa9e62eafe37f8a7e985930,1,bfa393df5b4494bea7158660999a921b,b499c00f28f4b7069ff6550af8c1348a,2018-08-10 03:05:09,34.99,22.18
514a25ad1f240dd40ca9f02d1cb60a91,1,af91083bde899b201798b52ae89babea,06a2c3af7b3aee5d69171b0e14f0ee87,2018-08-20 22:05:14,64.99,27.74
514a25ad1f240dd40ca9f02d1cb60a91,2,af91083bde899b201798b52ae89babea,06a2c3af7b3aee5d69171b0e14f0ee87,2018-08-20 22:05:14,64.99,27.74
51520d3bdef580c2ffd3b8fea209172a,1,d017a2151d543a9885604dc62a3d9dcc,6560211a19b47992c3666cc44a7e94c0,2018-08-09 14:05:16,49.0,7.6
519440577b644a6822242fe9f13b31e8,1,6c57343a58d1c23d629297d23018803b,921323538c9f1c4e816f2720eac02bea,2018-08-08 17:44:36,28.9,7.46
51a9b8069f801dc897252c09cd5831ca,1,ce6bbfa347690099b21b9d688772d5ab,c9c7905cffc4ef9ff9f113554423e671,2018-08-08 15:10:22,139.99,9.73
51d33e03b53c86c11bb49dac397b1a46,1,24c66f106f642621e524291a895c9032,620c87c171fb2a6dd6e8bb4dec959fc6,2018-08-08 19:10:13,199.9,24.2
51d70226d271148b34f0ae2a6aaef7e8,1,5d6bea33648f018dbb563f3a2fab09f3,1025f0e2d44d7041d6cf58b6550e0bfa,2018-08-10 01:04:26,150.0,16.02
51d70226d271148b34f0ae2a6aaef7e8,2,a39cc58c1b5926b6f9f378daa89f1315,1025f0e2d44d7041d6cf58b6550e0bfa,2018-08-10 01:04:26,150.0,40.04
51e5e08365469f68d9f281c619b2354f,1,41e4e4c8ab0ec1fcde0df5679749a3e4,70c0fda4c313d87115644d39e62eec60,2018-08-13 04:45:21,25.99,37.09
52064702688c67baa4242897e9136b5a,1,774ea72f37a7fbf1fb32b973a18f2348,f80edd2c5aaa505cc4b0a3b219abf4b8,2018-08-07 16:25:18,144.9,21.65
52550cee1dda83b2c06260891897dc60,1,af0a99476d96dcc1a1baa7c0d9ff6b9d,04308b1ee57b6625f47df1d56f00eedf,2018-08-20 12:45:20,527.9,21.8
52628d72feaca84428e9d902d3985605,1,1c42a107473d6b20db8ac7772b870e33,1900267e848ceeba8fa32d80c1a5f5a8,2018-08-09 15:05:16,78.99,17.68
5295a4f70cac6082f1f9051409e69010,1,92e2d2146e433cd4d1f09a3f8633ead0,4a3ca9315b744ce9f8e9374361493884,2018-08-06 13:30:23,52.9,14.68
52fe09ed9b59f3ee4be7b74b990d13bd,1,18b0e642cbae7251e60a64aa07dd9eb9,85d9eb9ddc5d00ca9336a2219c97bb13,2018-08-15 20:05:24,22.32,17.09
531b7ebd1fe920da63f51af4667a7962,1,ba63a82a6a467d4d29dfba52bfeb064a,c66dccfb3f109511246da627dd5a2498,2018-08-06 17:31:01,325.0,20.38
533e69dda70ac7671a0bda8bb5fc08db,1,906b11f3bc3c98f883afa0eb67b0fac7,440dd6ab244315c632130ecfb63827b1,2018-08-08 08:44:39,139.9,47.93
53644a8a66249361bd171848c8df4f83,1,330144665b875c2b4555f88d9f4ed7c1,6eb94e1466490d327a09abf8f3552a50,2018-08-08 14:00:07,229.99,10.36
537690295b4d85739ba8cbf72ece30b6,1,2b4609f8948be18874494203496bc318,cc419e0650a3c5ba77189a1882b7556a,2018-08-09 04:35:17,79.99,7.82
537716eaf03b0a1904be0663cbcdafa9,1,013ee64977aaa6b2b25475095162e0e9,640e21a7d01df7614a3b4923e990d40c,2018-08-07 14:30:19,69.99,23.29
53e2d02e35bbcf2deb23911e2d791dbb,1,1bfb290d7273a442c874dbe74b4abae6,7c67e1448b00f6e969d365cea6b010ab,2018-08-27 03:10:34,69.99,74.44
53e2d02e35bbcf2deb23911e2d791dbb,2,1bfb290d7273a442c874dbe74b4abae6,7c67e1448b00f6e969d365cea6b010ab,2018-08-27 03:10:34,69.99,74.44
541b54f009facbcd67def4fad5d0fce7,1,e8f625d123fb9e3cdf3e99bda7db0db1,7b07b3c7487f0ea825fc6df75abd658b,2018-08-06 09:15:17,190.0,16.43
545e4aeec01e2675dd302bbd4c5cd606,1,e7cc48a9daff5436f63d3aad9426f28b,53243585a1d6dc2643021fd1853d8905,2018-08-10 12:35:20,170.0,30.44
54766753b06221dcdc0b0d27db25cc10,1,485aa17cb179a6624fb0c9e12cc639d1,f8201cab383e484733266d1906e2fdfa,2018-08-09 04:05:20,79.9,23.71
5494b2ddfe11df2c043ab5a56a2832bd,1,b72a8fd99d59007948419121f2a5056e,236585a4ddb5fea9fa40233e2249ed91,2018-08-10 13:45:14,69.99,18.59
54a33eb07a24da26f790d99fa2adfd7c,1,c4344f6de69a96da8febce3f885171f0,fcb5ace8bcc92f75707dc0f01a27d269,2018-08-13 12:05:19,60.03,15.52
54a51314febd38a9bfb89a9f49006289,1,66602b7f5e12ee24dce727845c7fcfd9,ade45994b717ccee333492330fbf037b,2018-08-15 10:31:40,378.0,20.75
54d0bf2cd634845822e8b0c29f3834ca,1,e83ded7d97b96d338c4e72bb1ff7676c,5dc203c7b84a0e71e878a179de05fb9a,2018-08-10 14:45:17,44.0,23.11
54e21f5480d90336080ff89ec1ba503e,1,fb979d44fd4269b2ea30e300b66c89f3,c5f7e746b7e6d07def6c0dae9903279b,2018-08-09 04:45:15,49.0,18.14
556a840ca8df33d08ff39fed4a28792b,1,1923fbec9d29cfb2cb50a8e69db95cab,0241d4d5d36f10f80c644447315af0bd,2018-08-03 10:10:10,29.9,23.36
556a840ca8df33d08ff39fed4a28792b,2,1923fbec9d29cfb2cb50a8e69db95cab,0241d4d5d36f10f80c644447315af0bd,2018-08-03 10:10:10,29.9,23.36
557e7ed9b11b0dd74545009ef0c7a74c,1,25e2023ed83352bde98dc1490d14c3d8,ff1fb4c404b2efe68b03350a8dc24122,2018-08-14 04:30:28,99.0,18.79
55818ca5e8e590285938c49fccd72eef,1,6c8dfcd9be1c04a1b4f98bb6c283a6aa,b8630e1121437d41cb08e3c749c2c2e2,2018-08-08 09:30:10,29.0,8.54
55881111d8b37a0e45cf97b156ae1943,1,b3c13ca98fb6f9dd5c6aec8b1d353506,77530e9772f57a62c906e1c21538ab82,2018-08-05 22:25:11,49.0,19.32
55881111d8b37a0e45cf97b156ae1943,2,6f3b5b605d91b7439c5e3f5a8dffeea7,4869f7a5dfa277a7dca6462dcf3b52b2,2018-08-05 22:25:11,162.9,6.04
55881111d8b37a0e45cf97b156ae1943,3,b3c13ca98fb6f9dd5c6aec8b1d353506,77530e9772f57a62c906e1c21538ab82,2018-08-05 22:25:11,49.0,19.32
55a4f9b50beced29f599c03bf4df76e0,1,c075b8e131353552218860f1c421e4ef,f80edd2c5aaa505cc4b0a3b219abf4b8,2018-08-06 21:44:06,63.9,23.25
55ab3650a53071b34253bdcada9e584b,1,d4652fae7ca028fda70d9b7b75432e04,4c498c7345e89aebad651544829beca0,2018-08-07 01:25:06,27.9,12.86
55bd3d21d10786b863b8537b32bc3899,1,32bad49615b7c5da42609b98df97482c,d91fb3b7d041e83b64a00a3edfb37e4f,2018-08-06 14:05:16,16.29,18.23
55f140655997122535ac2c2290ce6b2e,1,24c66f106f642621e524291a895c9032,620c87c171fb2a6dd6e8bb4dec959fc6,2018-08-08 02:45:20,199.9,24.2
562123563a31d7d3d69fd9ce87a0d443,1,78efe838c04bbc568be034082200ac20,0241d4d5d36f10f80c644447315af0bd,2018-08-05 23:43:51,70.0,21.79
563407fb971fc3c8786c1a8adbf8b94b,1,41c24b8ce92d1a2cac62db5edfd088b2,4869f7a5dfa277a7dca6462dcf3b52b2,2018-08-09 04:45:18,102.9,22.65
5640d8d8b0a6c23956f12c8dedfef8e3,1,c8ce6fa564890ef82eb876c0bbb8f01d,60da8bfa7eebe230b7d66ac4082d79b3,2018-08-09 04:35:21,39.9,12.94
56580e29cdcf56834efd1a9eb48e5f35,1,4608a449f45011c89095f36265e75ec3,dc7192adf8ba09569261f4a8d576afe0,2018-08-07 10:50:14,98.0,18.79
5658cfc0ef9916f519d7619207a08379,1,6f0f907c9cf458139bac7f01777b9bbf,6560211a19b47992c3666cc44a7e94c0,2018-08-09 20:45:09,75.0,7.79
565a7bc14e1f825b163c6a51d74f4206,1,f236d6f238239abfba8268f427d07c33,a416b6a846a11724393025641d4edd5e,2018-08-13 14:04:50,92.97,23.45
567653c46861b54519b6f4cdee500f0a,1,87d6047f661dc87643c40612a6eff3b3,4a1f694197d05fe70026b016a7316b41,2018-08-06 18:10:20,42.99,27.07
56a458ff4a4d0dc8ecd97b7dc2ba33b0,1,a39cc58c1b5926b6f9f378daa89f1315,1025f0e2d44d7041d6cf58b6550e0bfa,2018-08-09 15:30:15,150.0,28.03
56c342adb8f074b20da098539a429d68,1,a62e25e09e05e6faf31d90c6ec1aa3d1,634964b17796e64304cadf1ad3050fb7,2018-08-13 09:15:12,105.0,3.4
56c342adb8f074b20da098539a429d68,2,e9ba3ec00ccd563b43e5de69a74a43d7,fa1c13f2614d7b5c4749cbc52fecda94,2018-08-09 09:15:12,188.9,22.69
56f8f42c9ba3fde1fd14794adfa04b1c,1,acb60b96f61ac79607171d1799852744,066a6914e1ebf3ea95a216c73a986b91,2018-08-08 17:15:15,49.99,13.69
571178bf1877d0e28f7ec1e2f73c063f,1,64315bd8c0c47303179dd2e25b579d00,7d484ca289afaac6bf5fc6a1e96d2226,2018-08-13 04:44:36,84.2,44.58
574e38ca454c86f60df545b65a03277d,1,a080d0af331e8a4152c49bfc8113dec9,4830e40640734fc1c52cd21127c341d4,2018-08-07 16:35:17,35.0,18.05
575d1ab8d021ded6ab9bd7340d7b7b42,1,12b5c5d13512ad7cae70181fc503f42e,1d4587203296c8f4ad134dc286fa6db0,2018-08-13 21:30:20,95.9,7.93
57a7b18332c1b9b26d96e35379af3a38,1,b73091f98b819cf7a339f74ece86aa4b,a6fe7de3d16f6149ffe280349a8535a0,2018-08-16 04:35:15,59.9,13.08
57aca838ac598c9289dc89f0ef979700,1,51e8feeedd83467b86a79aa2769367c5,1da3aeb70d7989d1e6d9b0e887f97c23,2018-08-10 03:25:00,17.99,18.23
57c38272c5be87d337e47ad5f1d88343,1,2feb7008fdbbf5e65a885a1e5fbd49d1,2e13c71026e1a39ba5cc1b86dcb679aa,2018-08-08 00:44:41,190.0,24.13
57cbc8e34a5ceffb92f8b3193e4ffdb8,1,b8b426747049f2d3d6e00b486d47dedb,01fdefa7697d26ad920e9e0346d4bd1b,2018-08-07 02:50:33,89.9,23.43
57e17fb636b56e67ea9a40c9f2a02527,1,698b3ddae2f0b80c2a48fb40624ca4e4,0241d4d5d36f10f80c644447315af0bd,2018-08-03 19:23:51,199.0,40.6
57f2a60c1d6d8f4fb076ac300e53bc1b,1,d950221a89e7555306dc5daef996e134,612170e34b97004b3ba37eae81836b4c,2018-08-16 23:35:15,92.5,15.75
581bc29c5d7f193bd3f1cc87c24ae067,1,70aa499facb0946dc40ff974166fd522,55f7a3319d80f7fdf078b8f03e6725fe,2018-08-09 01:35:11,129.49,13.21
583174fbe37d3d5f0d6661be3aad1786,1,55a1e3d39ace9c0b217f6c30b04d43c0,0be8ff43f22e456b4e0371b2245e4d01,2018-08-08 19:24:33,89.9,9.38
5915dc29c92ade2a2713fa949d9dec00,1,60dfe129ad287ca8cd2656a8151138ad,79ebd9a61bac3eaf882805ed4ecfa12a,2018-08-13 04:05:28,129.9,44.06
59242532335f9d910b9f7d22be39bb59,1,0176300ac9900e260f35fbddd71c6d92,d91fb3b7d041e83b64a00a3edfb37e4f,2018-08-08 12:05:13,120.9,38.99
5935d2e5e81201ca0c8233ea39b5b63b,1,e53e557d5a159f5aa2c5e995dfdf244b,88460e8ebdecbfecb5f9601833981930,2018-08-12 21:45:11,77.9,22.48
5a1a4a4a31e003b67af6ef6dcb9750db,1,70aa499facb0946dc40ff974166fd522,55f7a3319d80f7fdf078b8f03e6725fe,2018-08-07 04:10:21,129.49,27.21
5a30bac46bd67c48565822b5789c0954,1,89005f5c60b53829a9a617fe5e292221,955fee9216a65b617aa5c0531780ce60,2018-08-07 19:50:13,40.0,9.03
5a5cbced9c57dbafd90dd9b04594b2d7,1,a8d32fcfb65fc140cd58623a0d1688bf,0417b067eeab773d2f7061a726dc477f,2018-08-03 10:04:26,121.99,45.97
5ab34a3449b54e0fff6d7ba20781a655,1,35c22f2ce4b0627c44c10feec4d02c4d,a44fb5a447105f8469bdf16bf9159f25,2018-08-07 15:04:09,89.9,23.43
5af2ccecee36c806f9dd2b49c3a8d09a,1,09f6dccfebfa0688abfc1af640b69e61,7c4618c82226628831613e95e9c22f44,2018-08-10 04:31:27,33.9,18.34
5afa996de851bd409a84c61745106947,1,19b7d3eaa7343bd751c222bd14f44fa2,39d61be7a92eb77b7da367bd4845bc0e,2018-08-15 03:44:52,48.99,19.53
5afa996de851bd409a84c61745106947,2,19b7d3eaa7343bd751c222bd14f44fa2,39d61be7a92eb77b7da367bd4845bc0e,2018-08-15 03:44:52,48.99,19.53
5b01111319bb33fcc77bb2aef3e938ff,1,13de26d4d66e20b9262c0ddd00cf5cd8,ba143b05f0110f0dc71ad71b4466ce92,2018-08-07 15:05:22,193.99,14.66
5b14a3d13762f195f8bcefc1c2eb767d,1,3c3b7758fe340e0cc216142b0700124a,c5ebe6598748b0aeaa61cfb820478b92,2018-08-10 14:35:19,74.5,19.99
5b4101f533b7c66611b649809ff634b1,1,fb8ec7f3124032e812713f60633e6167,8a432f4e5b471f8da497d7dc517666e2,2018-08-09 15:04:53,49.0,19.24
5b4101f533b7c66611b649809ff634b1,2,9e47ae55f9327141d2dc2cbca3317e49,18a349e75d307f4b4cc646a691ed4216,2018-08-14 15:04:53,35.0,19.25
5b9e9502eca103a28ea22a94c65e3950,1,059344baebbeaa42fa9f2bbe11b1583e,955fee9216a65b617aa5c0531780ce60,2018-08-08 09:50:26,29.99,15.31
5be0a4b3c5edf92cb76efb03c61c2474,1,e0cf79767c5b016251fe139915c59a26,da8622b14eb17ae2831f4ac5b9dab84a,2018-08-06 00:44:08,29.9,7.47
5c02bbcf8ee00ff276723c431b064505,1,4fe644d766c7566dbc46fb851363cb3b,c31eff8334d6b3047ed34bebd4d62c36,2018-08-10 12:05:24,69.99,11.51
5c52bc8eeaca96c7b9ed2d47db358f43,1,2c0722227025e08e761c39159ef0d701,fde0cc9ea29c8ccfc0a2c22256a58c71,2018-08-09 11:35:24,104.0,26.24
5c60e286915180fdddc17760d914fc1d,1,803668f063859a1f96b67b83b71e86ef,df91910b6a03bb2e3358fa6a35e32f6f,2018-08-09 02:35:21,78.0,16.74
5c66f20dd109b39605119d5627d6ccff,1,5101f008a270fb10336de6703f32221e,c33847515fa6305ce6feb1e818569f13,2018-08-09 08:04:51,79.0,18.78
5c76d1348426fdd99247825f50c45a2d,1,46014d47c7acdbd7ab5850d95ec85106,dc4a0fc896dc34b0d5bfec8438291c80,2018-08-07 21:44:02,142.14,23.8
5c7cd811e61b95684de8c9416aa236ce,1,7e6369ae76be68baac2fe55ba089b37f,516e7738bd8f735ac19a010ee5450d8d,2018-08-07 14:15:14,49.0,18.44
5c8016724722d7906a7e8cfa22d7727d,1,54f8f27ac6543c074ae5c4e7759b054a,e067ad2c1c0b48758eb1b5228bcf7a68,2018-08-13 03:45:10,42.0,7.55
5c8b799d9e858d7af25f956df90a88a2,1,367dd13835e78ce371a3e7ed449a1d26,750303a20e9c56b2a6bc45cdce0b897d,2018-08-09 18:04:16,34.9,19.15
5cb47274e256db548371bc1cd39f1bae,1,681953ccd5c33207d75571a4bfbe127d,777a0c55737f34ffeb78010f7542ab41,2018-08-07 18:10:21,76.95,7.8
5ce5414216f07cdd464573ba59e7f187,1,5afcae10f25795d55b858f6a2b95233b,7299e27ed73d2ad986de7f7c77d919fa,2018-08-03 13:30:16,100.0,38.97
5d36971a31667ce7f86f81d277490e9a,1,013ee64977aaa6b2b25475095162e0e9,640e21a7d01df7614a3b4923e990d40c,2018-08-07 11:30:37,69.99,14.8
5d463aef87df62b39882ac78bf94c3fb,1,62f423e57a8c157d3877ee5867d7db88,1fe5540d7c1c37a595fefbacd5570d9e,2018-08-15 10:15:20,169.9,19.29
5d4a1a39a8e54051757df8e8f570c8bd,1,423a6644f0aa529e8828ff1f91003690,e59aa562b9f8076dd550fcddf0e73491,2018-08-08 13:15:23,440.0,30.06
5d4b951a36d28b50e981ff69e62e2414,1,89321f94e35fc6d7903d36f74e351d40,16090f2ca825584b5a147ab24aa30c86,2018-08-06 13:10:14,27.9,12.86
5d77e951a4327143b2844fb532e7ac82,1,2044a12ee7346af1ca8f9357bea3fea2,fe2032dab1a61af8794248c8196565c9,2018-08-06 20:25:14,179.0,16.35
5d8ba2d50439f73f0f7a301864eba3f6,1,dede86846047964c7f2918e48e6dd14a,1bb2bdb95f4841f1bba2c0d2cd83d3c9,2018-08-14 18:15:21,34.95,15.35
5d971e980c1ac22c7eea39b173d48679,1,cf857bce01d442bb8631a548a4432def,271c58a1d139c45eaf3316107c6d3a3b,2018-08-15 23:50:17,129.99,23.71
5daaa187e63c2f1c7636a129c6afc3c3,1,ae6a082af3a596a2fcbef378ebfae8c6,d9d43faf741ceaa8da52fdbb81d9e0e3,2018-08-13 10:04:48,30.0,50.93
5daaa187e63c2f1c7636a129c6afc3c3,2,14d8c1bbd5f367608c37522e99c47258,d9d43faf741ceaa8da52fdbb81d9e0e3,2018-08-13 10:04:48,31.0,50.94
5db9b8f52b7f31e8ff3bd6111936000d,1,368c6c730842d78016ad823897a372db,1f50f920176fa81dab994f9023523100,2018-08-09 08:50:18,49.9,41.33
5df35b35ce08d3d6f634eccfeb93a143,1,e791baa02d6adf9cbfc62e9b78fe91b9,56e361f411e38dcef17cdc2a3d99628b,2018-08-03 18:04:08,62.0,16.62
5e149681ce0a38cbd1ab43422be73a56,1,8b50a72d52d7a91fb19d19fbe069e2f2,9f505651f4a6abe901a56cdc21508025,2018-08-07 04:05:27,49.99,22.28
5e2d4869083414bb82d2e3c5ae2a4ec5,1,624a104988a613eba3eae6cd9132d397,33a6f4b1e7cdc205511e76ba1b6e0186,2018-08-09 17:05:15,58.99,15.51
5e41ebabb65c9b6a46dbbfee1b4d6a4b,1,ecbd40ab57460010c6e9454b586231a8,f52c2422904463fdd7741f99045fecb6,2018-08-07 22:35:19,14.9,7.39
5e8e2246d1b5e113efb8958d9b9fd9de,1,34c58a18b4dcac5fd8d96e8e08b738ed,f5a590cf36251cf1162ea35bef76fe84,2018-08-08 21:50:16,640.0,40.75
5ebc0e4396ff850d059771c6a0a3b4ab,1,4ce9ab528124f89e091b17d11aa2e97c,7e3f87d16fb353f408d467e74fbd8014,2018-08-09 15:04:13,89.9,37.54
5ec17d5853c4bad3b18adb6778b3ac0d,1,0a4f9f421af66d2ea061fbb8883419f7,c70c1b0d8ca86052f45a432a38b73958,2018-08-14 14:50:16,110.32,8.03
5ec17d5853c4bad3b18adb6778b3ac0d,2,0a4f9f421af66d2ea061fbb8883419f7,c70c1b0d8ca86052f45a432a38b73958,2018-08-14 14:50:16,110.32,8.03
5ef603cf924626f99285129d63316a1a,1,461f43be3bdf8844e65b62d9ac2c7a5a,4869f7a5dfa277a7dca6462dcf3b52b2,2018-08-07 04:24:12,138.0,19.07
5efadf4b12dd71ad2003ee3b7f2b24c3,1,e57ef623983cba8948397a3d7d52adc4,951e8cef368f09bb3f3d03c00ca4702c,2018-08-07 23:05:13,58.99,26.71
5efadf4b12dd71ad2003ee3b7f2b24c3,2,9668ae227893ed924319574e98f60c7d,951e8cef368f09bb3f3d03c00ca4702c,2018-08-07 23:05:13,58.99,26.71
5f320558febd0e414d9a52714cfbae31,1,64fb265487de2238627ce43fe8a67efc,4a3ca9315b744ce9f8e9374361493884,2018-08-06 13:04:24,79.9,17.69
5f3c3f02ee527647eadaeab108a89f51,1,0cf41187284d7f099adc8415a743ebbd,bbad7e518d7af88a0897397ffdca1979,2018-08-13 11:05:27,35.9,30.53
5f3c3f02ee527647eadaeab108a89f51,2,25e2023ed83352bde98dc1490d14c3d8,ff1fb4c404b2efe68b03350a8dc24122,2018-08-13 11:05:27,99.0,0.61
5f4c10d4bedd746cefe9291035d2f8a4,1,349ce46a0e2e20054aa9d80c48af8816,d6b1ce66b035a475f00c017792ff9769,2018-08-10 04:24:31,169.99,23.99
5f55e6b524e35858ebe24f6f9a5491e0,1,c715ab7f66826b73cd40916d8792bad9,54583ab379489add547fe47b628db589,2018-08-07 00:30:49,250.0,10.5
5f584984f781a737f7a40522e1e8db52,1,23d625ed972ea9221c3d375ae3f15bef,f44bdc12aa39f5271f0b95f66cd4c289,2018-08-14 03:30:26,39.9,24.74
5f584984f781a737f7a40522e1e8db52,2,fcf39794919367e915d2656291f99564,080102cd0a76b09e0dcf55fcacc60e05,2018-08-10 03:30:26,47.99,1.24
5f862e4fe640e66110b40cced6911038,1,186d7d472f062ca6ef30689faa935d2e,53e4c6e0f4312d4d2107a8c9cddf45cd,2018-08-08 10:35:20,22.0,7.41
5f8af87da2123c6841b3941b3b5f478e,1,d4ad0f0b0c607df43752eaa46d2ebae3,77530e9772f57a62c906e1c21538ab82,2018-08-09 22:35:18,100.0,43.5
5f98eca70415773e1187c9309b38acda,1,183c95ad186f48c320bbac4643829d3f,cab85505710c7cb9b720bceb52b01cee,2018-08-09 22:10:22,49.9,18.45
5fa163d53dbfa40c6363e9e47f6bb809,1,629e019a6f298a83aeecc7877964f935,c003204e1ab016dfa150abc119207b24,2018-08-07 17:31:19,107.9,15.07
5fce29fc25bfce9a829c5f4caa9ab9b6,1,8da9d7e8c72e1626d37c366187d9ffe2,5236605f4d4b0b3e4df85b850393fca0,2018-08-09 18:35:25,39.6,8.44
5fec03fce725fff481779aff4be805d8,1,62de52bc0f87cf3a234c38e196edac91,282f23a9769b2690c5dda22e316f9941,2018-08-08 11:44:16,48.6,12.12
5fec03fce725fff481779aff4be805d8,2,fa6abc53b6abfed3231c37cfa290850a,282f23a9769b2690c5dda22e316f9941,2018-08-08 11:44:16,48.28,12.12
5fec03fce725fff481779aff4be805d8,3,b3793f4676bdf327ca34c40d236ee2b2,23c38debaffe4a25a30fdbd9b586a13f,2018-08-10 11:44:16,74.9,30.29
5ff8bece1ba3adcb585b884358bb9917,1,9beabf555d105ca84a74570e39e64852,f44bdc12aa39f5271f0b95f66cd4c289,2018-08-14 04:45:05,6.9,7.39
6005e16820f20784bf25d26f7a60af40,1,9f22d89800e8f59f79d50aa9d732f5e2,c9aafcd0621b2207c10e32c649cada4d,2018-08-09 04:10:16,71.0,8.66
601316c0f92a0da733702a7b89304189,1,a16a8eed860c19b57d6326c7f6936d3e,596849622429351f47b32e6cae1055ff,2018-08-08 02:05:10,12.9,15.23
607911c4ac62f9038b4ec434673e486e,1,194e74feac1f84a8ee5a517d4b3e107a,7681ef142fd2c19048da7430856b5588,2018-08-09 16:50:26,899.0,59.04
607911c4ac62f9038b4ec434673e486e,2,194e74feac1f84a8ee5a517d4b3e107a,7681ef142fd2c19048da7430856b5588,2018-08-09 16:50:26,899.0,59.04
60968a386889fb91ca9c02b4f2eaa9bc,1,25a048d00b596eeac27424b4e897f07e,89f69225956f951295ca4c7fb1266553,2018-08-09 04:30:30,99.9,19.12
60c2fd4bd6d23ab4fa7a910b61dac591,1,67e927f7378303fc91ee4c3fc301bf5a,0951a6e282947e09cd47969f4ed0b47f,2018-08-09 14:30:55,79.9,7.82
60f6dd1c9030b6132080d65599736d7f,1,519f3a4ea67cdce4923fbc76badd6bd2,582d4f8675b945722eda7c0cb61ba4c7,2018-08-07 19:35:15,30.99,12.88
610d01be21a4553d8ae1b2c4000c2703,1,70a9f1d2c0e23019d6b8db85a81e69c8,7a67c85e85bb2ce8582c35f2203ad736,2018-08-07 22:30:12,249.99,14.05
612951fa21ca749d62ad2b4f3e0757dc,1,72b61ed035f5576359ccf0d2ec7bddf2,6c12e40690c335dbc2f68a4134d30dc1,2018-08-13 09:50:17,59.9,18.52
617700c0f437adbb60d8ab8ea6d9e3ab,1,73bec5d175955a5bfe85c10e9431dc46,d921b68bf747894be13a97ae52b0f386,2018-08-06 22:24:14,179.9,19.36
617e9e939fe662eb114540a7d2008eca,1,4ce9ab528124f89e091b17d11aa2e97c,7e3f87d16fb353f408d467e74fbd8014,2018-08-13 04:30:27,89.9,18.73
618f64df06c611bd4ea802bafba3e20c,1,d537e54e990d95194a5733e79f1af1aa,4305fe92735c8a43d154ff6dd2b8d927,2018-08-07 10:45:11,139.9,51.7
61a23849dae9124f254660f6c968fc37,1,3d4784f9a07ca5de370c86800589c860,c826c40d7b19f62a09e2d7c5e7295ee2,2018-08-08 09:04:34,97.77,15.78
61c136fddac571834516a52d2e03458d,1,16245c0134a3dedc3e2c124260925f70,1835b56ce799e6a4dc4eddc053f04066,2018-08-06 09:15:18,41.99,13.87
61f4d740ca1d5469d7aeb49f65719f3f,1,18f6ea7e8cff29f8053baac6762449f9,f80edd2c5aaa505cc4b0a3b219abf4b8,2018-08-07 19:15:17,56.9,11.42
620f2b2f6cabdf0426262c47bf3a883c,1,1d6b1ff2a0ef2336832512132b3af6aa,77530e9772f57a62c906e1c21538ab82,2018-08-03 14:00:13,119.0,35.9
62194497cd66edf084b172f8cdff8235,1,5d7c23067ed3fc8c6e699b9373d5890b,6560211a19b47992c3666cc44a7e94c0,2018-08-06 13:15:11,59.0,7.67
626a8ff56da018438dd2249de58f0014,1,2de5c479fb0c490a0f2a2f3ab36e71b6,dfc5fb7259bb2b599ca565e6e9448f0f,2018-08-13 22:15:22,174.99,21.18
627dd35dbc686a525aa1224e523d82f8,1,deb5048402088c1bd33af3910bf9a92f,d91fb3b7d041e83b64a00a3edfb37e4f,2018-08-06 15:04:25,111.57,58.86
62b4063077164817444ed917010c5c16,1,77a399638eca91f6fa1a508a30e01565,25cf099de44674fde97473224f9d59ab,2018-08-09 23:10:17,27.18,8.94
62fb9bca0ffbfb14ef2cc2b79b4434a5,1,a622b421b0b5684a1e110c5b1d9133f4,7b07b3c7487f0ea825fc6df75abd658b,2018-08-08 23:30:19,149.9,17.24
62fe4763f75b8c61cc111e465211c08c,1,6d5b0463de821d49fa92da09e30a4846,6e386f64c84e482f0b9abf960797ee1b,2018-08-10 03:25:00,287.0,10.76
63154c299d1199262f60527437e156a5,1,97c57b8428f6b7a7597248a02938681d,17a053fcb14bd219540cbde0df490be0,2018-08-10 15:44:42,328.9,142.49
63154c299d1199262f60527437e156a5,2,97c57b8428f6b7a7597248a02938681d,17a053fcb14bd219540cbde0df490be0,2018-08-10 15:44:42,328.9,142.49
63395e53d28e53559462a08ceb1b2df6,1,7384fb8f06ad25539cdc1f9f56d02947,980640c45d7a4635885491d077167e4d,2018-08-13 15:50:19,139.99,37.89
63566db60bbeb077e5d7c18411674b8b,1,18bbc803715ffa8ec1b58bd3f737fdca,1c68394e931a64f90ea236c5ea590300,2018-08-15 14:04:25,190.32,15.63
6366ce592c90a36450778259cb163cc5,1,90aaf7f993470e411207adabf5b998b6,1fe5540d7c1c37a595fefbacd5570d9e,2018-08-13 04:10:38,189.0,19.42
636cae28249d7bd12aa6fb8d96bbe735,1,f940327804bdcb40342a12c93de069b8,392353362d22cc2c236e1ee81ff19890,2018-08-07 15:15:25,29.97,22.14
636cae28249d7bd12aa6fb8d96bbe735,2,f940327804bdcb40342a12c93de069b8,392353362d22cc2c236e1ee81ff19890,2018-08-07 15:15:25,29.97,22.14
637829c452a59980120d8015af137b78,1,f84ca2376ed799523593afad3bdae70f,fbc14c0cf93505ef89f64665ffa4a7b5,2018-08-08 19:35:19,1608.99,46.61
637cd939e435a194d562522d5bdc0d84,1,0f9dbdf3289052ac7406ba5bc1b0dbc4,d921b68bf747894be13a97ae52b0f386,2018-08-07 23:50:13,164.9,19.25
63ac66255bb4562cd506681eb19c5be4,1,f2890c4d40c6794ce51e525c1ec37660,d66c11a9572221d92fbb8c4897db5f9b,2018-08-08 17:55:26,82.88,27.56
63b307ab04c077f83a3daf81ec78cf95,1,a7b497445896c24d425d100e4f03d8cd,05a48cc8859962767935ab9087417fbb,2018-08-09 13:04:18,42.9,16.49
63b560062bb9ccde4a2b9e9d26b39486,1,10f2f7707444b16ab90c38797c095336,6560211a19b47992c3666cc44a7e94c0,2018-08-09 13:45:34,189.0,8.58
63c3ce671d34493be2e342ac33a8249f,1,c925e3dea45558e88442e52f0cf3d7e9,e5e33c0d8e7e002f398f5dc4cbbb338f,2018-08-10 18:55:28,98.7,18.79
6443b4f756cbc4f80a3b160fd117bfeb,1,25300f04b80a57680ca191c7d4ea64e1,42b729f859728f5079499127a9c2ef37,2018-08-07 22:50:16,35.9,7.51
64669840d01cf19228dbb0bcecfc638e,1,058453fe8a9473eceee27349de3b38ac,715bbd5ba4e6b74cb0d2f29eb45058b0,2018-08-07 16:04:03,55.0,13.97
64994605d8b781cada123b1d5c06d637,1,89904bec271974d069685a6568091c8a,bd4431c1a8dfa744b59e1e2a8bc99b9e,2018-08-13 03:50:20,49.9,15.45
649b01370e30b79f0df619bf8ebc9201,1,2136c70bbe723d338fab53da3c03e6dc,6560211a19b47992c3666cc44a7e94c0,2018-08-07 03:24:02,29.0,7.46
649bb84817768858f695a41b42207285,1,addc4d1f7d82e1b6c5ba37d6559ac127,7202e2ba20579a9bd1acb29e61fe71f6,2018-08-09 20:50:23,179.9,51.98
64bd3c2db3673ba37030ccfcbfce8fe3,1,4025ee582ef6b8c478af3b44cf89054b,da8622b14eb17ae2831f4ac5b9dab84a,2018-08-10 03:15:14,24.9,7.43
64bd3c2db3673ba37030ccfcbfce8fe3,2,31c1d1dfbb4b2730140b8bd9248bcd58,da8622b14eb17ae2831f4ac5b9dab84a,2018-08-10 03:15:14,24.9,7.43
64c43896c03b8f6f3ee2a5927ff67d7b,1,2669a9fe1aaf6cb29071f8f866014afc,4869f7a5dfa277a7dca6462dcf3b52b2,2018-08-12 22:15:18,129.0,22.83
64d23ea3d34bfe1b619e41c2ffef4803,1,a1dd59756b92c62cd39375d0b0222698,1900267e848ceeba8fa32d80c1a5f5a8,2018-08-13 03:45:26,19.9,18.24
64eda3241f07453a9d8aeb85428c18c5,1,58d412a7724e865ba73ae3b5b27bf481,537eb890efff034a88679788b647c564,2018-08-08 15:35:17,29.9,15.31
64f25972cba1c6faca4f32c7ac90e3c2,1,b8eb8663142255eb7ab4526b3ee1c7fd,080102cd0a76b09e0dcf55fcacc60e05,2018-08-06 22:24:12,139.0,19.07
65272dc3f6aee70b17f962df52f16f73,1,ee57070aa3b24a06fdd0e02efd2d757d,88460e8ebdecbfecb5f9601833981930,2018-08-07 22:55:12,69.9,13.83
652dd1e43c57c5f82622cd0d4ec1c376,1,44493ebe02de3fd58d529f40fd2944d1,f8db351d8c4c4c22c6835c19a46f01b0,2018-08-06 05:05:17,29.9,19.4
65480799a0ea99cc43f86d3af16e9d1c,1,6f1b3488c5314b527201978357a8d85f,240b9776d844d37535668549a396af32,2018-08-13 20:44:33,259.99,15.98
655ad03e23e4483c96fdd1139788fee9,1,48b61c49e5be4efe8b3247569ed59332,67883baaae6134ee81b271a542613728,2018-08-03 17:50:19,120.0,9.59
6563b375a3fad2d240225b16ee246f68,1,6b5eb8d183cf59e028117fbf4a43b28c,5b2e94f2c22b39ccc24d34ad0f669672,2018-08-10 15:25:05,99.99,20.99
6567e0ba7d75594aacbf2ae3bc9a52b4,1,399b5ae65ca9680e1d5d1b314439e4d1,4e922959ae960d389249c378d1c939f5,2018-08-07 21:05:14,86.0,23.4
65cc9958974d9b84cb4caad96226d10f,1,5afde944579b289b99c1ee420b2ad73d,6eb94e1466490d327a09abf8f3552a50,2018-08-13 06:15:10,118.99,15.93
65f4d9e4822b4f34980ad36f71a08dad,1,c9701c7e21b5d653f1154e62ada219d7,2e1c9f22be269ef4643f826c9e650a52,2018-08-09 17:05:12,34.49,22.17
666e09695a076343da1fb9643f68adc7,1,b74d57e3377dd78aace6d070fc48cc88,4a3ca9315b744ce9f8e9374361493884,2018-08-05 22:50:19,64.0,19.64
6682badeb849b39a76e35a275574fe12,1,3ecaaa56f885aaded64fc6502ddb214c,2ff97219cb8622eaf3cd89b7d9c09824,2018-08-03 09:15:07,55.9,13.97
6694b68ebe1f4dff3b22fbbfff33d80a,1,f3d7339839e02f580fe8fca5755e0e25,d673a59aac7a70d8b01e6902bf090a11,2018-08-10 17:50:18,36.75,12.92
66bb893cb22818f4c91fdfcf9e2a81bf,1,1600dcf1cea8c0c83702e07b577ab231,6560211a19b47992c3666cc44a7e94c0,2018-08-09 10:24:48,44.0,17.24
66bf8e132d14cff2d0ae1145e3f70795,1,b9055c6417cea84a8198fec56ff6148f,1025f0e2d44d7041d6cf58b6550e0bfa,2018-08-13 04:25:23,134.0,46.97
66bf8e132d14cff2d0ae1145e3f70795,2,5d6bea33648f018dbb563f3a2fab09f3,1025f0e2d44d7041d6cf58b6550e0bfa,2018-08-13 04:25:23,150.0,18.79
66cce1a5edcf6eaaa50e28b6914de70a,1,8894c64689c2a3a29e2fff744de30e46,2a261b5b644fa05f4f2700eb93544f2c,2018-08-07 17:20:08,55.0,23.19
66cce1a5edcf6eaaa50e28b6914de70a,2,8894c64689c2a3a29e2fff744de30e46,2a261b5b644fa05f4f2700eb93544f2c,2018-08-07 17:20:08,55.0,23.19
66cce1a5edcf6eaaa50e28b6914de70a,3,8894c64689c2a3a29e2fff744de30e46,2a261b5b644fa05f4f2700eb93544f2c,2018-08-07 17:20:08,55.0,23.19
66fa22325222866162cfcbdc2841bab9,1,c075b8e131353552218860f1c421e4ef,f80edd2c5aaa505cc4b0a3b219abf4b8,2018-08-07 11:55:12,63.9,11.47
66fc85fce01ca94d68a669ad2f78c035,1,6e415cdc78febbdbe465df65d52dbc19,20a8b0dc55da94fe74d112082427c84f,2018-08-09 12:05:15,49.9,8.51
670c4b17da301d33c203760668ded9b1,1,7c6456ce44e4a343711f66c893e3e8fd,52f9db5cfb423382a2fa5c9e39303202,2018-08-08 04:11:05,49.99,23.15
6711d32f6b3652ef28afeb71bcf586f3,1,01a2ad2b54cd734f78cb817da7752d8b,f4a04f7be452aa3bb31760bf00055dd0,2018-08-21 12:10:26,55.0,15.49
6715132837520c5934acfadb854f1735,1,912d1fc21117a94dc8a67186df6010a7,7d13fca15225358621be4086e1eb0964,2018-08-14 16:35:24,110.65,18.88
6728a6a592a63817d0ac211044efa702,1,5e702ce174d6c9fe3eaea9a5bde40a14,f7496d659ca9fdaf323c0aae84176632,2018-08-14 09:04:01,99.99,56.16
672dbfbd96238e4d07021fcdd9152b6c,1,285443086e6af2a43edcd6f0274585af,612170e34b97004b3ba37eae81836b4c,2018-08-19 22:44:19,887.0,24.01
6753ca1ed484341d2218aaa7ddc18e20,1,dfeb944b00d6cf42f80ee3b42d831ab8,4be6b962d83299498bae2190f95d6566,2018-08-08 16:35:27,32.9,13.81
675696464e3f1ec45c04dc5b171b2ed4,1,5c2bb11cf2149bd4d9fffcc1246458c3,dbc22125167c298ef99da25668e1011f,2018-08-08 09:04:22,98.9,14.99
67660568d9fc745c94e03b88efcf3571,1,dcbe94f9e03c6dc3c6ef089765ee5181,88cf19ec1fc2c58f161aee259d57142c,2018-08-07 14:45:18,90.0,19.82
67899dac84e7e591ff0edc0d1dd0574e,1,442c4ff18b437710dbb8ca943e7ac401,e58a5b390e28abc0b216cfb0e07d27d7,2018-08-08 23:50:14,105.0,23.46
679783b320e587d8e1c9e0dcb2421539,1,008cff0e5792219fae03e570f980b330,530ec6109d11eaaf87999465c6afee01,2018-08-05 23:15:15,134.99,68.09
67a98da3237e4b4d8d359f32a49bb209,1,54d9ac713e253fa1fae9c8003b011c2a,955fee9216a65b617aa5c0531780ce60,2018-08-06 12:50:14,65.0,57.23
67ad45f6efc3483b12ad1dcc36d868b5,1,89ea72335f0b688b56ba7daa5a2e98c2,4869f7a5dfa277a7dca6462dcf3b52b2,2018-08-08 22:15:20,129.9,37.82
67bb62ec6f396662e56bcb9d61f09b57,1,bd6e6fce9ada76ea2db0f1912e8e478f,1835b56ce799e6a4dc4eddc053f04066,2018-08-07 12:05:24,56.99,13.98
67c73223021cafc75df9335173151314,1,665839d5bdf604c2909beca037c57144,c89cf7c468a48af70aada384e722f9e2,2018-08-10 14:44:39,58.0,8.75
67e5eba68c1f19de1a6cb6dd510deaa7,1,e58a56ad705cc3e02d6db9ae1a16c406,508808d438fe2ff972ed13bb8f4a82e2,2018-08-13 17:05:05,12.51,15.23
67e9f4fd5900a3bedf11fd772b376528,1,cb0fe29b88df5b43cb3d434b6b0e8db4,c1f12f926d0ba950578b4fa41115cbb6,2018-08-09 02:35:21,129.9,20.86
67e9f4fd5900a3bedf11fd772b376528,2,cb0fe29b88df5b43cb3d434b6b0e8db4,c1f12f926d0ba950578b4fa41115cbb6,2018-08-09 02:35:21,129.9,20.86
67e9f4fd5900a3bedf11fd772b376528,3,cb0fe29b88df5b43cb3d434b6b0e8db4,c1f12f926d0ba950578b4fa41115cbb6,2018-08-09 02:35:21,129.9,20.86
680fa5c6b4ff5efa74b9ee8c95638ac2,1,d8a5b759acaff49096bf67c33d9a9372,297d5eccd19fa9a83b2630071ff105e4,2018-08-09 18:10:10,98.0,14.99
6826d5740591909e368433e2a5ec75fb,1,3fc23ad64a8ee1f1451c8c44932c5d22,01266d4c46afa519678d16a8b683d325,2018-08-08 16:31:10,9.88,13.47
684dd0a88e0981f537557582bc8acd90,1,428f11967f2d855633c7857078c16fd6,b1a81260566c1bac3114a6d124413f27,2018-08-07 19:05:20,39.9,22.21
6895a2cb864a4bdb6ae98c2328666108,1,71d2e375cd7ae542240f5f335894448a,559d56f3b8f0bc2e5a9a62fe2ce2a39f,2018-08-09 23:24:20,250.0,24.97
689dcb65c9cc37f74d83b547261117f0,1,73bcea88583002fe12b7399af4ae60da,4869f7a5dfa277a7dca6462dcf3b52b2,2018-08-12 23:05:05,115.9,13.47
68a049ac76db01ce0790c5dc64351140,1,6c8b2975a4a05d1f36948b20753b29ca,955fee9216a65b617aa5c0531780ce60,2018-08-09 00:10:25,50.0,14.66
68c76c01adcebe5c1bd51c0aa817bb76,1,df925953cb7bc9b32e2df8d24afc25cf,f262cbc1c910c83959f849465454ddd3,2018-08-07 11:15:16,129.99,13.21
68e04d66b10f8b3ce33634655717a23a,1,c589625c8ccc7bfd2e8f1fb041e24c4a,c70c1b0d8ca86052f45a432a38b73958,2018-08-13 04:45:23,110.32,18.87
6903412e8ef5bbc0934881a1059c0942,1,4c183b9527d3fc69a4d5587b11f5fced,213b25e6f54661939f11710a6fddb871,2018-08-20 04:25:18,119.85,23.64
69219bd2a51085b84942501a7db3aecd,1,759c85bda80286f647f1f71b847c6457,f8db351d8c4c4c22c6835c19a46f01b0,2018-08-07 04:15:30,29.9,10.5
69219bd2a51085b84942501a7db3aecd,2,759c85bda80286f647f1f71b847c6457,f8db351d8c4c4c22c6835c19a46f01b0,2018-08-07 04:15:30,29.9,10.5
69294a1f2dbe29a54c3a9c2421831d14,1,dfbbf137ccb6af48e66d186a33118579,56e361f411e38dcef17cdc2a3d99628b,2018-08-07 09:25:10,62.0,14.01
6954eac303f94f5f51b80deb4ba7be50,1,5321c283dcbf309eac57110f5e306cf0,9b00ed88b7fdb95d6ff76e27c1b52d16,2018-08-10 15:31:57,60.0,7.68
695ace9dfd0a459275108b5c71aba45d,1,b114bf337c0626166abe574eee9e3f32,7c67e1448b00f6e969d365cea6b010ab,2018-08-17 18:55:16,149.98,23.76
699c772093df6cd7b0a73ddac5132a93,1,db272366bfa82333abe0da87ae7735d3,0bebbb2cea103a4a020c95d43fd7d754,2018-08-07 13:24:02,169.9,19.29
69aa7c6140efd63150254b0fb1340fc9,1,e7cc48a9daff5436f63d3aad9426f28b,53243585a1d6dc2643021fd1853d8905,2018-08-09 10:04:17,170.0,25.54
69b4682d3ab5ef1f14a8e9e74638f87e,1,2ffdf10e724b958c0f7ea69e97d32f64,4869f7a5dfa277a7dca6462dcf3b52b2,2018-08-13 03:05:18,212.0,14.14
69be9dba6e0abc2941fc4b888d414fc5,1,55b71bf300a2765a382eaec566df531f,54a1852d1b8f10312c55e906355666ee,2018-08-08 18:55:16,84.99,52.95
69cfaf72cc14e5d3ade9e5f121f74c19,1,dc448e6ccff3210312c96e9fad49552d,acce39e832338debb07b02385cde5967,2018-08-07 10:31:18,129.9,27.89
69f0148dd6fd1fd804e48c202c93ad0b,1,dd0dcee76f9c12fff4bc0eb641d57c7f,c9c7905cffc4ef9ff9f113554423e671,2018-08-07 18:44:19,24.5,7.43
69fe57ea54b1926c309bb133b16f9501,1,f68db1bd8309b0f83c38d83717b390a8,3903c788ded8dc03b5ebab37a2f3e9a1,2018-08-13 04:10:21,22.99,8.91
6a0725621168540d5200cba214d6ebe7,1,1440c3493146c70f05302fa3edf1038f,5275ca25d0358ca73864e0ae41be1320,2018-08-14 03:25:14,98.9,16.96
6a5c76325c753e637e28d3efd69e0a0b,1,6a8631b72a2f8729b91514db87e771c0,128639473a139ac0f3e5f5ade55873a5,2018-08-13 05:23:58,24.9,18.27
6a75f9aed5e4fd6946ec8e3984c77e9f,1,ad4b943ef0b5cd9e4211c9cf6c27ff13,ef506c96320abeedfb894c34db06f478,2018-08-06 21:35:22,34.99,15.35
6a9ea3a6a0a791f6c34b8145d6cbd42a,1,962f5772bee158b6fa65e4112823c598,f46490624488d3ff7ce78613913a7711,2018-08-09 15:30:12,310.0,9.43
6aa88d307527c2931de6242ca2fbd3a2,1,f2bb1681ac26e3993d10ff79cba282d5,06579cb253ecd5a3a12a9e6eb6bf8f47,2018-08-03 13:20:18,21.1,7.41
6ab1e9ffa5914f8b0f2c4f4eb98e5a2f,1,82b7108de9ec01ec6d7f4b01d72e4d3c,fa1c13f2614d7b5c4749cbc52fecda94,2018-08-08 07:04:28,359.0,39.42
6adde7cd43f44ee3300a1490d5dc191e,1,437c05a395e9e47f9762e677a7068ce7,7f7b8245c336066a1f9933c359f11d77,2018-08-13 09:50:15,50.75,7.62
6adde7cd43f44ee3300a1490d5dc191e,2,437c05a395e9e47f9762e677a7068ce7,7f7b8245c336066a1f9933c359f11d77,2018-08-13 09:50:15,50.75,7.62
6b51309cb191abb919de57f626c06719,1,127de0ebca0eb694783d75d96fbf7109,7ff588a03c2aeae4fbd23f9ae64b760d,2018-08-06 22:15:12,189.99,20.56
6b51309cb191abb919de57f626c06719,2,89a728cf89ef556b073f4464fc07e9f6,7ff588a03c2aeae4fbd23f9ae64b760d,2018-08-06 22:15:12,355.99,20.55
6b8e2ea47563307c21b9041ff13e3d3a,1,5a848e4ab52fd5445cdc07aab1c40e48,c826c40d7b19f62a09e2d7c5e7295ee2,2018-08-13 13:50:15,122.99,15.96
6b9aa78b4ae64ba1d10964b1a15b5989,1,89e4362d74afa10ac57f8d67210132a6,dbc22125167c298ef99da25668e1011f,2018-08-10 03:05:28,96.8,14.98
6be6d87095d612a3a5176d6aff456c62,1,8ea6651a5fee129653198012abdd4185,977f9f63dd360c2a32ece2f93ad6d306,2018-08-09 13:24:40,141.12,19.09
6c0579db279e926d14faf051deae3288,1,f303e2cdf0967ef1a153d12f2685d280,1900267e848ceeba8fa32d80c1a5f5a8,2018-08-10 03:24:54,56.99,14.71
6c12fb27d4bdb7ed78460a2248e1fea8,1,cec09725da5ed01471d9a505e7389d37,4d6d651bd7684af3fffabd5f08d12e5a,2018-08-19 22:15:23,69.9,26.79
6c7cd83914ca57ceb8c205d80630e699,1,282dcadbd8c61f52f06a8ae802b54ee6,c9aafcd0621b2207c10e32c649cada4d,2018-08-09 16:24:14,98.0,15.08
6ca7be1c933db977fa6163dad70b0e07,1,8fb8fc612eb9832ae220a1b88f3b375d,402916f742e5c740cc751493d9cf5053,2018-08-10 15:31:02,159.0,19.21
6cbddb4b9fd4c71ee2b7a0012dfe2fe3,1,052413504e5295cd66ec4ced0b310062,4869f7a5dfa277a7dca6462dcf3b52b2,2018-08-08 13:15:17,159.9,19.22
6cd474b81add3c3d62536cab3e34aa23,1,f4d2144023a238288d36db2840a37ea0,612170e34b97004b3ba37eae81836b4c,2018-08-15 09:24:32,170.0,10.32
6cf42ae592086e2192284047cbfb4632,1,755073cc68bc18919f48e8544dcd73d7,0725b8c0f3f906e58f70cbe76b7c748c,2018-08-15 03:50:20,64.39,18.25
6cf42ae592086e2192284047cbfb4632,2,755073cc68bc18919f48e8544dcd73d7,0725b8c0f3f906e58f70cbe76b7c748c,2018-08-15 03:50:20,64.39,18.25
6cf9278559172d523d1fbcf08988418c,1,944a8fa6055b8213f9e715720d4e2d5c,da8622b14eb17ae2831f4ac5b9dab84a,2018-08-07 14:50:14,124.9,11.89
6d4376b400a766f89e562e40696dc4e0,1,1a6e1fb52f5f47e7b18578907d10174c,7a67c85e85bb2ce8582c35f2203ad736,2018-08-07 23:50:17,79.99,23.36
6d46c95c090a478e52c89008e729bea2,1,42fe4aefc7e8a45dd96a59af81dd3fef,710e3548e02bc1d2831dfc4f1b5b14d4,2018-08-09 13:55:22,109.9,15.84
6dc1b0448d8665a1ad93f2c1ec5b925a,1,f8b624d4e475bb8d1bddf1b65c6a64f6,b410bdd36d5db7a65dcd42b7ead933b8,2018-08-07 20:25:15,179.0,25.12
6dc8b8f970d5256ebe88e075c1428321,1,19c91ef95d509ea33eda93495c4d3481,06a2c3af7b3aee5d69171b0e14f0ee87,2018-08-17 12:15:19,122.99,20.05
6df06dce06727e9d068f266a9b2cdaa7,1,43158180e30b3c0c252049265370d7b1,5c030029b5916fed0986310385ec9009,2018-08-09 22:30:14,649.0,211.66
6df5ccb6ecd13e123c2a9a0a5ed0ae9f,1,46c01e269265ddd1b66ccc8b4588a411,31be790e64fc99f8ff48ec2bd18a3104,2018-08-09 14:00:09,44.9,12.61
6dfd5e5c5068dadbb8ac93001b69677b,1,89ea72335f0b688b56ba7daa5a2e98c2,4869f7a5dfa277a7dca6462dcf3b52b2,2018-08-06 00:45:07,119.9,27.21
6dfd5e5c5068dadbb8ac93001b69677b,2,d10a774b4598f38e0313d45db68008eb,5d76d80a2f5f39c891b996a1bf4c9853,2018-08-07 00:45:07,149.9,10.88
6e1c9b0136456e44d5b1d74c5abfae85,1,e57b2d6510f090860888171c76b42b21,ea846a0e7ad98a741783e886d89dfa44,2018-08-10 03:10:25,69.0,18.58
6e4ee1e1cfdf990b9c37dd33df4b2bb5,1,c7bd850b9a356ee44d5a2a55f7a5b657,a3a38f4affed601eb87a97788c949667,2018-08-07 17:10:19,239.0,24.47
6e53f3d94a384e3e000da1b6d43641ab,1,056010e0e6196d99309275e1b2d12c80,b561927807645834b59ef0d16ba55a24,2018-08-13 17:04:38,44.0,7.57
6ebdc6ce8dc5a2d9b4c6ed890718e65c,1,4563095e06df1fa67de2eade86f4f01b,537eb890efff034a88679788b647c564,2018-08-07 17:10:20,18.9,19.04
6ec1bea8cbcef0a1b81bc9b7fbd37ccb,1,41db6d8062fcd38410c699743ccc0265,92eb0f42c21942b6552362b9b114707d,2018-08-21 05:50:08,13.47,22.85
6ee0abe7b83e046f6ca20743a8c6e7c7,1,330144665b875c2b4555f88d9f4ed7c1,620c87c171fb2a6dd6e8bb4dec959fc6,2018-08-09 01:10:12,199.9,22.4
6ee0abe7b83e046f6ca20743a8c6e7c7,2,24c66f106f642621e524291a895c9032,620c87c171fb2a6dd6e8bb4dec959fc6,2018-08-09 01:10:12,199.9,22.39
6f028ccb7d612af251aa442a1fb8b5d0,1,a37d9bc434c151e3a32418b241a13bf0,f8db351d8c4c4c22c6835c19a46f01b0,2018-08-07 07:31:22,35.9,8.41
6f0ac9b2069a1f5b1518938be44d87ee,1,96c1f14a0754e0f2c40523478a4075df,ececbfcff9804a2d6b40f589df8eef2b,2018-08-09 04:50:19,69.5,22.42
6f0bbdaf91746e96253d10fe7e374f7d,1,f58e45b16a42a325c144eb2c46a2bc57,46dc3b2cc0980fb8ec44634e21d2718e,2018-08-07 17:31:20,219.99,18.17
6f0dfb5b5398b271cc6bbd9ee263530e,1,000b8f95fcb9e0096488278317764d19,40ec8ab6cdafbcc4f544da38c67da39a,2018-08-07 22:15:19,58.9,19.6
6f177560cdac40d55fa56882c853569b,1,628f5ed6c14790dcb9233c8dbf596175,04308b1ee57b6625f47df1d56f00eedf,2018-08-17 16:44:20,527.9,54.42
6f38fec8657ada8f58c577f4a4d772f9,1,f8de5dc036075be786ca24c29b5bea56,dfa0c4c6229ab200a4a1336b4d7128ff,2018-08-07 18:04:18,36.5,23.06
6f6adb6239aa458699f94784b3bb978a,1,0f3de29f8370072525a20385ebbe889a,606ce7768feac12c5e8bd58db8b08f0f,2018-08-15 23:35:14,719.9,23.14
6f8607cd0ebba75f55b2ce01a1250963,1,f0d1b9adbb40033054296d0ce2581aea,1554a68530182680ad5c8b042c3ab563,2018-08-10 11:15:22,36.9,14.56
6f9163af10d76144f7f5c4e1e500f417,1,f9b0ee95ce8b1ef8b50eecc5e0fa4348,e9779976487b77c6d4ac45f75ec7afe9,2018-08-08 10:05:20,25.89,22.98
6fa25e5deedf726d264d6714ac4a8ab4,1,82c51c3938503a4ddc096fbed86428d6,cfe94489ddd337d1e29e12f2a7205d10,2018-08-07 13:30:09,99.0,8.85
6fa25e5deedf726d264d6714ac4a8ab4,2,82c51c3938503a4ddc096fbed86428d6,cfe94489ddd337d1e29e12f2a7205d10,2018-08-07 13:30:09,99.0,8.85
6fa25e5deedf726d264d6714ac4a8ab4,3,82c51c3938503a4ddc096fbed86428d6,cfe94489ddd337d1e29e12f2a7205d10,2018-08-07 13:30:09,99.0,8.85
6fd99ae46481ecfc9fa468d54f403e90,1,f282b8032570cf3ce692b8ea7e1b6c53,e8b4225284fbb02d16f200513f1f395d,2018-08-07 04:05:31,139.9,24.59
6fe3cca762774a4e0e4e75467b4651e6,1,47ac1c318ec3ad95a8c89005e384f6e8,9dd459b29a14bf89d47183cf2cd0e4c7,2018-08-13 04:30:17,30.0,8.96
6fec846920d64dd20cad8adb75d01e8d,1,146fed9eb1d0f9db43dad0c7c96fc6e8,a673821011d0cec28146ea42f5ab767f,2018-08-07 12:45:13,79.9,23.36
6ff0c72cd26c7ea730935abff483f2e8,1,d5ef840497eb48a751179b06d1efd063,c9aafcd0621b2207c10e32c649cada4d,2018-08-12 22:25:10,32.0,22.98
700a3f10e64cfd0df7f2aea217cca5fb,1,f449d5919390268a18a8c424e3a62dea,218d46b86c1881d022bce9c68a7d4b15,2018-08-09 22:15:24,133.0,14.51
703ef7c6795e0ee91cff038a9a81abb5,1,157ee978f4fcdf8984b0bb33a6687fde,e9779976487b77c6d4ac45f75ec7afe9,2018-08-06 13:31:39,34.0,13.82
706617489351ee37878ad03403622f41,1,595fac2a385ac33a80bd5114aec74eb8,289cdb325fb7e7f891c38608bf9e0962,2018-08-08 16:44:28,116.9,18.92
70a33c9dba6b43724e350938120b3e4f,1,a95db8c4b3cfdf4a5d518e0d738e4374,c9aafcd0621b2207c10e32c649cada4d,2018-08-08 13:15:25,24.9,7.43
70a4b21bf18001a99d94bf894697b8c1,1,caf1ca4c82e6ab734903a3407795f556,229c3efbfb0ea2058de4ccdfbc3d784a,2018-08-07 04:24:17,87.0,27.89
70a4b21bf18001a99d94bf894697b8c1,2,caf1ca4c82e6ab734903a3407795f556,229c3efbfb0ea2058de4ccdfbc3d784a,2018-08-07 04:24:17,87.0,27.89
70d7affe471e6f94c28682a3bd9b5552,1,bc3df33d80a595ba6d8bfe2212182bee,6d66611d7c44cc30ce351abc49a68421,2018-08-08 14:10:16,33.9,8.99
710ad9913c5b4fc7c5d5a890082b1029,1,fe1cef1f560c521e9ed426383ed58ac2,87d3c3aeb3ead335511b3ce315eb341e,2018-08-09 10:24:52,69.99,8.65
711f6009f8bf028b3fa426696b581432,1,c7fd13b5e515bffdab855d0812842edb,1025f0e2d44d7041d6cf58b6550e0bfa,2018-08-07 17:24:06,40.0,23.08
717255f43d5c9b702e9bc8c7d03a82ad,1,b38b25d838ae0b8385e8cc68b9017644,fad44952713764836814be105382aee5,2018-08-08 22:30:16,180.0,16.36
71ae442d46d1764c665ba4c9e3073864,1,e59dd207c69d86e890febadc796d1078,e9bc59e7b60fc3063eb2290deda4cced,2018-08-15 04:25:12,125.0,14.22
71b63cb24c0cdeeb5604ab4b0e891c87,1,90aa2ab699cd0e459be93124aa91c82f,8160255418d5aaa7dbdc9f4c64ebda44,2018-08-07 18:15:14,114.9,17.93
71b7a44b3e9561dce3ce2841bf401b24,1,0ee362737f0fade7293e5a4f375f2446,2528513dd95219a6013d4d05176e391a,2018-08-09 04:15:26,129.0,20.09
71b91036973ff7a67b9a17a8a20d3b9c,1,fbce4c4cb307679d89a3bf3d3bb353b9,c33847515fa6305ce6feb1e818569f13,2018-08-09 08:44:45,149.0,44.84
72153affaac51d3697982e86191a88c4,1,e78a3e8673e3084630444ea05692785d,dbc22125167c298ef99da25668e1011f,2018-08-09 07:31:37,135.65,22.7
7217572256d0fb150b86021f70d421fe,1,c181ddb9a0403b7f2010870a988a61bd,70bf57d811208f8923b41bbd499a67a4,2018-08-07 17:31:05,95.4,18.47
7249180b70badb4081586e4964f2c675,1,2ff17002562478fb03cd44f09e7ca51a,fa1c13f2614d7b5c4749cbc52fecda94,2018-08-03 13:31:35,228.8,16.7
726f3a5a67d986cbbf10bbc4f72cd4fe,1,acc8648b140586ffaa6cce2905ff6872,99a54764c341d5dc80b4a8fac4eba3fb,2018-08-10 16:31:48,10.6,8.29
728f6c4bcd81ebdfeb353bb9b0893a12,1,72cb4380c5a90c64048cafdf60d31f88,34f563c82a85b99ae9e6d60db5fc2e28,2018-08-09 08:44:45,185.9,19.4
72ac5a7945d55c3fd45160f365353fae,1,e59aa08eee1bd7faa765a89aab2095cb,d2374cbcbb3ca4ab1086534108cc3ab7,2018-08-14 03:30:22,31.9,39.41
72ebb0547658a1d829e79aca8367d606,1,73bcea88583002fe12b7399af4ae60da,4869f7a5dfa277a7dca6462dcf3b52b2,2018-08-06 20:35:26,115.9,3.48
72ebb0547658a1d829e79aca8367d606,2,2669a9fe1aaf6cb29071f8f866014afc,4869f7a5dfa277a7dca6462dcf3b52b2,2018-08-06 20:35:26,127.0,34.41
72fab83427516c548cff90e1975ce053,1,2cfb0bccba59b1f48db1828a7aa5a770,cd3d09fbe6e3e9ff0c0ac0c300e93ae7,2018-08-07 07:30:10,19.9,12.8
732a77c453f0b9ea3a2665a575f3ecd3,1,e7f85e7f0203b7b95cc1b4c21b4b070c,ceaec5548eefc6e23e6607c5435102e7,2018-08-13 20:10:19,259.99,118.87
733abca4b3372182a6c955ed064b0929,1,f5131289ca7eab9700015f6e8bfa8e41,4125d9385a25e82d2f72d3a0fd55bc3f,2018-08-07 16:44:08,42.9,18.4
73421a5bdd55f86529569549055d9e82,1,12cc2ed46e4c9ea184a622881afc1de9,6061155addc1e54b4cfb51c1c2a32ad8,2018-08-09 12:04:33,148.0,19.14
734e66350ff1d845ab707409554c76c4,1,60f560fe3dd8adc165becf182ec8f834,8f2ce03f928b567e3d56181ae20ae952,2018-08-08 17:15:27,199.9,35.16
736d9580e48fa6a156f60f5341acd2da,1,e5897f494af72d083f3899808f341659,fb3cfbc8a86f5d7fbb4d36b8df63f60d,2018-08-07 16:05:14,69.9,18.64
73a516c7297dcd6a809778fd0cb8bdd4,1,b7ac8ecaf5ed4b43bdc03039a67550eb,2dcf93836ae3ce0d7c93e2f10876467a,2018-08-06 13:30:59,179.9,13.56
73ab919f6023d8c8a68fb70d0b08a28b,1,a0b7d5a992ccda646f2d34e418fff5a0,95f83f51203c626648c875dd41874c7f,2018-08-08 15:24:03,69.9,106.95
73b6ddc94c65c2002e53a5cb71257232,1,5fe490e61e7a37f2f0d1ad1771ac027d,2d2322d842118867781fc737e96d59a1,2018-08-14 03:24:58,24.5,8.92
73b6ddc94c65c2002e53a5cb71257232,2,5fe490e61e7a37f2f0d1ad1771ac027d,2d2322d842118867781fc737e96d59a1,2018-08-14 03:24:58,24.5,8.92
73b6ddc94c65c2002e53a5cb71257232,3,5fe490e61e7a37f2f0d1ad1771ac027d,2d2322d842118867781fc737e96d59a1,2018-08-14 03:24:58,24.5,8.92
73d60420cd1a179b2d8887d538efe4c2,1,078b7149a32b479d3cbf1649fea0172c,9b1585752613ec342d03bbab9997ec48,2018-08-13 11:05:18,749.0,55.96
73efca6402c1b6108195348448d76147,1,9cc8a90a8f8b6a7b56a486b612b40efa,c3cfdc648177fdbbbb35635a37472c53,2018-08-08 14:55:21,129.99,18.71
73f4780e56b3a089b1d7671a17ee4da0,1,fc1d8637c0268af3db482c14b7ef8e75,da8622b14eb17ae2831f4ac5b9dab84a,2018-08-07 13:24:26,149.9,23.85
740ca5d56791bd56068210f715589b51,1,46e331e83e48420b6f7a8404cf204e0b,56db5c0782e8f7ddc9343f9576ff6d16,2018-08-14 20:44:49,559.9,39.15
742e519465c1d0ed1dc1664ad04ba238,1,dbb67791e405873b259e4656bf971246,e9bc59e7b60fc3063eb2290deda4cced,2018-08-08 22:15:19,61.4,22.36
7443eeca92daa9ca934f515628610510,1,0b8750fa58fefe42cf03a9e2e4b8fce6,d921b68bf747894be13a97ae52b0f386,2018-08-08 15:04:51,215.0,23.44
74599b2f01a4dc2150e3e9c9d8ecab7f,1,818c2f4d29b94c0600bbc109c6fa0efd,26d6bbee02420494d471c9f6436929c0,2018-08-08 17:10:13,31.99,27.5
748501d017db167d2dfb7720aa4dd21b,1,6ee79a827c36202118501870afb17875,f326006815956455b2859abd58fe7e39,2018-08-03 13:44:25,59.9,19.61
748501d017db167d2dfb7720aa4dd21b,2,6ee79a827c36202118501870afb17875,f326006815956455b2859abd58fe7e39,2018-08-03 13:44:25,59.9,19.61
748501d017db167d2dfb7720aa4dd21b,3,6ee79a827c36202118501870afb17875,f326006815956455b2859abd58fe7e39,2018-08-03 13:44:25,59.9,19.61
74df7f96ed0e23d9290b02f3534eb597,1,e475c947d2287b8ea1e6a90dbbae56bb,abe42c5d03695b4257b5c6cbf4e6784e,2018-08-07 15:05:13,329.0,17.4
752265739a6d8d671585c7b9c924b9d9,1,fb310009e56c0ab32657c9c674bd402c,289cdb325fb7e7f891c38608bf9e0962,2018-08-13 03:35:08,68.9,22.41
7595f9b8e070df43bea3c85e1e25d361,1,7c433a3314f8ce018f386af369d96d61,508808d438fe2ff972ed13bb8f4a82e2,2018-08-08 21:30:11,12.51,8.29
759ceb2a861358153b8c0727e3552c65,1,0bc4d2de176747bbc8b5e680bfdb66b6,4d6d651bd7684af3fffabd5f08d12e5a,2018-08-15 17:31:01,139.9,20.54
75c3991c985f0ad3e6c3b9ae67f16b76,1,071b6fda0410cc12642f1083210f6703,d25aa0aaacb370e912f8cf6efeba38b3,2018-08-07 08:35:11,173.93,24.02
75c3cc4d3b69230a82468be4d1afe002,1,0a407038cdb51df51fa8d01c54fa05f0,3ab971ce71839580d2ae5b4e40fe8044,2018-08-09 13:30:49,119.9,51.13
75e659c8ca6e2872f6d35430337e5dc6,1,380b4664ba5bb18cc9db78ee6bac3558,6560211a19b47992c3666cc44a7e94c0,2018-08-09 06:05:36,29.0,15.3
75f959697b81c9b9eeddb7499941ecaa,1,e7f85e7f0203b7b95cc1b4c21b4b070c,ceaec5548eefc6e23e6607c5435102e7,2018-08-13 10:15:18,259.99,26.8
761de39b98af23c2f3b771461e2c5e2c,1,fe077ec80df6b4ee60bb4498d5ab1962,87142160b41353c4e5fca2360caf6f92,2018-08-08 09:04:29,135.0,17.88
7627cb930af1800bf8aa7275633c9eba,1,1e48680e5b09c356f91b5c7ee948d013,f0b47fbbc6dee9aafe415a6e33051b3f,2018-08-08 06:44:27,79.99,15.86
7659908b7f0bf2c0381852a0102c54e8,1,54ae1a64e9af8424bcf3162a0df487c7,1da3aeb70d7989d1e6d9b0e887f97c23,2018-08-12 21:35:18,49.99,18.45
766e7d95f42217e02fa7c85a8c97a862,1,b3468c11e7518de68a4139b850801405,9f505651f4a6abe901a56cdc21508025,2018-08-07 08:35:12,39.0,19.18
76c4c846aae2dae9e87dfa492c3f5259,1,0bcc3eeca39e1064258aa1e932269894,1f50f920176fa81dab994f9023523100,2018-08-08 14:10:22,49.9,27.52
76c4c846aae2dae9e87dfa492c3f5259,2,dfc9d9ea4c2fbabe7abb0066097d9905,9e6229250fedbe05838fef417b74e7fb,2018-08-14 14:10:22,169.9,34.39
76c4c846aae2dae9e87dfa492c3f5259,3,9d1893083966b9c51109f0dc6ab0b0d9,213b25e6f54661939f11710a6fddb871,2018-08-17 14:10:22,119.85,34.4
7707b1061567c2bc77fe8c3724a3d615,1,86133a2151bd98a3ed2ad758709e6d1b,f27e33c6d29b5138fa9967bcd445b6d5,2018-08-16 03:50:20,54.9,15.48
772bb5d1c259f2731fb87d079c3808f0,1,bf06a69bb27c58156391de458700f3e7,6560211a19b47992c3666cc44a7e94c0,2018-08-09 04:10:24,38.0,7.53
7737b48ac906ed0be3c192bb1fc4c4ef,1,e7cc48a9daff5436f63d3aad9426f28b,53243585a1d6dc2643021fd1853d8905,2018-08-14 08:50:20,170.0,10.32
77695976859e3c3e692c5a5bc670f31b,1,ead9c2792c74012806ed1ca06f82a515,dc4a0fc896dc34b0d5bfec8438291c80,2018-08-14 04:35:15,44.9,19.5
777e839a3f71170e58385675ce610501,1,ceb25e5f3be12c14a1c69bd9e9e0f67f,7299e27ed73d2ad986de7f7c77d919fa,2018-08-07 18:15:20,79.99,18.66
77c155208a2ebfadeb34ab55497c597d,1,e28a83b76a4ef29f90a34d134961e22f,f52c2422904463fdd7741f99045fecb6,2018-08-09 18:55:27,194.89,22.66
77e3266e92eda8a0570ce5b1045fa3b5,1,11dcc970f7a5581e1bf777b6da3f7096,06579cb253ecd5a3a12a9e6eb6bf8f47,2018-08-09 04:35:17,68.9,18.28
77e9941864fc840be8e4b1ba5347c0f7,1,a01d1cbb398e386a4a8f8364401a7584,d566c37fa119d5e66c4e9052e83ee4ea,2018-08-07 09:10:14,65.9,37.37
77fb4b8cc3c049b130b87530c7071abd,1,bde643c31f72e37dd1aac0c43e130ddc,fbc14c0cf93505ef89f64665ffa4a7b5,2018-08-07 07:30:11,812.99,20.0
782656b57c879a8c0d6a326048331e91,1,8f211599d0cde9d8551a6984d758e1f4,33dd941c27854f7625b968cc6195a552,2018-08-09 00:55:25,1277.5,90.25
783058adb0589c4c5b2f3f748a27485b,1,5b757fed0d82a5850bcf22f01af06c6b,a21c11ec5c3f03e7cc9f9203bff9e1c6,2018-08-09 17:25:23,55.0,51.11
7844d2f4784ca5e03bf47dd1ac050bc2,1,b571def4f66990cf63527c1d81874b2d,6b3bd31ad8fcda4b2635ec9f3ff2ecdf,2018-08-13 13:10:26,25.9,8.52
7844d2f4784ca5e03bf47dd1ac050bc2,2,b571def4f66990cf63527c1d81874b2d,6b3bd31ad8fcda4b2635ec9f3ff2ecdf,2018-08-13 13:10:26,25.9,8.52
7858a830420b9bc393b55bcf268eeb36,1,e0d64dcfaa3b6db5c54ca298ae101d05,7d13fca15225358621be4086e1eb0964,2018-08-14 21:24:27,146.01,19.12
788fdf598d5dbd1de9c4865b1b1824bd,1,25d035762df754b895cf8e847168409a,b494891378bd8f4560abe576c52deacd,2018-08-09 19:50:16,99.9,11.72
789bf50b7eafcaff398ea0b735b4787e,1,19c91ef95d509ea33eda93495c4d3481,06a2c3af7b3aee5d69171b0e14f0ee87,2018-08-21 10:30:16,122.99,30.11
78c68db8e7034d43fdfa205630fe7826,1,deb8261d5bf5744407141a9447fb7662,1c5e4e49b9079480255b49d50aac1aa9,2018-08-13 04:10:18,549.1,55.63
78cdcb172d0131f82c621d36e496db8d,1,af4708c7522d336a01ea0a421531e56f,b561927807645834b59ef0d16ba55a24,2018-08-07 22:05:18,66.0,8.62
78e669f43077eded2d55ba9455560995,1,4e1346d7b7e02c737a366b086462e33e,1900267e848ceeba8fa32d80c1a5f5a8,2018-08-07 15:50:20,11.99,42.54
78e669f43077eded2d55ba9455560995,2,4e1346d7b7e02c737a366b086462e33e,1900267e848ceeba8fa32d80c1a5f5a8,2018-08-07 15:50:20,11.99,42.54
78e669f43077eded2d55ba9455560995,3,422879e10f46682990de24d770e7f83d,1f50f920176fa81dab994f9023523100,2018-08-07 15:50:20,49.91,17.02
78e669f43077eded2d55ba9455560995,4,0bcc3eeca39e1064258aa1e932269894,1f50f920176fa81dab994f9023523100,2018-08-07 15:50:20,49.9,17.02
78e790c1defefa3d8515bebfca7315b2,1,f9b178c9fdc90bbcfbd6c6b49ed47d4c,1025f0e2d44d7041d6cf58b6550e0bfa,2018-08-14 03:24:58,70.0,23.29
79172945447a2dd29abbffd445a99205,1,259bd66612b61aa4e82ce3cde9272bbc,955fee9216a65b617aa5c0531780ce60,2018-08-08 14:25:20,25.0,7.44
7931c99744c2989d6f5218d38f439804,1,addc4d1f7d82e1b6c5ba37d6559ac127,7202e2ba20579a9bd1acb29e61fe71f6,2018-08-08 20:10:21,179.9,51.98
79839957c6cbd8ae3f91d44c7e740207,1,d3e43faeb92b20d373f87088a03ac642,73b8eb4a9a729d4019b24ed1be748cbf,2018-08-09 14:35:10,45.0,12.98
7999895f514b30a8de833a4b7c3dd042,1,bf59082c832c1a67b92ee5ca73971f4e,b586cd24c010a13916af621b0325fbba,2018-08-07 19:15:22,219.99,28.49
79a29a6cac0403ad0d0b5390f5bbf1fa,1,c2849941c090e1ee1732b25aaf01b397,4869f7a5dfa277a7dca6462dcf3b52b2,2018-08-03 17:15:18,294.9,14.72
79aee5d2f7328b2d701eb4e87f54ce47,1,103cc8c441a717d9a54fca312ae8ec3c,fa1c13f2614d7b5c4749cbc52fecda94,2018-08-07 14:50:16,168.9,20.09
79dadf439ff9c9463421094b730899f8,1,ef7f13c7694be202c48017b71801815c,f46490624488d3ff7ce78613913a7711,2018-08-08 13:10:14,49.9,13.65
79f31a7e6b20571d229c2b79cd8c6b54,1,820f00b477e89a3bccfeb1e994a4a663,ceaec5548eefc6e23e6607c5435102e7,2018-08-13 18:04:15,359.9,25.28
7a04f1c505fcb55b00384ea037f73f24,1,f0f9486bd96130088e93b7a3b3c08ebc,1bb2bdb95f4841f1bba2c0d2cd83d3c9,2018-08-15 15:10:17,44.95,7.58
7a12712273a3da7417b25f9108162305,1,e7cc48a9daff5436f63d3aad9426f28b,53243585a1d6dc2643021fd1853d8905,2018-08-12 23:45:18,170.0,25.54
7a1cfc5a41ee6890e553de7276ffebfd,1,b4bcc9155de9c60e343ecbff22b86dc8,f8db351d8c4c4c22c6835c19a46f01b0,2018-08-08 10:10:20,129.9,20.1
7a2f802f8cd01aa62fb904b952932edf,1,a87595e0311a6cb55db1cef3c1c0e7a0,6061155addc1e54b4cfb51c1c2a32ad8,2018-08-08 13:04:17,735.0,22.95
7a36ddcacbdd80a7dd8771aa4c6e465e,1,7a49adf051c1e6fc5b639a98d17756f0,a8739afb32aaa45e01815ca76f76f54b,2018-08-09 06:50:13,25.32,18.28
7a3d6ddc737bc4e0f556c9c47f15e7a6,1,616042729c11849827291496b18e9ec5,6b243f80ed07b10f0e8aa0f21a205f3c,2018-08-07 11:04:19,64.9,18.51
7a3d6ddc737bc4e0f556c9c47f15e7a6,2,b8983274d38e4c05381bc3c80af2ad2e,6b243f80ed07b10f0e8aa0f21a205f3c,2018-08-07 11:04:19,54.9,18.52
7a6c48037234cbc7887f82848bf4d4cf,1,d35825dd1741eee134506022d73f4e71,4c498c7345e89aebad651544829beca0,2018-08-09 04:05:12,89.9,7.89
7aa5f2151edb70ee275202acec271ea3,1,9711e523a681d75526ae8a1e98c8b2b8,8090490573c6c0aa343a7231ebcb8c86,2018-08-07 20:44:33,199.08,19.49
7aa5fe5b772da0099ed083f51f800e8c,1,9f22d89800e8f59f79d50aa9d732f5e2,c9aafcd0621b2207c10e32c649cada4d,2018-08-10 18:10:15,71.0,8.66
7ab8357ecb12f6b03ee66996c0250c6d,1,e7cc48a9daff5436f63d3aad9426f28b,53243585a1d6dc2643021fd1853d8905,2018-08-09 08:50:20,170.0,25.54
7abc6cbea47e076ca46d3bbc4afab9bc,1,2be8ecb5cd02ca1391e177e38963fe9a,bc302730ea8cf49b5c74f579febb5bbf,2018-08-08 02:45:28,21.99,7.41
7ae84ff984c3b48b715c8f3130bf97b2,1,c1ad8ac66c91ad301cefc322ba2adf31,966cb4760537b1404caedd472cc610a5,2018-08-08 13:15:16,488.0,19.61
7b186487147f406839316cb0a719d4b1,1,b5c4b2c6b8c342b7740e46797bec3ef1,39a5005f2605cbdb4f9ac14485cabfd1,2018-08-09 06:15:13,42.01,19.48
7b186487147f406839316cb0a719d4b1,2,b5c4b2c6b8c342b7740e46797bec3ef1,39a5005f2605cbdb4f9ac14485cabfd1,2018-08-09 06:15:13,42.01,19.48
7b186487147f406839316cb0a719d4b1,3,b5c4b2c6b8c342b7740e46797bec3ef1,39a5005f2605cbdb4f9ac14485cabfd1,2018-08-09 06:15:13,42.01,19.48
7b186487147f406839316cb0a719d4b1,4,b5c4b2c6b8c342b7740e46797bec3ef1,39a5005f2605cbdb4f9ac14485cabfd1,2018-08-09 06:15:13,42.01,19.48
7b186487147f406839316cb0a719d4b1,5,b5c4b2c6b8c342b7740e46797bec3ef1,39a5005f2605cbdb4f9ac14485cabfd1,2018-08-09 06:15:13,42.01,19.48
7b186487147f406839316cb0a719d4b1,6,b5c4b2c6b8c342b7740e46797bec3ef1,39a5005f2605cbdb4f9ac14485cabfd1,2018-08-09 06:15:13,42.01,19.48
7b1ade884cd7da23e0f853fd00807d38,1,b192be433004cc1f10b467c0e9ea309b,de722cd6dad950a92b7d4f82673f8833,2018-08-07 20:05:19,179.9,30.51
7b351cbc1f8721faaab3f7d117f3ef7b,1,500870614ddcf5bd84f7d26861026c8a,92eb0f42c21942b6552362b9b114707d,2018-08-16 17:35:20,11.87,18.23
7b407def87721a29fc233b7ae9ad6013,1,58f63077f5153309a576fda4e0851982,620c87c171fb2a6dd6e8bb4dec959fc6,2018-08-07 19:35:16,269.9,19.99
7b407def87721a29fc233b7ae9ad6013,2,58f63077f5153309a576fda4e0851982,620c87c171fb2a6dd6e8bb4dec959fc6,2018-08-07 19:35:16,269.9,19.99
7b5004a23c4918b7c96c9d0cfd6107b6,1,6086d4e24d4dd50521452e49bde06628,53d00c40e32aeb924a84ce72b1af869d,2018-08-07 20:05:13,369.0,25.52
7b5128e25d9aecefbe3ed7b42f1daeb4,1,d35839b7d99e82c6541eae7a3cc1f527,fcb5ace8bcc92f75707dc0f01a27d269,2018-08-14 12:15:20,29.7,22.14
7b88e96eabae61915bbbd53786f34275,1,e06ff9a961edac4a89f5451882861adf,297d5eccd19fa9a83b2630071ff105e4,2018-08-13 08:35:18,114.99,25.16
7bb7e430dba5149615b3083b33604d53,1,22c6a8a913119595b77ec3d747e9079a,c70c1b0d8ca86052f45a432a38b73958,2018-08-09 17:44:04,110.32,18.87
7c368cac70a301684eb08e7397a3da54,1,b05ec8d9cabec69e637318ebba813a09,cc63f0dd2acba93ffed4fe9f8e0321fa,2018-08-07 13:55:16,126.99,18.02
7c38ea034c4ae0b36dae03dac6c6a7a7,1,78efe838c04bbc568be034082200ac20,0241d4d5d36f10f80c644447315af0bd,2018-08-09 19:30:17,74.9,24.39
7c40c1fdc6c80fb91892fa1cd0b79d82,1,9644931193891477e4863fa05363f594,e9779976487b77c6d4ac45f75ec7afe9,2018-08-06 05:30:10,9.49,1.87
7c40c1fdc6c80fb91892fa1cd0b79d82,2,67bd616e1ba0d3d3e8545f3113b0140d,e9779976487b77c6d4ac45f75ec7afe9,2018-08-06 05:30:10,14.49,13.87
7c7730a9be0a2cd5d43285e6e53476d8,1,0bda4ee356bececb6ec0d7d010b673f1,6806dad1da97bfb5a9038eac6881f706,2018-08-09 14:15:13,45.0,18.42
7c926685c8c9410446902c46d3929d08,1,bce551f6c568dca0b7e4cf5af7de7390,7e3f87d16fb353f408d467e74fbd8014,2018-08-09 10:45:15,101.9,23.43
7ca00d9cf45a4e8501cdc625899d7633,1,8fc803c7d0a99a53798c7896a7c1e93c,cc63f0dd2acba93ffed4fe9f8e0321fa,2018-08-06 21:31:42,126.8,18.02
7ccd0a8b6bdddf8ea32095431194bfbe,1,462646c1c1495199e63684d79e6e0d1b,891071be6ba827b591264c90c2ae8a63,2018-08-09 20:50:20,24.99,7.44
7cdb98b018309556c5994e4a200213c0,1,25a69adae1b354beb056d4b740e841cd,f7ccf836d21b2fb1de37564105216cc1,2018-08-09 04:44:39,39.0,19.46
7cdb98b018309556c5994e4a200213c0,2,25a69adae1b354beb056d4b740e841cd,f7ccf836d21b2fb1de37564105216cc1,2018-08-09 04:44:39,39.0,19.46
7d026db5c988be1bc3facec0e7fdb8c9,1,2a5e8a686fea7f74cb246f729a53e650,9e6229250fedbe05838fef417b74e7fb,2018-08-15 17:25:06,79.9,26.86
7d09831e67caa193da82cfea3bee7aa5,1,9fe172fa8e662ca8572cf12abf8bce23,cab85505710c7cb9b720bceb52b01cee,2018-08-07 17:24:22,49.9,15.45
7d0bb97fefe21572745b2bbaa3b4ce76,1,31d6f0a621ee145ae8c70304cf564483,6560211a19b47992c3666cc44a7e94c0,2018-08-09 22:55:26,35.0,7.51
7d0c53f67b84e94a751d09f03fe58e99,1,f2d649f157cebee085ed738f23d5d6b7,d673a59aac7a70d8b01e6902bf090a11,2018-08-07 20:44:07,29.99,18.31
7d0c53f67b84e94a751d09f03fe58e99,2,f2d649f157cebee085ed738f23d5d6b7,d673a59aac7a70d8b01e6902bf090a11,2018-08-07 20:44:07,29.99,18.31
7d3641e32d8be63b62c24a62992e6e56,1,2bcade3be09c837c06332d0aac506d23,7299e27ed73d2ad986de7f7c77d919fa,2018-08-07 11:35:22,209.99,19.57
7d6e61d9e5cbe64880924d4b7c366cd8,1,d04ae06ca1423cdc5bd50d87c0f7c372,634964b17796e64304cadf1ad3050fb7,2018-08-10 12:30:34,59.9,15.52
7d941bda521698c6df74824010ddcb36,1,8d6259f0086b979199d22763478ad986,98dac6635aee4995d501a3972e047414,2018-08-07 18:25:35,36.9,9.01
7d941bda521698c6df74824010ddcb36,2,8d6259f0086b979199d22763478ad986,98dac6635aee4995d501a3972e047414,2018-08-07 18:25:35,36.9,9.01
7d9a71f7ac9e3a44b7a1b07570b605b0,1,08a58dc963320d6073623382b9ceb920,8e8a7ce9f2f970dc00e2acf6f6e199f6,2018-08-06 23:15:16,129.0,19.0
7de2a03405b2f8af2b71ed46371bc149,1,d4548e7ab697993ec51d864766a8ea4f,4869f7a5dfa277a7dca6462dcf3b52b2,2018-08-07 13:50:16,153.9,37.99
7e2161123332d22deb9d0fe9a4bcaa1a,1,595fac2a385ac33a80bd5114aec74eb8,289cdb325fb7e7f891c38608bf9e0962,2018-08-06 16:30:22,116.9,15.92
7e2f198c10c1ac5ad206ebcdb1f18861,1,7564c1759c04fc0a38f2aa84f7a370ee,6860153b69cc696d5dcfe1cdaaafcf62,2018-08-07 04:15:34,45.97,13.9
7e3b7b3527cce28aa98702e05fda566e,1,b92268ad64d3947c80fddbc3a82de845,cc5a78bbad32776dc4e3af205218368c,2018-08-14 22:10:21,77.74,45.41
7e72ec73eb316f40183f574d738eb99e,1,bf4538d88321d0fd4412a93c974510e6,d6b1ce66b035a475f00c017792ff9769,2018-08-09 17:44:36,240.0,15.99
7e8734a38ac8a79a7235d256f581e885,1,1aaeaa2c5da72dcc8358011100dc5a26,7b7ed56ae755e2880f2b69632e839c1e,2018-08-13 08:44:46,33.9,19.15
7f29d1dcde28ba1c61a2f92068efdb9d,1,eccec1984cb1d214cc91f3168b113958,6560211a19b47992c3666cc44a7e94c0,2018-08-03 16:00:09,69.0,17.41
7f579e203c931f3e8410103359c6d523,1,6463e442310f2f4f321c83a32d8c662b,c70c1b0d8ca86052f45a432a38b73958,2018-08-08 18:30:49,110.32,8.03
7fc033af2ece8187b358f40d43a6b6e3,1,8db99620b0b21f34ff4199bc6450bdd6,5f3ae9136c875522250f8184f253413a,2018-08-09 20:24:55,17.45,17.06
7fefe32e6b0c87d855993ac5dc8dd951,1,98935aea5a6ca26c5d8cd205a97c98d1,acce39e832338debb07b02385cde5967,2018-08-07 22:15:24,129.9,27.89
7ffcdcd61ff7eb4f55adfcfe5940b9e2,1,b74dc0cea31c255d5208d2a80c10ae19,2646baaf662d4d92ac48f047e35db92d,2018-08-06 21:45:19,49.0,11.36
8003335035c9770dd19bb3906577ae60,1,6e7b435ac3c84fc5348dba974e184322,620c87c171fb2a6dd6e8bb4dec959fc6,2018-08-07 21:10:23,118.9,39.1
8006b152280a7ed38378fc8eaa989a7c,1,f05cd18872164e75d946139c27cc9844,8a432f4e5b471f8da497d7dc517666e2,2018-08-07 14:30:14,64.0,14.03
804aa537b5a0d8fe2c9a61a1fe9087a7,1,59e9e55854bde29f3942510af639b7d1,f27e33c6d29b5138fa9967bcd445b6d5,2018-08-14 22:05:23,19.9,7.4
8053ea64c064df7d22ccf2099906d406,1,bfc1d1c62b1f7f401d8d9dda962bb870,8f2ce03f928b567e3d56181ae20ae952,2018-08-14 03:10:37,99.9,9.45
80967070f5cc6d8bbe062cda5b15d84d,1,4bba2ed7155732bf6f663316059878af,c6bda72e4dbf5c5866b13cb1810c6d03,2018-08-13 20:45:22,59.9,7.68
80aa84ef8c5e289d84d1735060740d61,1,2b4042dfabc3fe9d3f16951a8e1a3b70,3d8fa2f5b647373c8620330c4e077a9f,2018-08-13 15:30:16,69.99,19.68
80b201a88f23aa35799eac75fa4cdf99,1,e0cf79767c5b016251fe139915c59a26,da8622b14eb17ae2831f4ac5b9dab84a,2018-08-07 13:24:22,29.9,7.47
80ba49127f9a97f9bbe4e60770798cc7,1,f14c1f6cf5ba04ba0a6f52c763a6b7a9,228e4c1a0be164f613d41c24345f9d2c,2018-08-09 10:31:10,110.0,39.28
80c54b49eb28ef498e5076bb0a7ca24c,1,99a4788cb24856965c36a24e339b6058,4a3ca9315b744ce9f8e9374361493884,2018-08-07 11:50:16,74.0,14.83
80c6a53cf1e905c00caa7d3d85a4bdb1,1,e59dd207c69d86e890febadc796d1078,e9bc59e7b60fc3063eb2290deda4cced,2018-08-13 19:35:18,125.0,22.81
80c74a42dcbd6a54b9a563012dc17eca,1,f5b952758d88a5995ae5c8208a63b913,dfc475d54e1b6dbeeb7d7d9bdaa63827,2018-08-15 10:44:36,135.0,31.82
80db40134db34fa301d8a9c17b307a00,1,b59e3776fd0270273b8f6b1345e2f0fc,8de8fe3af4449ed695d2434c933ed73e,2018-08-09 15:45:17,2090.0,65.35
80eae376fddb50c28eb0e4857691de4f,1,af2d506fb01b724e03591349ad36b67e,4b9750c8ad28220fe6702d4ecb7c898f,2018-08-09 09:45:14,48.9,9.09
8101f323f454f972d5f4773094d2c5e4,1,18fe664c1fb46f0c237ac8f434697d07,c510bc1718f0f2961eaa42a23330681a,2018-08-07 00:35:21,229.0,16.7
81278969652e49f0c09910275f10fdba,1,281bbfe70848e0b304bef88fc2caf2c3,4b9750c8ad28220fe6702d4ecb7c898f,2018-08-09 04:55:32,48.9,9.09
81342024c8d07f66fa2852d3c8d9b890,1,b92a7304ebad1ca5b393b53b2de5c70a,7c67e1448b00f6e969d365cea6b010ab,2018-08-27 19:24:55,139.98,18.75
8137dd2eb10f8393185e4fb57b038373,1,2856a85030eb8a2cdb21a8073c679057,562fc2f2c2863ab7e79a9e4388a58a14,2018-08-06 22:35:17,29.99,15.31
816ccd9d21435796e8ffa9802b2a782f,1,3379df99dfd26b916bb666847bedab3e,7dc8c42cc750eeafea6c85712ffee9bf,2018-08-13 22:10:16,249.0,35.82
8171d9c270f72f461104055ce2cada91,1,c940221719c27b554b86f7fc9f8438fc,8d956fec2e4337affcb520f56fd8cbfd,2018-08-06 11:30:09,65.95,16.65
81d183ca30a0f0ced737aed18b2ed9de,1,76061aaf8a1e4e93cdd26f7bef9ce247,3d871de0142ce09b7081e2b9d1733cb1,2018-08-12 22:24:13,119.0,65.28
81d183ca30a0f0ced737aed18b2ed9de,2,c1a29976487f2c410740e8a1a4bf5720,3d871de0142ce09b7081e2b9d1733cb1,2018-08-12 22:24:13,119.0,65.28
81e5ffe389c377c7b423c9669a9fe712,1,697003a5ca90721f0b466f5ffb5d8fbb,8ab42aa58097fd4668d60cc648225d5f,2018-08-14 13:05:13,55.9,17.32
820bd7a99cb9df2daca2dc8125e0f7de,1,e7cc48a9daff5436f63d3aad9426f28b,53243585a1d6dc2643021fd1853d8905,2018-08-09 15:31:42,170.0,24.34
82262a82713a250e0e1f99b5111b9614,1,a0736b92e52f6cead290e30b578413b6,391fc6631aebcf3004804e51b40bcf1e,2018-08-08 18:45:16,49.7,34.66
8237160b16b119b5390f8072691974f0,1,3b10cf7d1e08c598428ad6eb7c59d09c,8a432f4e5b471f8da497d7dc517666e2,2018-08-06 05:23:57,89.0,23.42
8260ced16669ee5a61ca903988b3e0b0,1,e0cf79767c5b016251fe139915c59a26,da8622b14eb17ae2831f4ac5b9dab84a,2018-08-07 22:05:20,29.9,18.31
826781a83e7fab9989e0882180d2adc2,1,cd46fbff1f4a0d9b923f70e332add4b5,d9bd94811c3338dceb4181f3dbc0c73e,2018-08-07 04:05:24,151.56,8.32
82728f6b511aa8dc053ba674db6f8b24,1,d1c2619dd30b8bc3c63f18ca9692660a,cc63f0dd2acba93ffed4fe9f8e0321fa,2018-08-06 21:31:41,72.0,23.3
8299af0d040bc54540e8c6a35046e99f,1,4a37fea9a17c3cb688dc22802a698a80,ce248b21cb2adc36282ede306b7660e5,2018-08-08 12:25:19,87.97,27.57
82e321af7534ba70a73929d2e4c2cf36,1,1a8c8d4e86c3b6d020f42b5621825ced,d91fb3b7d041e83b64a00a3edfb37e4f,2018-08-13 03:15:16,36.29,8.94
83262941cdb645f93d2446a666571eb4,1,15bfe701fea63d0f6384b743e492b3fb,d4828feed4cda2cd9d6b37899a95a71e,2018-08-13 00:45:12,39.9,22.21
8346e642eb8d376b57cddc53b6118a3a,1,ceb9200bc33732558224476d75815c32,cbf09e831b0c11f6f23ffb51004db972,2018-08-03 10:10:07,53.9,23.18
83473068577d922cfe5ce5b7f409519d,1,34c00d434e284d60c72377a53b0cce67,b494891378bd8f4560abe576c52deacd,2018-08-08 22:04:39,124.9,9.62
837b75362f8a7c08c85182dfd16cb72d,1,5861217c6b00a886e28a101167dbb1e1,fd386aa7bed2af3c7035c65506c9b4a3,2018-08-09 04:15:33,15.55,8.29
83a2c8f38977e68d54c3c28a49c6cb99,1,e27477bc051dcfafd523c6064551bd25,1025f0e2d44d7041d6cf58b6550e0bfa,2018-08-09 14:45:19,110.4,11.79
83b38224c814740db730aad1c72c7a3f,1,a72d9b5dc60e2abd5063eba3b18d1e86,218f991754f360af9c2daa5e0b8e990c,2018-08-10 10:30:14,189.9,16.43
83d0c85dbcc4f41c0608144b122c4034,1,5d62f99d108e89a12c45ef89f625b4cf,457fe919b032a3f7dadba6fb92cf7855,2018-08-10 15:04:34,39.9,9.03
83d0c85dbcc4f41c0608144b122c4034,2,5d62f99d108e89a12c45ef89f625b4cf,457fe919b032a3f7dadba6fb92cf7855,2018-08-10 15:04:34,39.9,9.03
8458b41c26bf20ba9b4ad514cacd4b2a,1,7763c967c82c3f53fd256b1c786cd363,612170e34b97004b3ba37eae81836b4c,2018-08-16 12:45:15,171.9,28.48
845faa625ef6a2b4549edd96a4bb7308,1,9393c06fcb6d7bc8e988eea2a0ecc64d,3d5d0dc7073a299e31fa718ce1bc00b6,2018-08-07 20:24:13,55.0,18.54
847e04c1fabd29748790e74c1430c603,1,662eb743b41155e398e7fdd5d4cf5a3a,620c87c171fb2a6dd6e8bb4dec959fc6,2018-08-09 20:25:19,39.9,9.21
84b3b056e8c005f680939ef08864292d,1,fbce4c4cb307679d89a3bf3d3bb353b9,c33847515fa6305ce6feb1e818569f13,2018-08-10 03:25:00,149.0,51.33
84ebcff41a92fda70c984a3ef76d1237,1,cdfbf89ab41de77f2bc60c0194c00d37,ef506c96320abeedfb894c34db06f478,2018-08-07 19:23:54,29.99,7.47
84f40c055bf1ed329fcf2f4ec4e9e9df,1,756eab67d3c0edae186c4617412c056b,edb1ef5e36e0c8cd84eb3c9b003e486d,2018-08-06 23:24:19,1095.65,25.77
8501926dd0837d694fc5af339c02a6b2,1,093cd981b714bcdff182b427d87fc8fc,001e6ad469a905060d959994f1b41e4f,2018-08-13 23:05:23,250.0,17.94
852f05d982b898131361f787c7d787fe,1,1f7164d40ac0579d08c5b77af30f8dd0,1e8b33f18b4f7598d87f5cbee2282cc2,2018-08-07 16:44:18,189.9,18.54
8556edd77123b5e04862b951269eabed,1,4c303e0fd131aa3fe487c108b5aa8c06,0a85ebe4e328db81ac9109781205e2f7,2018-08-09 04:24:39,79.9,13.29
8556edd77123b5e04862b951269eabed,2,48cd33248ca35fac04a3b751ac966810,12c2ed9cded6138cf0c75f525f565fc7,2018-08-13 04:24:39,99.99,13.29
857abe904c90d0275b09c225b87d7f8d,1,a35a9f46dcee0a67c8c7ad8493eb4135,85d9eb9ddc5d00ca9336a2219c97bb13,2018-08-15 18:05:22,24.9,16.36
859baae7fe80b6ffdc2904cc16e16431,1,f734cc43e615be8b85d014e3c5b52a3b,ed46f1eb4a638113deb2a1137b5f22e9,2018-08-08 12:45:15,1150.0,53.68
85a81c0e39303d994f18f70782aea630,1,740281a23898e6af55b5aad34a41f0ad,f97e2b0650c2068227e1d366140eb62f,2018-08-17 20:30:22,275.0,46.91
85a81c0e39303d994f18f70782aea630,2,740281a23898e6af55b5aad34a41f0ad,f97e2b0650c2068227e1d366140eb62f,2018-08-17 20:30:22,275.0,46.91
85c8b9409449608b5f5c6c0a66c9146a,1,f2d15dbc857e5597dbe82236c424cd79,6f229cc508fc6915ed5c499efd93baa4,2018-08-07 09:45:13,379.9,59.43
85cfaced617bb14d7aa5eeacad8c6ee4,1,1ca5c007b08c0c47cae4809750e4c6ad,6fd52c528dcb38be2eea044946b811f8,2018-08-27 14:30:43,58.67,13.07
85df9618973ec5807b30a864e352599f,1,bd6e6fce9ada76ea2db0f1912e8e478f,1835b56ce799e6a4dc4eddc053f04066,2018-08-07 20:15:13,56.99,19.59
85e84e0247a114a9d610cb0a24710ad3,1,065ced48dd97c1b3322fab19e5844542,83645b1645cdee8953ee54c29ceed564,2018-08-06 03:05:21,59.9,18.52
85f1556f734e21409383816d518c8101,1,9a81ff03e62cb56207c77fc1e718a4c4,4aba391bc3b88717ce08eb11e44937b2,2018-08-09 04:55:24,102.0,15.16
861135e965db93780ab935ee79c6a68a,1,120fa011365fc39efe382cba4e50999e,da8622b14eb17ae2831f4ac5b9dab84a,2018-08-09 04:30:20,179.9,13.56
8618c8cd264cece4218bfa403bdc4b14,1,8df319d9f48776cb857c83625848367e,14a08204d03bb6b6bde8029f801ae0eb,2018-08-16 03:05:12,135.0,16.05
8624511aa767a83ed91a47c158320964,1,af0a99476d96dcc1a1baa7c0d9ff6b9d,04308b1ee57b6625f47df1d56f00eedf,2018-08-20 15:44:40,527.9,21.8
862510fc0a355d6cfe5c4add63ae9566,1,3e19791ee3fa124c96da5a87616794ac,e2c92f9c1c7746d899d18f2e158bbff7,2018-08-09 16:15:21,161.0,84.0
865eeebc1cf8c4134e81028fbf1b12b8,1,af2d506fb01b724e03591349ad36b67e,4b9750c8ad28220fe6702d4ecb7c898f,2018-08-07 15:50:16,48.9,9.09
866e0f3023c57babaf95164f170317e8,1,330144665b875c2b4555f88d9f4ed7c1,620c87c171fb2a6dd6e8bb4dec959fc6,2018-08-08 15:15:22,199.9,20.59
867d8052e7e00c74f4a3dc15943ae847,1,9217cd4b28552bdbb33d5eab7036c9c0,3d5d0dc7073a299e31fa718ce1bc00b6,2018-08-09 04:44:41,12.0,18.23
86b92e30ce5d2f2db1a0c9821ac483bc,1,830345ab5d2e365c7c6b91459119ea2d,05ff92fedb5be47920fea08e501238b9,2018-08-09 21:45:14,478.04,26.15
8709d432916bb32dfc76488bde2bd31b,1,ca078ba5884f07fd8e2ec7f7b13556f1,2a84855fd20af891be03bc5924d2b453,2018-08-07 20:23:57,49.9,15.45
8733317e2e5debfd2f5d513f545ba3b0,1,8fad1e543221d7d6867e756d4bc5e286,b2ac621f0d0322434d04a12b078b9369,2018-08-08 23:45:08,45.0,15.42
8733c8d440c173e524d2fab8025063f4,1,8c2f7d1e586af9f4ecd42ffa5ffc4216,65febd49fd28ec955651299159b1f527,2018-08-07 17:10:15,149.99,16.35
873c916c2bff3ea61a59f7bf7f0879c2,1,e7cc48a9daff5436f63d3aad9426f28b,53243585a1d6dc2643021fd1853d8905,2018-08-10 13:45:19,170.0,21.46
873c916c2bff3ea61a59f7bf7f0879c2,2,e7cc48a9daff5436f63d3aad9426f28b,53243585a1d6dc2643021fd1853d8905,2018-08-10 13:45:19,170.0,21.46
87466e583daa1445bfc03e595265cdcb,1,ad2cfa7f56da484302e01318376548a3,cac4c8e7b1ca6252d8f20b2fc1a2e4af,2018-08-08 21:45:15,49.99,12.65
874a7690bc049bd4ce210d195bdfff7b,1,cac9e5692471a0700418aa3400b9b2b1,36890be00bbfc1cdb9a4a38a6af05a69,2018-08-07 13:05:26,97.1,8.84
87ad518d2d4ad356d66440d337c509de,1,b05ec8d9cabec69e637318ebba813a09,cc63f0dd2acba93ffed4fe9f8e0321fa,2018-08-09 16:31:15,126.99,27.19
87ad518d2d4ad356d66440d337c509de,2,b05ec8d9cabec69e637318ebba813a09,cc63f0dd2acba93ffed4fe9f8e0321fa,2018-08-09 16:31:15,126.99,27.19
87bad43228f375c518a80fd2cdec8e17,1,d04857e7b4b708ee8b8b9921163edba3,9f505651f4a6abe901a56cdc21508025,2018-08-09 04:10:21,74.99,8.69
87c883900b2dc61189bb316c6c00250d,1,e73a764ace9b74b912bea28a731f60e0,7dea6f73af847b42cc3985bd620f994d,2018-08-09 13:10:14,175.0,28.18
87d28de656e647d923b2d821a32c79c4,1,c2e2f746cdd48da2d45b17f3fcc4575b,7994b065a7ffb14e71c6312cf87b9de2,2018-08-09 00:50:19,85.8,16.79
87daa04cf49273df4f787a55b303e1a2,1,bc0f31b5e89dfeba8169ad1123d44d2b,5b664594895aefb418afaee6d40a9a23,2018-08-13 21:35:18,69.9,18.59
880e262ca224fc654e306f76653f4d25,1,aef74719b37c2e1d6be96b4e50495ad0,54a1852d1b8f10312c55e906355666ee,2018-08-08 10:24:00,79.99,18.36
8835bc08d0bba62b3f65c7903126fa49,1,904a9e449fbfd90da738ab70ae6ca003,f262cbc1c910c83959f849465454ddd3,2018-08-08 13:44:22,59.99,18.52
885a4bc7ab1c81c53d7ea58b81bb90ef,1,257452f5af0c5b1bda43fecc770f335c,5d76d80a2f5f39c891b996a1bf4c9853,2018-08-07 16:10:19,195.0,19.47
88a7f34793df2b92c81d02a09cec8e89,1,29f21b78dda7fd755d89ed7cb57ca813,fcb5ace8bcc92f75707dc0f01a27d269,2018-08-13 04:44:43,113.25,16.98
88d707d3bef4ca2fc83d34f2d899dea4,1,142e24ca1186ae5c0a12a6c315bf43fa,e70053bf73d1b5863932e53a9fa47496,2018-08-09 16:31:14,789.0,13.68
890c646ac2f95965fe8b02b81cfcdc5b,1,d017a2151d543a9885604dc62a3d9dcc,6560211a19b47992c3666cc44a7e94c0,2018-08-07 13:04:10,49.0,7.6
89243c8b1f29ba7a225bdad8061fb473,1,02d5d374678728b3af7bd59ee012abb4,d91fb3b7d041e83b64a00a3edfb37e4f,2018-08-08 14:10:14,40.7,18.39
8953a647003d73790117d36c57de87b8,1,df4742649bd28492e5e306d2742cdfcb,c679fb69a36e1d8349e8c50a217b4d58,2018-08-09 17:24:21,55.98,9.7
8953a647003d73790117d36c57de87b8,2,df4742649bd28492e5e306d2742cdfcb,c679fb69a36e1d8349e8c50a217b4d58,2018-08-09 17:24:21,55.98,9.7
897abc3130a6d4c579a229b45349f611,1,5115d8cd6438c0c4d8abdf38d5d41ebd,6560211a19b47992c3666cc44a7e94c0,2018-08-07 13:15:12,69.0,15.58
89875b3e82ac7361593b7c13d1ea5a02,1,fc7138a8f96aee8302e42916bbbbb818,28f10b1c5e5abb9d4857745bede6147c,2018-08-10 03:30:21,17.0,7.39
8989ff6e6604e09ac1c199428637422b,1,078faa63eb55a5055713e141f098624c,34056b8b55c1775a22af2331670a799c,2018-08-06 20:05:18,64.8,27.4
8a268898598fdef7f8a38b795bc111d9,1,4fe644d766c7566dbc46fb851363cb3b,c31eff8334d6b3047ed34bebd4d62c36,2018-08-14 06:05:47,69.99,23.29
8a56969338e5970acc6a4e8d0e0c92a3,1,cd4433e613b80ca07e19c5c626aee51a,fdf736c18c589ed030e058312203e1b2,2018-08-09 02:50:32,30.0,14.51
8a57df5bc496d7439886b2f23b58f56e,1,38db388d2fc1b20662fcfd3f38b0be28,f125f3a310c2e5f822d116147de1e474,2018-08-06 18:10:18,151.3,12.08
8aa454f4a1257f74aa178aba255e7cf7,1,adaf53b4c04b9aca88c0f5c9ba4c3880,16090f2ca825584b5a147ab24aa30c86,2018-08-09 15:50:24,129.99,9.07
8abad7f94ac09beb87ae2286a4964e7e,1,d320834f42a07dcc3cf09805bc8c7001,edc518ba25576a0188a0e8f2c3af186f,2018-08-14 20:30:18,320.45,20.01
8b01dbab48de4c2a6edcca84a1798df0,1,12fc9ab82dd45f3824881d94f79edb38,116ccb1a1604bc88e4d234a8c23f33de,2018-08-06 12:31:09,14.0,8.29
8b030516b5067d6a711fad2df0bab663,1,4c1402c34f16afeb4c737aeaaf23fd0b,0417b067eeab773d2f7061a726dc477f,2018-08-07 12:15:23,199.99,86.61
8b0bfe5491af8bcf2015a54522f50a9c,1,426844dd9ed9ae105a5d4b3f1e18becc,acb6c2ca5c82411c1fdb88d5fd5eb95e,2018-08-07 17:04:04,22.9,18.26
8b249044e8ce6377509b32dc840bfe76,1,a62e25e09e05e6faf31d90c6ec1aa3d1,634964b17796e64304cadf1ad3050fb7,2018-08-09 07:45:12,105.0,23.89
8b5512b2679b86761e6aadc28ed91762,1,08a20557431a9fcad3a08aed08811e14,de0c78824586e9a5f5f04fd84e25df39,2018-08-07 14:50:14,201.9,19.56
8b5bc96af9b784e1819b28162f0ffffc,1,feee7d52babf4002f100a79183eb7989,1d1bbb8ac1581824986f582583fff01d,2018-08-07 14:50:18,31.99,22.15
8b75c1d5d99e30c53acf26bdfd1f29bc,1,a2da86fa759178e9e58e54aa1a144e59,ea8482cd71df3c1969d7b9473ff13abc,2018-08-08 20:44:31,24.99,7.44
8badb85035ae9283c53e42b0ab697410,1,2722b7e5f68e776d18fe901638034e54,3d5d0dc7073a299e31fa718ce1bc00b6,2018-08-08 09:30:38,37.9,20.54
8be26417e499e19c531a3ebfd1b14c20,1,6cdd53843498f92890544667809f1595,ccc4bbb5f32a6ab2b7066a4130f114e3,2018-08-09 23:05:14,364.0,64.8
8c077233d04d9bca0a5bef45afddf354,1,94475071013412139f862c0bd7e3bb37,955fee9216a65b617aa5c0531780ce60,2018-08-07 04:10:24,42.0,15.39
8c0d6c9f5d9beccd28f857ceb4ae162a,1,f521813909e310116b6b2f0b11f3dd44,09f952a5f58d2285b0372551ae8f9b01,2018-08-07 23:35:14,101.0,19.9
8c3337e8848790574f8d28f6591afbb3,1,77da35d9e8023abd25ed7a92d9a65288,e9779976487b77c6d4ac45f75ec7afe9,2018-08-08 16:15:15,64.49,37.36
8c552a81cd185f54e557a0c955602a75,1,50cc66c6e578448681d7f5951979db3d,c33847515fa6305ce6feb1e818569f13,2018-08-10 03:30:21,49.0,17.98
8c552a81cd185f54e557a0c955602a75,2,193c2cb87c6687a9da7f8ec495d19382,c33847515fa6305ce6feb1e818569f13,2018-08-10 03:30:21,49.0,17.97
8c572f3e9b363e7ef4cc144968a64e9f,1,1d0b9497ac4f258fbd822c52ff61b5f4,1900267e848ceeba8fa32d80c1a5f5a8,2018-08-03 18:31:27,30.0,12.87
8c9e68d34aa382d77160f9a1190037ca,1,4ca6bd836f1e0258402fef06caa9d405,cc5a78bbad32776dc4e3af205218368c,2018-08-10 14:10:15,27.24,11.92
8c9e68d34aa382d77160f9a1190037ca,2,4ca6bd836f1e0258402fef06caa9d405,cc5a78bbad32776dc4e3af205218368c,2018-08-10 14:10:15,27.24,11.92
8ca57f2b32c00588cab243b2115441f5,1,5cc37c2c2b8ea0c98010d1ee6028e45b,b32be1695eb7ec5f10f72d9610a12527,2018-08-09 06:45:09,1349.0,131.73
8cd5aad1cedb4a08e019072b76d6ec9d,1,78eacca1151432fda7271e7e53e49720,b561927807645834b59ef0d16ba55a24,2018-08-13 14:35:13,18.0,7.39
8ce09fabe89667119f813bcaa531e675,1,7052c556fc966a2321d570f3c5a8790f,99a54764c341d5dc80b4a8fac4eba3fb,2018-08-07 18:15:12,7.5,7.39
8cfa7a16b03f825c01508778166f12f1,1,d017a2151d543a9885604dc62a3d9dcc,6560211a19b47992c3666cc44a7e94c0,2018-08-06 13:04:15,49.0,7.6
8d0900d0d09c0b9075a5f00513991a70,1,0281221c8b9fdc713111952393cba4f3,1da3aeb70d7989d1e6d9b0e887f97c23,2018-08-07 20:45:25,12.0,12.79
8d2ca1078f464825b9e902aaa37e0683,1,2ff995aead9c63a1f37a07b3664ead37,8b9d6eec4a7eb7d0f9d579ce0b38324d,2018-08-09 11:44:46,74.99,44.33
8d71c4f38d584ca7e192f7e02dd592f1,1,0daacc5e5ecc8beeaccc9e5b96c30f70,da8622b14eb17ae2831f4ac5b9dab84a,2018-08-08 11:05:23,19.9,8.89
8d87a1565de3eff8cb87fcacd8ba101b,1,cd3de1984e1a77b441e1b39b8e334330,391fc6631aebcf3004804e51b40bcf1e,2018-08-08 13:45:17,59.33,14.0
8d87a1565de3eff8cb87fcacd8ba101b,2,8814a3da37fb9673a5ac06f82a2a00a9,391fc6631aebcf3004804e51b40bcf1e,2018-08-08 13:45:17,59.65,14.0
8d96631a10824fcfc4c8c0a0f73bfc27,1,1f689385c7b14e8d5c593a1045c82776,cd06602b43d8800bd0afad514919d35c,2018-08-09 16:31:15,43.6,16.5
8da7a1c49a88ecf2f5a92925c9333af1,1,774bf54401ea79ee6962d25b605716dc,06e5eefc71ec47ae763c5c6f8db7064f,2018-08-07 13:24:13,499.99,63.78
8dc8685118410f97bea9569d280d64c4,1,498f5440a31fbbe53a970262af00cd5b,977f9f63dd360c2a32ece2f93ad6d306,2018-08-07 15:44:03,29.9,13.79
8dc8685118410f97bea9569d280d64c4,2,498f5440a31fbbe53a970262af00cd5b,977f9f63dd360c2a32ece2f93ad6d306,2018-08-07 15:44:03,29.9,13.79
8ded9e858af4bfcc66b2bfd35b762268,1,5215505db2113a032810c3644c346a38,6560211a19b47992c3666cc44a7e94c0,2018-08-03 13:50:18,119.0,15.93
8e3aafa608957bdc2ddb74b7d9a7a559,1,17a116d0390ebc37c44ecfd8c6e36d00,a416b6a846a11724393025641d4edd5e,2018-08-09 15:35:16,103.95,15.04
8e43f2c9b150b717ae56640b5fb64150,1,14d2c4a849afdde0e39ffad27a1dfc56,d91fb3b7d041e83b64a00a3edfb37e4f,2018-08-08 11:15:13,44.4,12.04
8e7c4bc6f83390fd197e3494442f1925,1,50571d0f0f8ffbeec1c64cefeec01135,d57e18d5f73c7ccb7f7339b61166898d,2018-08-05 23:45:08,83.9,9.34
8e7f3b97378d8df36ad1b2c206db009d,1,31b5755dd3e583e7c227a935657a818f,8d956fec2e4337affcb520f56fd8cbfd,2018-08-08 00:50:16,80.3,7.82
8ea8033700913a32e94988adbe26d5aa,1,c8cfa622661e047ea2499f8bce4731a5,4b9750c8ad28220fe6702d4ecb7c898f,2018-08-06 21:55:13,134.9,9.69
8ebe945989d8e36075f1a141e40968c7,1,cfb79bfbdaf59cfe2e9ae0a071451f32,f7ccf836d21b2fb1de37564105216cc1,2018-08-06 05:10:26,39.0,13.85
8f1327c6715c7cc4ed142be589174903,1,c5e19a898511a0e8b60bd98fbc1d72eb,2d2c62bef4c8ba0dd74e0e228e808539,2018-08-09 19:35:16,220.0,38.67
8f31b05b300b9648b988906d899b97e1,1,863c150f7756157ab06ad61737ce9a16,d9bd94811c3338dceb4181f3dbc0c73e,2018-08-07 15:50:21,109.22,9.52
8f4dff9c7bdbfd26aee6064637637f24,1,060f0122cdc8f25db4a0d7359fdae7b0,6560211a19b47992c3666cc44a7e94c0,2018-08-07 11:04:09,49.0,7.6
8fb847d8f402a68dbcfdeac4cf2375c3,1,c675a92a4c74be0ba60aa506ae21e47a,612170e34b97004b3ba37eae81836b4c,2018-08-17 11:10:12,239.9,19.78
8fb95e274c827ed766c4833f1376e400,1,a6ad77b15e566298a4e8ee2011ab1255,1025f0e2d44d7041d6cf58b6550e0bfa,2018-08-10 13:10:15,27.0,21.49
8fb95e274c827ed766c4833f1376e400,2,a6ad77b15e566298a4e8ee2011ab1255,1025f0e2d44d7041d6cf58b6550e0bfa,2018-08-10 13:10:15,27.0,21.49
8fb95e274c827ed766c4833f1376e400,3,a6ad77b15e566298a4e8ee2011ab1255,1025f0e2d44d7041d6cf58b6550e0bfa,2018-08-10 13:10:15,27.0,21.49
8fc088e94b10c2a02fcba1e2b69ec6fa,1,1600dcf1cea8c0c83702e07b577ab231,6560211a19b47992c3666cc44a7e94c0,2018-08-03 20:25:14,44.0,7.57
8fc3842e23d0010bd7f86eed9c0b3c78,1,f9b4f8ef12259efd919fbaf21f8f66a4,7ad32824caee82087b3e2e5f33b1bf32,2018-08-07 19:15:19,199.0,35.15
8fc45fcea7ef26a592a2f96dc5fd9b05,1,7d187801885842645486f00fb166f378,d91fb3b7d041e83b64a00a3edfb37e4f,2018-08-13 11:15:23,14.9,7.87
9057b899f36887819dff05586e5d11e1,1,826a5fa766c1c7241ffe63a2f3774d0b,7299e27ed73d2ad986de7f7c77d919fa,2018-08-09 20:05:01,149.99,22.8
90583aeed06ff85179fe55dc956ce115,1,da02ed24d3cfd1ef9e90a96964a72cba,980640c45d7a4635885491d077167e4d,2018-08-10 04:15:28,54.99,18.49
905abf7e67aedee76e5974a22bcef8cd,1,936a034fe3b07b7ae7c87fc8ceb0749d,6560211a19b47992c3666cc44a7e94c0,2018-08-07 10:50:17,249.0,16.84
907424cd045f2dcb775507e367f9ab60,1,37ba623c5ab34ea8b964009a10e87126,fe2032dab1a61af8794248c8196565c9,2018-08-13 03:45:17,259.0,9.97
908227fe95698325710fe450d4b7018c,1,d1b1a0e78589ee89279d0be1e4a8b905,8a432f4e5b471f8da497d7dc517666e2,2018-08-07 00:44:11,69.0,14.79
909b69f5894c4b1a14264b64f98b4e10,1,7dd3fec3502f7ef333da2a73e00db394,26d8a1c7c75d513045798992ead43aa2,2018-08-06 22:05:14,299.9,25.25
90a1136478f67bd64771c2005599a559,1,3dd2a17168ec895c781a9191c1e95ad7,de722cd6dad950a92b7d4f82673f8833,2018-08-07 12:05:31,149.9,23.77
90a35d6c7ac144ef7398458a2beb3963,1,eb6913790ee61d3d4d8dffcbbedea827,382229d1e840115ffe3dbf5ff460e417,2018-08-06 14:50:20,29.9,15.31
90e6c18b53175478f9663465aa3b6f6e,1,b84520a57891e7a8ae2c68741dcc7146,6560211a19b47992c3666cc44a7e94c0,2018-08-07 04:24:04,45.0,7.58
90eb7899e0ba01c27fc128e31e0c872e,1,02851253400fd18410f8eb4369cff9e1,cb6c9f5888a7a090c75beaf615925792,2018-08-08 12:05:14,114.9,27.78
911655697632aa4dc54e0cd37cc360a0,1,443b89efbe906613ae1def8cd36fc872,0873d9f8f36123f8d910f4760e788cfb,2018-08-07 17:30:42,879.33,13.42
913ed16681197337e68e936fc28b8370,1,69523f67543ff9ea6b1a15858fb59b3b,6560211a19b47992c3666cc44a7e94c0,2018-08-07 00:10:34,58.0,13.07
914a491b0919b0205dc6fe31c052ac49,1,41c24b8ce92d1a2cac62db5edfd088b2,4869f7a5dfa277a7dca6462dcf3b52b2,2018-08-07 18:32:08,102.9,51.44
915e61444d403c1c57fa206962c3e60f,1,83e68070fbf16ac859fc13285a5ba9ba,ef506c96320abeedfb894c34db06f478,2018-08-08 17:25:09,49.99,18.45
917fa92d0e4a7a2297aa28d79a35b64d,1,d1c427060a0f73f6b889a5c7c61f2ac4,a1043bafd471dff536d0c462352beb48,2018-08-09 16:44:53,119.99,44.64
91a4048535e7c3a499d28e56430d7c6a,1,fbce4c4cb307679d89a3bf3d3bb353b9,c33847515fa6305ce6feb1e818569f13,2018-08-07 20:15:16,149.0,44.84
91d34a183e2eae29ccb607481a4d8ca5,1,274d4e727ddbeb7c392ea2e551e3a77d,4e06067cc08b3f41d837768d392c3ee3,2018-08-07 19:50:08,7.0,17.06
91d95fd4dd24e83041031228370438b9,1,51f69f174d94a288c7c6d03095ccea9b,562fc2f2c2863ab7e79a9e4388a58a14,2018-08-07 04:24:17,29.99,22.93
91e573f4d0f3c29490414ff2f58a423c,1,595fac2a385ac33a80bd5114aec74eb8,289cdb325fb7e7f891c38608bf9e0962,2018-08-06 13:04:19,116.9,15.92
91fb016286a84fa7006aa6033499914b,1,5c7dfdd3e6d851f08d3cfe8213747ff5,ead2bab70821ea148476ae9bc08548ac,2018-08-03 17:30:19,63.9,23.17
920c5e9d5a8a142e714aed65b5e06f8f,1,d068b5273f2823a2b01f34b7175c5e50,c679fb69a36e1d8349e8c50a217b4d58,2018-08-13 04:15:21,52.98,19.56
927a7c08b956e780d1a418ec9b5b1551,1,44231a850e5be11ed6374fab222ff49f,04308b1ee57b6625f47df1d56f00eedf,2018-08-20 08:50:26,527.9,21.8
92ae7ea2c6f759b8aa53b32b59e0d142,1,40e9fb75d3f96d5cca8fe7af35675ed0,4e17c65a516f69d023a2ae78b84f28d6,2018-08-20 15:05:17,81.9,13.23
92d7bb51e2c6778f7a049b89cfd52870,1,71a6eaa72a4e40ad63210b0f88fb65a9,fcb5ace8bcc92f75707dc0f01a27d269,2018-08-10 15:24:52,24.99,13.76
92f144c6732e7617d13768d337193453,1,9783237142769b3f294c1dfb6a1cf69b,138dbe45fc62f1e244378131a6801526,2018-08-09 04:44:39,19.9,22.86
92fefd2a79d30d262d8999fee6937d4f,1,810e2944bca9850b934e1570ba372e7d,1025f0e2d44d7041d6cf58b6550e0bfa,2018-08-08 17:55:12,78.0,41.53
9321040d6f0176fc3327a596dd023d6e,1,69523f67543ff9ea6b1a15858fb59b3b,6560211a19b47992c3666cc44a7e94c0,2018-08-07 18:45:14,58.0,13.07
9321ce4aafa9151ff2b57775c8d1ff70,1,c3798d484fb730f0b5c23af0d5361595,6b90f847357d8981edd79a1eb1bf0acb,2018-08-06 20:05:15,15.9,7.39
9327dfbb07028fce8769daa61e598891,1,727a46f0b58a9ef165af9f7ebcfebfa9,e9779976487b77c6d4ac45f75ec7afe9,2018-08-06 15:04:30,19.49,7.88
9327dfbb07028fce8769daa61e598891,2,727a46f0b58a9ef165af9f7ebcfebfa9,e9779976487b77c6d4ac45f75ec7afe9,2018-08-06 15:04:30,19.49,7.88
938ceb503f66e3598a6e79a24745ac16,1,73bcea88583002fe12b7399af4ae60da,4869f7a5dfa277a7dca6462dcf3b52b2,2018-08-07 04:24:12,115.9,18.91
93ae3d70a721582a8c0a1d28d804f947,1,12f996b4a20f364ff8b53e086e0bff8c,14a08204d03bb6b6bde8029f801ae0eb,2018-08-15 21:04:54,45.0,5.6
93ae3d70a721582a8c0a1d28d804f947,2,d7252737cad49d030f9ce83b50249120,acce39e832338debb07b02385cde5967,2018-08-09 21:04:54,129.9,26.68
93cb3576b5e361f46b9a9f1720a3eb06,1,5716717fcac28d7783b530d6678cecca,412a4720f3e9431b4afa1476a1acddbe,2018-08-07 14:31:43,29.0,8.95
943035d73ee455c651564e940e946391,1,dc52f0f5d3ec37a93eaf956cde4e5d2c,6560211a19b47992c3666cc44a7e94c0,2018-08-09 04:15:30,49.0,8.5
943f6c7b262e40ec0526ff87156fb401,1,4e2fa5131fc9956bb6a6b9e84b39e798,3c010235b7345c92f125d14ee232a76b,2018-08-12 21:04:35,195.0,68.51
9450a19a745c16784964ea86003dc665,1,78976d6eae26536628ef574944bc7b0f,ca3bd7cd9f149df75950150d010fe4a2,2018-08-10 03:10:29,425.92,61.58
94534dca4b70b22116250b471102602e,1,7814c273ab16783d73a9863ebfa8b141,1025f0e2d44d7041d6cf58b6550e0bfa,2018-08-10 16:24:38,230.0,49.98
945425732a4ff01eed5bfc09c1d5bd7f,1,73326828aa5efe1ba096223de496f596,d13e50eaa47b4cbe9eb81465865d8cfc,2018-08-09 19:15:20,82.49,13.24
945977d780700b75a6eb2ccd81566d4a,1,7564c1759c04fc0a38f2aa84f7a370ee,6860153b69cc696d5dcfe1cdaaafcf62,2018-08-03 13:20:10,45.97,13.9
9460e47bf3fddcb92a2bc8023ae541b2,1,b71a01ab82c040ea808839190ff8786d,0be8ff43f22e456b4e0371b2245e4d01,2018-08-08 17:04:17,109.9,15.87
9476b4b16d22b40903f24895e4038590,1,363218ba55c610b750224f90bdd34be1,33a6f4b1e7cdc205511e76ba1b6e0186,2018-08-09 00:05:33,74.99,18.33
947b612f269cbbdaa438d55bb70f1baf,1,20531b0644a0719b8d506c4db3c56609,ce7d1888639e6fb06b2749cbfdac1ff7,2018-08-13 14:05:14,138.0,26.34
949685852c781dc1ceefe5810f2fbc27,1,be157a92e815713738a71a0defb96c65,750303a20e9c56b2a6bc45cdce0b897d,2018-08-13 04:15:33,104.9,23.88
94b3244b8c0ad78eb455a0638d92b351,1,cfdc07d05c8c2c2ca22d746294ba0d3a,b19f3ca2ea475913750f25a5c37c8d8f,2018-08-15 20:30:15,269.89,61.12
94cab359d45ddd582953e6e793a9724c,1,8f6830779a08a96560ec9f10e13d8fc8,ef2fbc2b607d8492bcffe657a4645434,2018-08-07 11:44:11,18.9,15.23
94cab359d45ddd582953e6e793a9724c,2,8f6830779a08a96560ec9f10e13d8fc8,ef2fbc2b607d8492bcffe657a4645434,2018-08-07 11:44:11,18.9,15.23
95160939719ddfef2f951cc36e468567,1,4deb009c36a910076a023947a7929201,6a38087bc8ad4f89ff453561005f6dea,2018-08-08 11:10:20,49.9,7.93
95329bc75845ea5b52290fba0e025e0f,1,205448428c05215b1d0bd5c9d2a1ee3c,b2479f944e1b90cf8a5de1bbfde284d6,2018-08-08 23:24:14,19.99,7.66
95329bc75845ea5b52290fba0e025e0f,2,fafe25fbb0bcbd7b5112ab0070940790,b2479f944e1b90cf8a5de1bbfde284d6,2018-08-08 23:24:14,19.99,7.66
95329bc75845ea5b52290fba0e025e0f,3,16d13ab2d640065882cddcafa3359116,b2479f944e1b90cf8a5de1bbfde284d6,2018-08-08 23:24:14,19.99,7.66
9537e35e835d4ae6b7b219b8b2e36817,1,914c9e9af640dd56f48764a225b00f89,7c67e1448b00f6e969d365cea6b010ab,2018-08-21 02:50:37,89.98,52.67
9550c6dde457784adf6688cea59cd6b8,1,421fbb32d56489554d727fbd4b2fa65d,8fbe2ee446b97e128471be4ce983dc0d,2018-08-07 13:24:34,19.0,8.88
95602660d1840a734d33125e90ce2b00,1,f3ea2d1b49592d576d19a27fc400392a,f46490624488d3ff7ce78613913a7711,2018-08-08 05:15:19,219.49,8.8
95640f66424853e44e3ffb0cdd8974f6,1,45eb55dab5f1c8e2af8b2d4ca4e6aa18,c026ef0d72e9132d9fa112308090c8dc,2018-08-09 11:50:11,520.0,37.72
958064d074b8767d4e9a988f63c1633f,1,ca8b9b8192b5fd79de43cf6480c6cdeb,0691148aee60ca47977c187804f935ae,2018-08-13 04:44:39,35.9,13.59
958064d074b8767d4e9a988f63c1633f,2,ca8b9b8192b5fd79de43cf6480c6cdeb,0691148aee60ca47977c187804f935ae,2018-08-13 04:44:39,35.9,13.59
959e7a4f6f98f189da64a254d9937313,1,11e02f2cd150fa54525a1109f61ea2de,289cdb325fb7e7f891c38608bf9e0962,2018-08-09 20:45:15,109.9,14.11
95a73758f9a0f238d54fbdcc11617ee4,1,53a19e181057f10a84c7b2cb539c722a,e1dc0754bada9ee4cfe9713f22f61292,2018-08-06 05:05:16,85.0,16.79
95a79263ff4f759875074b9c5024edba,1,24c9d329963373e2fccaa3f3204db19e,7299e27ed73d2ad986de7f7c77d919fa,2018-08-08 23:15:18,69.99,18.59
95b1d0b73b19c6fff384a9036a89e484,1,a62e25e09e05e6faf31d90c6ec1aa3d1,634964b17796e64304cadf1ad3050fb7,2018-08-13 04:05:21,105.0,19.93
95c704fb2ac70f398a019de67a705ae8,1,3dc0d4afe9ff68f23ee2791a1ac909f4,77530e9772f57a62c906e1c21538ab82,2018-08-07 20:24:33,65.0,25.0
95c704fb2ac70f398a019de67a705ae8,2,573722511f4fc28539f3d8810a50ea1c,77530e9772f57a62c906e1c21538ab82,2018-08-07 20:24:33,49.0,6.0
95dda89c1cb224cddb6c5e1d81d4666c,1,94a6c010ef78e62cab34c6caf0a69b5f,080102cd0a76b09e0dcf55fcacc60e05,2018-08-07 18:45:10,17.9,19.04
964d26975fc593c3862d2478025f51cf,1,c5079acea9d34174b1948b00f599d2d2,980640c45d7a4635885491d077167e4d,2018-08-09 13:05:13,74.89,8.68
966c914d71ae9d1b59d440bcfc72d5cc,1,fe9dfbe7f974621789683b7b78be2a16,900ba814c251a692506d7834c1218441,2018-08-06 13:20:10,326.16,17.58
968f909d3fba4660b8936a2d6041a917,1,a01c3a8e3ccddf44069c082b1590f19a,fe2032dab1a61af8794248c8196565c9,2018-08-09 23:50:18,164.5,16.25
96bb1f97b225fb91cdfced5bbae3166e,1,ac8c6691c0c12c664b5629663bd2652c,ac3508719a1d8f5b7614b798f70af136,2018-08-07 04:24:02,159.8,19.22
96c2e97254411b014e9c6497388ae8bb,1,79e42c4fa2bde6e0c828d23c4fb7df35,6d66611d7c44cc30ce351abc49a68421,2018-08-07 23:15:15,59.9,16.61
9702b284912de5c57518af9f8220246c,1,3a3232c5a8df0895d04012fb058f4bbe,ef506c96320abeedfb894c34db06f478,2018-08-08 00:04:07,19.9,37.05
976fa354f6ecccd2abd6d95c676ab62d,1,875a509e10e1382ada98cd0c25f0a256,282f23a9769b2690c5dda22e316f9941,2018-08-13 03:10:25,38.62,18.42
977e3e5b3884ce2843710ee5f5a3d12a,1,dd32399c79aa851dc98bfcfdd385700f,457fe919b032a3f7dadba6fb92cf7855,2018-08-08 21:05:16,47.9,8.5
977e3e5b3884ce2843710ee5f5a3d12a,2,dd32399c79aa851dc98bfcfdd385700f,457fe919b032a3f7dadba6fb92cf7855,2018-08-08 21:05:16,47.9,8.5
977ec2dc0bff193996408d1631b22181,1,a0727420c4f72aa6600840eb1da0d3d1,8b9d6eec4a7eb7d0f9d579ce0b38324d,2018-08-07 02:50:37,135.0,60.18
97f6b2b72a0896062a87402113126baf,1,8370300e444c4394d3c3f878606a9601,4869f7a5dfa277a7dca6462dcf3b52b2,2018-08-07 08:15:18,299.9,20.2
980044cb2540e5978dc610bcc47bb9e7,1,0a4093a4af429dc0a9334300e5c13ae5,da8622b14eb17ae2831f4ac5b9dab84a,2018-08-07 03:05:21,29.9,18.31
9828f937ea8a8105f999b119b9d677de,1,ffa7e0cbe11656d11a117b534bb1db27,9b013e03b2ab786505a1d3b5c0756754,2018-08-09 10:45:18,18.49,7.39
983416e50ec1adc19bffa333e3dc5bdd,1,3360da0bdc5e96e78beaade20beeefa4,ea00f977a203ff88adf7057cb7806998,2018-08-07 19:30:18,19.99,7.4
9836847f32179c3ed12e8eb240440aa7,1,9faa5e4f81da9a1b33f8d8f3ed90e89a,acce39e832338debb07b02385cde5967,2018-08-09 17:25:00,129.9,44.83
984d7b91d51b86ce72cbfffc2dcdb8d5,1,31b8e7c2a22f3dba5183cc110bdd72f7,7d13fca15225358621be4086e1eb0964,2018-08-16 17:15:16,199.6,19.5
984e49046d60b48b8253d5147b886e1b,1,912d1fc21117a94dc8a67186df6010a7,7d13fca15225358621be4086e1eb0964,2018-08-16 04:45:03,110.65,18.88
9858c41d96443ebb71329d305f62302d,1,931541a73da8874f772b1fa532b99fea,e9511df20ccd82658a30c37b7fb343af,2018-08-08 01:24:20,35.0,23.05
988117e4f714ed70371d15b7063e0add,1,8b27cbcf8e5472830ab6ec2bd7a6b867,33a17d60c64393351ebf1ef860f4e0f2,2018-08-10 12:35:18,169.0,17.13
98886a41872c9df13b990863b330f710,1,4fe644d766c7566dbc46fb851363cb3b,c31eff8334d6b3047ed34bebd4d62c36,2018-08-13 15:04:51,69.99,11.51
98a6c523ea54e65d9320d388708b49d3,1,5a6eeab62396852f7d89b60ba3a73cce,1127b7f2594683f2510f1c2c834a486b,2018-08-14 04:05:17,59.9,18.52
98bd62478f45e100b026c030c5b0b121,1,ee34e3cf023de19e886e2a55f714ddfa,d0d70d21e2234dd7cd3cf63fe414148a,2018-08-07 08:25:09,49.9,27.3
991dc90330a54fbf3461dec5bf8226ec,1,49f19939bc5c8639e06c36d3bf01ee98,81783131d2a97c8d44d406a4be81b5d9,2018-08-08 23:15:19,113.1,18.89
9936b936a209fc553fd0d3790ea06978,1,efcef300fe9b2c558a8ea258127f6e6f,070d165398b553f3b4b851c216b8a358,2018-08-09 14:35:18,59.99,35.65
9936b936a209fc553fd0d3790ea06978,2,efcef300fe9b2c558a8ea258127f6e6f,070d165398b553f3b4b851c216b8a358,2018-08-09 14:35:18,59.99,35.65
9951937ab72b12a841cb4f931ac8bfbc,1,d686a8270836e457c1234578c0c7237b,165fc07beebdcb6190fba8a06db2a449,2018-08-08 20:15:20,79.9,22.49
995afafadabbc8e07804a5f08f096b01,1,c2a241928535e097a96aa157dfaa86b5,213b25e6f54661939f11710a6fddb871,2018-08-17 10:10:19,259.9,15.93
995afafadabbc8e07804a5f08f096b01,2,0615dcf981da53a5ca8777cd6a80361b,213b25e6f54661939f11710a6fddb871,2018-08-17 10:10:19,119.85,15.92
995b5da66f9cd51fa907e9a10e91054b,1,d1c2619dd30b8bc3c63f18ca9692660a,cc63f0dd2acba93ffed4fe9f8e0321fa,2018-08-13 03:30:26,72.0,23.3
997cd4e2027406aafa35d5c0e270fe1b,1,4fe644d766c7566dbc46fb851363cb3b,c31eff8334d6b3047ed34bebd4d62c36,2018-08-07 13:55:14,69.99,27.44
9991ee8a375a021fcb40b5ecf9902e5d,1,89411fc3098e56bb679697117c2055af,d6b1ce66b035a475f00c017792ff9769,2018-08-08 11:04:05,169.99,15.5
99a18b057d4dd4778d6f3a33ba498777,1,fb18a209851c75740dc49860261492b6,6b333a05bf188ef3e1f1662a86bd9855,2018-08-08 11:24:37,13.98,7.71
99f6d132908e686db5ad8db097e76aa3,1,394ccaadf8429703362e1796dccbf4d9,0743a0239d764b9a0f959a57d07e36ab,2018-08-07 17:15:15,98.99,11.71
9a44abc905204e1ab8b71a8b7cb4b838,1,dbb67791e405873b259e4656bf971246,e9bc59e7b60fc3063eb2290deda4cced,2018-08-08 16:30:50,61.4,8.17
9a503487f2a2141cfc220d61e43bd938,1,4a78f5e17416dcfec28c101279235838,e9779976487b77c6d4ac45f75ec7afe9,2018-08-10 04:15:23,99.9,17.83
9a50f016b349f16c4b2e42a4be02d1c3,1,6f1b3488c5314b527201978357a8d85f,240b9776d844d37535668549a396af32,2018-08-12 22:25:14,259.99,18.01
9a8ed77611006df4a507b6649200b71a,1,d04857e7b4b708ee8b8b9921163edba3,9f505651f4a6abe901a56cdc21508025,2018-08-06 13:05:15,74.99,18.63
9ad7523e9b0018cff18e52adaed6a3ae,1,a69e3d74b5056570954717a7efc806de,3f3486b61f45078d4f31ee5e43d8c5bb,2018-08-07 08:45:07,81.0,57.34
9b0159dd88a0319b71984d8d973472c2,1,57414a165829139b9b534f0b4a794fe0,a254c682cc01e119f83530446f1df9a9,2018-08-10 20:15:18,105.0,59.97
9b0608ab7dcbc73db0b62291f23c55bf,1,059ca09d32720d9adce3ae12e181339d,fe1b067411b8c5066e962aa146ccee03,2018-08-10 13:31:51,92.99,22.58
9b087af1d905d8987ae126797c9d15b1,1,6ac3978babf6ca76087369391bb6ce5a,4c18691b6037662be2df78a765d98ab5,2018-08-03 14:04:26,85.0,17.73
9b1648c7cc0c6b1ff9b380903bb559be,1,115e606ac8059e4cfa1c6c3310fb365c,1838dd9b8977065acf51d95e0053ea7a,2018-08-05 22:30:13,39.9,13.62
9b21580d9a140962daa66b493fa50248,1,4fe644d766c7566dbc46fb851363cb3b,c31eff8334d6b3047ed34bebd4d62c36,2018-08-14 04:44:41,69.99,23.29
9b28ecb03bbb9a5081729d9f822f46a1,1,1a053f9619cbdb4a83c0f61a68d01211,1da3aeb70d7989d1e6d9b0e887f97c23,2018-08-07 14:05:09,20.99,15.25
9b430d2eff640e354b1e8eacb8a30a2c,1,4f5ebefc2bff02e685e4cf546c88f9b3,157c3e4b42f81ac4a44e8b1ca2fe9876,2018-08-10 04:44:39,200.0,76.2
9b5efb42ba88b4bdef7e4a84b439acc3,1,6a23ae3187f1dac41b7210a8c7739d6b,1025f0e2d44d7041d6cf58b6550e0bfa,2018-08-09 17:04:14,35.0,19.33
9b5efb42ba88b4bdef7e4a84b439acc3,2,2ff995aead9c63a1f37a07b3664ead37,8b9d6eec4a7eb7d0f9d579ce0b38324d,2018-08-07 17:04:14,74.99,9.67
9b5efb42ba88b4bdef7e4a84b439acc3,3,6a23ae3187f1dac41b7210a8c7739d6b,1025f0e2d44d7041d6cf58b6550e0bfa,2018-08-09 17:04:14,35.0,19.33
9b871ac52352fe5c58010cad01550b6c,1,bb50f2e236e5eea0100680137654686c,f7ba60f8c3f99e7ee4042fdef03b70c4,2018-08-08 09:50:24,330.0,10.47
9b87b416a8eafa9023a1ade52ae320a2,1,4cb33e9787e8a38b82bd68e70f5f4700,620c87c171fb2a6dd6e8bb4dec959fc6,2018-08-06 06:45:08,229.9,9.95
9b8f3948f0476494b86f7785f7c1e848,1,acdff5faea9652b2230cbcf4d475a220,ef0ace09169ac090589d85746e3e036f,2018-08-09 11:10:10,108.7,15.86
9bb24e7d420a1f6492f0d5f543978944,1,43423cdffde7fda63d0414ed38c11a73,b1fc4f64df5a0e8b6913ab38803c57a9,2018-08-13 18:04:15,74.67,15.62
9bb24e7d420a1f6492f0d5f543978944,2,43423cdffde7fda63d0414ed38c11a73,b1fc4f64df5a0e8b6913ab38803c57a9,2018-08-13 18:04:15,74.67,15.62
9bbaeca96f9c4a3be4aa32aefcd1cd11,1,134afbb1d3ef60a407f8e4491dd63622,8160255418d5aaa7dbdc9f4c64ebda44,2018-08-07 14:45:18,39.9,18.38
9bc4a96e4a1d676280d0f8ead78ceadf,1,163da86e86f0089de089399c28c3fcbb,9f505651f4a6abe901a56cdc21508025,2018-08-09 04:15:28,99.0,13.35
9bcb423a861c6d643c7ce87c0cf4c7c1,1,18b0e642cbae7251e60a64aa07dd9eb9,85d9eb9ddc5d00ca9336a2219c97bb13,2018-08-15 14:10:14,22.32,15.26
9bd46627fb3249657cec3b1320aea004,1,e7d5464b94c9a5963f7c686fc80145ad,c60b801f2d52c7f7f91de00870882a75,2018-08-13 00:10:11,149.0,8.3
9c05cf9f770e4c24707995b849ee5212,1,9fe172fa8e662ca8572cf12abf8bce23,cab85505710c7cb9b720bceb52b01cee,2018-08-07 12:30:11,49.9,15.45
9c11cb61b9393edca31cfb6d985642a7,1,0bcc3eeca39e1064258aa1e932269894,1f50f920176fa81dab994f9023523100,2018-08-13 03:45:20,49.9,20.99
9c3225a3efe9fb83ea06492acb99d42c,1,dbb67791e405873b259e4656bf971246,e9bc59e7b60fc3063eb2290deda4cced,2018-08-14 15:50:19,61.4,13.77
9c3fe119bb87723856e0d807d2ddf37d,1,d1fd2ceaad67026458fe610f27c4c7b2,d91fb3b7d041e83b64a00a3edfb37e4f,2018-08-10 09:24:51,133.69,13.6
9c8922b42eceb3b3bffa3b3e098eecc4,1,157ee978f4fcdf8984b0bb33a6687fde,e9779976487b77c6d4ac45f75ec7afe9,2018-08-08 07:45:14,34.0,19.43
9c893d6ab03661d6f07382306b4de688,1,787268a8ccbecd1ae02d8001b61ca46d,4a3ca9315b744ce9f8e9374361493884,2018-08-09 08:35:19,77.9,35.9
9ce8bab700f7de85a07a9ee7d4e18ea3,1,750e3a9d8289e451a68398b2c697f119,f7315bb81aea4ddca2d39e249a801c98,2018-08-07 15:30:57,189.9,28.31
9d138733c51598bbcd3ea81678facf91,1,af893b2efa430418d774a852e7870601,8a432f4e5b471f8da497d7dc517666e2,2018-08-10 03:15:23,69.0,14.79
9d18163cf9d35e24677b08a21030866d,1,49e32ecc1547ad9af62e9c7de8197172,951e8cef368f09bb3f3d03c00ca4702c,2018-08-08 01:05:17,39.99,19.47
9d2542bf51fa5287da26940813c6c0fd,1,eb6913790ee61d3d4d8dffcbbedea827,382229d1e840115ffe3dbf5ff460e417,2018-08-07 15:44:07,29.9,7.63
9d490e0cc1734e6efc3c66e08acc7d3b,1,985917955434700f83de118d8978d560,26e13b6ff5b641b329e5524241ee2c93,2018-08-07 05:04:02,29.9,12.87
9d62401a06bbb0dc190562ce8b24f0c7,1,fadc89c2a60ff96b18827644074dfd70,53e4c6e0f4312d4d2107a8c9cddf45cd,2018-08-09 17:15:14,85.0,26.9
9d6a38b49a05b68e74e4d8899ebfe249,1,2ffdf10e724b958c0f7ea69e97d32f64,4869f7a5dfa277a7dca6462dcf3b52b2,2018-08-08 15:05:11,212.0,19.58
9d6ebf13c4103f0a747d86c3c93f7af5,1,29ef8f163a85d31f5a88354c0007a6d1,a67780aba9dd436e7ac0aa1f889e73ec,2018-08-22 03:10:17,171.9,34.96
9d7ecf49e46ed6b1d5caa034b87404a5,1,fbc1488c1a1e72ba175f53ab29a248e8,289cdb325fb7e7f891c38608bf9e0962,2018-08-06 14:30:14,116.9,9.33
9d83685f52030d78be6112d861500ccf,1,015527ec9502daa03dfd0e22ef1d1288,4c18691b6037662be2df78a765d98ab5,2018-08-08 13:10:14,26.5,7.45
9d87d0391a942964abee51bf76befef0,1,912d1fc21117a94dc8a67186df6010a7,7d13fca15225358621be4086e1eb0964,2018-08-15 00:30:19,110.65,18.88
9da388551ea23281b9bb4cbf12376992,1,e0cf79767c5b016251fe139915c59a26,da8622b14eb17ae2831f4ac5b9dab84a,2018-08-05 23:25:14,29.9,12.87
9e10abcef882f49dc69054c4b9f001b7,1,cee4ebfc997a2ac7f01145efb59cc7be,527801b552d0077ffd170872eb49683b,2018-08-07 20:24:11,154.9,15.39
9e5ad464d579c1593e82dee8ffaf05f9,1,c706d50b57c9e83293c2586d01f32445,7ecd59e5e20407131822c1a68ac59c1f,2018-08-15 13:35:13,49.99,18.5
9e5ad464d579c1593e82dee8ffaf05f9,2,c706d50b57c9e83293c2586d01f32445,7ecd59e5e20407131822c1a68ac59c1f,2018-08-15 13:35:13,49.99,18.5
9ec8075dfc41a4b32e00cdac5dcca698,1,52a0cc66507fa8ae445cc135c69e6d96,9b013e03b2ab786505a1d3b5c0756754,2018-08-10 18:45:15,138.0,19.07
9edb1acec4ceb154e425aa9248286f7e,1,774ea72f37a7fbf1fb32b973a18f2348,f80edd2c5aaa505cc4b0a3b219abf4b8,2018-08-08 21:45:10,144.9,27.99
9f81e8f6c74d99562869844aafbfe0d5,1,62f423e57a8c157d3877ee5867d7db88,1fe5540d7c1c37a595fefbacd5570d9e,2018-08-12 22:15:27,169.9,51.91
9fb578d8a9c6d5c73ea157e45b69d479,1,86133a2151bd98a3ed2ad758709e6d1b,f27e33c6d29b5138fa9967bcd445b6d5,2018-08-08 12:50:18,54.9,17.31
9fcf074ecd6df19f51f6fc30b6a33161,1,389d119b48cf3043d311335e499d9c6b,1f50f920176fa81dab994f9023523100,2018-08-09 04:24:44,49.9,20.99
9fe72f719dc088c3eaed6fda02b077c9,1,acb9adf09c2067284e67a72f46cc17cf,53e4c6e0f4312d4d2107a8c9cddf45cd,2018-08-09 14:10:20,44.98,15.62
9ff047a1638917c70a538d0aa9cdb6d3,1,9c8d6227bbe62913ca96217005540fda,ff1e15b778c700abdd4d239b81ac466d,2018-08-09 04:15:30,54.9,23.1
a00b62f3da02851a10f9dabf2708cfb9,1,e7cc48a9daff5436f63d3aad9426f28b,53243585a1d6dc2643021fd1853d8905,2018-08-09 10:15:23,170.0,15.64
a016702972f9a03256db6aecb30ba538,1,aa53b7499856e6df13008f34100cc336,1025f0e2d44d7041d6cf58b6550e0bfa,2018-08-13 04:10:23,75.0,21.17
a016702972f9a03256db6aecb30ba538,2,aa53b7499856e6df13008f34100cc336,1025f0e2d44d7041d6cf58b6550e0bfa,2018-08-13 04:10:23,75.0,21.17
a016702972f9a03256db6aecb30ba538,3,aa53b7499856e6df13008f34100cc336,1025f0e2d44d7041d6cf58b6550e0bfa,2018-08-13 04:10:23,75.0,21.17
a02dc27653c8ef244fd7d8c4d5bc81f5,1,90ebb732ad20456afe8516eb5fbf75f6,bd23da7354813347129d751591d1a6e2,2018-08-06 18:50:20,299.9,34.12
a055f8239d18a2008883be78eb09cf41,1,e919bdbe0314f5cef7d86707f9d89c1e,df47da4ae86fa4db890d05aaf24e21d8,2018-08-07 23:30:14,58.9,19.6
a06a669230c816de8d78362b370dd46a,1,a7216be504e1ff211b67479ab193a552,a2e874074c877c5a05abae80ad6e488f,2018-08-13 20:03:50,69.9,21.13
a08337c882ce2f3733377bc48c5ca3ae,1,5a75c30c323b0ae56499ef163504648a,1025f0e2d44d7041d6cf58b6550e0bfa,2018-08-07 23:10:09,320.0,44.09
a08337c882ce2f3733377bc48c5ca3ae,2,5d6bea33648f018dbb563f3a2fab09f3,1025f0e2d44d7041d6cf58b6550e0bfa,2018-08-07 23:10:09,150.0,17.64
a0f74a1d59cf95d1ff371a6e9d3a1f61,1,bd6e6fce9ada76ea2db0f1912e8e478f,1835b56ce799e6a4dc4eddc053f04066,2018-08-06 16:31:14,56.99,13.98
a1044dbf7beb1971c71d7b0f94836313,1,d309288ee9ab5d3d3326efb574f9b555,08f5819815f3d06545011850bd70f0a8,2018-08-07 01:05:09,142.0,37.9
a1119e009d1d91655405307f4c095818,1,d99526b1e4fa5f57b8bde34a7337b5ee,9b013e03b2ab786505a1d3b5c0756754,2018-08-09 00:55:27,58.0,7.67
a111f1d17afc3e76dd0c2428a96a7617,1,06f2166336faca73c644b11eaca22d06,d5ba419e26d246a0719437cf37d9b46d,2018-08-09 04:44:39,105.0,9.49
a119860697732cd9e2334491be45f1e0,1,020a80cb704bf65f38761fcedf2af192,ef2fbc2b607d8492bcffe657a4645434,2018-08-08 02:43:54,46.9,19.52
a14173b7936139e28cd1aa620eada598,1,b6e352d888ba31d8999af279cd63aa24,f61c63d13f7cd800549d5acdd390ae72,2018-08-09 15:24:04,79.9,23.36
a147b97f47abbdb02f67ea00da442cd8,1,b05ec8d9cabec69e637318ebba813a09,cc63f0dd2acba93ffed4fe9f8e0321fa,2018-08-09 08:55:23,126.99,18.02
a162da83b66ff8c619d83b87c1de93b9,1,3c0c25556095f68ed9d05df570c9c587,880eda903e719a5f179f7e9fceb3a69d,2018-08-13 14:44:55,249.0,42.72
a16607f4220f0e60ab4c71b915dd380c,1,70c1bce00b24bfd21332f7f8ebe2217f,e8a85b5f3df47be0984c55fd4064dbb4,2018-08-08 23:05:14,7.0,37.04
a16607f4220f0e60ab4c71b915dd380c,2,70c1bce00b24bfd21332f7f8ebe2217f,e8a85b5f3df47be0984c55fd4064dbb4,2018-08-08 23:05:14,7.0,37.04
a16de84e54832907eaaa4084dd0d90d2,1,e8fc96704cf9c7c35ded1227ce7fc83c,4b9750c8ad28220fe6702d4ecb7c898f,2018-08-07 15:44:06,49.9,23.15
a1a43cda291e19630504e0139508698d,1,423b46d7ff817b1cd19ab195c7b76546,6560211a19b47992c3666cc44a7e94c0,2018-08-06 22:15:17,55.0,7.65
a1ad76f125118edcc2ba7035e9a59c7c,1,b688ed97b957462c2510812cbfe7e6d8,fac1a9017ade7bdc94058fc1c969f355,2018-08-08 16:44:27,287.0,23.94
a1b442b97cb70e7207abe3f32a01e3d0,1,460a66fcc404a3d7306d5f50fcb2d18a,ffc470761de7d0232558ba5e786e57b7,2018-08-03 00:44:06,26.68,8.35
a1d38c97444889282dcb16502b3a8686,1,c55ee2882c5321eb3c9277e5c92e50c7,c33847515fa6305ce6feb1e818569f13,2018-08-09 21:55:22,65.15,81.13
a1d38c97444889282dcb16502b3a8686,2,5f19455f0c3902e89f16a6042bd4221d,900ba814c251a692506d7834c1218441,2018-08-12 21:55:22,414.62,0.63
a1d83bc33177d956b86ece86d32b83b2,1,6abd84909e8ed79ef808c16f90b91093,da8622b14eb17ae2831f4ac5b9dab84a,2018-08-09 04:24:43,29.9,7.47
a1e6a1eeef79fc64be1040e5ac6d3119,1,205204e979a44d5dca4251324f853a46,f8db351d8c4c4c22c6835c19a46f01b0,2018-08-08 12:24:28,25.9,8.93
a1e6a1eeef79fc64be1040e5ac6d3119,2,205204e979a44d5dca4251324f853a46,f8db351d8c4c4c22c6835c19a46f01b0,2018-08-08 12:24:28,25.9,8.93
a1ebec3b404746545a11186a23a88baa,1,dc77c9e552aae599c974af32f5a0512e,5587130f9850696ed7fafbc91c2cee44,2018-08-13 09:35:12,19.9,15.24
a214ab5dc32ac17a484d2e0f95f8c90b,1,ab89689c2d13440b8152183ddee2ed81,a44fb5a447105f8469bdf16bf9159f25,2018-08-07 13:04:33,299.0,113.02
a217507ac495620d9a403939c9604703,1,501c8cd285f4f2ed96efffbb3c697d0b,f262cbc1c910c83959f849465454ddd3,2018-08-08 16:55:30,24.99,8.34
a22775141b5e773fb0dec808e36bf9f4,1,100260bf9206d859dc8db128c8c5afc9,4992e76a42cb3aad7a7047e0d3d7e729,2018-08-07 04:15:37,18.8,18.23
a2386b09b362176b550c64e738a7dfa8,1,fe40f7377a50aba380fb2fca57cf730c,3c010235b7345c92f125d14ee232a76b,2018-08-09 09:10:12,245.0,33.86
a23fc2b3af4f1a48e6105fb5dd8d1348,1,af2d506fb01b724e03591349ad36b67e,4b9750c8ad28220fe6702d4ecb7c898f,2018-08-09 20:24:56,48.9,13.92
a250e33c3d40fa9dd726391ebc5a4abb,1,781afe929e3016a667f5f439afd55fce,08633c14ef2db992c11f840f04fad4cd,2018-08-09 04:10:21,109.7,37.68
a274d2bbfcca25b8c47ee2467583e81e,1,24c66f106f642621e524291a895c9032,620c87c171fb2a6dd6e8bb4dec959fc6,2018-08-08 08:50:19,199.9,24.2
a27bc60b5829ed193c7a85e25f6de764,1,a2c499ca39527cc328317e93c302112e,d921b68bf747894be13a97ae52b0f386,2018-08-08 23:24:38,129.0,14.24
a29c25c2c9c3100daf48a25880312c23,1,9ac1378f05cd222b3fb34a3cccc626c7,f46490624488d3ff7ce78613913a7711,2018-08-07 02:15:06,39.9,18.08
a29c25c2c9c3100daf48a25880312c23,2,9ac1378f05cd222b3fb34a3cccc626c7,f46490624488d3ff7ce78613913a7711,2018-08-07 02:15:06,39.9,18.08
a29c25c2c9c3100daf48a25880312c23,3,9ac1378f05cd222b3fb34a3cccc626c7,f46490624488d3ff7ce78613913a7711,2018-08-07 02:15:06,39.9,18.08
a29c25c2c9c3100daf48a25880312c23,4,9ac1378f05cd222b3fb34a3cccc626c7,f46490624488d3ff7ce78613913a7711,2018-08-07 02:15:06,39.9,18.08
a29c25c2c9c3100daf48a25880312c23,5,9ac1378f05cd222b3fb34a3cccc626c7,f46490624488d3ff7ce78613913a7711,2018-08-07 02:15:06,39.9,18.08
a2a04ead650a00874aec73c0d989298b,1,5716717fcac28d7783b530d6678cecca,412a4720f3e9431b4afa1476a1acddbe,2018-08-06 05:05:11,29.0,8.95
a2b510cbf99b001ef7b7a9aacc9789a8,1,fd220f6fd5a3f13ef9db07428f9c935d,a3a38f4affed601eb87a97788c949667,2018-08-07 00:04:07,79.9,37.47
a2b932dba58739e74b19e8216b7de165,1,c50ca07e9e4db9ea5011f06802c0aea0,9b013e03b2ab786505a1d3b5c0756754,2018-08-09 11:10:06,19.49,18.24
a2bb1bcee7e5d4f4cd507e33d3e2cef9,1,0a4093a4af429dc0a9334300e5c13ae5,da8622b14eb17ae2831f4ac5b9dab84a,2018-08-07 02:05:09,29.9,7.47
a2dd49b6ff8f34233706aa765cc0607f,1,c429a719cac9a29bfb5749d8f9043dae,808d4348b916efa08e766ebad39f61eb,2018-08-15 19:50:19,69.9,15.59
a2e554ce08ca39827cf3de0d0f5b36f4,1,4c2a4020fcd651812100ebbeac1b2753,b4f8921fcc4ff77b66bea6dda43dcd51,2018-08-08 21:44:25,599.98,188.55
a32c76ce96d7b4cf912b2ae1ee6a8258,1,72ba1b1e37ca92467fe787728625c76a,df91910b6a03bb2e3358fa6a35e32f6f,2018-08-08 14:50:17,218.9,32.0
a3729d646cfea82533ffe6992fe17539,1,f4daca35389849edde800f3532be3719,53e4c6e0f4312d4d2107a8c9cddf45cd,2018-08-03 18:44:05,26.0,16.37
a37e262a26000281d0ade3b4eb1ce1e6,1,987ae6d6e94a608f9ea32bc82a649470,466222e777149751370e7e98fb623b0c,2018-08-08 23:25:19,87.9,17.55
a38ac9649bb7a8aaad0dd2d678036429,1,3aa3fb2fdb16c7383879e48a574fc8ab,31344c16881c08a8a72c6d2eb29918c1,2018-08-06 15:04:25,269.9,110.56
a395628c3a4edf913a8abd71556e87f9,1,7c2de4db4b4bbf1bf34d1051536313ae,213b25e6f54661939f11710a6fddb871,2018-08-20 11:50:20,129.95,60.14
a3f586050d25a10efc72e242c88e0c03,1,90d11936871062d5cb6d23175734ea91,7299e27ed73d2ad986de7f7c77d919fa,2018-08-07 02:35:18,40.0,18.38
a4003dc7a43aebf4aa6543e230de8de4,1,d73cb8d2ba92e4828e16cb9e39f81dd6,5b07547f10dd980738a1a27f685af669,2018-08-14 19:05:19,116.8,15.92
a4058b92f127efc4a6eaa3d11d0b1432,1,0a5a41c678bcf81e041826bb24eb0b01,4b9750c8ad28220fe6702d4ecb7c898f,2018-08-07 02:44:00,48.9,9.09
a4696d525de3823f56b75195dce92da5,1,c65f71634a9d0de5b4a1d7dbb6d3ae01,4c18691b6037662be2df78a765d98ab5,2018-08-08 08:44:40,49.5,9.1
a49703fda0b42ab0a87e062624ea2f43,1,595fac2a385ac33a80bd5114aec74eb8,289cdb325fb7e7f891c38608bf9e0962,2018-08-07 13:44:23,116.9,22.75
a4c7db3bf41a4d09d2a5166346366be5,1,33ba4b29d820b397054cc97e892ab1bc,16090f2ca825584b5a147ab24aa30c86,2018-08-07 14:30:14,28.99,18.3
a4cc039dfeca8a0ebb241f3b44f29930,1,6f1b3488c5314b527201978357a8d85f,240b9776d844d37535668549a396af32,2018-08-13 19:25:15,259.99,10.75
a4e584c6dc40947a851d93c60fe9c50c,1,1613b819ab5dae53aead2dbb4ebdb378,16090f2ca825584b5a147ab24aa30c86,2018-08-07 11:30:17,27.9,7.46
a4e8c6ce4b3017aceed77c3e34035dca,1,f72c56e46adf2ef4cf84a708f8644f89,fde0cc9ea29c8ccfc0a2c22256a58c71,2018-08-09 11:04:54,215.0,60.72
a4fa719430167664811c30680941ec40,1,f68980d7981fcc92059f42a4fd82fb38,634964b17796e64304cadf1ad3050fb7,2018-08-12 21:05:18,290.0,25.18
a524add4c939052769dca61e4e2cebb0,1,11dcc970f7a5581e1bf777b6da3f7096,06579cb253ecd5a3a12a9e6eb6bf8f47,2018-08-09 19:45:15,68.9,18.28
a530dc19f1969dc7898a1b96fcd6e602,1,bb65a8166c4bbbe6a451274925b0b3f3,4978a02ea9c8be7a9b5480680f40334e,2018-08-07 12:10:17,17.99,7.39
a56858987ef5c87519d953a5b32ba118,1,8d3c0105549f11e6059bb69fe51659c0,14d7985702e72162bbf13b6beb74ab2b,2018-08-07 02:45:24,59.0,9.16
a57f69a30b656e82f1c0a04f0f644e34,1,44561c9878089165871c1d9956da49dc,6f229cc508fc6915ed5c499efd93baa4,2018-08-07 16:10:16,108.9,15.68
a586b91c2af481ac6c9b08dc1176c65c,1,c8eca123751676bbdaaa9e4a84721362,23c38debaffe4a25a30fdbd9b586a13f,2018-08-16 18:15:24,232.75,24.43
a59d7b222600db38a7e511fd9499719a,1,f8b624d4e475bb8d1bddf1b65c6a64f6,b410bdd36d5db7a65dcd42b7ead933b8,2018-08-09 22:30:13,179.0,32.12
a5a1cabede9ba7b85cc04f0c65bddb88,1,0a18ef4868095d4c83357e58020e3397,6a53b90c3ad9e0b56d9fe5c69165fff5,2018-08-09 00:25:16,19.99,9.27
a5a1cabede9ba7b85cc04f0c65bddb88,2,0a18ef4868095d4c83357e58020e3397,6a53b90c3ad9e0b56d9fe5c69165fff5,2018-08-09 00:25:16,19.99,9.27
a5a5537520c39fc7d242138689e1f77e,1,9e25ada324eae24218829873a10d95ee,62de60d81c55c29d76a6bce418b31cef,2018-08-13 04:05:12,103.0,23.87
a5bb5fa7247f09fa0a4f28ee69aa6dc6,1,d7a2f0c3a43042d52cf8361958342c5d,2075d8cd4dd63ff12df0749a5866bb06,2018-08-10 15:45:15,59.9,27.37
a5ce51395d295fe2c816182f79c81866,1,3e9fecd898d8fc598fb18399c2af0248,fe2032dab1a61af8794248c8196565c9,2018-08-09 00:44:43,172.5,9.37
a5d02c2843eb25d8d1be6217c7483c14,1,6d6c510f2222e168bf3b6b67e24c9535,87142160b41353c4e5fca2360caf6f92,2018-08-08 11:04:42,75.0,18.63
a5d02c2843eb25d8d1be6217c7483c14,2,6d6c510f2222e168bf3b6b67e24c9535,87142160b41353c4e5fca2360caf6f92,2018-08-08 11:04:42,75.0,18.63
a5d02c2843eb25d8d1be6217c7483c14,3,6d6c510f2222e168bf3b6b67e24c9535,87142160b41353c4e5fca2360caf6f92,2018-08-08 11:04:42,75.0,18.63
a5d02c2843eb25d8d1be6217c7483c14,4,6d6c510f2222e168bf3b6b67e24c9535,87142160b41353c4e5fca2360caf6f92,2018-08-08 11:04:42,75.0,18.63
a5df4819e2227684e86dc2959b9ae9d6,1,310b993294194cea025dcc9c23637b62,32b8764b4ef628b53608fc34011fcc13,2018-08-05 23:43:52,179.0,79.33
a5f8c36187658cd37c05515c06cdd941,1,97017430754804328eb9597b7f85da03,ea8482cd71df3c1969d7b9473ff13abc,2018-08-06 22:15:27,29.99,7.47
a610b42e6e4319084d3ce5f60e0dc1ff,1,0a4093a4af429dc0a9334300e5c13ae5,da8622b14eb17ae2831f4ac5b9dab84a,2018-08-07 19:30:14,29.9,7.47
a650c714762d0184be820c5e311c8d96,1,945d5b64caf3027a69078cd3254657a7,93b9a99027bd8bd6af682aff18dd19bf,2018-08-14 06:45:07,80.0,9.31
a657f4281fa25af13388496f1075850d,1,72b253635b316f49e42e618d6e585ebc,fd386aa7bed2af3c7035c65506c9b4a3,2018-08-08 17:55:24,13.9,12.79
a657f4281fa25af13388496f1075850d,2,72b253635b316f49e42e618d6e585ebc,fd386aa7bed2af3c7035c65506c9b4a3,2018-08-08 17:55:24,13.9,12.79
a67a7dcbea2b5ce61ba8bc99ff7362db,1,628f5ed6c14790dcb9233c8dbf596175,04308b1ee57b6625f47df1d56f00eedf,2018-08-17 08:24:06,527.9,63.98
a67fbbbf7ef00baa90a44ab097b61e29,1,5f439ff2783a474946e17badd77aea1c,ea566164622c6b439516ab18062c42cd,2018-08-16 16:10:20,23.95,12.47
a68b3ae8450a14f9ba0cc1b53574af62,1,461f43be3bdf8844e65b62d9ac2c7a5a,4869f7a5dfa277a7dca6462dcf3b52b2,2018-08-07 22:05:10,138.0,13.63
a6aa2d9d0561ad1c39f33d69e3f1277e,1,7daeca72c6dc366e43753e5f9a9b1438,d650b663c3b5f6fb392b6326366efa9a,2018-08-03 20:15:25,999.0,14.25
a6ae47718cbf5663cae29d4ed03ba272,1,15a8b28443e64b840cc27ee2491507d4,f46490624488d3ff7ce78613913a7711,2018-08-13 06:10:16,78.9,9.3
a6eace8d7affa686ec69d39f9c4c348a,1,b4b50667a9874708d4e3ac962ebb21fa,9523fb39dd240aa958e040f8183d64f3,2018-08-13 21:55:19,146.99,21.3
a6f2940cae871bfd63ea94dd5c476a62,1,5ee245f4f514e8937aa7a5ef3ec2c8b7,a3e9a2c700480d9bb01fba070ba80a0e,2018-08-09 10:05:19,45.0,13.9
a70e2a7c5779986b66893322855c4932,1,9c16099894e4002d54e17033e06bdbc8,8a8835a43bda99fd37310ad76c457510,2018-08-09 04:05:14,53.99,7.64
a70e2a7c5779986b66893322855c4932,2,9c16099894e4002d54e17033e06bdbc8,8a8835a43bda99fd37310ad76c457510,2018-08-09 04:05:14,53.99,7.64
a79af87b8a7a623374f879412adc351e,1,8b3fe8c89624abf9d932b87faae6b587,32b8764b4ef628b53608fc34011fcc13,2018-08-06 21:50:11,169.0,45.59
a7a7cee8db5a07311875dd616cbad673,1,242e43e16717ea0a751d98a83b773d4e,8648b1e89e9b349e32d3741b30ec737e,2018-08-07 08:24:20,31.9,18.32
a7a7cee8db5a07311875dd616cbad673,2,242e43e16717ea0a751d98a83b773d4e,8648b1e89e9b349e32d3741b30ec737e,2018-08-07 08:24:20,31.9,18.32
a8100cbab69c8afb050a57b02ab6f73d,1,e58dd19f3b501da6507886db681873ff,8a1ff5c35f6595a73fef4c7b96e4908a,2018-08-09 02:44:11,799.0,158.42
a85c1538df5701aa9a7c6cc423bd80f4,1,d1c427060a0f73f6b889a5c7c61f2ac4,a1043bafd471dff536d0c462352beb48,2018-08-09 17:10:23,119.99,44.64
a87d8e4358ec8697c2eb5dbcc42f8330,1,4ff38de0673d41a0da1499e300720ef6,5b07547f10dd980738a1a27f685af669,2018-08-07 18:35:17,69.9,18.59
a887a98a44fd41090859072971661ece,1,c80124276571cd4bef53cf35d9b36c5c,2528513dd95219a6013d4d05176e391a,2018-08-06 13:04:12,219.0,16.83
a8a737a6c936da9f10807e4c4262da72,1,4664618690073e2ceb889d9d8c465a93,94231344608e603693b0a8891143f65d,2018-08-13 17:10:19,198.0,19.49
a8aa1455a58ed250938c0f20158244a8,1,a425439bda03235c54fcb21e14f3865d,8bd0f31cf0a614c658f6763bd02dea69,2018-09-05 03:45:17,345.6,37.77
a8ad75728836e5b2103463b917d0e6f4,1,a1eae0ed718c783a4c0dfef382d31ee4,1025f0e2d44d7041d6cf58b6550e0bfa,2018-08-08 21:04:14,320.0,45.38
a8e595153c8bec02b29e66399b21e1ae,1,33ba4b29d820b397054cc97e892ab1bc,16090f2ca825584b5a147ab24aa30c86,2018-08-07 19:44:19,28.99,18.3
a8fff3e04abf1de340f6a42662daa292,1,3e442d09f9dfef002aadf31960869f65,85d9eb9ddc5d00ca9336a2219c97bb13,2018-08-15 02:50:29,28.9,17.13
a9493527e59e8341b49a5d0a41b0623b,1,3bd7004cab3066f548b16e59f8cd8825,113e3a788b935f48aad63e1c41dac1bd,2018-08-09 01:15:12,12.06,12.79
a965f9a56bd7e9a365d2cb5818934cad,1,059ca09d32720d9adce3ae12e181339d,fe1b067411b8c5066e962aa146ccee03,2018-08-08 15:10:18,92.99,22.58
a971cf0a515e6051941bd05ff3efc0d7,1,eeb2d1e155818957df60a76fc47e75a8,1e8b33f18b4f7598d87f5cbee2282cc2,2018-08-06 18:25:21,74.8,27.47
a975a4d132e3cd7cb429e0deffc7cf8d,1,e85d91619b497e98754390b6198a9818,4b9750c8ad28220fe6702d4ecb7c898f,2018-08-07 13:55:20,134.9,20.13
a97a20383c7664aca72d666d1858be2a,1,e1e0040c906cc890d032092141a9b6de,e9779976487b77c6d4ac45f75ec7afe9,2018-08-09 14:50:22,79.49,18.66
a97a2be3f668f7c6d75a218b2dba8720,1,b192be433004cc1f10b467c0e9ea309b,de722cd6dad950a92b7d4f82673f8833,2018-08-06 13:10:25,179.9,21.53
a99b56767df11d454006074f4ba801e1,1,0d85c435fd60b277ffb9e9b0f88f927a,88460e8ebdecbfecb5f9601833981930,2018-08-10 01:05:10,54.9,13.72
a9b95188aba6b5eae1ff1239714f3847,1,7f457254a89d62960399e075711b3deb,ea8482cd71df3c1969d7b9473ff13abc,2018-08-09 14:35:19,24.99,18.99
a9cd6a8565b10d36007e7a68f48af097,1,1965752f8e30a01b19fea24c2577ad0d,6e4a902d1054e4e17aa6eab87fac1c75,2018-08-10 00:04:32,48.89,8.5
aa20c8dee3466002e6bd9d64cdac1bdb,1,46c01e269265ddd1b66ccc8b4588a411,31be790e64fc99f8ff48ec2bd18a3104,2018-08-14 03:05:22,44.9,12.61
aa240e84341dc3a58a69fdaa1c0b927c,1,e70f7c188cd2c0f01a1f6b35411cc481,6560211a19b47992c3666cc44a7e94c0,2018-08-06 22:10:19,78.0,7.81
aa6e1f3a2b645a2b22e70084a30d2cd0,1,9b6aada2786f40a15f5f186b84d8dc5d,4c498c7345e89aebad651544829beca0,2018-08-06 18:43:56,27.9,15.3
aa834e164d26bde6b0890bb9e70fbf9d,1,ec242882027ee23182f0e790e4117128,4a3ca9315b744ce9f8e9374361493884,2018-08-03 19:23:54,52.9,27.32
aaa2176c2eedbba6fb84a3d63e01f433,1,81f6e31d9c9f06fc5beb564d6c632cac,709e16e2b25c7474d980076c6bfc4806,2018-08-07 19:35:18,43.9,12.97
aabd0a7ecf741520be60dc59fc6002ee,1,9d90d49f34e41063f6dfef45c7db750f,c8b0e2b0a7095e5d8219575d5e7e1181,2018-08-08 15:05:12,46.99,9.08
aac88c8074f903c76fc8616b924ab3e4,1,6711372a1a1512247ae964b1e36525d6,e8b4225284fbb02d16f200513f1f395d,2018-08-06 17:10:15,139.9,24.59
aad035e568a4d856b8cfe95cd55907f2,1,0ea04fc101523a27bb53845d14d7d809,8648b1e89e9b349e32d3741b30ec737e,2018-08-07 13:50:22,19.0,18.23
ab07bba4aa52c95cfd9d7a418d9be63f,1,002159fe700ed3521f46cfcf6e941c76,048c2757535328e0d7dac690ad3c0aae,2018-08-09 22:05:30,220.7,24.35
ab2ba1e5a2f808d58d514a5e7a650b49,1,813abede22d2496612b447a3f55f629e,455f46ef09a9e45667e2981df84b5cc2,2018-08-13 22:30:17,29.9,18.31
ab2e481b1ef043b41c202628100f6b4b,1,9faa5e4f81da9a1b33f8d8f3ed90e89a,acce39e832338debb07b02385cde5967,2018-08-08 03:05:18,129.9,27.89
ab4b37a7cd1397e63f4b25586d5bfe9f,1,87349b9aa1037e754a70957639f42f4d,8b321bb669392f5163d04c59e235e066,2018-08-10 04:35:12,42.9,15.4
ab4b37a7cd1397e63f4b25586d5bfe9f,2,87349b9aa1037e754a70957639f42f4d,8b321bb669392f5163d04c59e235e066,2018-08-10 04:35:12,42.9,15.4
ab4b37a7cd1397e63f4b25586d5bfe9f,3,87349b9aa1037e754a70957639f42f4d,8b321bb669392f5163d04c59e235e066,2018-08-10 04:35:12,42.9,15.4
ab5048879a15f9f713725c37c5eb43ef,1,adae758556f8338f07f3064736416064,b4f8921fcc4ff77b66bea6dda43dcd51,2018-08-09 08:44:43,398.99,84.1
ab6d84885a2b1513ec4035973c08460f,1,62a1ce72d0ae030be91a89a46480e1f6,58b98ccb79873e04eac4357cacc590d9,2018-08-09 11:05:10,23.0,8.91
aba560ab127e5b68433f34376747f9aa,1,774ea72f37a7fbf1fb32b973a18f2348,f80edd2c5aaa505cc4b0a3b219abf4b8,2018-08-06 21:05:26,144.9,73.08
aba560ab127e5b68433f34376747f9aa,2,dc23131445c27852a44f8ad0d94b3d0f,d0d70d21e2234dd7cd3cf63fe414148a,2018-08-08 21:05:26,140.0,26.1
abcb42831f6165cda2570c76e90cda5d,1,205ff90a4060e651110a277efa4633fd,ececbfcff9804a2d6b40f589df8eef2b,2018-08-06 05:25:18,59.49,13.08
ac046246a304e47bb50a9c923430aa55,1,6a24f480cc3fa5ceba9b09eb6b2f46fd,8f2ce03f928b567e3d56181ae20ae952,2018-08-13 22:50:21,69.9,19.68
ac416b71ffbc5fbfe4b5cea8a05b0d4d,1,fa92cdb881a2eab7e1f10d0ba6f42fc5,54583ab379489add547fe47b628db589,2018-08-07 16:50:09,120.0,8.1
ac57a5e116e95f1b04e07e0b57a5f6f5,1,55403fdc84a027ae6565b360af50e1ee,620c87c171fb2a6dd6e8bb4dec959fc6,2018-08-09 21:15:21,229.9,20.8
ac5cd0e68752307d437d98c640050483,1,10aecaf5be4119fd6b8b9e2e8a5a1454,d2374cbcbb3ca4ab1086534108cc3ab7,2018-08-09 17:15:20,42.9,13.88
ac8a707fb4b1197afa70e75fa66f187d,1,4054af4df4c45f625279273f7ff3e138,14d7985702e72162bbf13b6beb74ab2b,2018-08-07 09:24:06,25.0,8.34
aca44cb492f80075220916b0a4486b10,1,8c292ca193d326152e335d77176746f0,7e1fb0a3ebfb01ffb3a7dae98bf3238d,2018-08-03 19:05:21,186.0,13.96
acee82e21828ddd887e48ad3afc6704e,1,7e0f1b886ed1dd65930f3b9a30d563d2,6b90f847357d8981edd79a1eb1bf0acb,2018-08-08 23:24:35,88.99,99.65
ad005b5bdc8ec1f3085f0967211207d1,1,59013456264614e8f78024619f8b2972,8d956fec2e4337affcb520f56fd8cbfd,2018-08-07 11:05:07,45.53,8.48
ad40bc353ed6f8f975faf818439c7de1,1,a69f15dfb803d485e8933e80b9742c1c,89f69225956f951295ca4c7fb1266553,2018-08-07 06:10:08,52.9,18.47
ad61bdad0a6d5fac6af829eba1fa4e84,1,9fe172fa8e662ca8572cf12abf8bce23,cab85505710c7cb9b720bceb52b01cee,2018-08-06 15:30:19,49.9,18.45
ad9447ca1bb7d23ed83358f2235b5a56,1,330144665b875c2b4555f88d9f4ed7c1,620c87c171fb2a6dd6e8bb4dec959fc6,2018-08-14 04:05:07,199.9,24.55
ad979a858d9d6a2b8bbec764d452d1a9,1,051b9ff13dd55c0a6655a15ff296f80d,a45314082d50d578a4721c9787ce09ab,2018-08-08 14:10:21,285.0,20.3
adcd620aef763e5d4a548a49f6ec5b8d,1,929527e5f11ec479791e7419de270440,f205b1a3ca9a34e0f8a228bae6e4c7b3,2018-08-09 13:45:23,247.0,67.3
adfb15b690df8a5aa4c327edfc6ea9f3,1,cae7248e9bdfda82584faea19dbf793f,6560211a19b47992c3666cc44a7e94c0,2018-08-06 13:25:14,49.0,18.44
ae022df91338bf0b68f5d5f179ad8492,1,81f3b58e2adf194df837b71d288dd315,b248792ac0b60ec3f93d80af1b4fae47,2018-08-09 16:04:13,57.9,23.56
ae0b49f902be4012d913509645004e98,1,88c676304d4d4f0eaafc6ca88308f83b,f5a590cf36251cf1162ea35bef76fe84,2018-08-06 13:05:11,99.0,18.84
ae20f5a9812b11c76007a2c389285486,1,2ba4f78910f6fe61e7ae7bfa4efe2726,7ad32824caee82087b3e2e5f33b1bf32,2018-08-07 04:05:21,56.0,19.58
ae2534a5b52aefc2aee11e48ea987cbd,1,e9cf370eb883adbdcb4b8738057a9d8b,014d9a685fd57276679edd00e07089e5,2018-08-09 16:24:47,79.99,37.47
ae2fb0f5aec36b2a6b058602dc941fb1,1,86ecc269de40ba13205e7beeee12f26f,b76dba6c951ab00dc4edf0a1aa88037e,2018-08-07 13:15:26,29.99,15.31
ae6d0f3cc69623d6826ea64fa05a0158,1,d41a23bd2bc3ec10cfffc66c0611a290,391fc6631aebcf3004804e51b40bcf1e,2018-08-13 12:24:50,31.9,58.49
ae96c285e2413fd08d98768e8dac20df,1,94cff684a6f115a32507988ff6541801,8648b1e89e9b349e32d3741b30ec737e,2018-08-09 16:15:27,79.5,7.82
aea07e49bd6cb10236c4f58a429d3591,1,839321c2db7b3b3eaff4944c3b052ecd,d25aa0aaacb370e912f8cf6efeba38b3,2018-08-08 14:10:20,113.89,23.6
aeae13bf1962c0a747dae0f007b2b313,1,2669a9fe1aaf6cb29071f8f866014afc,4869f7a5dfa277a7dca6462dcf3b52b2,2018-08-07 17:25:18,129.0,13.56
aeb4ec5f0696847ed2357f26abeb5a62,1,612a71b9833d6a383aab0aefd3995583,5def4c3732941a971cba8fdee992ede1,2018-08-08 13:15:12,23.9,7.43
aee20a4d671a2a3435bdee5bf40393c8,1,1e4afc1a37e11d1cfac59e0599d3ce1f,d13e50eaa47b4cbe9eb81465865d8cfc,2018-08-09 12:45:15,24.9,11.19
aee590f76dc95d8c147146ae04100704,1,88fb259945a739dec6cdd001e2cbad55,634964b17796e64304cadf1ad3050fb7,2018-08-09 11:50:13,120.0,17.03
aef73437a579952b833ab7d9cbf58bb0,1,3dd2a17168ec895c781a9191c1e95ad7,de722cd6dad950a92b7d4f82673f8833,2018-08-07 00:15:18,149.9,37.96
af256e5861b37190d89da2ecd8dcae4a,1,a1e903cd2d23763ef8b85ec12eb79d9c,28f10b1c5e5abb9d4857745bede6147c,2018-08-07 05:05:24,47.0,7.59
af7f48cf036eff2a82e44332f7d36f2b,1,01ecf875ab885ebcae3dd2b1ccc4715f,36f98ad67cc981f50ce8aed093d5783c,2018-08-08 00:03:54,69.4,19.68
af8582de59ea502ec0626a2ded9c535a,1,5d9805d8578300114d104afcfd6e6b39,67883baaae6134ee81b271a542613728,2018-08-09 04:30:18,469.0,19.47
af9b2bc020f9e2e4baf46e08f5700e51,1,ca00f42e51fa8b6226d4c57ef6557967,fa1c13f2614d7b5c4749cbc52fecda94,2018-08-03 17:10:14,169.9,19.29
afaa845a7a044d65051e77109d5b6ac2,1,44d097d59e8430f88a67517cd0c4f865,6560211a19b47992c3666cc44a7e94c0,2018-08-07 05:04:10,69.0,18.58
b01f56415d8fd608605b7a1673abf6cd,1,6210c771a72a233f0e2b0430911ba858,c9c7905cffc4ef9ff9f113554423e671,2018-08-09 10:05:14,299.99,17.4
b02709d4e987b97b8713543629c82401,1,afe03a970bfcfb89d67682980d6ffed5,95e03ca3d4146e4011985981aeb959b9,2018-08-07 11:35:28,80.5,18.66
b042196844fac663617a8534823b6720,1,af91083bde899b201798b52ae89babea,06a2c3af7b3aee5d69171b0e14f0ee87,2018-08-17 12:15:13,64.99,19.37
b04d1dd669ddb039cfc706d7bc859e70,1,59c5e6e108b88212fb98525c9000ecfb,7c67e1448b00f6e969d365cea6b010ab,2018-08-23 21:55:19,139.98,24.59
b058d10cd1c5819182e6071160eb23a0,1,0e56431285bc62af798b89f6650d23f9,679769a98cfcc6da877c8486ff1c13f3,2018-08-13 15:05:20,199.0,24.19
b067f7c5967819ff5e1cff8bd3814a6d,1,f565767fe2205fbf1e7c0d1c2fc5773b,d197aa8fbc64087f61984deef05f6227,2018-08-15 03:44:59,139.0,15.28
b0708857586f16e3ada17925950a87e5,1,368c6c730842d78016ad823897a372db,1f50f920176fa81dab994f9023523100,2018-08-07 02:45:27,49.9,20.99
b081a26ca9566254713995a623e0941e,1,7acf643c9851bf01a16332dfc8e6824f,165fc07beebdcb6190fba8a06db2a449,2018-08-10 16:45:22,159.9,64.92
b08e84226fa195d1d2f2edca21486c8e,1,0a407038cdb51df51fa8d01c54fa05f0,3ab971ce71839580d2ae5b4e40fe8044,2018-08-09 13:44:15,119.9,22.66
b0928556a10706af462ca2ab2c91903b,1,59a5c66f3c04b01ccdb9362174f6ecdf,a56a8043ebf66e42119618fb8cf232c6,2018-08-08 22:35:17,83.0,23.73
b0fac27c81315d7201a0ca455f58304d,1,6dae4e6bc334685708571a48aa41d437,2e13c71026e1a39ba5cc1b86dcb679aa,2018-08-06 23:10:11,76.0,16.72
b14127bfb817fb9d5883aacd257bb447,1,5dec0a1a4dd30fb1ac9031f5dc4e2f5e,4869f7a5dfa277a7dca6462dcf3b52b2,2018-08-07 10:24:14,179.9,19.36
b164237e62593d65bd06208c4e722120,1,e06f99e79036d681effa3de75989bf22,6560211a19b47992c3666cc44a7e94c0,2018-08-09 22:05:02,59.0,7.67
b1c868aa288ab0e4006db84876398e68,1,6ca54e191592a843087a042b0665d7ef,c5f7feb04a6a1fb3596322bfc3cf1917,2018-08-08 20:25:16,189.0,33.62
b1cc959223d3beff53d4aeb97b8b6a8a,1,ca00f42e51fa8b6226d4c57ef6557967,fa1c13f2614d7b5c4749cbc52fecda94,2018-08-06 21:50:16,169.9,16.29
b1e9076d07f0a18048ce3182655825f8,1,391f848f4bc78479c9370a65a94f1d7f,26b482dccfa29bd2e40703ba45523702,2018-08-09 13:35:14,62.9,18.24
b1f84046464711e8064cd70d5232d104,1,a1e903cd2d23763ef8b85ec12eb79d9c,28f10b1c5e5abb9d4857745bede6147c,2018-08-06 20:10:12,47.0,18.43
b2055cac51ad40754138bfed4d778344,1,89321f94e35fc6d7903d36f74e351d40,16090f2ca825584b5a147ab24aa30c86,2018-08-06 21:30:17,27.9,7.46
b218243f33a7a07db609c34312c95c96,1,ce64708328e978e92d475585d394d9dd,d566c37fa119d5e66c4e9052e83ee4ea,2018-08-07 15:15:13,295.9,19.87
b2217a354063d984ee320fa29b6baf1a,1,2afebecdbf5ff9f1058bc9164e65c200,834f8533b2ecb6598dd004ff3de7203a,2018-08-08 19:10:13,127.5,53.64
b228e6b7a06468abcf8c203f8e86689c,1,31b8e7c2a22f3dba5183cc110bdd72f7,7d13fca15225358621be4086e1eb0964,2018-08-14 16:10:10,199.6,19.49
b228e6b7a06468abcf8c203f8e86689c,2,53d71d8d9d6878f6f0b9fe0ed79445d5,c60b801f2d52c7f7f91de00870882a75,2018-08-16 16:10:10,199.0,19.5
b24f022765a67a60735c54402342c9e4,1,d812b354e25b2bd51eccbb4c4e8f05f1,45ba18c210d42734ec52c0c1c574e9ee,2018-08-09 17:30:20,169.89,12.92
b26fad48211e9a54051ac561925ffa23,1,6d800ae414430675b77d2ed17a4e404c,9dda5bbacd45e18d6485fee649205d09,2018-08-15 17:05:07,199.9,27.7
b2727344d4f955cb61829ed7f61b12fc,1,c32b1155b886162db8e1ec114699a799,1835b56ce799e6a4dc4eddc053f04066,2018-08-03 16:45:11,56.99,19.71
b2727344d4f955cb61829ed7f61b12fc,2,04fd8d64a2539d188bef33bb288410bb,4a3ca9315b744ce9f8e9374361493884,2018-08-03 16:45:11,93.0,19.72
b276f402443d899868708548298c858f,1,d76b0c7f80641d892f4e650e74e4c120,2dcf93836ae3ce0d7c93e2f10876467a,2018-08-09 04:24:29,49.9,9.1
b27afd384fc03b22ea356feec6f95dbf,1,386703f26f328414fe118e10a5d92675,ea8482cd71df3c1969d7b9473ff13abc,2018-08-07 11:55:18,27.99,15.3
b28360b44929ee4de27af7329c403c58,1,2905bcccc19e845ff57663618d52febe,b2ac621f0d0322434d04a12b078b9369,2018-08-13 22:24:38,1309.0,33.03
b2899a43c8dc465bf845340ea77aef50,1,5d7c23067ed3fc8c6e699b9373d5890b,6560211a19b47992c3666cc44a7e94c0,2018-08-07 20:04:10,59.0,23.13
b28a856ec450375c2c61dfb94250fbb0,1,c9af29e8a0c52866bb2c9f5f6344d9b2,77530e9772f57a62c906e1c21538ab82,2018-08-06 19:05:18,68.0,34.78
b2a3423735119b088bc62dd62cf053a8,1,fcbdd87d29fc2d2fe700a7459d43445a,323ce52b5b81df2cd804b017b7f09aa7,2018-08-08 13:04:23,149.9,8.31
b2aac017e3d894267bf55fe86abb0dc6,1,99444c1e11fc38755dae86f5c67d3d1a,d2374cbcbb3ca4ab1086534108cc3ab7,2018-08-08 06:15:08,52.9,52.72
b2ab8e46c0531fd546ec40b146724c46,1,6c09be1fc42a113b2f3e558d7df2f133,671585f5a2af58b6e276bc01003c0d2b,2018-08-13 04:15:33,45.0,7.9
b2ac7b0754b724547abf07a172a45bf4,1,02fbee632a2044d48ab16d57eec4db58,4a3ca9315b744ce9f8e9374361493884,2018-08-06 15:25:13,77.9,14.86
b2b86f50f1d5ec8763fc9fc6894ac6c4,1,75fc57fb06b1d35ea433e16ecbf5a6bb,8b321bb669392f5163d04c59e235e066,2018-08-03 20:15:21,14.9,7.39
b2b8934746a9afa7b38c8c1f88268ecb,1,e84fb20fe338824c220166d3cd562cbd,c70c1b0d8ca86052f45a432a38b73958,2018-08-08 13:04:06,95.0,15.77
b2b8934746a9afa7b38c8c1f88268ecb,2,e84fb20fe338824c220166d3cd562cbd,c70c1b0d8ca86052f45a432a38b73958,2018-08-08 13:04:06,95.0,15.77
b2ba6dc36919f6194acddab3c69c65b5,1,0c7e301c5eecc0fe996dd86bc9c290fa,3492e68f37fd1df87f4f2f2ea247f445,2018-08-09 20:50:28,60.99,7.69
b2d895292b5119d7d9306512de5bfe79,1,47ea90e9a2976bc290c3cdf3b5e0573d,8a432f4e5b471f8da497d7dc517666e2,2018-08-09 13:15:18,69.0,14.79
b300e160f5892169bafa006e670a43f5,1,ec242882027ee23182f0e790e4117128,4a3ca9315b744ce9f8e9374361493884,2018-08-06 13:30:23,52.9,14.68
b3096cede7bf1dd20ff6607c7ee786e7,1,dc556db3ce4879d098cc5479d44beb13,2a84855fd20af891be03bc5924d2b453,2018-08-06 00:44:02,119.9,14.18
b3112ca67f3afd4e20cf2ee91fc4f804,1,4f18ca9862f511ecba98258b2194d061,5b0cc932433fa5184b5b94bfe6bcc256,2018-08-08 23:04:06,95.0,24.75
b3112ca67f3afd4e20cf2ee91fc4f804,2,4f18ca9862f511ecba98258b2194d061,5b0cc932433fa5184b5b94bfe6bcc256,2018-08-08 23:04:06,95.0,24.75
b319c42146aa1548b1e415a91dd13789,1,b93ce2bec0961862bd811f643e704566,4917cee8d902e13428c3ec4b1ca6f315,2018-08-13 04:25:15,199.0,24.61
b3666570c67eca46e04bc11a7285f0db,1,cfb79bfbdaf59cfe2e9ae0a071451f32,f7ccf836d21b2fb1de37564105216cc1,2018-08-07 16:50:14,39.0,19.46
b36a19a1d044f4328c2b659fea4d8dbf,1,3fbc0ef745950c7932d5f2a446189725,06a2c3af7b3aee5d69171b0e14f0ee87,2018-08-21 04:50:23,66.99,15.57
b388f41e0d1fb1960c7a08852fbd1f40,1,d537e54e990d95194a5733e79f1af1aa,4305fe92735c8a43d154ff6dd2b8d927,2018-08-07 02:45:18,139.9,22.91
b39b424d0d3ee3397614f97926ed63b6,1,9a53219f889aa616af7f732ed9aa3fad,79ebd9a61bac3eaf882805ed4ecfa12a,2018-08-13 11:44:07,134.9,38.99
b39d5e5d31956b4598ed01674a0943e7,1,500870614ddcf5bd84f7d26861026c8a,92eb0f42c21942b6552362b9b114707d,2018-08-20 08:50:12,11.87,18.23
b3be0e1f9679fcd94718c69fa5f585fd,1,b92a7304ebad1ca5b393b53b2de5c70a,7c67e1448b00f6e969d365cea6b010ab,2018-08-21 14:04:11,139.98,66.19
b3c763d35ce46cf0a205b217814323ee,1,9e24c718d40f018498c6b5db74bf9dc9,612170e34b97004b3ba37eae81836b4c,2018-08-16 13:15:18,239.9,28.96
b3e7ea02bc00558f1ee99a2927181b4e,1,b89aa9d4a130c4556741ebc4a93d8844,8f2ce03f928b567e3d56181ae20ae952,2018-08-08 22:15:24,99.9,17.83
b3f8cce18de7b670b4bf149957000470,1,9361d7d8750b24496371f42a056065b5,7d294cf9a6a69dc6a0c3e540fff0e039,2018-08-07 20:30:16,51.45,22.33
b40657a8b73e674b61107a06e46b6f8d,1,f9e110c72727fb5733e1a7e6a7a230c5,3d5d0dc7073a299e31fa718ce1bc00b6,2018-08-06 22:10:23,10.0,8.47
b40657a8b73e674b61107a06e46b6f8d,2,f9e110c72727fb5733e1a7e6a7a230c5,3d5d0dc7073a299e31fa718ce1bc00b6,2018-08-06 22:10:23,10.0,8.47
b40ee43d69ef05a0fcd620401e329efc,1,4ff38de0673d41a0da1499e300720ef6,5b07547f10dd980738a1a27f685af669,2018-08-07 22:35:22,69.9,8.65
b436eb981676e54c0bc9bcade0e079c4,1,41376d63d4c45fe6c7407e838a2befa3,e53d5b9b29d1218281f4a907ada18626,2018-08-09 09:50:21,208.25,30.08
b436eb981676e54c0bc9bcade0e079c4,2,ad00a218e16f65efb3dfebe514994ca1,cc5a78bbad32776dc4e3af205218368c,2018-08-13 09:50:21,198.14,30.08
b436eb981676e54c0bc9bcade0e079c4,3,9648b0bf87f29f78dd9fcbfe58d0e6a6,cc5a78bbad32776dc4e3af205218368c,2018-08-13 09:50:21,325.5,30.08
b436eb981676e54c0bc9bcade0e079c4,4,26479f7e6b832d2e19a14dd8393bb30f,cc5a78bbad32776dc4e3af205218368c,2018-08-13 09:50:21,150.0,30.08
b436eb981676e54c0bc9bcade0e079c4,5,3e44b19563ef5a25f4b7e0fdfc3657c3,cc5a78bbad32776dc4e3af205218368c,2018-08-13 09:50:21,220.74,30.08
b43889e8181d41782f7b8489b1500fef,1,5403528d987ad26e8d7cb25940411987,6560211a19b47992c3666cc44a7e94c0,2018-08-07 12:05:18,49.0,15.44
b446fd5e2b89b4ea9f610815cb707bc3,1,7814c273ab16783d73a9863ebfa8b141,1025f0e2d44d7041d6cf58b6550e0bfa,2018-08-08 19:15:11,230.0,34.69
b4472226dccdf2b8b06bbc4256cf7b64,1,0c7e301c5eecc0fe996dd86bc9c290fa,3492e68f37fd1df87f4f2f2ea247f445,2018-08-10 03:10:35,60.99,18.53
b44c0f4d0cdb8ae7289069d703ca6db8,1,b1d1dedf9404cb40c2cb575270828994,1025f0e2d44d7041d6cf58b6550e0bfa,2018-08-09 12:05:05,340.8,49.98
b44c0f4d0cdb8ae7289069d703ca6db8,2,9041a4cde4a900bc259d3b1b6847f6b1,1025f0e2d44d7041d6cf58b6550e0bfa,2018-08-09 12:05:05,120.0,49.99
b4623f97ac826702ad476db053f76c84,1,0bdcdfb68f8b45a19fe06a348853cf4c,f262cbc1c910c83959f849465454ddd3,2018-08-09 17:45:00,23.99,8.33
b46fff4b68b745db1498b3a260aaed5c,1,df56d8f81acf5a02dbe27e7f257c2029,acce39e832338debb07b02385cde5967,2018-08-07 09:45:07,84.9,41.57
b482da27c44f99cbb2c11a278ba31d6c,1,cec09725da5ed01471d9a505e7389d37,4d6d651bd7684af3fffabd5f08d12e5a,2018-08-16 12:45:24,69.9,17.62
b482da27c44f99cbb2c11a278ba31d6c,2,cec09725da5ed01471d9a505e7389d37,4d6d651bd7684af3fffabd5f08d12e5a,2018-08-16 12:45:24,69.9,17.62
b48c09f638b289e9055c56ab3c3e4ae3,1,5145cef9f9e1293cf8cba2c924eb94e9,17a053fcb14bd219540cbde0df490be0,2018-08-09 04:15:21,299.9,38.18
b48c09f638b289e9055c56ab3c3e4ae3,2,5145cef9f9e1293cf8cba2c924eb94e9,17a053fcb14bd219540cbde0df490be0,2018-08-09 04:15:21,299.9,38.18
b494f624c631105b24fe497277085909,1,a2fce4213a6ac271129618259a334261,9140ef75cc8211c4035935e80e567204,2018-08-08 18:50:15,49.9,22.28
b4cac287aa00c47e84e6e899d809a9e2,1,a88f259a7833d566eb11c414d2011dc0,594f9aaa48e5bf431f011ddc5669b0d5,2018-08-05 21:50:17,44.9,15.41
b4fb5424786d3482269edf0d0a02cdf8,1,739ec9878497e19f019f5967fda86c9f,381c83fdca332ea6afd896da20bf6e4a,2018-08-06 15:44:15,163.0,19.29
b5780df6f99a1b41aaf41e0937ca5e9f,1,f3dc2177cd7a26726dd80204c34dbb48,cf2384dd2f1dddea3f838efed0945e65,2018-08-08 13:15:20,159.0,42.09
b59dd1cfaae00761d5a3b6749e874c80,1,f49e985b4cb2d0543890d6dd00077663,f62d7bb4a613ec758a03342d46b580b2,2018-08-09 22:15:17,795.0,63.65
b5c6824f5679af0b7ba508468f598fa8,1,ef59f328cef34c7b309bb12e86b6418b,4d232b78ab7ef10393dc3807d827bc0d,2018-08-09 05:10:18,269.0,35.64
b5f7ed4633fb5be4575467a3ecd2ebc0,1,8aa87bc5f3053b4df2b05a2d3059790b,9aa388272ee334b6ae07bc73706e254a,2018-08-06 22:44:21,84.0,28.17
b5f7ed4633fb5be4575467a3ecd2ebc0,2,a743637eea3be2e0ab81acc155c9cce2,972d0f9cf61b499a4812cf0bfa3ad3c4,2018-08-07 22:44:21,87.27,14.09
b5f7ed4633fb5be4575467a3ecd2ebc0,3,8aa87bc5f3053b4df2b05a2d3059790b,9aa388272ee334b6ae07bc73706e254a,2018-08-06 22:44:21,84.0,28.17
b63c4c6a266d6aa9a9eff6e38d566e85,1,eed8b513f23793f1d52a3baf41f38392,52a50b42accf164f9f019941e5759d9b,2018-08-10 03:15:22,39.99,12.94
b653d11a2d36e5f0ef423e03e28e7682,1,b11f3f1a834f8df4ca743db95563670b,296729ffb9b684050dd24836dac4494a,2018-08-09 04:23:58,59.0,18.51
b67c374fb9fdcc4009a0ab62b4525632,1,9da950e8c8c482441f1b93955b21c827,ceaec5548eefc6e23e6607c5435102e7,2018-08-07 20:15:18,209.99,36.82
b68dcf49a2ac5d629f24860c2959c6ab,1,ec9f54e0036a28f74cc88439e4f9168b,741f8c587cb4248ebc5b779a0e8e0e51,2018-08-16 03:55:24,35.99,19.44
b6e1870851fc18da0ef1cafe7b7360c1,1,32ff30bce9752963c889b69a33b0e84a,9b013e03b2ab786505a1d3b5c0756754,2018-08-09 18:32:07,200.0,8.66
b70f6b5a22ff6a89a473176bce5c5f88,1,7b0f65d848af0681e064d72f0d44e862,9f50216bfd01913736a55a11b55ea842,2018-08-15 03:55:18,45.0,12.98
b7174804f0cc2ac4c7b84c73d8801912,1,38fa750a3a3b3204f169c86a3284d387,c3cfdc648177fdbbbb35635a37472c53,2018-08-07 14:15:17,40.9,15.39
b7592da1b6c34d2b2404a7b6e8639376,1,ca5c923962558430573f83661dbe36d6,66922902710d126a0e7d26b0e3805106,2018-08-07 22:10:17,105.0,23.54
b7592da1b6c34d2b2404a7b6e8639376,2,ca5c923962558430573f83661dbe36d6,66922902710d126a0e7d26b0e3805106,2018-08-07 22:10:17,105.0,23.54
b75b4f6e7c5fe3fa05707992a88d9d38,1,de170bfa7e0f492c75a0f270fc44f629,11742f81550ac064cc9a40f67151d9ad,2018-08-09 14:31:41,412.0,24.7
b7d132ccaa4a7e53c9fb25ff9979fc35,1,0e0487ef680ae92e064423238d1b4c05,179d859f51292aac5c10806a356f7af9,2018-08-08 13:04:18,22.0,18.25
b80f903f7c03f3e14f467161e1535627,1,07fe9ffbb84b9d22610d79efb16e81a7,e84ad2127668df3aafc6b73531a0beb8,2018-08-07 14:15:16,65.0,23.18
b81dc96814c73196e795524a469a2c35,1,813abede22d2496612b447a3f55f629e,455f46ef09a9e45667e2981df84b5cc2,2018-08-13 19:25:15,29.9,12.87
b836e1c1c40c654579a704da62705543,1,cf857bce01d442bb8631a548a4432def,271c58a1d139c45eaf3316107c6d3a3b,2018-08-08 13:35:08,119.9,23.12
b83bcc2e6111826562978d06d5de4e7e,1,c181ddb9a0403b7f2010870a988a61bd,70bf57d811208f8923b41bbd499a67a4,2018-08-09 02:50:37,95.4,14.98
b84385348baedce597620569ed44593e,1,8edf8f0889f2cf40d743f3b983aebd3b,e2c92f9c1c7746d899d18f2e158bbff7,2018-08-08 10:35:16,184.0,15.6
b876459be8cda353e0830b7ce970e067,1,013ee64977aaa6b2b25475095162e0e9,640e21a7d01df7614a3b4923e990d40c,2018-08-06 21:35:18,69.99,23.29
b899ac30c0df28d003611ad4999aa487,1,a934e0f29d3b0843308564ed3ec07058,13c2ed7698b3ca92dad49e849219da59,2018-08-07 13:04:12,55.0,18.49
b89c3bccb55bf39d693030905c3a2326,1,45f0310974e6082deeda855f91984347,0241d4d5d36f10f80c644447315af0bd,2018-08-09 19:44:54,119.0,13.66
b8a0ea35d4a5efa22c003976eb138ebc,1,a92930c327948861c015c919a0bcb4a8,6560211a19b47992c3666cc44a7e94c0,2018-08-09 04:15:31,78.0,7.81
b8b61059626efa996a60be9bb9320e10,1,e9c1abcc7126360336d8f56d49041a8c,679769a98cfcc6da877c8486ff1c13f3,2018-08-13 23:45:00,349.0,20.54
b8e3ff54d639c2f49ecf02fd959dea2c,1,361b81e3cae3b21bd0119793c5399717,2c9e548be18521d1c43cde1c582c6de8,2018-08-08 10:50:08,109.0,56.11
b90228d9050d13c266a67be0e92ccd00,1,ddb73ecd2a301a87fa538fa0a33d4112,bf00385a5f7fc1ef39a13c2e9ee50a5f,2018-08-14 17:15:25,23.9,8.92
b934d5a120aad44cdd919ef7252f9b0f,1,bc2d9919d641257d3745492c23bd16ee,4869f7a5dfa277a7dca6462dcf3b52b2,2018-08-07 21:30:14,159.9,19.22
b9383cd99539eb0ccb11ab1a62bd0621,1,5f63102603ddd84556a92387a9821ea7,31561f325664a8a7aba4c8d0c3a9b3db,2018-08-06 20:50:19,59.9,18.52
b94117844529c52fab97f521c434520a,1,e966f10c28b89ceb60d3c2dfb7144b12,0241d4d5d36f10f80c644447315af0bd,2018-08-08 23:05:10,199.9,24.16
b9eaa4a76558ca828580d82dec38cca9,1,4b96786612ebe7463132fce2c4dca136,d94a40fd42351c259927028d163af842,2018-08-08 17:15:14,129.0,67.49
b9f406c8efb6e5e869d3c9a8829f83ee,1,12f0e759d76acd32755add1bf8d583ea,c3cfdc648177fdbbbb35635a37472c53,2018-08-09 17:10:20,179.9,28.24
ba063008dcde6cd0ecb0c72f82a4542d,1,d063fc697e5aa468ad1e689d5e6028fd,4677a5437afda5fa7140b927b07be1cc,2018-08-17 08:44:50,200.0,28.35
ba1cb152ffbff7aeb5630aceb9b6d212,1,a92930c327948861c015c919a0bcb4a8,6560211a19b47992c3666cc44a7e94c0,2018-08-09 04:10:24,78.0,37.46
ba45b8302387142f547f4acd1c75b61d,1,e2aa433aedb3d633cea92d4fe212cb96,2e7ea2aafec5835e781b21d6d1faf1f1,2018-08-07 12:44:12,149.5,14.35
ba7cd78ca5cc6ad6a8aa23fd95de7f6b,1,3631b85819ccd66432f8e4b5fb568cf2,4830e40640734fc1c52cd21127c341d4,2018-08-10 08:50:20,19.0,19.04
ba8725726da21140bbe12319d7369d39,1,a3d101bfee6cd242a56008611f7c1335,080102cd0a76b09e0dcf55fcacc60e05,2018-08-09 10:05:23,67.0,51.19
ba992a67b91b76a97c227e1ad48658f5,1,02d53241d2a3c4b1d65f21028e15fde8,06a2c3af7b3aee5d69171b0e14f0ee87,2018-08-17 15:04:13,64.99,15.56
baa297bb0f3189e5aec7838ec35b5efc,1,b04d3047927b9681a49beae5f4136a0b,fd386aa7bed2af3c7035c65506c9b4a3,2018-08-08 22:44:33,23.8,12.83
bac1a29d140daf4cf00aceeedf2dddc7,1,dac106d9436467c9e5ba3767d1c5aa01,7e3f87d16fb353f408d467e74fbd8014,2018-08-09 19:50:14,25.0,23.33
bad80abf6bc799b1c731a90f1a761689,1,56cdfe67fbda57c1dcc752f5f361f981,1c68394e931a64f90ea236c5ea590300,2018-08-06 17:03:58,89.9,13.97
bad80abf6bc799b1c731a90f1a761689,2,99f5b2240b82bf9387e5cf2fc0335b08,0b90b6df587eb83608a64ea8b390cf07,2018-08-06 17:03:58,91.9,13.97
bb01789fc0271409b394c7b283e9dd29,1,81310f3abbc71bf476f866abfa353df9,612170e34b97004b3ba37eae81836b4c,2018-08-21 12:24:47,178.5,19.35
bb04237dd8964e0983c1d0bc623dcfeb,1,86f2416d4670e4ea3ca5494d043d9f24,7c67e1448b00f6e969d365cea6b010ab,2018-08-24 11:15:20,149.94,21.49
bb048e358cc6dd3c087ba3b3ce36a190,1,f7740e5b4337a3cc4a8a204553101a85,04308b1ee57b6625f47df1d56f00eedf,2018-08-16 17:30:16,527.9,40.61
bb2f21010cd5289802f3b79c1bcdface,1,7814c273ab16783d73a9863ebfa8b141,1025f0e2d44d7041d6cf58b6550e0bfa,2018-08-09 18:44:17,230.0,19.99
bb410325795fc7a944df598360cf5f08,1,bb42f37fc3d9130e4a4339d24a47dd7c,da8622b14eb17ae2831f4ac5b9dab84a,2018-08-06 15:45:12,44.9,8.47
bb4a9be7985d105a189b15022bcc7120,1,bb42f37fc3d9130e4a4339d24a47dd7c,da8622b14eb17ae2831f4ac5b9dab84a,2018-08-08 06:35:10,44.9,8.47
bb63df7449a5caa0edc362d01cf54f36,1,df3ad3f81d16c72bccc160c5c81e40d3,7d76b645482be4a332374e8223836592,2018-08-10 18:44:39,19.9,7.4
bb68ace3e06362eec8e986719378ba29,1,a62e25e09e05e6faf31d90c6ec1aa3d1,634964b17796e64304cadf1ad3050fb7,2018-08-13 09:35:16,105.0,62.99
bb8d02c6bd5c148f41176b66ee1ae726,1,ac9416f3547c7cd86408fb5e3bca2d3e,240b9776d844d37535668549a396af32,2018-08-08 13:05:24,499.99,136.19
bbac13f5b68d5b86c46f0a89a014b5e5,1,830345ab5d2e365c7c6b91459119ea2d,05ff92fedb5be47920fea08e501238b9,2018-08-07 10:25:07,478.04,92.67
bc250fb00c3c49af75ff964a4d987d6f,1,86133a2151bd98a3ed2ad758709e6d1b,f27e33c6d29b5138fa9967bcd445b6d5,2018-08-08 17:30:23,54.9,7.64
bc51cd3b8ddb527aa8044bc4198aed29,1,6fd08d44046ab994b96ff38ad6fcfba1,768a86e36ad6aae3d03ee3c6433d61df,2018-08-07 10:50:24,28.0,8.36
bc535ec5ab20f26f4b9dc626fc4f7bf8,1,1131505c80690c39fe3696048a24fc2d,3d4824f20035949c710eaf111f869d39,2018-08-08 10:35:13,29.41,11.23
bc535ec5ab20f26f4b9dc626fc4f7bf8,2,1131505c80690c39fe3696048a24fc2d,3d4824f20035949c710eaf111f869d39,2018-08-08 10:35:13,29.41,11.23
bc6bbd933ea8d286847d6eb88c6083ed,1,5e17b27aa688dc45b02f5bf9276a4bab,808d4348b916efa08e766ebad39f61eb,2018-08-10 16:30:14,18.15,15.23
bc754437cf4aad8b6c5925481fa324f9,1,01cf7c4cffff8db0a1cbe612bd2d50a4,f7720c4fa8e3aba4546301ab80ea1f1b,2018-08-09 17:44:57,23.9,16.36
bc839831ba2010861cf9e75ed8f1306f,1,8603fd58099e4089e9811dfffe1d5ea2,7fc87cc3e89b3d1d5cabdca32f8485aa,2018-08-22 13:05:26,139.9,50.5
bca647a251ea21807ba8cf824272dcfd,1,389d119b48cf3043d311335e499d9c6b,1f50f920176fa81dab994f9023523100,2018-08-08 21:05:15,49.9,41.33
bcb83032ff3fe35a0f6df11c771069da,1,441b81eac0773c6ed4ec1e1fb42ebba5,acce39e832338debb07b02385cde5967,2018-08-06 21:50:08,129.9,27.89
bcdad86f44c780bf1aaf24b66dd97753,1,38c7e0727a11964ebc52a23bead7d4f5,73b8eb4a9a729d4019b24ed1be748cbf,2018-08-09 04:04:24,123.51,18.97
bd11d8a02c0645efcce377e63362cbf2,1,44231a850e5be11ed6374fab222ff49f,04308b1ee57b6625f47df1d56f00eedf,2018-08-07 17:35:17,527.9,63.98
bd429f272e71ed50b0adf8defc8d24e1,1,7c1ed5098b2fe8445fa6a4853da78c21,1b4b28463457a256e9a784ebe2a8f630,2018-08-15 03:50:22,699.42,15.92
bd5d8e4ebcc034472954de8f591cd151,1,5bfc7506459ae2a7b4b573fe557a58e1,4a3ca9315b744ce9f8e9374361493884,2018-08-07 15:30:22,68.5,19.67
bd61cca18344a303e8e6bef9861d64c5,1,90b8a54ccc8372ea12573a7fd3312c33,7139dc5186aa238b006e066d8fbab2e4,2018-08-13 02:50:32,32.0,12.88
bd80c61aa79867f184f4b01d69b6c03c,1,87a9ce65cf1cfe4f8a81d3c25f0b8874,66dc1b1632bd6a3e508510c5b3492107,2018-08-06 22:30:14,79.9,13.22
bd8c777b163d434c13d72bc016869c97,1,cf857bce01d442bb8631a548a4432def,271c58a1d139c45eaf3316107c6d3a3b,2018-08-09 18:25:14,119.9,27.79
bd982aee32cd290fc0ecf05ec77c326b,1,408dc0e1523c3915352e552a1a23c663,5c6d4016c2a288f074fa0848a2b653d2,2018-08-07 19:24:08,109.8,9.52
bdc386da6334df2a3ed8c51f0fe77c16,1,f8077831f3c3f393fb67b93c5acd8daf,213b25e6f54661939f11710a6fddb871,2018-08-20 11:30:18,79.9,19.75
bdda3ba1c505bc39ff2117e340280a74,1,135679c12dc580ad4a0c87b494a46942,00720abe85ba0859807595bbf045a33b,2018-08-07 17:05:21,132.0,9.67
bdde0e6ab375f21ce8915c8b0c359f91,1,72d3bf1d3a790f8874096fcf860e3eff,0bae85eb84b9fb3bd773911e89288d54,2018-08-08 10:24:16,42.49,84.07
bde483878bed3f9a95fed760af049891,1,48e1175aec66cc4cd9998ea2e6eeae04,431050a06a317f2b38168dec3dcd2b46,2018-08-07 11:30:11,59.9,19.33
be003b92657e12fe422a450aacc1eed7,1,8dcbe1c268314dc0f6df3ca28b5b43ee,4a5b36211b1f51bf7eaa5c10a57fa483,2018-08-09 21:30:18,139.19,16.07
be0b6a23108963f24b23e7aa663d2eb4,1,5e5d267a41f3d8bb608c2f0bd4b4972f,4869f7a5dfa277a7dca6462dcf3b52b2,2018-08-07 11:05:20,239.9,14.34
be49c4e4b3b0f04ec7752ea004feec8c,1,11d0c969546d6f21d23188084e25cf81,f45122a9ab94eb4f3f8953578bc0c560,2018-08-07 14:24:27,399.99,29.1
be5b278e38c06fb98c18c6ed0554b754,1,2a7d1be78b464ce799d177a408e327c0,a8739afb32aaa45e01815ca76f76f54b,2018-08-08 04:10:15,22.35,7.42
be6a7fe72fe67600cceb9213855d6551,1,1fb344134cd7164d32dea4d87ba3ec5a,23c38debaffe4a25a30fdbd9b586a13f,2018-08-16 04:35:14,127.27,9.64
be80ccb8f620862ee6fec40409d35aee,1,09003e51b4ca5793bfcdc42026abd63a,2953ce3a88f5e3c3b696d77fc9e4c8eb,2018-08-13 14:00:14,28.0,12.86
be9fb10d58d9a2df903271600e76e32f,1,324bd856c15daca22354f5872b72611f,01fdefa7697d26ad920e9e0346d4bd1b,2018-08-07 16:50:20,69.9,23.64
beabca800e15404a84eddcf4f176eddb,1,bc0f31b5e89dfeba8169ad1123d44d2b,5b664594895aefb418afaee6d40a9a23,2018-08-14 15:35:15,69.9,7.91
beb82936199adb4cf410d9dc9554e674,1,0496f30fa502d5454825087842d7a497,768a86e36ad6aae3d03ee3c6433d61df,2018-08-09 04:45:24,38.0,7.53
bee2c5fd72a426e80d331d4c5d756923,1,2c2491f31fe7320124ccf2f3404354a6,ea8482cd71df3c1969d7b9473ff13abc,2018-08-09 08:55:23,27.99,15.3
bef6908876c633575a196a310d1b5d77,1,0a795de8287e3f8f1f6c2ddcd8091f8e,a21c11ec5c3f03e7cc9f9203bff9e1c6,2018-08-13 10:55:21,110.0,8.03
bf17a7202282460d2e5bdb15bfc64373,1,afeeea6271148ee1bb15173b8187c431,53243585a1d6dc2643021fd1853d8905,2018-08-13 04:05:14,219.0,18.46
bf1884f9aca840a9b8738d4bef0945b0,1,b2045685af214c671f348b163996dc93,4c498c7345e89aebad651544829beca0,2018-08-06 13:30:18,199.9,9.56
bf1bd9414a575d2bfa50f8d5c66fd161,1,7564c1759c04fc0a38f2aa84f7a370ee,6860153b69cc696d5dcfe1cdaaafcf62,2018-08-03 13:20:20,45.97,19.51
bf2b2acbd8715f4415c2adfd5d9cf772,1,ee6c49af1a2de55aa0e076257ab4ab99,e9bc59e7b60fc3063eb2290deda4cced,2018-08-09 16:15:17,122.49,22.79
bf4753bf93e0d4b25fab22e045029e7e,1,663d6ef343ce527b3548d6a255f89eb8,6d66611d7c44cc30ce351abc49a68421,2018-08-06 19:25:13,65.9,22.39
bf6a2df6b944199274254f8bb0159ec3,1,a2a1d57880bb40e60b59530ba0177ccf,6fd52c528dcb38be2eea044946b811f8,2018-08-30 06:10:12,58.67,19.6
bf6a6c5b984cbfee461b78fafe9f1756,1,40c15dd86886c8e9cedabb4dadcece62,0b90b6df587eb83608a64ea8b390cf07,2018-08-15 06:05:33,200.0,20.59
bf8569849cf96423f89a59792c83184e,1,77a5af4a7d2e2717af0999f7dd0dd046,acce39e832338debb07b02385cde5967,2018-08-07 10:30:15,129.9,27.89
bfabc9ca0342b03adf7e07f25c4a4058,1,51d646c5c93e0f1de543528d0e24eadc,c35672b10ad50968f567ea3f4b91e877,2018-08-08 16:44:19,69.99,18.29
bfaea68f958681ec9d22aa2114b45721,1,0366dd798c6de7ec8d16c23de6a82cfd,834f8533b2ecb6598dd004ff3de7203a,2018-08-09 11:35:27,73.02,27.49
bfbac0cb986a021b149fd1ecd301a95e,1,8983a3b149303c013fceabef902e835a,9f505651f4a6abe901a56cdc21508025,2018-08-07 15:04:23,99.0,8.85
bfc9f97fc7ddacf8a3c33c4b2bd15a93,1,c32b1155b886162db8e1ec114699a799,1835b56ce799e6a4dc4eddc053f04066,2018-08-09 16:45:19,56.99,23.51
bfc9f97fc7ddacf8a3c33c4b2bd15a93,2,bd6e6fce9ada76ea2db0f1912e8e478f,1835b56ce799e6a4dc4eddc053f04066,2018-08-09 16:45:19,56.99,11.75
bfc9f97fc7ddacf8a3c33c4b2bd15a93,3,c32b1155b886162db8e1ec114699a799,1835b56ce799e6a4dc4eddc053f04066,2018-08-09 16:45:19,56.99,23.51
bfd8b65b23bbf044e7ae60f3682bc225,1,634256dbcd184b3757ffd7632c9fe52a,42b729f859728f5079499127a9c2ef37,2018-08-03 15:10:13,27.9,7.46
bfdc8cc8e1e3a146d1adb471208f0a72,1,e30a07181e238b29af319577b9bb22fe,d566c37fa119d5e66c4e9052e83ee4ea,2018-08-07 23:10:13,56.9,11.42
c00b90f6bc9d5a080080d5c3f852f50b,1,c1617123e66d2491ca93ceadfd36203e,b2479f944e1b90cf8a5de1bbfde284d6,2018-08-09 02:44:11,54.99,23.19
c05dd0beb102cea787767476aa03d03e,1,d017a2151d543a9885604dc62a3d9dcc,6560211a19b47992c3666cc44a7e94c0,2018-08-07 00:30:11,49.0,7.6
c07e1447e2887a9588ca8fbbe9d3c549,1,9f4923c125aadccb0e99914c96c8829d,ea8482cd71df3c1969d7b9473ff13abc,2018-08-08 09:10:14,27.99,18.3
c0bc6e5c9ad833c1a7a566871b33c938,1,0926524e4f3783f1b0e35c09d5fe13cd,0743a0239d764b9a0f959a57d07e36ab,2018-08-07 09:45:15,48.99,15.44
c0cbad6a3c8fdde69b705b0016769afe,1,2216232cbfdfdc984d20cd53acb7aba8,ed4311e67debd72b8610a5347a743087,2018-08-09 12:15:24,140.0,44.78
c0d68ca2e27d53c566c02dc89021ee76,1,56a46955ecaf11d037f22e3f11b903d7,17ca9b9e9b9ef8fdb529001b49ebb50f,2018-08-07 15:23:56,89.97,27.61
c0e59bb74c6b71dbd39b3073120e957d,1,73326828aa5efe1ba096223de496f596,d13e50eaa47b4cbe9eb81465865d8cfc,2018-08-09 09:45:18,79.9,13.22
c11d9ffa0f049e01a764c954c7494aa0,1,7c1bd920dbdf22470b68bde975dd3ccf,cc419e0650a3c5ba77189a1882b7556a,2018-08-08 17:50:18,58.99,13.07
c124b224a2727ecb4e7c9a378a936d0d,1,8d027132a8818b4d661e9d83778f8bd0,cd3d09fbe6e3e9ff0c0ac0c300e93ae7,2018-08-07 16:04:13,62.9,23.16
c12bef4c2199585f7a1f2c92fdac3827,1,d03bd02af9fff4b98f1c972315e5e9ef,0241d4d5d36f10f80c644447315af0bd,2018-08-08 18:04:49,69.9,18.29
c14b0a3faf28a3052b92646eeae4799a,1,0d85c435fd60b277ffb9e9b0f88f927a,88460e8ebdecbfecb5f9601833981930,2018-08-07 20:44:05,54.9,13.72
c161187ab4f2133d752f8a028b51f74e,1,78efe838c04bbc568be034082200ac20,0241d4d5d36f10f80c644447315af0bd,2018-08-08 20:04:44,70.0,8.45
c161187ab4f2133d752f8a028b51f74e,2,4fe644d766c7566dbc46fb851363cb3b,c31eff8334d6b3047ed34bebd4d62c36,2018-08-13 20:04:44,69.99,28.15
c18b6204ad61e6f20f2681af7cce007f,1,a6f2ba5bb6d6d36ac92ed1faf4d123f2,b90e891671cffd9557f33a97dc523645,2018-08-05 23:15:12,215.0,10.02
c1a9b3fbea92e83c4a08229da82a0136,1,de89f330c497e12d2510c2cd2a48a29f,240b9776d844d37535668549a396af32,2018-08-09 17:35:18,679.0,22.85
c20364e03cd232810a496d07ef593e3b,1,8c154410716f31649d25e436f7d5d838,c70c1b0d8ca86052f45a432a38b73958,2018-08-07 20:23:59,95.0,15.77
c2213109a2cc0e75d55585b7aaac6d97,1,de7df82eb1e48c456b020c2cfb03aeed,1da3aeb70d7989d1e6d9b0e887f97c23,2018-08-12 23:45:21,26.99,7.45
c2412fc369f785dbaebb28b731f92bdc,1,eb6913790ee61d3d4d8dffcbbedea827,382229d1e840115ffe3dbf5ff460e417,2018-08-07 10:55:15,29.9,7.63
c2727cc96d58f1f1cf1ff57b3e4fac27,1,5328338cfaa16ba10561cd970c73ca11,12b9676b00f60f3b700e83af21824c0e,2018-08-10 13:20:10,199.0,22.69
c28c4378f50e09ee967e830dac65634f,1,2839fc3ce459dcf23896d23113470284,9d681c7e12db302cb261e721040dde65,2018-08-07 15:55:13,39.9,19.19
c28d64b0e65c1fc17a65f6902f11226f,1,48ee9be392f28ae3a64518a070f4d06a,4a3ca9315b744ce9f8e9374361493884,2018-08-06 22:10:12,68.5,14.06
c2d227e33004969c49215bb63c53cc67,1,3354a4e684f5e7199f9407db70ccd92b,7a67c85e85bb2ce8582c35f2203ad736,2018-08-09 04:50:34,85.99,14.91
c2e3ee5ef901092148e19caccfe10ffb,1,5403528d987ad26e8d7cb25940411987,6560211a19b47992c3666cc44a7e94c0,2018-08-08 21:05:09,49.0,7.6
c2fb804b4b295e3dbb9bbd7388946e32,1,cc1cb33bcc814aeaa4631761a34bd23e,5d3bb11474a06bdc23fb9e89f1164ee0,2018-08-09 21:24:25,78.8,18.65
c2fdaa1b60c55ac8d318c4adb4b26373,1,500870614ddcf5bd84f7d26861026c8a,92eb0f42c21942b6552362b9b114707d,2018-08-17 11:25:13,11.87,7.39
c306c87c6c9e528a77e95eae0ea575bf,1,44b6fc0101a9341e43ad3342a51ef75b,5ef131ac72773e5b3f6c0d63cf424657,2018-08-10 04:35:14,65.0,24.07
c30a47a0dddaa5e8b49d103368bcca27,1,7f4e034245e45549110139d1de248f83,4b9750c8ad28220fe6702d4ecb7c898f,2018-08-07 13:50:17,48.9,19.53
c30b8d50e79a4d6ce964a2a0b1f3a6d5,1,eb6913790ee61d3d4d8dffcbbedea827,382229d1e840115ffe3dbf5ff460e417,2018-08-06 21:30:12,29.9,15.31
c313f7a184ca89fe98049253bd4a3806,1,42ec84ace63b58b8c5a7ba7be01d5fb8,2a84855fd20af891be03bc5924d2b453,2018-08-10 03:05:19,99.9,22.0
c31a859e34e3adac22f376954e19b39d,1,306e6b5dda3397e4a9312f94d82565b5,1b938a7ec6ac5061a66a3766e0e75f90,2018-08-09 23:25:10,139.9,59.06
c3256d0b41fca9e8892884ca21306c59,1,d04857e7b4b708ee8b8b9921163edba3,9f505651f4a6abe901a56cdc21508025,2018-08-06 18:25:26,74.99,18.63
c33917dff50a1d91d9d26ea3c5e3a65a,1,9a43ec914ce488e4fba5b5553d3754bd,f0b47fbbc6dee9aafe415a6e33051b3f,2018-08-09 16:44:17,27.99,8.95
c36b0f4253481ba100d5a003cd3b6fc6,1,909b87db6cb3a7ab26bd03cc59860136,59cea8e446d3834393058e7e0666b6fb,2018-08-08 13:15:26,39.9,22.21
c39414c195d0f94c9d9c35e7c6ed4f1a,1,e59dd207c69d86e890febadc796d1078,e9bc59e7b60fc3063eb2290deda4cced,2018-08-09 13:00:13,125.0,14.22
c39c44584dde0d84f912a395af0bef21,1,35b1777d7b1b0e7839a9d0bd138f4c76,289cdb325fb7e7f891c38608bf9e0962,2018-08-08 14:10:12,45.4,13.66
c39c44584dde0d84f912a395af0bef21,2,35b1777d7b1b0e7839a9d0bd138f4c76,289cdb325fb7e7f891c38608bf9e0962,2018-08-08 14:10:12,45.4,13.66
c39ffdd77f5ddda482650795f30f7aac,1,fc4d6bb8b2fba6297e0bd65aaa38624a,0ea22c1cfbdc755f86b9b54b39c16043,2018-08-06 13:15:26,34.9,15.34
c3aa0764f72af0672f23966336a8fd0c,1,e59dd207c69d86e890febadc796d1078,e9bc59e7b60fc3063eb2290deda4cced,2018-08-13 01:10:08,125.0,14.22
c3aa0764f72af0672f23966336a8fd0c,2,e59dd207c69d86e890febadc796d1078,e9bc59e7b60fc3063eb2290deda4cced,2018-08-13 01:10:08,125.0,14.22
c3c8037bfac88b34744bb96cfed9c7f7,1,ac0bb4405e9661957160dd5ee9d5585c,dee656f0f566ed1aa85bd137c943f08f,2018-08-10 03:15:15,149.99,23.85
c3e26e5fb80a6b20f91b8a4f4b5b6141,1,c72edc98e7d77f0c4c04ec80730c05f5,5b925e1d006e9476d738aa200751b73b,2018-08-07 07:10:12,65.0,19.65
c3f5604968d8dd5686a261e2ff17cb96,1,bf2f8d918c34551d0bc8861f3779953e,7d13fca15225358621be4086e1eb0964,2018-08-14 11:00:14,301.0,39.02
c3fe6314b2bcaa6de6f9611550dfa399,1,3e824028352cd013af85473283f832ce,db2956745b3a8e9f3785c99f34b5d25e,2018-08-13 15:05:14,209.0,24.61
c4b7e0f753bc9776f48075c977a2d623,1,629e019a6f298a83aeecc7877964f935,c003204e1ab016dfa150abc119207b24,2018-08-07 11:44:11,107.9,23.56
c4bd023ec3c8f99bdc3a817584217988,1,cdd914e78124a73cc28a165cfc4a0bbc,ba143b05f0110f0dc71ad71b4466ce92,2018-08-06 14:30:57,93.99,11.68
c4c3ab935544a304e782b38b7c7aa044,1,cfb79bfbdaf59cfe2e9ae0a071451f32,f7ccf836d21b2fb1de37564105216cc1,2018-08-08 11:44:34,39.0,13.85
c4c6f4e48fd572d4d909012e522ab9c1,1,55782cb82e0efe052da0a3da237da3b2,c003204e1ab016dfa150abc119207b24,2018-08-09 19:25:16,166.9,27.47
c4cb147fbbbe5e1c9d10ebf2cf1501f9,1,d1a7965ac8d6ae62c9c1984434227cb6,87142160b41353c4e5fca2360caf6f92,2018-08-06 13:10:25,69.9,18.29
c4ce02b0d68f5bf60e5d6bac4701350d,1,06016387c52742ed3e0a128e0ffb6b47,c1849d4d32d7a6cecd5aa471809d3135,2018-08-09 13:05:15,359.0,25.45
c4d2f075fc3bf3a06d1e68e113c35cbd,1,57e089e3103f5cda6a4ce23b77399bdb,aafe36600ce604f205b86b5084d3d767,2018-08-06 15:10:14,54.9,24.73
c4d4197abeec6caeaef01372a05ff714,1,8c49cb6b9f063faf0ec568571e59072a,79ed755314cfe6df0daef2c6cd3022cd,2018-08-13 03:30:21,149.9,20.24
c4d4197abeec6caeaef01372a05ff714,2,8c49cb6b9f063faf0ec568571e59072a,79ed755314cfe6df0daef2c6cd3022cd,2018-08-13 03:30:21,149.9,20.24
c4ee82a6c0873cfdbe96e41596698248,1,f8fd8cb547c24b155448d09bfc478059,8b9d6eec4a7eb7d0f9d579ce0b38324d,2018-08-07 12:44:04,99.0,30.49
c4f4ae572252215f366edb6f851c166f,1,003938452c98ff9ab28e9e7b4bfe97ab,1554a68530182680ad5c8b042c3ab563,2018-08-10 04:55:23,179.9,21.87
c526fe83c01c48066394ff5d81f9ab9a,1,970694629024df557d9b71b3088a488d,e504a4e2efaa45cbff7e268a2c58c956,2018-08-09 11:25:01,99.9,34.46
c578368509858a65535ce3962ee21be3,1,c50ca07e9e4db9ea5011f06802c0aea0,9b013e03b2ab786505a1d3b5c0756754,2018-08-07 20:23:58,19.49,12.8
c57a1614ff14e7e6009f15b0d36d67da,1,3fbc0ef745950c7932d5f2a446189725,06a2c3af7b3aee5d69171b0e14f0ee87,2018-08-17 15:04:24,66.99,9.16
c58280939363439540f5e35a91a5e296,1,07e1dae59ffce9e47d0f529361d492f6,430315b7bb4b6e4b3c978f9dfa9b0558,2018-08-15 10:31:41,349.0,88.33
c5b5fbe68f87bd4ee6770536a1b30fc3,1,a02d0123079f4ae96001ba2010d1a2df,1025f0e2d44d7041d6cf58b6550e0bfa,2018-08-09 12:50:13,228.0,34.68
c5c8d33a3102ffa7d6fe4072ddf0ea8e,1,af91083bde899b201798b52ae89babea,06a2c3af7b3aee5d69171b0e14f0ee87,2018-08-17 04:05:31,64.99,19.37
c5d63349822280ab188ac2cb0966668c,1,14227590bd7dbecb72b7b37fc74a8065,c8cc60ffd415254af5d9b9f34f32c369,2018-08-09 11:35:27,45.9,7.9
c5d63349822280ab188ac2cb0966668c,2,14227590bd7dbecb72b7b37fc74a8065,c8cc60ffd415254af5d9b9f34f32c369,2018-08-09 11:35:27,45.9,7.9
c5db0e83090bb51a4e80f3b323bdd9aa,1,c8cfa622661e047ea2499f8bce4731a5,4b9750c8ad28220fe6702d4ecb7c898f,2018-08-07 17:44:13,134.9,20.13
c5eb69f42fab03c99f0c0465a6e14723,1,c59dfb699331407c6b2ab0c81b723a57,ffa6adafb71b807dc13159e26431354c,2018-08-07 12:15:19,127.0,18.94
c5fd5386640ddd76adc482b72d24a02b,1,7c4a8bec217df1de0df2b5aaf8175b65,7040e82f899a04d1b434b795a43b4617,2018-08-09 05:30:40,14.9,7.39
c606b6bf8e4f7fd3289dae004615ded4,1,c429a719cac9a29bfb5749d8f9043dae,808d4348b916efa08e766ebad39f61eb,2018-08-15 20:10:19,69.9,15.59
c633513c5486bd512a2a23de725cd7cd,1,1efd84ba20d23186f576a37baf64ae9d,762fafdaa57a532ee0119731697579dd,2018-08-07 12:30:35,24.5,7.43
c679d7c1b3724f6bafd104526934a932,1,990d135e28e075648cb7d83198fdccf4,d9bd94811c3338dceb4181f3dbc0c73e,2018-08-08 21:05:09,88.83,8.78
c68d61e0221d10f9ffd722a96a2f10cb,1,b6bdb28b376292b83135644ff8d4d6a2,da8622b14eb17ae2831f4ac5b9dab84a,2018-08-07 04:25:07,179.9,13.56
c6ad7089d27e68a395de452a632cb54e,1,9019140ff0a590950d16c4e5ae5427f6,daeb5653dd96c1b11860f72209795012,2018-08-14 15:25:14,43.9,23.03
c6e0ac21ec42ce78d3ff7fd8eca3735c,1,f20135d2d37130bbd6a2a9fa2e501e8f,b561927807645834b59ef0d16ba55a24,2018-08-14 21:30:18,55.0,15.49
c6e387c037a56bdb072d10c85f3f9fef,1,d5140e1d258c83a340419c6522c7da22,1554a68530182680ad5c8b042c3ab563,2018-08-08 22:30:09,75.9,23.33
c6f64ddfd9a519815891070106aa9543,1,ba664def852b1416351aaf61e2c7b1a5,fbc14c0cf93505ef89f64665ffa4a7b5,2018-08-08 08:10:07,155.99,13.75
c6f6b7098338abbafdecc3ee3ff4bb66,1,274a778944c803fb95ea5a5b2c50611b,57e632711dec9ec14ca7546769483e7e,2018-08-07 13:50:16,110.0,22.7
c6fe39cb893dca9cdde3a0d2201cc7c0,1,c5cd81e7dcab1a6baed9cedff7c531ef,d566c37fa119d5e66c4e9052e83ee4ea,2018-08-07 05:05:18,67.9,14.06
c73d5fa01a74c67962173f17716b9630,1,06ef9525b604908b6ef27fa630b4f22f,d91fb3b7d041e83b64a00a3edfb37e4f,2018-08-13 17:45:00,35.6,26.55
c7fda56679ce4368d59d2d9511b3c19d,1,b0158470e56400701f25e14c9cd4a33b,7a67c85e85bb2ce8582c35f2203ad736,2018-08-08 20:24:35,159.99,23.4
c8035c255b0c345f46e7ed85cbaf1a79,1,f9eb0aeafb5aa02dd5889376063550b9,6fd52c528dcb38be2eea044946b811f8,2018-08-24 11:15:24,58.67,8.57
c8097c4a079d36884044cd13c0df3452,1,634256dbcd184b3757ffd7632c9fe52a,42b729f859728f5079499127a9c2ef37,2018-08-09 06:05:33,27.9,7.46
c8223ab24b18df53e6a37eae1fd69d48,1,af8215adef2df1e9e66642f159e81e55,7d13fca15225358621be4086e1eb0964,2018-08-09 15:50:10,510.99,16.24
c83f1117bc97d473fec6e5d6ff5dce92,1,4c3ae5db49258df0784827bdacf3b396,d98eec89afa3380e14463da2aabaea72,2018-08-08 22:25:14,24.99,18.28
c8437ae2370954848655235ebb274b59,1,995f41643437250fce96885e56dd05d3,a36b125ac6d5fdbc7f50de85c9157bdc,2018-08-09 10:50:16,44.99,12.98
c85dd5c7536e1f5767943db786f80a7d,1,54fe74dbe5e746273980739ad1d24c7d,d673a59aac7a70d8b01e6902bf090a11,2018-08-08 11:24:13,299.9,67.18
c863a49cb9cb9a145f7d39a575866b44,1,4c0f00c6b8f193c1cb9459e6b97e0320,b9ca8e8baa5d4aa038394a700f63e69f,2018-08-06 21:15:14,51.99,13.94
c87cf593c8c9e0e59f1039a2bb8e5d44,1,7612afaa8218e79b3011243ed9edea9c,821fb029fc6e495ca4f08a35d51e53a5,2018-08-09 14:44:50,427.9,75.75
c8955054eff8de46231cb6e2e76b4fdc,1,9e33c417f7f6ba6c1212d91ccbfbe2f5,c33847515fa6305ce6feb1e818569f13,2018-08-07 14:30:16,49.0,42.62
c89a29cbd8db5a3dc5750a3748985526,1,6f1b3488c5314b527201978357a8d85f,240b9776d844d37535668549a396af32,2018-08-13 16:04:13,259.99,19.92
c8a51ea71826eea0c4b7341af09329f0,1,66ba269ae7ed286b181ebfb76d1d989e,c3acdfac4e3e97ff87529454fbc03642,2018-08-08 05:25:12,799.0,20.69
c8e0d72c6ab615e05977b79e02110d41,1,308f901f3cbc9dd383146e97562ef8ed,fa1c13f2614d7b5c4749cbc52fecda94,2018-08-03 18:25:16,128.9,19.0
c8f75f6121e5b471d9e207771a2a5367,1,9d7e2c8835276b06ea5facb880789f4b,ba143b05f0110f0dc71ad71b4466ce92,2018-08-06 13:04:23,58.99,11.43
c905910185bc1f8e9c3617ee560770d8,1,35d0f73a54eea897499ea2b516fee147,0be8ff43f22e456b4e0371b2245e4d01,2018-08-10 18:10:14,24.9,7.43
c9359e6f27fbe7d1397c40031341540c,1,595fac2a385ac33a80bd5114aec74eb8,289cdb325fb7e7f891c38608bf9e0962,2018-08-06 21:45:12,116.9,18.92
c93d8c5d743044e34a559198afa97c86,1,b7a89537c40b1f5a18b5ba75dbb91cbe,a13aaf2d2886ab9fb30fb9a920160b8f,2018-08-06 23:04:06,267.88,21.0
c95e5fb0ca685ee52a7db232285bf70e,1,33ba4b29d820b397054cc97e892ab1bc,16090f2ca825584b5a147ab24aa30c86,2018-08-06 13:35:15,27.9,18.3
c97c5a964e8d8032ce2da2cbf89d2183,1,e0cf79767c5b016251fe139915c59a26,da8622b14eb17ae2831f4ac5b9dab84a,2018-08-12 22:31:35,29.9,7.47
c97e64988f3d2b091838bb2815fc246b,1,2b301a96f8ae692b3157360f621b658f,269c5fc9fcadee614364c3620c30a1f9,2018-08-08 18:35:15,29.9,7.51
c97e64988f3d2b091838bb2815fc246b,2,2b301a96f8ae692b3157360f621b658f,269c5fc9fcadee614364c3620c30a1f9,2018-08-08 18:35:15,29.9,7.51
c981128521975354988b8e88309a898d,1,c615ac0ef96d723029051d29d7cd2d16,a416b6a846a11724393025641d4edd5e,2018-08-09 18:31:15,253.57,38.69
c98f20eb107a235a15b60b2b5de731da,1,cc6e31911e3db7f60e67069522872552,f0b47fbbc6dee9aafe415a6e33051b3f,2018-08-09 11:24:17,74.9,13.18
c996784e13c7d956e06ad7f8a992b564,1,3006b8f5b476750a03137c1b2755cea1,06e5eefc71ec47ae763c5c6f8db7064f,2018-08-09 16:05:26,126.12,19.99
c99f547e83c25761f4c58fd7f41cd337,1,154e7e31ebfa092203795c972e5804a6,cc419e0650a3c5ba77189a1882b7556a,2018-08-03 17:20:07,23.99,18.27
c9a9cfcae27293ffcf7a40ce1e34f18f,1,d9965bb41ec6a56e7cfc31ede4bc4276,76d64c4aca3a7baf218bf93ef7fa768d,2018-08-03 16:45:14,44.9,22.24
c9d520a482f52b364a05d0252cd45852,1,06f2166336faca73c644b11eaca22d06,d5ba419e26d246a0719437cf37d9b46d,2018-08-07 21:04:16,105.0,14.32
c9df12344ba358f97f2ee696709f2415,1,c1cf541d5b33a4b04ddc1c3be7aa1c86,01fd077212124329bac32490e8ef80d9,2018-08-09 22:50:21,38.0,18.37
c9edb7bc5d1bba89d462a4f94c79c078,1,3eebb0207da828bf5376257ceca70959,6560211a19b47992c3666cc44a7e94c0,2018-08-07 00:45:17,78.0,51.13
c9f0b297ad32f156608f2db479e1bb06,1,d48a01cab4f058610681e5547305d98d,fac1a9017ade7bdc94058fc1c969f355,2018-08-06 13:04:22,200.0,23.33
c9f1715aa7997f1ebfb8560a516d92fd,1,f7740e5b4337a3cc4a8a204553101a85,04308b1ee57b6625f47df1d56f00eedf,2018-08-20 20:45:15,527.9,63.98
ca4ced509eae117b7d3823b4ce2467dd,1,2d68dc900969487798076d5f21c1090d,5c853bb56f70f4d14218944bae111d7a,2018-08-14 04:15:26,12.99,18.23
ca956d502f34466301d1268a2df5b0a3,1,867dda95bbba37fe56fa288449fa122f,d2374cbcbb3ca4ab1086534108cc3ab7,2018-08-09 17:25:20,49.9,19.54
cacb12ecbd3fcaf21b5556085730369a,1,9c0f79b9daf5436386477b4e17b94389,1025f0e2d44d7041d6cf58b6550e0bfa,2018-08-09 13:05:16,150.0,28.03
cad4f1f1630718b17426b3f335d0404e,1,d48782d1a53a65a84d63efd6aabd4f03,165b1235e9e9942cb5fae67103576fb0,2018-08-09 21:04:50,178.5,34.33
cad8ab3b1083311bd57b8ea9aa7c1c85,1,42fd6f72ca3e6f53b25d7a19b0536630,4a3ccda38b2129705f3fb522db62ca31,2018-08-07 12:44:09,128.25,15.21
cadf75f0c2e29639d54ff0430d98e9f7,1,0210b75f6f4de09dfc17a66803290f8a,141440cad9341e553f8401c574a2aa38,2018-08-06 22:10:12,142.0,27.94
caeae132e3ebfb4af85f98f054c37ef6,1,55dae7585569be721ef89eba4379e38b,7a67c85e85bb2ce8582c35f2203ad736,2018-08-10 03:10:31,75.99,11.55
cb1f3a44e8b8527e16913306a4d3de2f,1,e7cc48a9daff5436f63d3aad9426f28b,53243585a1d6dc2643021fd1853d8905,2018-08-14 09:05:09,170.0,30.44
cb1f3a44e8b8527e16913306a4d3de2f,2,e7cc48a9daff5436f63d3aad9426f28b,53243585a1d6dc2643021fd1853d8905,2018-08-14 09:05:09,170.0,30.44
cb1f3a44e8b8527e16913306a4d3de2f,3,e7cc48a9daff5436f63d3aad9426f28b,53243585a1d6dc2643021fd1853d8905,2018-08-14 09:05:09,170.0,30.44
cb1f3a44e8b8527e16913306a4d3de2f,4,e7cc48a9daff5436f63d3aad9426f28b,53243585a1d6dc2643021fd1853d8905,2018-08-14 09:05:09,170.0,30.44
cb1f3a44e8b8527e16913306a4d3de2f,5,e7cc48a9daff5436f63d3aad9426f28b,53243585a1d6dc2643021fd1853d8905,2018-08-14 09:05:09,170.0,30.44
cb1f3a44e8b8527e16913306a4d3de2f,6,e7cc48a9daff5436f63d3aad9426f28b,53243585a1d6dc2643021fd1853d8905,2018-08-14 09:05:09,170.0,30.44
cb38a96792763020d1c6a3f5e3073026,1,80aed7c1df22a03593fdd335531bdc72,768a86e36ad6aae3d03ee3c6433d61df,2018-08-07 04:15:41,37.0,7.52
cb7e54b683ab7303fa52e2c3975801a6,1,e7cc48a9daff5436f63d3aad9426f28b,53243585a1d6dc2643021fd1853d8905,2018-08-07 20:43:59,170.0,53.54
cba0deb7b7e121a54760408a83ecc42c,1,494e5f4c3ccfa2520421fc87b9d368b5,431050a06a317f2b38168dec3dcd2b46,2018-08-09 15:15:26,57.9,7.67
cbc53400ab70c26079285e050d0dd7e1,1,711027a82d762aad9b42dc032629dd18,b19f3ca2ea475913750f25a5c37c8d8f,2018-08-19 22:15:22,139.9,16.29
cbd6b0d6698b0b6018dc2f613942fd42,1,bce474cc95b6e77657e10939b0b4248c,7d13fca15225358621be4086e1eb0964,2018-08-14 13:35:17,146.0,13.68
cc0ab0fd1ed4c39ca56a885ae303aa87,1,92e106929b560a1609803a97c48a47d2,4e17c65a516f69d023a2ae78b84f28d6,2018-08-08 14:10:23,75.8,23.25
cc4609648b8cff3ea47a04fc4380c25c,1,e94d9f48ab491b190c0f0bdbd12830ae,d921b68bf747894be13a97ae52b0f386,2018-08-10 17:25:17,160.0,51.84
cc747bcd22a8ec8bbddbe6c96945a5ad,1,d011223de539cd224b5c5c8082313d46,1025f0e2d44d7041d6cf58b6550e0bfa,2018-08-08 22:15:09,196.8,27.68
cc7bd0bcbb309edb2cd6fd9e87e70fcf,1,27d089865ecb267c190122ec1feddb8a,6560211a19b47992c3666cc44a7e94c0,2018-08-06 20:03:54,49.0,18.44
cc9bbac0ab49464c551e527df59db18c,1,c92a761aaccfb831d4220d44648f260a,f8db351d8c4c4c22c6835c19a46f01b0,2018-08-03 13:04:33,24.9,18.27
ccaf9bc3712aea66d07acdbea64e069a,1,ffc9caf33e2d1e9f44e3e06da19085f7,b18dc380845b24038cfc48006478f099,2018-08-07 12:04:38,219.89,12.56
ccb3e2fc8477b6fd3e3edf0dad0211b6,1,ff3ec972ebd16eb98d55e8ea2fa255ee,46dc3b2cc0980fb8ec44634e21d2718e,2018-08-07 23:30:08,219.99,15.13
ccbf44556216d2ad81b039514a0d8877,1,80826ebdc7be9086c467cb10e61a24c6,49067458c68f7701fd334ce326accbe0,2018-08-16 09:44:55,25.45,22.11
ccbf44556216d2ad81b039514a0d8877,2,f9bdcb274f479aa71dd34e8bccdd9a82,49067458c68f7701fd334ce326accbe0,2018-08-16 09:44:55,25.45,22.11
ccbf44556216d2ad81b039514a0d8877,3,37318ccebb2ced72bd1b548b55ab4e31,49067458c68f7701fd334ce326accbe0,2018-08-16 09:44:55,25.45,22.11
cd2457140ff84327d7d7030053b80fce,1,779dd392d4fbe5ca656bf3ceabecbf0b,1a932caad4f9d804097d7f8e615baed1,2018-08-07 15:55:14,150.0,22.87
cd4669d3b4eb487d41fc3919a3b1b8b6,1,b69bcfc7cfd1e1a53b1d754ddad08417,080102cd0a76b09e0dcf55fcacc60e05,2018-08-07 02:45:24,125.6,15.98
cd5d896429fb41469e5414dd0b56cd01,1,fbce4c4cb307679d89a3bf3d3bb353b9,c33847515fa6305ce6feb1e818569f13,2018-08-10 03:30:22,149.0,24.26
cd82b3b68f4843cceb338d860b8aa006,1,74a540bb7912e04aa9380812dc1fb048,67883baaae6134ee81b271a542613728,2018-08-09 17:50:18,418.0,22.12
cd974875c10f96dfe6a717e02c625feb,1,aed75ad669fbebd5a385ac7cc2ae7573,17f51e7198701186712e53a39c564617,2018-08-20 10:25:16,550.0,122.93
cdbbf42ba3892a989ca5b644ee43db7f,1,dbaee28f4ee64465838a229582d77520,ffc470761de7d0232558ba5e786e57b7,2018-08-07 11:04:21,54.0,19.29
cdbe906438125d1d5bf88bb289f8ed61,1,bf0fb54ca0888fce3109ad83c00617c4,ca4b77513ac2040591b0d8fae6958380,2018-08-08 13:15:22,123.47,9.02
cdbf4152d2857c30e94f8e15e0dc9914,1,6030a4783b8f3adc3d0e392b0df67064,2e7ea2aafec5835e781b21d6d1faf1f1,2018-08-08 19:04:17,65.0,18.56
cdc1ac6a94d34f438c153db4b7b5a691,1,55d139324dfb785b405ef1e11f119adc,6bb62a4912377c7bfe7cb17b406bc7e6,2018-08-08 15:04:43,98.69,19.88
cdc1ac6a94d34f438c153db4b7b5a691,2,55d139324dfb785b405ef1e11f119adc,6bb62a4912377c7bfe7cb17b406bc7e6,2018-08-08 15:04:43,98.69,19.88
cdcc6a10b38eb298efc7496c36329752,1,20ecd51a1e2c3e5cc72096b2ce0d29d5,a3e9a2c700480d9bb01fba070ba80a0e,2018-08-09 11:44:48,95.0,12.4
cdf746aa8492ace4e8785a606adf00f4,1,71540d636652fc682032d3b3c0a180c1,213b25e6f54661939f11710a6fddb871,2018-08-20 23:50:19,119.85,23.64
ce18cf057088cf275c41fc9510ed53ad,1,020a80cb704bf65f38761fcedf2af192,ef2fbc2b607d8492bcffe657a4645434,2018-08-08 10:55:19,46.9,16.52
ce4c50f30197a0330b034d27da7f5ed6,1,70aa499facb0946dc40ff974166fd522,55f7a3319d80f7fdf078b8f03e6725fe,2018-08-08 11:44:29,129.49,31.78
ce8bc9d1350f5e9b6b22fcf981df3aa2,1,dbb67791e405873b259e4656bf971246,e9bc59e7b60fc3063eb2290deda4cced,2018-08-12 21:15:17,61.4,18.53
ce9c29eef68b7ebc6a4bc1014618bb4b,1,acc444eb5ad26f79d5a11baa6a03c439,1025f0e2d44d7041d6cf58b6550e0bfa,2018-08-07 23:50:10,120.0,23.55
ceb0508b7d0cebf8cd0cf1052322da3c,1,b4b817e5f2c4efc8253b4b679c653847,c33847515fa6305ce6feb1e818569f13,2018-08-07 09:15:11,92.95,26.95
ceb13edd7ff6e50ff3a9295764a6b3b7,1,06a63a471d8a08878526b37a1baa66a5,6c17baf138731a4aaacc3210adf2037b,2018-08-10 15:30:23,89.9,18.73
cec31771f7be596e463066dab5db839f,1,af0a99476d96dcc1a1baa7c0d9ff6b9d,04308b1ee57b6625f47df1d56f00eedf,2018-08-21 01:05:09,527.9,17.18
cf0fd312197c09391d0d85e878758e82,1,730f1927f42fda4370209c28203eb0ab,1900267e848ceeba8fa32d80c1a5f5a8,2018-08-06 05:10:20,13.99,12.79
cf0fd312197c09391d0d85e878758e82,2,730f1927f42fda4370209c28203eb0ab,1900267e848ceeba8fa32d80c1a5f5a8,2018-08-06 05:10:20,13.99,12.79
cf19b9eddcef18fed0071f773887b1e6,1,231081927a13592c84df280baf744393,0a85ebe4e328db81ac9109781205e2f7,2018-08-06 21:10:11,40.0,15.38
cf2bdd96e31b79ed41dba723fb42429a,1,62fd674a590e093bfc9aa9515d94caee,8dfbc5ff27df12f6cef751d3b9554222,2018-08-10 07:30:09,120.0,20.79
cf97ea340fcb30e950d9c656341fdf25,1,5b5485de978301834d9e5f3943ade7da,4869f7a5dfa277a7dca6462dcf3b52b2,2018-08-10 11:55:10,145.9,19.12
cf994e7b2290fe771d8ac15f128eabc4,1,cd2ea14a901da3b47b33516f3ca6929e,ebd2d60905fb58271facef5596b620d3,2018-08-06 21:31:35,69.0,19.67
cfc8693f5a72369e0b4cd8d2f4f01ff1,1,f65ff6e5a356943c5cee2e8bb023efc8,ce248b21cb2adc36282ede306b7660e5,2018-08-09 13:05:14,676.97,62.82
cfe5da8247941458984d84fbdfa91a10,1,6f3b5b605d91b7439c5e3f5a8dffeea7,4869f7a5dfa277a7dca6462dcf3b52b2,2018-08-06 22:15:29,159.9,13.78
cff23799a67437f662527dff6056233e,1,163da86e86f0089de089399c28c3fcbb,9f505651f4a6abe901a56cdc21508025,2018-08-03 19:05:15,99.0,8.85
d001290419ddebaed22e4089349d4258,1,e59dd207c69d86e890febadc796d1078,e9bc59e7b60fc3063eb2290deda4cced,2018-08-14 21:55:16,125.0,22.81
d00c0296f63ccdcf9062c425887095e6,1,c20a3f598c16d77249da67e81caa8317,955fee9216a65b617aa5c0531780ce60,2018-08-05 22:35:17,32.0,13.8
d05d5881240a2b6f02e90a83bddc85cd,1,fc93dd7f733b2e9ed94453e40e4fa677,1da3aeb70d7989d1e6d9b0e887f97c23,2018-08-07 02:45:08,22.99,7.42
d077407f0f6dccff3bb4224b3aaec82d,1,0c96091f6f20b1d2c946a933370782a4,d9a84e1403de8da0c3aa531d6d108ba6,2018-08-06 16:05:17,14.9,7.39
d07eb552f514f38f0107ee31243f8104,1,dbaee28f4ee64465838a229582d77520,ffc470761de7d0232558ba5e786e57b7,2018-08-07 02:44:15,54.0,22.31
d115642fba3060e4082472bb2801b111,1,7724d1e2711ecb5f0b7678257e1a1cc6,7ad32824caee82087b3e2e5f33b1bf32,2018-08-07 08:15:15,299.0,45.89
d12750a4a29395c6d1cd3a83992f1e16,1,e53e557d5a159f5aa2c5e995dfdf244b,88460e8ebdecbfecb5f9601833981930,2018-08-09 02:45:09,77.9,4.35
d12750a4a29395c6d1cd3a83992f1e16,2,56cdfe67fbda57c1dcc752f5f361f981,1c68394e931a64f90ea236c5ea590300,2018-08-07 02:45:09,89.9,40.68
d147001bf6f7a4295040343db205d9c1,1,b46df49597c48fda458171cd058059c4,ffc470761de7d0232558ba5e786e57b7,2018-08-06 05:15:19,119.88,17.03
d14cc71ad2d00bf56df0686d956d6ac1,1,a59fb60fddcc72a9878b7ed5cb69d8e4,7040e82f899a04d1b434b795a43b4617,2018-08-08 04:10:36,14.9,15.23
d17f1a91c60b8fe9d060b2579f04fd0a,1,4fe644d766c7566dbc46fb851363cb3b,c31eff8334d6b3047ed34bebd4d62c36,2018-08-10 18:05:13,69.99,11.51
d186bb303793c5c807a392fbd08e88f6,1,72dd2e7b7e10b8a4083e53c7867c1564,a06c8ff043abea0528ee44171e2140a2,2018-08-08 06:04:21,31.25,7.96
d1a6ee88427645deee3a642c9f27e39a,1,879f3fcede3745f74eef673bf8d5805a,4830e40640734fc1c52cd21127c341d4,2018-08-03 20:10:21,31.0,8.38
d1af798bd24f3f874cf16d2d2e02d981,1,8fa67e5cb309b9cd7b4438e15948bdb2,90b36c5aeb728d5504a39f435bef0c5f,2018-08-09 14:25:18,17.99,12.79
d1af798bd24f3f874cf16d2d2e02d981,2,8fa67e5cb309b9cd7b4438e15948bdb2,90b36c5aeb728d5504a39f435bef0c5f,2018-08-09 14:25:18,17.99,12.79
d1af798bd24f3f874cf16d2d2e02d981,3,8fa67e5cb309b9cd7b4438e15948bdb2,90b36c5aeb728d5504a39f435bef0c5f,2018-08-09 14:25:18,17.99,12.79
d1ed1dbbec11c2374190e2365d37d2b9,1,543fd1c1fba9cfa6e424473dd4d830f0,709e16e2b25c7474d980076c6bfc4806,2018-08-10 20:50:26,106.9,13.41
d1ee985bf7378b46fd1058b35c8132da,1,11182511f8556822085ea032df785dae,7d13fca15225358621be4086e1eb0964,2018-08-20 03:44:53,96.58,22.61
d1ef94426d8030042fb422bf0891ded3,1,55782cb82e0efe052da0a3da237da3b2,c003204e1ab016dfa150abc119207b24,2018-08-09 04:15:23,166.9,18.3
d1f3aacf6953cd2cb98b26b17fa5ba14,1,cebff45f1d1558430be0e07ac0df6a68,c003204e1ab016dfa150abc119207b24,2018-08-06 14:30:12,95.9,42.95
d1ff908b4e21d4fffd5da1a0c84c3404,1,08462528607b71ea62cbc019d91b001e,ccc4bbb5f32a6ab2b7066a4130f114e3,2018-08-07 22:10:12,207.9,30.71
d22d34dc3b27dd6647daeddbcc570636,1,e337509290028e0c81c0ac93d7b1234e,aeb36d67f1414f234d42a29e27cf1f17,2018-08-13 22:10:19,765.0,41.69
d22e9fa5731b9e30e8b27afcdc2f8563,1,f410090aec61f7c73748ca894286edcd,980640c45d7a4635885491d077167e4d,2018-08-07 23:35:13,99.0,22.62
d23bc376aeb971eadf9129860f03c047,1,cb9cc307a215ac435ec87b0f799e8dab,f680f85bee2d253556ac91be391d2c82,2018-08-05 23:03:52,229.9,28.59
d24b90d375b1415ca40e5b531d04a6bf,1,d5abd3b28e2a7a0da8f0a4617f9188d6,2138ccb85b11a4ec1e37afbd1c8eda1f,2018-08-08 04:05:14,49.99,13.01
d2570454fa1bbea98db582b76abdc800,1,053dc19b1456837ad35f75a6fdce5988,9ed65337433adfbedefd23dd76eaa494,2018-08-07 17:30:11,50.4,8.51
d26fc4e0de94625d635210111725c127,1,b5f7245e14a8a3d52f0a6e468971e6d9,f0b47fbbc6dee9aafe415a6e33051b3f,2018-08-09 14:31:42,29.99,8.37
d2783b3ae3458b44a4ab7cc0169bbde6,1,5c2bb11cf2149bd4d9fffcc1246458c3,dbc22125167c298ef99da25668e1011f,2018-08-09 04:44:33,98.9,14.99
d28a0d4aabf9fe1941c36b8d1af9bd5a,1,aaa80d9e907a758e151586557e332acb,e5c84227854980f1db19a58958c551d9,2018-08-13 08:24:07,22.25,17.09
d28d530e6f5f2e1fb58e616b097b23b8,1,5188466ac1bca9e8317ef320cd279b89,985c92cc412091f8529c12d7f23d3fef,2018-08-09 20:44:33,84.3,13.93
d2c1f29355ffc2e07756f267aa965c28,1,70bf4f61950297cf24e18a9b84c3208a,6d988d6174a2c27441597174f8905515,2018-08-17 03:25:15,18.95,13.47
d2deb9270ebda7fd5dc5ff3b9a499a58,1,778f8850980a158eafa6e7555c085ea1,83deb69e889cf80f82be1dc6d5f2d486,2018-08-16 15:35:16,169.9,19.29
d2df2c8001cece568604ec609cef2167,1,1428c05db72682f014dc218c294724ea,039b29ff3b3473435d0cd59040575de9,2018-08-15 11:10:18,15.9,7.39
d301cecfb230ab6585d1afcc0d63a417,1,0a9a9c25c5a06532d1766e00db833a7f,da8622b14eb17ae2831f4ac5b9dab84a,2018-08-07 20:05:13,14.99,7.39
d307f9ed518d1ee6fe69995bf48ede89,1,53a72a0b6feec4a5cb40c5c79374b471,9e6229250fedbe05838fef417b74e7fb,2018-08-09 12:45:12,169.9,34.95
d30daca327cb882c3ccccced457f69f8,1,dbb67791e405873b259e4656bf971246,e9bc59e7b60fc3063eb2290deda4cced,2018-08-09 17:15:19,61.4,13.77
d310b57747a742fc3a54a009114a77db,1,3c949889a3c11ae9d33a721d9efa6e7d,b0b346d3a89f5eb4c2968af3f083cd43,2018-08-10 11:25:10,81.0,23.37
d318b7f49be14ab25218a6914acc404a,1,3d28edb64298984160e6e9ed68d7cc3e,ef506c96320abeedfb894c34db06f478,2018-08-08 18:15:20,25.99,15.28
d32d584f32319a9b013c05fd83400831,1,7b81c277c7e38dd3e617c88530402dab,fd386aa7bed2af3c7035c65506c9b4a3,2018-08-07 17:04:07,20.39,7.4
d3660059f5d2ec500340d1bb2131bab3,1,060e9bdedfae37724dbce0b3270d76ae,6560211a19b47992c3666cc44a7e94c0,2018-08-07 11:05:17,45.0,15.42
d3793144c8e35d71e963045c73b7b7ec,1,bb42f37fc3d9130e4a4339d24a47dd7c,da8622b14eb17ae2831f4ac5b9dab84a,2018-08-06 12:50:15,44.9,18.41
d379476af4ac3bc71f0f857e9f2827ef,1,fa92cdb881a2eab7e1f10d0ba6f42fc5,54583ab379489add547fe47b628db589,2018-08-08 14:44:09,120.0,8.1
d3920d21fca6f163bb21d3fbf37270a7,1,0d43f8d3ba891d985e8087bf048d3f85,05e107217c7266362fd44b75b2cd4cc4,2018-08-09 18:55:17,14.9,7.39
d3920d21fca6f163bb21d3fbf37270a7,2,0d43f8d3ba891d985e8087bf048d3f85,05e107217c7266362fd44b75b2cd4cc4,2018-08-09 18:55:17,14.9,7.39
d40d7acb41c23539b6b47ea86e260c28,1,83b6bc973e911a21b156247857bc0f59,ca4b77513ac2040591b0d8fae6958380,2018-08-08 21:15:18,88.78,7.88
d43df0b37313a8c9a453c321ce6084e5,1,b801ec74af3702cd4d67a0c165cd8e56,4a3ca9315b744ce9f8e9374361493884,2018-08-09 17:45:17,50.0,18.45
d47221803d32f8f54b53694c19f0a368,1,701ff123e9085dcc9c2f833efded6374,ff1fb4c404b2efe68b03350a8dc24122,2018-08-10 14:45:22,395.0,20.94
d4ab24f781df0efaa8d664c145241296,1,754ea8d75da6030e9a9bfabce28b0d9f,271c58a1d139c45eaf3316107c6d3a3b,2018-08-15 21:45:18,129.99,17.1
d4b4050ad0885ce84603e34ee06201ca,1,f8763c8e0ef828c6d393b091888f9eb8,11fb6f6d341adbe19e81733701704635,2018-08-13 17:30:17,399.0,154.38
d513f9d572bf6a3a3c4e59252fe4f19c,1,500870614ddcf5bd84f7d26861026c8a,92eb0f42c21942b6552362b9b114707d,2018-08-20 14:05:20,11.87,17.06
d520b96e396bd11c8861b4310c25388b,1,2ff995aead9c63a1f37a07b3664ead37,8b9d6eec4a7eb7d0f9d579ce0b38324d,2018-08-06 20:10:11,74.99,17.16
d5211af24819d319c02a285e7bb51750,1,7f9e40aa498f8f6edf4cc51215ecce9e,c9aafcd0621b2207c10e32c649cada4d,2018-08-09 16:45:15,31.19,3.37
d5211af24819d319c02a285e7bb51750,2,8d28eb3a7309368ca0de19e016266251,c9aafcd0621b2207c10e32c649cada4d,2018-08-09 16:45:15,35.99,3.38
d5211af24819d319c02a285e7bb51750,3,7698c2e9ec5dc2b70af8c1c8ac245cae,c9aafcd0621b2207c10e32c649cada4d,2018-08-09 16:45:15,14.9,3.37
d5211af24819d319c02a285e7bb51750,4,6f46359e56f51d5deded13adcd1c255c,516e7738bd8f735ac19a010ee5450d8d,2018-08-08 16:45:15,31.9,3.37
d5211af24819d319c02a285e7bb51750,5,7486542600afc050d20740e976ff87f8,c9aafcd0621b2207c10e32c649cada4d,2018-08-09 16:45:15,22.9,6.74
d5211af24819d319c02a285e7bb51750,6,7486542600afc050d20740e976ff87f8,c9aafcd0621b2207c10e32c649cada4d,2018-08-09 16:45:15,22.9,6.74
d524e77bf9d7d01dec8ba849212ee527,1,1dfb36d969d347f56f43590ec42c7b8c,7f152321c60a266edc53af1925ef96c1,2018-08-09 18:15:17,159.99,20.31
d53539c07b0e0bb28c0468574526dc88,1,cb495e3212140c3d8b02a78038e20994,6860153b69cc696d5dcfe1cdaaafcf62,2018-08-08 23:44:31,47.97,14.65
d54585273ec1cbb4c450e524d11d2277,1,7f457254a89d62960399e075711b3deb,ea8482cd71df3c1969d7b9473ff13abc,2018-08-09 04:30:27,24.99,17.11
d55d5f2d92f548bd9928f3edef443395,1,fe4cd3c795135b4f84e2da5a82ac84a8,a8739afb32aaa45e01815ca76f76f54b,2018-08-08 19:45:14,24.35,15.27
d56b0809a6666dd3fbadb40902a42b41,1,d1c427060a0f73f6b889a5c7c61f2ac4,a1043bafd471dff536d0c462352beb48,2018-08-07 13:55:17,119.99,23.83
d578e968ce420f393efcc423ada6f0ce,1,ce28e83906c41f4170cf100324d80811,77530e9772f57a62c906e1c21538ab82,2018-08-03 17:55:12,49.0,18.44
d591fe8e95691bbffc5f4f2478bb3a7c,1,8370300e444c4394d3c3f878606a9601,4869f7a5dfa277a7dca6462dcf3b52b2,2018-08-03 18:04:06,299.9,14.76
d640892cc6e635047b062a06b5f9ce32,1,7b7827f65a44cb0a2a5a1021757fd119,30a81d8cf85fb2ada1b1b094c9583a95,2018-08-07 02:50:26,34.9,12.9
d67009600392acea26eda59caab5425e,1,ed7c541aa5466333629b1e1b8cfc8087,903037660cf848a717166eb7a06d616e,2018-08-13 11:50:19,24.99,8.93
d68ac2a1fe441368e9bdea2c2a4d5ea6,1,70120d2f9b9193aa0030342072d8adec,92eb0f42c21942b6552362b9b114707d,2018-08-13 07:31:36,34.97,7.51
d68d5c93a1000f0278b511ffa6aeaa50,1,20fb650ad1615624d7e202031400f695,ba143b05f0110f0dc71ad71b4466ce92,2018-08-09 08:44:48,37.5,9.01
d6b2cc5d981e25c858336cad7bde6e06,1,b3bf52e880d6c9f4dd7e34fb682d5054,8b2d4ab22f42c5cfc338b846decfda60,2018-08-08 16:04:01,40.0,62.53
d6b2e1ec7df97339dcd2bea853f8ff0a,1,9faa5e4f81da9a1b33f8d8f3ed90e89a,acce39e832338debb07b02385cde5967,2018-08-09 18:10:18,129.9,27.89
d6c8d8e00d2e01bca21b1638924f910a,1,3b363eb5f320bf6f9a812a5dccb8682b,b494891378bd8f4560abe576c52deacd,2018-08-07 10:31:44,309.9,17.27
d6cd9d63e25452e0278cb6eeed08de6b,1,3ef9c686c9865f2cfe88cd7f9976fd38,4830e40640734fc1c52cd21127c341d4,2018-08-07 18:15:19,129.99,23.45
d6cd9d63e25452e0278cb6eeed08de6b,2,09ec9df2cf3708ca52a4a6cb64e464f6,5415337f1863452476d42d9f14a16a61,2018-08-09 18:15:19,44.9,23.45
d6e4899000744aee28d41363a581e3c2,1,5a7cd5a522f29bef101933fea87a1a1a,8def3db7f272735afb2ecd03aeca09a7,2018-08-10 19:24:36,98.0,14.85
d6facb241e387bcff2026c6cc25eaf68,1,93a12c289ca2b78e7069e469f5053ef2,88460e8ebdecbfecb5f9601833981930,2018-08-10 15:24:44,124.9,8.61
d72c87644eeb5b1c8658e9a34ad13f50,1,a52eee5077b52ed1702997bbb36ca4de,b494891378bd8f4560abe576c52deacd,2018-08-08 00:44:35,44.9,15.38
d72c87644eeb5b1c8658e9a34ad13f50,2,80fcb8062aff23a658c4b047a08bec66,b494891378bd8f4560abe576c52deacd,2018-08-08 00:44:35,35.0,15.38
d762e245b7d93fe1fc56d6ed89782027,1,c87a617241993d71f043ed39858daa43,8476243f92442881ddd5b578975cf115,2018-08-10 11:55:22,649.0,21.47
d76ae02361b19ee1c7a277bf4740a64f,1,36e188142f61f077323f5d175e1af77e,7bac63f6603d382cc8d0832eb6c100a8,2018-08-07 10:04:15,578.0,21.26
d7f0f03f8aff02c307964f1ecb044a5f,1,ef7bac3fcd96b1f97400cb9cf17902d8,ac3508719a1d8f5b7614b798f70af136,2018-08-09 04:24:43,119.9,9.97
d802b8adcfb2cc03772c0645c9257a4a,1,5fe23e6307c231e287f13c0a4be06c88,5cf13accae3222c70a9cac40818ae839,2018-08-08 11:44:24,109.9,51.06
d83e73ca49e7e9ec7ba0154139858fc8,1,5f42d57952b7815098979a5c4fa6f82a,c70c1b0d8ca86052f45a432a38b73958,2018-08-07 17:04:06,110.32,15.87
d83e73ca49e7e9ec7ba0154139858fc8,2,4f0abfbee7569e43b80f9aaa256a9bf8,c70c1b0d8ca86052f45a432a38b73958,2018-08-07 17:04:06,110.32,15.87
d83f19fa5fce346e31c60b35257f4329,1,e7cc48a9daff5436f63d3aad9426f28b,53243585a1d6dc2643021fd1853d8905,2018-08-13 04:24:50,170.0,25.54
d85ce9b0e10e08627fdc72bedcf4cde3,1,3e845176ca89939bffd10efd3467a090,0241d4d5d36f10f80c644447315af0bd,2018-08-09 04:45:13,79.9,18.36
d86e65a13d3e7a90d876cb6b9064f1ac,1,45dcebc4f3d844e116f01e3f191711dc,f7496d659ca9fdaf323c0aae84176632,2018-08-14 16:04:46,189.9,17.6
d8721b9f395286c3b43ff47a250ad40a,1,5d7c23067ed3fc8c6e699b9373d5890b,6560211a19b47992c3666cc44a7e94c0,2018-08-06 22:24:21,59.0,7.7
d8721b9f395286c3b43ff47a250ad40a,2,44d097d59e8430f88a67517cd0c4f865,6560211a19b47992c3666cc44a7e94c0,2018-08-06 22:24:21,69.0,7.71
d8a38160525fa277b48b3502ad5ae5cf,1,7564c1759c04fc0a38f2aa84f7a370ee,6860153b69cc696d5dcfe1cdaaafcf62,2018-08-06 13:30:26,45.97,19.51
d8d4e1a57a139526d78c7713a4eed523,1,45ae343d4991cc21e7ec0a775239402f,7238a95bb63ef7e498389fb863b834a1,2018-08-07 02:45:20,39.9,18.38
d8ff993abef623e4c9956f245c4345e9,1,35afc973633aaeb6b877ff57b2793310,4a3ca9315b744ce9f8e9374361493884,2018-08-08 08:35:14,77.9,14.86
d91a069afed21a6f7b095b0a908f5008,1,d9bdf643d95cb89844c0da1a0df1d16e,289cdb325fb7e7f891c38608bf9e0962,2018-08-06 13:04:24,118.4,15.93
d91a069afed21a6f7b095b0a908f5008,2,d9bdf643d95cb89844c0da1a0df1d16e,289cdb325fb7e7f891c38608bf9e0962,2018-08-06 13:04:24,118.4,15.93
d92d62eadcca8fd6509c4d0afad5b2c2,1,4ce9ab528124f89e091b17d11aa2e97c,7e3f87d16fb353f408d467e74fbd8014,2018-08-16 03:45:13,89.9,8.79
d9b968b9f8c464fd7941981e0ee66845,1,31b8e7c2a22f3dba5183cc110bdd72f7,7d13fca15225358621be4086e1eb0964,2018-08-09 19:35:18,185.0,13.96
d9df7ac84c310a46b85f5c2f50216bc1,1,c1617123e66d2491ca93ceadfd36203e,b2479f944e1b90cf8a5de1bbfde284d6,2018-08-09 22:44:32,54.99,14.7
d9fb85f3f3239e18e331c9f622d6998b,1,541fe3a51f05d6f3ee6e730fafa0b8d5,4830e40640734fc1c52cd21127c341d4,2018-08-07 16:35:19,19.99,7.4
da1b33a717a76516deb6b4db0bbfa8f0,1,22f799df8d5495f40f6ed3cc8b18b712,218f991754f360af9c2daa5e0b8e990c,2018-08-08 19:24:27,219.9,17.73
da29ecf90246ba3404fab5ad9febafac,1,bcf23a98430ab0bd4ee446c36b596c25,7b98de631987e26dd6d803490c43a13c,2018-08-09 11:10:08,69.9,13.83
da7b8d3f7de2b64a8d4f6d59b36159a7,1,4651cbf18222b853f46619003d9861f3,955fee9216a65b617aa5c0531780ce60,2018-08-07 16:45:09,80.0,8.72
da7d7e53c86d326200b7b44b722f2aa1,1,fe077ec80df6b4ee60bb4498d5ab1962,87142160b41353c4e5fca2360caf6f92,2018-08-09 21:10:11,135.0,19.05
daa82801011a09e5047dca31d70b6be1,1,04ca6bf4b3d9aa78046f0973efe2f4b1,213b25e6f54661939f11710a6fddb871,2018-08-21 03:10:29,79.9,9.31
dadeb032c1f01467182f4f0716bdd141,1,6c712952b8ef62f8d06a0314917400c8,620c87c171fb2a6dd6e8bb4dec959fc6,2018-08-10 14:50:16,69.9,23.29
db207002d58fe7f53935e30c37bbe862,1,35537536ed2b4c561b4018bf3abf54e0,955fee9216a65b617aa5c0531780ce60,2018-08-05 21:35:19,390.0,29.39
db3e8c24c5652c8944bc5a05d9bd3933,1,330cef1e4abdc583a07dc02a38dcffa7,d6b1ce66b035a475f00c017792ff9769,2018-08-07 12:50:14,169.0,17.45
db70f8a5634ca9a20586be3dec6ad653,1,3731dd5544cd9646d73050e946641da8,5c6d4016c2a288f074fa0848a2b653d2,2018-08-07 02:10:08,82.0,13.87
db7278dea8450817ee8e59fd074eedcd,1,6001f761aeace35d6f7a724813b4a098,c4fabeea6e569d42d02993bb1f4f1cbc,2018-08-16 02:45:15,70.0,60.77
dba5951df5e24339650c2552a565ad2c,1,adaf53b4c04b9aca88c0f5c9ba4c3880,16090f2ca825584b5a147ab24aa30c86,2018-08-07 18:44:17,129.99,19.01
dbb786efd821d7f903d79cb502ba3083,1,441293f432282ea2ab9c82fe5f0fb875,624f4ece8da4aafb77699233d480f8ef,2018-08-07 19:25:12,159.0,17.38
dbbe1b2ff4094c09c4a05b045b71e81b,1,bdcf6a834e8faa30dac3886c7a58e92e,2a84855fd20af891be03bc5924d2b453,2018-08-05 21:03:58,43.9,27.08
dbe8fba9c7020282d2cf4a214f28a256,1,e59dd207c69d86e890febadc796d1078,e9bc59e7b60fc3063eb2290deda4cced,2018-08-10 05:10:12,125.0,37.79
dbfe4e468c74ac901314aac3d2915e40,1,561e48cdfacd14e7cfe67aa4ebd0caea,5cf13accae3222c70a9cac40818ae839,2018-08-12 21:10:11,94.9,14.96
dc05a07c0cc70e26e10e274313034ad3,1,5145cef9f9e1293cf8cba2c924eb94e9,17a053fcb14bd219540cbde0df490be0,2018-08-07 16:50:14,299.9,129.74
dc28b4fe4b9aee6d106b4fdb21e6c894,1,7d76a219445c40f19d016b40b77868f5,05730013efda596306417c3b09302475,2018-08-08 16:55:30,238.0,42.65
dc3fedc15bcfea3fb0e670ce3a8f3c27,1,e919bdbe0314f5cef7d86707f9d89c1e,df47da4ae86fa4db890d05aaf24e21d8,2018-08-07 23:25:07,58.9,16.6
dc54f7ab58e8feced89cf7f0bb97fc77,1,3b068029db5363533440150014d95d9b,845e8036c3f7bf62099352f5ed910240,2018-08-07 13:45:10,49.9,18.45
dc952dba5b4ae9cc2ea0eb4757f0cdd0,1,a62e25e09e05e6faf31d90c6ec1aa3d1,634964b17796e64304cadf1ad3050fb7,2018-08-10 18:44:40,105.0,19.93
dc9d98442e1b036b58ba9dadf51a52ef,1,84c4e13ecfbf13c8e4039927f887154b,a0a14e50070f3225b3eabba5b85da517,2018-08-13 22:30:13,44.05,18.11
dcac490b5b3b967a6ca5d810dbca27d9,1,f8375e9fa93ad89af5386c8d0ff4e186,5275ca25d0358ca73864e0ae41be1320,2018-08-09 13:30:58,105.9,23.54
dcda6f9e7ef0110e7cfc192c003c8ae4,1,cebff45f1d1558430be0e07ac0df6a68,c003204e1ab016dfa150abc119207b24,2018-08-10 03:24:53,95.9,23.47
dcdf7dd18209c50593d1b6cdf2392e18,1,7c1e2b3fa0233e46fb3bcdcb9919a72f,788e857f317e53de488d393e65a80f45,2018-08-13 08:44:52,110.0,23.53
dd473c68be3819ae8e68f1a7608547c6,1,019d8b8866a5555ac955b45ffd35e039,457fe919b032a3f7dadba6fb92cf7855,2018-08-09 14:05:12,74.9,18.62
dd623579d6b295a30527eb68420a5eeb,1,0a4f9f421af66d2ea061fbb8883419f7,c70c1b0d8ca86052f45a432a38b73958,2018-08-09 23:24:18,110.32,8.03
dd63de941b6998a80f25d03116747f9d,1,a59fb60fddcc72a9878b7ed5cb69d8e4,7040e82f899a04d1b434b795a43b4617,2018-08-13 03:25:24,14.9,7.39
dd7ac010ac0daaa2d26a974ceaf897a0,1,98f129cbe241892b96fca3363f2caed4,06e5eefc71ec47ae763c5c6f8db7064f,2018-08-09 21:50:16,396.18,25.49
dd85a2e16f897db080450d64a4a67628,1,f521813909e310116b6b2f0b11f3dd44,09f952a5f58d2285b0372551ae8f9b01,2018-08-06 14:05:16,101.0,16.9
dda0996054bec18cafa1ede0d62dd3cb,1,3dba03040674bea93fb80023b8f72c95,5058e8c1e82653974541e83690655b4a,2018-08-29 04:24:17,49.99,44.88
dda0996054bec18cafa1ede0d62dd3cb,2,76397820b3556e99a4a2e3056eca24e5,249f0e9905a6e06ad6c6bea7547ab9f6,2018-08-09 04:24:17,139.0,11.22
dda0996054bec18cafa1ede0d62dd3cb,3,5add6c33b03c128b413ddfb2ac185a56,f049a72cf58fd31b11f8919cade515e7,2018-08-07 04:24:17,62.5,4.49
dda0996054bec18cafa1ede0d62dd3cb,4,0333795efd58e3c33c5850b92721c3e4,5058e8c1e82653974541e83690655b4a,2018-08-29 04:24:17,49.99,44.88
dda2dbc7b1340a2c9f8743feb8cbc432,1,78cee0468912540c91a02760c91481fd,6edacfd9f9074789dad6d62ba7950b9c,2018-08-03 14:10:17,66.9,9.22
dde57deff5c66be4e59c0da19696ea50,1,a62e25e09e05e6faf31d90c6ec1aa3d1,634964b17796e64304cadf1ad3050fb7,2018-08-09 13:05:14,105.0,23.89
ddefab02557da340a3bc73518bf2ecf4,1,ecd15c67f7a723b7de79f4346911e122,612170e34b97004b3ba37eae81836b4c,2018-08-14 16:31:00,199.9,16.5
de11314f84cd5578a36ab8312ab5b5df,1,e7cc48a9daff5436f63d3aad9426f28b,53243585a1d6dc2643021fd1853d8905,2018-08-08 22:30:14,170.0,10.32
de8323147a3358b9c4720ae5e8ef668b,1,d66243feb576d7d617693bec8d80d124,aac29b1b99776be73c3049939652091d,2018-08-07 11:55:25,12.99,18.23
de8323147a3358b9c4720ae5e8ef668b,2,d66243feb576d7d617693bec8d80d124,aac29b1b99776be73c3049939652091d,2018-08-07 11:55:25,12.99,18.23
de9387b71120d212286385df34759406,1,aca2eb7d00ea1a7b8ebd4e68314663af,955fee9216a65b617aa5c0531780ce60,2018-08-08 15:45:09,89.9,17.76
dea423aff47d60bcd5f0678234bf8c3f,1,b883409932bf862f43008f116a06cda5,1a932caad4f9d804097d7f8e615baed1,2018-08-09 08:44:57,175.0,35.29
debac352e54823e317babc2b6182b188,1,d017a2151d543a9885604dc62a3d9dcc,6560211a19b47992c3666cc44a7e94c0,2018-08-07 04:35:26,49.0,13.0
def43ca6d79899925ea0c19f4fb63200,1,189f163ac190749c553a4835c22aa3a8,33a6f4b1e7cdc205511e76ba1b6e0186,2018-08-07 20:45:10,63.99,16.64
df5cc31d446df3719dde958e4f9dd5dc,1,4bb7155e3b9b96ca2696edc357ea8dde,34056b8b55c1775a22af2331670a799c,2018-08-06 21:30:14,59.8,27.37
df62ac4bbb9419ada32597da29f9fe31,1,0afcde02bc6b3c33e6d2dc2a90c7e3eb,d91fb3b7d041e83b64a00a3edfb37e4f,2018-08-08 20:04:14,187.2,24.11
df68ea0d1a2a2b9d4dfa236820acbe9c,1,03f02ee5e8fd233d41dcfe8ad911cf7e,c33847515fa6305ce6feb1e818569f13,2018-08-07 13:04:17,149.0,45.44
df68ea0d1a2a2b9d4dfa236820acbe9c,2,aeb4a18fc6dad1f6cb6474d69f634ad2,c33847515fa6305ce6feb1e818569f13,2018-08-07 13:04:17,149.0,45.44
df6c49ed3556438e1755c756bed90fff,1,62c3fd5a2232fc1adb5a4f7fb863341c,1c40343cc5d18c2d8248ac2f3366de34,2018-08-03 20:30:08,74.99,19.72
df7133582058755527a65a8395403d26,1,b5e04fdc949ee208ed3f3ba6a7696046,9e6967d3cf386d284251784b18ccb485,2018-08-06 22:44:09,59.9,9.17
df75241689bd24e168f5796f7d7fc115,1,27080bc09a8965fb3ba30063cefb12de,271c58a1d139c45eaf3316107c6d3a3b,2018-08-10 08:45:07,119.9,15.15
df79dc38cd1e0f49f9ef6385b30caab8,1,e962f892a82b3e301fc363a94cb2f521,ef506c96320abeedfb894c34db06f478,2018-08-08 12:10:17,28.99,12.86
df830c3266897b412bb8598ecc43c09f,1,eb6913790ee61d3d4d8dffcbbedea827,382229d1e840115ffe3dbf5ff460e417,2018-08-07 22:15:22,29.9,15.31
df830c3266897b412bb8598ecc43c09f,2,eb6913790ee61d3d4d8dffcbbedea827,382229d1e840115ffe3dbf5ff460e417,2018-08-07 22:15:22,29.9,15.31
df8e5e994bcc820fcf403f9a875201e6,1,962a6951154f98f2c8e9a5b8b2bcf4a9,1025f0e2d44d7041d6cf58b6550e0bfa,2018-08-07 13:44:25,75.0,21.17
dfa8413e7d36ab13ab6b12c6c55fdc2b,1,db71a8783ee43c3bb7ac7fe8f0cf9e6b,d23019c84ffae2d5ef2270367b8605fc,2018-08-07 05:05:16,629.9,26.16
dfbdae4128710f6f089dca71d4bc4844,1,e57eb018e37376580079825eb29a3419,b1fc4f64df5a0e8b6913ab38803c57a9,2018-08-14 19:50:19,117.87,9.17
dfe927ca4859176d7377a7543078d4b1,1,b3a3a5bfa5a1ee872afa9c86b8a0d0fa,11bfa66332777660bd0640ee84d47006,2018-08-12 21:25:21,9.9,22.93
e02d97dcec0827bc0ac1ed539b48e546,1,059ca09d32720d9adce3ae12e181339d,fe1b067411b8c5066e962aa146ccee03,2018-08-10 11:15:14,92.99,13.31
e0657085c2b6297a32f39efa200cdf72,1,e2336d327209ca849dca5afda036f842,a8739afb32aaa45e01815ca76f76f54b,2018-08-07 21:24:28,18.98,7.39
e07857247dc486cab4563ffb9d9aeba1,1,4a2a8940c899ed2b924c82f8a553e47d,921323538c9f1c4e816f2720eac02bea,2018-08-10 14:30:15,89.99,7.89
e086a8e8919e918a3f1968ec76281bcc,1,73bcea88583002fe12b7399af4ae60da,4869f7a5dfa277a7dca6462dcf3b52b2,2018-08-06 23:10:12,115.9,13.47
e0be4cd18c3c6b6dc7adbe8e2239fe74,1,0eb8e03d4ef83152c4642b606b5bbdec,cac4c8e7b1ca6252d8f20b2fc1a2e4af,2018-08-14 04:30:11,29.99,21.51
e10c080e6f7f8136087836cadcd26199,1,ef7f13c7694be202c48017b71801815c,f46490624488d3ff7ce78613913a7711,2018-08-08 13:50:23,49.9,28.83
e11c81f63f7e2ef0a0a22cbc781e8099,1,b7029935abacaa5e117b31bc355e9341,ea8482cd71df3c1969d7b9473ff13abc,2018-08-08 17:15:19,24.99,12.84
e12e1c2f5a9e258abeecce80cfce12df,1,8b55f0d97006f81c67b6b9c4aa239974,42ef3192a9ff87a22d1867b74b3ee205,2018-08-08 19:44:02,48.0,9.09
e134ae06c15446b35a78fd10c4d26155,1,308a7360ee2e0ecfb6aa7708428692af,128639473a139ac0f3e5f5ade55873a5,2018-08-13 03:05:29,24.9,18.27
e1498c730a641e84a12251fb544db234,1,dd4adcbacf68be8bc2fdcd498de6a06a,ef2fbc2b607d8492bcffe657a4645434,2018-08-10 06:10:19,52.9,24.72
e14f6f76cb42187a0831a2baf117f608,1,e7e460583f2b78939dee0f8cd9a619ed,b92e3c8f9738272ff7c59e111e108d7c,2018-08-21 15:35:21,209.9,110.14
e16fb24453a306d5d6ba1fb3156df7a4,1,8d2b53933a7aae1c8bfc6391385dc069,1da3aeb70d7989d1e6d9b0e887f97c23,2018-08-10 03:24:54,8.99,22.06
e186fd488370885035932d8efab4212f,1,de7087431dce1f95bf39105df32825cd,262237171f48e85819065498cac80d7b,2018-08-08 22:43:54,59.9,8.16
e186fd488370885035932d8efab4212f,2,de7087431dce1f95bf39105df32825cd,262237171f48e85819065498cac80d7b,2018-08-08 22:43:54,59.9,8.16
e186fd488370885035932d8efab4212f,3,de7087431dce1f95bf39105df32825cd,262237171f48e85819065498cac80d7b,2018-08-08 22:43:54,59.9,8.16
e1a3568b83270103ac2d1ffd0e598a0f,1,75a1a92a08e3830c261d5a45750e183f,8648b1e89e9b349e32d3741b30ec737e,2018-08-07 11:24:18,78.0,9.3
e1bea0700731c9179b4e7e2e0183aa14,1,db8d62bf1bf1d2dd880c99b88ebff3fb,116ccb1a1604bc88e4d234a8c23f33de,2018-08-07 15:55:20,19.0,12.79
e1dc59c8a0073f7889eb0b714c97eacf,1,1f75be631e988bb0ad750e60e18d043b,fd386aa7bed2af3c7035c65506c9b4a3,2018-08-09 04:24:35,13.99,12.79
e1e7bf45ba3cdff55983f9c1741384a0,1,4b4a4a757b32080f88805beb030d7955,acce39e832338debb07b02385cde5967,2018-08-09 15:10:19,119.9,17.03
e20a706ac55f135718368acf3c333dc4,1,94475071013412139f862c0bd7e3bb37,955fee9216a65b617aa5c0531780ce60,2018-08-07 22:35:17,42.0,17.22
e21eee73ab66fa66d563ed4ceff5f0a7,1,c72f0f0d0be7fe294b65260e211ba21e,5d0363b33554b373851fc1622e4d5f3c,2018-08-13 15:10:23,78.0,44.35
e225050f709a0409b3a30c63fa35c6da,1,d3e1006ba3735c0d44160026b6e0ced3,c003204e1ab016dfa150abc119207b24,2018-08-07 17:04:17,108.9,23.04
e227fbda6134e254af397d9f84473158,1,1fa0405a3e10af836278d7667629623e,fa1c13f2614d7b5c4749cbc52fecda94,2018-08-07 22:05:21,199.9,16.5
e28a6e3aa7a161c1681ff579233321b8,1,052413504e5295cd66ec4ced0b310062,4869f7a5dfa277a7dca6462dcf3b52b2,2018-08-06 13:10:24,149.9,13.71
e29a4d10668e15562da79e3366da92d8,1,a6ad77b15e566298a4e8ee2011ab1255,1025f0e2d44d7041d6cf58b6550e0bfa,2018-08-15 03:45:09,27.0,21.49
e2a0f7c30f5e78d97892b4140fdc0979,1,cebff45f1d1558430be0e07ac0df6a68,c003204e1ab016dfa150abc119207b24,2018-08-07 11:44:11,95.9,42.95
e2f55ffa361f22212fa093de97e60fec,1,4299211de0fa49785bb3115aa2b25c61,71039d19d4303bf9054d69e9a9236699,2018-08-07 12:30:13,19.9,7.4
e2f55ffa361f22212fa093de97e60fec,2,4299211de0fa49785bb3115aa2b25c61,71039d19d4303bf9054d69e9a9236699,2018-08-07 12:30:13,19.9,7.4
e2f55ffa361f22212fa093de97e60fec,3,4299211de0fa49785bb3115aa2b25c61,71039d19d4303bf9054d69e9a9236699,2018-08-07 12:30:13,19.9,7.4
e36285554df73e171f9f41dbcf487b50,1,b30d7b0adcdc4a117f455472548155ec,d91fb3b7d041e83b64a00a3edfb37e4f,2018-08-07 05:23:56,120.0,8.58
e391abb7236a94efed4fc9ac3b2d4b32,1,7bdb28a55646012fb3348058d629d9bc,d23019c84ffae2d5ef2270367b8605fc,2018-08-08 22:24:47,59.9,38.47
e3c4e25333597368379529a91b6970a1,1,36d74b6f7d7c0e188328c310f9d9896e,5f2684dab12e59f83bef73ae57724e45,2018-08-07 13:55:13,59.9,8.58
e434f79ea884de16e5a8bf32afee5333,1,93a12c289ca2b78e7069e469f5053ef2,88460e8ebdecbfecb5f9601833981930,2018-08-08 13:05:17,124.9,22.8
e434f79ea884de16e5a8bf32afee5333,2,93a12c289ca2b78e7069e469f5053ef2,88460e8ebdecbfecb5f9601833981930,2018-08-08 13:05:17,124.9,22.8
e4a4e438b4d2f4b43f3831c332beb438,1,d017a2151d543a9885604dc62a3d9dcc,6560211a19b47992c3666cc44a7e94c0,2018-08-07 04:10:30,49.0,19.25
e4c09ee4522daa0f32bd2e6b2f5ed048,1,8f61327bbc1b9096bd97323ab64fc6bd,4a3ca9315b744ce9f8e9374361493884,2018-08-06 22:30:45,884.0,30.27
e4de4d75a4d1e6b3dc57a3d94922023f,1,f00ab8c27c660ad976b2f02b9cb8da3a,17e34d8224d27a541263c4c64b11a56b,2018-08-09 20:15:18,58.86,18.51
e51a9885ddaf8cc8e4a5f760fa7992bb,1,092eff69a9499b052a2258f502ea0775,1ce3ae5a399804d1a87e706f8a813c3e,2018-08-08 21:25:19,39.9,22.21
e5417e5e64916eebb4159888b02469c1,1,73bcea88583002fe12b7399af4ae60da,4869f7a5dfa277a7dca6462dcf3b52b2,2018-08-07 16:55:21,115.9,18.91
e56eaa15f5d9c288f33592ab67c02692,1,73326828aa5efe1ba096223de496f596,d13e50eaa47b4cbe9eb81465865d8cfc,2018-08-12 22:44:33,82.49,8.74
e5bf502cf18eaf816a5cb7d036dd46c4,1,58b81e95d79fc90308246d12ef1e2688,acce39e832338debb07b02385cde5967,2018-08-07 23:55:13,106.8,41.73
e5c0172ee0cef526f88bc189213a5070,1,a6883f92891e256b926bf8b9c40fbe9f,70c27847eca8195c983ed7e798c56743,2018-08-09 23:24:21,146.99,8.45
e5cbee019f9a5bfe36c2144b96b10ea4,1,fcd3383d6f4f1c10260d479342c4fd54,ea8482cd71df3c1969d7b9473ff13abc,2018-08-08 16:45:17,27.99,18.3
e5db7bda2b901c39641219e0b0112e5a,1,c20a3f598c16d77249da67e81caa8317,955fee9216a65b617aa5c0531780ce60,2018-08-09 04:30:12,32.0,8.97
e5e6a20a4c3fbe6ee280c01f8fe279cc,1,1b981d76f4ec023c49b13412f503f1c2,77530e9772f57a62c906e1c21538ab82,2018-08-07 11:15:13,49.0,22.27
e5e97ea49a63037149fb40b8d41f87d3,1,6b25f8d191ed1f5dd6689c84ed519a0b,d66c11a9572221d92fbb8c4897db5f9b,2018-08-08 10:10:21,48.94,21.64
e6010bcb1cb9ceb44fdb0f15f817e25f,1,c784a651cf319526cc7cf854f83cb941,3d871de0142ce09b7081e2b9d1733cb1,2018-08-08 04:24:03,49.0,14.65
e6179e66e05b531c6f8ad2b292717091,1,773089b6d8197748b1b173e39dd38ab6,186cdd1b2df32caa72cfb410bba768d3,2018-08-30 04:05:15,30.0,13.69
e661124f7936eccc5d961f2dd754f865,1,408dc0e1523c3915352e552a1a23c663,5c6d4016c2a288f074fa0848a2b653d2,2018-08-09 14:15:08,109.8,9.52
e6772dda9bdadd4f57d177aff05c59e0,1,ca96d665a6e7038a569277e6e1d34cbe,3968920b9aa752ab98f7d5888c9252f2,2018-08-08 16:31:15,31.9,13.8
e69e74f39691b8c09d8660c8e000ddd2,1,cfb79bfbdaf59cfe2e9ae0a071451f32,f7ccf836d21b2fb1de37564105216cc1,2018-08-06 16:30:23,39.0,13.85
e6c656a21310d32909eab8c157ccb639,1,3dc7db1edfac20883ed35ecfec05a3cc,6025c79c035c3d772133b8b8238463b2,2018-08-12 21:30:16,40.37,30.0
e6c656a21310d32909eab8c157ccb639,2,24baefeed71136f90df0149ca1e85c49,6025c79c035c3d772133b8b8238463b2,2018-08-12 21:30:16,520.0,15.0
e6c656a21310d32909eab8c157ccb639,3,3dc7db1edfac20883ed35ecfec05a3cc,6025c79c035c3d772133b8b8238463b2,2018-08-12 21:30:16,40.37,30.0
e6f4552718815a4804aec218dce78af3,1,42ec84ace63b58b8c5a7ba7be01d5fb8,2a84855fd20af891be03bc5924d2b453,2018-08-07 04:10:30,99.9,18.75
e701302a71c93540976fdf3ce3a149bd,1,8b50a72d52d7a91fb19d19fbe069e2f2,9f505651f4a6abe901a56cdc21508025,2018-08-05 21:50:24,49.99,15.45
e701302a71c93540976fdf3ce3a149bd,2,8b50a72d52d7a91fb19d19fbe069e2f2,9f505651f4a6abe901a56cdc21508025,2018-08-05 21:50:24,49.99,15.45
e70aa4ace2e2d3140d4b09564030f5b9,1,3ef787b4af18c9a34154a46928b09b24,b4ffb71f0cb1b1c3d63fad021ecf93e1,2018-08-07 22:10:12,19.0,7.39
e71783fc8cd92f708d13542f6d17ff7f,1,5938705c2fd05674b76e26fd47b7eab4,575df70bde3f9f2b30bf8d2e9910d725,2018-08-09 02:45:20,61.1,23.23
e71957268efa9cb98b393a6851836014,1,1015bdc42b2ec0548e728cdc0ad72380,f5a590cf36251cf1162ea35bef76fe84,2018-08-09 11:10:16,839.0,23.08
e72f85f6fe5543d0e70e5ffc67976643,1,fe5915b903037937488e868f2dde0ff3,ae7ab174effdead6c241e547e4ca13f0,2018-08-08 03:05:15,399.9,100.85
e74f2f5d0d5b389e7ec83948628a2b9c,1,8f9eb414b31a9433e8c89178813a2072,1336efc61c316ddf92c899eb817f7cae,2018-08-09 13:05:16,59.0,18.51
e762633655ca1d869d2036864e96fb6f,1,3a362c0e7f9a69276e2d95869a3e143b,c70c1b0d8ca86052f45a432a38b73958,2018-08-09 22:55:17,110.32,8.03
e773828baa347406cab28b4666ecc869,1,78f29023586e374cdc3773ce0af6bd2c,960945e1a9535cbc0cd6ddd35fbe7ae8,2018-08-07 14:45:15,127.26,13.19
e78cb558fcb803bfa9fd0e4325bc94d4,1,a8d30122a99d04c7437d4e7b022a7231,c8c1bea22194a4eefa2dc9a9fa89f536,2018-08-07 11:00:12,60.0,18.52
e78cb558fcb803bfa9fd0e4325bc94d4,2,a8d30122a99d04c7437d4e7b022a7231,c8c1bea22194a4eefa2dc9a9fa89f536,2018-08-07 11:00:12,60.0,18.52
e79714832b01797085c10409669150d5,1,43b54d1fc56ff394092a3dff6be2d39f,c70c1b0d8ca86052f45a432a38b73958,2018-08-08 13:05:26,110.32,8.03
e7ad3898894027b09ce153449f7bc10d,1,0b8d94b0bcf4e22c9bf886c98bb994d3,e8b4225284fbb02d16f200513f1f395d,2018-08-07 00:04:19,195.9,90.04
e7b57c0060c5ebff9747044e5bde97a3,1,a92930c327948861c015c919a0bcb4a8,6560211a19b47992c3666cc44a7e94c0,2018-08-09 04:10:18,78.0,7.81
e7c5ccfc34c262f8f9240ade57e01ed7,1,48465725d322101bdadd1d1a5acd8480,980640c45d7a4635885491d077167e4d,2018-08-08 12:50:11,94.99,18.77
e7f4523b6b3d8e132da47b94e7b09235,1,6e6cc4bc64ffea91782dbc0cc7c325d9,b561927807645834b59ef0d16ba55a24,2018-08-13 10:44:36,29.0,18.3
e811c789fcb20fe547fb9d955777ce2c,1,44493ebe02de3fd58d529f40fd2944d1,f8db351d8c4c4c22c6835c19a46f01b0,2018-08-07 18:15:16,29.9,8.96
e811c789fcb20fe547fb9d955777ce2c,2,44493ebe02de3fd58d529f40fd2944d1,f8db351d8c4c4c22c6835c19a46f01b0,2018-08-07 18:15:16,29.9,8.96
e8745aa1fc53254235ceef55710dc6ab,1,fa8fb673c7f31e3c35f62de366af764b,12b9676b00f60f3b700e83af21824c0e,2018-08-13 05:23:55,299.0,20.14
e89ced624c37029ad8e8e12f036a1a55,1,a67862541af347668d69290d8951beeb,7dc8c42cc750eeafea6c85712ffee9bf,2018-08-14 21:44:21,14.99,8.29
e89ced624c37029ad8e8e12f036a1a55,2,a67862541af347668d69290d8951beeb,7dc8c42cc750eeafea6c85712ffee9bf,2018-08-14 21:44:21,14.99,8.29
e8a7971efe578b8e5a140c59f190c52b,1,4b96786612ebe7463132fce2c4dca136,d94a40fd42351c259927028d163af842,2018-08-07 14:55:13,129.0,67.49
e8eb3171be89ea8e8c3fd39e336e868d,1,644ede1cd3a7b877de774c66fd4abc78,6824a69c9ea0313eba299dd4a2dba09a,2018-08-10 13:15:20,84.4,23.39
e932edaa6417ab9aba25187f8e6433dd,1,005030ef108f58b46b78116f754d8d38,3c7c4a49ec3c6550809089c6a2ca9370,2018-08-08 04:24:02,18.99,15.23
e979a3bd2f7e22a805e38dd992d5defe,1,e50d281842fc4e385e897713deeae9c2,6bd503a8230299c9316fb0f726933927,2018-08-08 20:10:15,42.3,18.4
e97c5fb2b1ca5b5fd19f2c910a274e33,1,efafd20c0dfb7a4c591ec374a6befdcd,d2374cbcbb3ca4ab1086534108cc3ab7,2018-08-14 03:05:15,68.9,14.06
e9b78b3921cc12cdc6d6e8ff717de8d3,1,0a8bc1a07183eceacf95ae5cb4cbd076,6061155addc1e54b4cfb51c1c2a32ad8,2018-08-09 16:35:30,128.0,9.49
e9b78b3921cc12cdc6d6e8ff717de8d3,2,723e69796165c9cde80c4f791593df74,6061155addc1e54b4cfb51c1c2a32ad8,2018-08-09 16:35:30,148.0,9.49
e9e1c2a9c614341310b6e0b494941036,1,9a89064fd209d1c1661271942a65099f,0176f73cc1195f367f7b32db1e5b3aa8,2018-08-07 14:45:10,139.9,27.28
e9ff655634db2dac0d2c18cd8fc57869,1,fdf37ff6a4ff39ac973343a01c1f91ef,edb1ef5e36e0c8cd84eb3c9b003e486d,2018-08-08 11:30:21,195.65,14.58
ea6bd8f80f9e0495ab4d0eb5bd86fe10,1,90e7f883fbd53dbb43ea8c32eb63ebe9,6860153b69cc696d5dcfe1cdaaafcf62,2018-08-09 19:07:14,94.99,20.23
ea6cf34e28edb0228155d6cdbbe46bdc,1,72c271a278c54c171d6d007eeac8cf24,980640c45d7a4635885491d077167e4d,2018-08-13 03:10:26,74.89,8.68
ea74d355b16bf9de1c103719173cb804,1,80f258d43a984e2e7af7f1e1163e4018,e067ad2c1c0b48758eb1b5228bcf7a68,2018-08-14 10:24:50,49.95,8.51
ea74d355b16bf9de1c103719173cb804,2,80f258d43a984e2e7af7f1e1163e4018,e067ad2c1c0b48758eb1b5228bcf7a68,2018-08-14 10:24:50,49.95,8.51
ea74d355b16bf9de1c103719173cb804,3,80f258d43a984e2e7af7f1e1163e4018,e067ad2c1c0b48758eb1b5228bcf7a68,2018-08-14 10:24:50,49.95,8.51
eae56efa72774fecde3f265b1fd74e01,1,08c63555bbee955cad9c6a9feab9e9d4,3be634553519fb6536a03e1358e9fdc7,2018-08-10 20:30:18,95.15,21.97
eb30ff356b044cdd6749167b9690434c,1,1bfb290d7273a442c874dbe74b4abae6,7c67e1448b00f6e969d365cea6b010ab,2018-08-24 08:35:14,69.99,23.2
eb30ff356b044cdd6749167b9690434c,2,1bfb290d7273a442c874dbe74b4abae6,7c67e1448b00f6e969d365cea6b010ab,2018-08-24 08:35:14,69.99,23.2
eb30ff356b044cdd6749167b9690434c,3,1bfb290d7273a442c874dbe74b4abae6,7c67e1448b00f6e969d365cea6b010ab,2018-08-24 08:35:14,69.99,23.2
eb4d645f0a565f91e489a626b9b22334,1,9393358ebcb4f182f4e42d0c3b863cea,45ba18c210d42734ec52c0c1c574e9ee,2018-08-10 07:10:13,219.9,25.7
eb529b6aa88196cef958e24a0a8f4086,1,bb5fc9090888f494938ab2b3c90dda7a,b561927807645834b59ef0d16ba55a24,2018-08-09 10:55:13,22.2,18.26
eb6f690431c33aa581e0e090255bdc54,1,fa335dcd3999105b8bfb1ce9300de4d1,85d9eb9ddc5d00ca9336a2219c97bb13,2018-08-17 06:10:10,27.9,19.11
eb9e77ffb4019d5cd410157dfb294a12,1,53759a2ecddad2bb87a079a1f1519f73,1f50f920176fa81dab994f9023523100,2018-08-08 19:05:07,49.9,41.33
eb9e77ffb4019d5cd410157dfb294a12,2,53759a2ecddad2bb87a079a1f1519f73,1f50f920176fa81dab994f9023523100,2018-08-08 19:05:07,49.9,41.33
eba48e9c6c31015f8245d729d81b9f34,1,7b32b1b87594b60dced8abb4531d2986,c9c7905cffc4ef9ff9f113554423e671,2018-08-09 11:45:24,119.99,37.75
ebb9d61c0744305e9172b4265468c17b,1,f109f04ad95889f2f041a91afe3d894e,2e7ea2aafec5835e781b21d6d1faf1f1,2018-08-09 18:30:45,45.9,17.45
ec089ea63c9167d2ee9a19ab32d22062,1,dbe30cd7571498ff45963ea671014c6a,17ca9b9e9b9ef8fdb529001b49ebb50f,2018-08-09 00:50:13,29.97,15.31
ec34503555e993a9e7e2272b563d416c,1,6d313b6e250189718db2169e5e3a38c2,53088c75f948b48a7ece173ac17f0c12,2018-08-13 17:30:10,119.9,23.56
ec3a30c1155fb62e7f0067107c94b83e,1,d6bdc30ad1fdc8e4ee7d1712df81357b,845e8036c3f7bf62099352f5ed910240,2018-08-06 21:04:18,149.9,18.85
ec3c3d2c60257d3b6a6c4ff3644f4fd8,1,1559e46cd3a07441620f97b068268ae0,0ea22c1cfbdc755f86b9b54b39c16043,2018-08-06 10:31:30,29.9,22.14
ec6fa0fd3abb372973ffa4c792a2e936,1,44d097d59e8430f88a67517cd0c4f865,6560211a19b47992c3666cc44a7e94c0,2018-08-08 22:55:18,69.0,18.58
ec6fad60162a199dc5aa0cbb021b26a8,1,101a896b1137f70a7bbb2b9fac61458d,7d13fca15225358621be4086e1eb0964,2018-08-09 16:24:07,240.0,19.78
ec99cf3ef9a84993f1e55aa4fc615c42,1,fc1d8637c0268af3db482c14b7ef8e75,da8622b14eb17ae2831f4ac5b9dab84a,2018-08-10 11:44:46,149.9,32.29
ec99cf3ef9a84993f1e55aa4fc615c42,2,fc1d8637c0268af3db482c14b7ef8e75,da8622b14eb17ae2831f4ac5b9dab84a,2018-08-10 11:44:46,149.9,32.29
ec99cf3ef9a84993f1e55aa4fc615c42,3,06ecc3d4006ad6eb293a1b93ec3c7183,9dda5bbacd45e18d6485fee649205d09,2018-08-17 11:44:46,99.9,10.76
ec9b762e44b1848fb62eab0de58e8abf,1,cfb79bfbdaf59cfe2e9ae0a071451f32,f7ccf836d21b2fb1de37564105216cc1,2018-08-07 04:10:38,39.0,13.85
ecafc1df29c0622f331e455f148fe404,1,56cfc201c76464fa6c5b3f4a1257fa0b,5f26c1408a65b42a7224cd463bdf3292,2018-08-09 14:31:43,291.5,20.09
ecb7b1b5d15cf872f986f88e7344d9ed,1,d6637aee74ba05e42bc17a047c335209,402916f742e5c740cc751493d9cf5053,2018-08-12 22:35:18,169.0,19.28
ecbd8d5fbb12d972ba4a898ce0bd43d4,1,074e1b1543a03e2e546cee9b388cdf25,20d83f3ef0e6925fd74bfd59170babf7,2018-08-07 12:25:13,49.9,13.01
ecc1f5f885620b17543f01bf228ccd0a,1,86ecc269de40ba13205e7beeee12f26f,b76dba6c951ab00dc4edf0a1aa88037e,2018-08-07 12:50:18,29.99,17.14
ecca6d9e70db69a20c2cca23b23fc8aa,1,91c82ace62e0ca1b69b1a45bcc214b45,7d13fca15225358621be4086e1eb0964,2018-08-16 04:30:32,114.46,18.9
ecf079f16ac07328e5153aa201fbbb1e,1,a92930c327948861c015c919a0bcb4a8,6560211a19b47992c3666cc44a7e94c0,2018-08-03 13:20:18,78.0,19.46
ed14c3058d5e31989c9c093cfcdae0d6,1,8ba200c8b018e8205adf543699c02eac,70a12e78e608ac31179aea7f8422044b,2018-08-14 22:05:20,100.0,18.8
ed159f7220fe49164a43fbf4fe3a15d1,1,dd1247b741df1771259ee7beb0e4b8fc,6560211a19b47992c3666cc44a7e94c0,2018-08-13 04:05:17,35.0,7.51
ed20372f93978f02adb6424088ddb730,1,6c09be1fc42a113b2f3e558d7df2f133,671585f5a2af58b6e276bc01003c0d2b,2018-08-09 13:05:19,45.0,17.25
ed2a96e455e3b014a6e99e5671873b69,1,3cc44aee702776822cfc55c61e048b7b,ce616e1913288884e7742faac9d981db,2018-08-07 14:05:17,9.8,15.23
ed4bfa707956ab491448f8f28a48f6c6,1,7207700449f2433076d70a5b1c004eb4,ea65d8b58316a6f2362f2a9e4b3e86ad,2018-08-08 13:10:12,81.9,16.76
ed4bfa707956ab491448f8f28a48f6c6,2,7207700449f2433076d70a5b1c004eb4,ea65d8b58316a6f2362f2a9e4b3e86ad,2018-08-08 13:10:12,81.9,16.76
ed4bfa707956ab491448f8f28a48f6c6,3,7207700449f2433076d70a5b1c004eb4,ea65d8b58316a6f2362f2a9e4b3e86ad,2018-08-08 13:10:12,81.9,16.76
ed525f27dd4e72335596c7964f887dc5,1,67bd616e1ba0d3d3e8545f3113b0140d,e9779976487b77c6d4ac45f75ec7afe9,2018-08-07 21:04:07,14.49,12.79
ed5d7387a2587321c48d376aaea806d3,1,047c0b8057bd86c48c41d3b582d80c90,3935fe5fe0f82787a9dcb8deb62be09d,2018-08-10 14:05:26,112.99,15.18
ed869c0c89353ad056e1e883e4be35bd,1,a6ad77b15e566298a4e8ee2011ab1255,1025f0e2d44d7041d6cf58b6550e0bfa,2018-08-08 23:15:16,27.0,21.49
ed869c0c89353ad056e1e883e4be35bd,2,a6ad77b15e566298a4e8ee2011ab1255,1025f0e2d44d7041d6cf58b6550e0bfa,2018-08-08 23:15:16,27.0,21.49
ed8998927739822537e027a5af81b07f,1,a4d0871577d73bc394c482dd0998af7d,c9aafcd0621b2207c10e32c649cada4d,2018-08-14 03:35:14,23.89,7.43
eda6f38dade9e617edc1883e14094491,1,79fec71eb756eeb2aae28e8cb4488703,05e107217c7266362fd44b75b2cd4cc4,2018-08-09 06:04:12,94.9,20.61
edb81087bda65895772e72d1a5daa686,1,dbb67791e405873b259e4656bf971246,e9bc59e7b60fc3063eb2290deda4cced,2018-08-10 18:10:12,61.4,13.77
edbba0310d0feea21acbde68a48a5613,1,241dbc3b6d7c4b0ccb98a81a33df4e3e,1025f0e2d44d7041d6cf58b6550e0bfa,2018-08-13 04:35:18,40.0,41.26
edc07d2563b2d10bdf1a0376f65b8f76,1,f9e110c72727fb5733e1a7e6a7a230c5,3d5d0dc7073a299e31fa718ce1bc00b6,2018-08-07 02:50:29,10.0,18.23
edc852e0d271566f7923b10c089c30ec,1,ef25f91f23e39577fa6ddf93103876b1,3d871de0142ce09b7081e2b9d1733cb1,2018-08-10 16:05:22,89.0,44.42
edd63d440fff63cfb4a5d662945a6a28,1,45f59788a3a09e09ab433234d03afd2a,5a425cc503b39b262a847fd6212bf53b,2018-08-09 10:30:19,119.9,23.99
edf195e14f83b9753f2cf2f7263f279e,1,e7cc48a9daff5436f63d3aad9426f28b,53243585a1d6dc2643021fd1853d8905,2018-08-09 19:25:14,170.0,53.54
edf97e2ce9f13188f1f70288901d707a,1,3a239046c442012dbbd86a4823bfe490,138dbe45fc62f1e244378131a6801526,2018-08-07 22:44:20,17.9,7.39
ee05ea68d27584f43ac19ad104738fea,1,a92930c327948861c015c919a0bcb4a8,6560211a19b47992c3666cc44a7e94c0,2018-08-07 16:31:29,78.0,13.21
ee4f8c845714cc804ba574f357113590,1,831870523df81c6ec172475d41509880,7a425d299613df3e613bcf9d2eaf5c49,2018-08-05 23:24:01,29.9,15.31
eea61355af8b855cb3b052efc66b588c,1,7c1e2b3fa0233e46fb3bcdcb9919a72f,788e857f317e53de488d393e65a80f45,2018-08-13 16:44:53,110.0,14.07
eeb52cabd36aa10f5feb6a64e51f8dae,1,6d44b2c01b6843eb2e68beddf853dd82,f22a247b79dd22ecd91dc8e3b2a1b07c,2018-08-14 03:15:12,24.99,18.12
eec93f9fe0cc92067ebff02639cfd67d,1,bb50f2e236e5eea0100680137654686c,f7ba60f8c3f99e7ee4042fdef03b70c4,2018-08-10 00:05:08,330.0,24.24
ef13107bb93c2e7cd4509174a883022b,1,27080bc09a8965fb3ba30063cefb12de,271c58a1d139c45eaf3316107c6d3a3b,2018-08-10 02:50:21,119.9,43.12
ef18c0e65576729dbf505f63f1414736,1,c3ee182803f3eddeda33f9b821bf9e21,e067ad2c1c0b48758eb1b5228bcf7a68,2018-08-15 04:05:23,92.5,8.81
ef2ae6f6dbd9a78f9634b9fe22b0bee7,1,acf962a85a6f611c28a60519a4ae46e5,7d7d2b7a51328016102d4528c411d630,2018-08-09 14:04:27,105.0,23.54
ef7c5d4791639dc1862b7bb3bacb3d48,1,2c71e9b9845634cb1ea6285a8f3cbf50,612170e34b97004b3ba37eae81836b4c,2018-08-20 11:45:14,118.9,15.93
ef87b14cd30d2df42c047bc6724fa9ae,1,09278667a33779be5996a7df729db8ae,fe1b067411b8c5066e962aa146ccee03,2018-08-09 19:45:14,196.85,14.98
ef8ad84adcf1d4c437f165f437e238f6,1,b3a1e177812466b5c1c71b314ee2ee31,2d42ebcda99fd55f6f4bc2f1ca035d50,2018-08-07 22:25:12,85.5,38.87
efa2e42246bfe580af1b33ae96edc78b,1,51d35e4714b113bccacfe7248a13375a,7ff588a03c2aeae4fbd23f9ae64b760d,2018-08-08 12:50:27,28.56,7.46
efa3d5327513176bad13d0c62bb7bb1e,1,c4baedd846ed09b85f78a781b522f126,a1043bafd471dff536d0c462352beb48,2018-08-07 14:04:12,99.99,44.5
f040040c63fb4164125917af2fa6d4b4,1,9d0a2db5144d569d5ce5375bb0f4de36,f049a72cf58fd31b11f8919cade515e7,2018-08-08 19:04:31,12.25,12.79
f05b87cae9d521c780bc3dfc281ca892,1,457ca2b0e3bf044a65c8bee434d5c5f8,955fee9216a65b617aa5c0531780ce60,2018-08-07 12:45:15,90.0,24.98
f061ce16a11eb158bbb7bb7cb38c1ca7,1,54bdcedc88ea391aef4f35cc5f54342d,402916f742e5c740cc751493d9cf5053,2018-08-09 20:44:31,59.0,37.32
f0dabde4fd77bc24990f7107e4c46474,1,0603179793e4bf68b9dbdb4ba238a3b7,8a432f4e5b471f8da497d7dc517666e2,2018-08-07 17:30:52,59.0,14.72
f0e12869508b76f983393f9207582cc0,1,e7d5464b94c9a5963f7c686fc80145ad,c60b801f2d52c7f7f91de00870882a75,2018-08-13 23:45:11,149.0,37.95
f0e99a13bd301f69aa29160ac8cd864f,1,b0054021dee7f055b57da97096fc1c95,6288c69c4ce638e59925e59193f98b16,2018-08-06 23:30:14,32.99,18.33
f1036577176d907152534984bfd5018f,1,4eea8502d7c2de8da6eea6bc6243b50c,8e8a7ce9f2f970dc00e2acf6f6e199f6,2018-08-09 04:24:39,145.0,16.12
f117aeca0c3c9410a2eafabdeafdc214,1,fe7f10e5c9d36a294333b0c35ccc24ad,cc63f0dd2acba93ffed4fe9f8e0321fa,2018-08-08 01:04:36,72.0,14.81
f12e95396a91baaadc20348d68728946,1,a92930c327948861c015c919a0bcb4a8,6560211a19b47992c3666cc44a7e94c0,2018-08-07 18:55:16,78.0,7.81
f13d94766ba74161d06ddd6d90050ce3,1,a92930c327948861c015c919a0bcb4a8,6560211a19b47992c3666cc44a7e94c0,2018-08-07 19:04:14,78.0,7.81
f14111b697a9152a18836775aa24ddad,1,511dbadd5cfefd835e705f38eabedd12,ba6b4a237f92479743cf0ca06b67a9ac,2018-08-08 18:30:10,179.0,17.44
f16cbac8a72057c2daba4b64662100ba,1,7940f574701f6518fea2877012f7055e,dd4d95ba2d15c071e6c695e2ef6ce169,2018-08-07 08:44:07,437.0,62.29
f1a60fde98a0334e64d547ff9976c76f,1,145978af3e89b318be0b717a0953649a,18e694e0e48ed6f7aa3f24aade5fd697,2018-08-07 10:45:17,23.9,12.83
f1a873fc10e7bd542bcc4198baade2b9,1,b75a056d7d03227c3a3b60e9ccf518c9,3f995f07c49d0d55a99d5c54957f7d81,2018-08-08 00:30:20,59.0,8.57
f1b8058b666097152bfa8495286f8c61,1,145978af3e89b318be0b717a0953649a,18e694e0e48ed6f7aa3f24aade5fd697,2018-08-09 00:45:12,23.9,12.83
f1dc649e1ea6789e7eddbdaf40aaddb1,1,55552e80f046fafe13e130e6a07745e2,c864036feaab8c1659f65ea4faebe1da,2018-08-07 04:35:15,219.9,60.75
f1e56e6888d31427f56814ae6077aa45,1,cde80dbf58c3a7c76f553442a9881715,b2c97074649f92197d9387d9033dda5f,2018-08-10 03:15:19,100.0,19.89
f1f2c2bd7c46d8b86107f0c2d9e3dcc9,1,2ab3eebb03e660d44470d936c0f20bb6,138dbe45fc62f1e244378131a6801526,2018-08-07 17:10:13,43.9,8.47
f1ffa84db833c490ced2c3bc52b1b833,1,b8073c83c3cd7f305f4c9c52a5cc9b96,82921991ff5b557b045605b8bbf08d49,2018-08-09 19:50:14,18.9,18.23
f200b8f0491708e277a34c5ba941c5fb,1,281bbfe70848e0b304bef88fc2caf2c3,4b9750c8ad28220fe6702d4ecb7c898f,2018-08-08 18:15:11,48.9,19.53
f22d1b7a86950424a08a39c66fb46bfa,1,741ab0ea9712d54a420f0a347ce71613,4869f7a5dfa277a7dca6462dcf3b52b2,2018-08-09 10:31:29,79.9,18.66
f245cbeb5e2f1bb0fe643069bb2eee06,1,15f4e7802068bb117c1e6c0ad3edfefd,7a67c85e85bb2ce8582c35f2203ad736,2018-08-05 22:45:24,79.99,18.36
f299ec6360351d71a661e17e4322500c,1,21addb589dd9cf0c658177579dd2e99d,d921b68bf747894be13a97ae52b0f386,2018-08-07 19:30:23,119.0,18.93
f2aea068a8c3e1b4b9ec9dd781ee5bca,1,eaa26a34984cbfedc19b1e45f09f3c9a,612170e34b97004b3ba37eae81836b4c,2018-08-10 14:04:29,92.5,13.99
f2e689a11a0a962aa271e7715b516ee2,1,eede3ead395a8bdfb3ca7cbf6e0cb421,34f563c82a85b99ae9e6d60db5fc2e28,2018-08-10 20:15:22,219.9,99.3
f2e689a11a0a962aa271e7715b516ee2,2,d568eba76717c34870be82a2e9a194cc,52d76513f0c4d97f3b99570e2c94ee31,2018-08-09 20:15:22,1349.9,99.3
f2ff1f78a5733d7178e393c543100e0a,1,82c3ea364e5480f335f6743ee725a921,9f50216bfd01913736a55a11b55ea842,2018-08-13 17:05:22,49.0,13.0
f346ad4ee8f630e5e4ddaf862a34e6dd,1,4ce99ff9dcb7821acd8e599d5d4a6531,70125af26c2d6d4ef401a1d02ae7701f,2018-08-07 13:24:34,39.9,13.76
f35013d66cfcbe79e1bcedd6fb914278,1,5083416598756311d4bb4ddabd661e25,af3ef48d0e13835e529c29ac573c63e5,2018-08-07 10:50:09,53.0,24.45
f379762648ae96c1d04844ca3308df86,1,35afc973633aaeb6b877ff57b2793310,4a3ca9315b744ce9f8e9374361493884,2018-08-07 14:31:45,77.9,23.35
f3a3becaf45a4f7799cd93b1fdeea2c7,1,bb50f2e236e5eea0100680137654686c,f7ba60f8c3f99e7ee4042fdef03b70c4,2018-08-09 13:15:19,330.0,21.22
f3d2d81bbba5674341cadf212e3ba72a,1,179363fe9f0eee05ad34df83c160dbcf,527801b552d0077ffd170872eb49683b,2018-08-03 03:30:09,44.9,13.89
f3dcf0d2824efde907e341ff4997f693,1,11ad873e7f5b2a8fe696997ba983e2d1,3d68c634a99a1ba46dbca3967a69c623,2018-08-08 13:15:15,297.0,138.23
f3e4a09f99041d910314f9d99b3fc80a,1,075b253cd6c59b821c1dab51c1ae56b9,282f23a9769b2690c5dda22e316f9941,2018-08-08 04:05:27,50.54,8.86
f46e4c3b10d88caacf23b8ee4d674d7e,1,f0c28cf1f8a109a1dc6708397a353ec2,8602a61d680a10a82cceeeda0d99ea3d,2018-08-06 17:04:04,35.0,15.35
f478f5a8d328a5e473e8c09106bfb312,1,d45f43af9b205b51568f78314d3057a6,4d6d651bd7684af3fffabd5f08d12e5a,2018-08-14 03:10:08,79.0,17.68
f4b7dd32932ce541611390cebb64b110,1,7a40001d3da620600ab80109510f3496,a416b6a846a11724393025641d4edd5e,2018-08-13 19:30:17,125.0,20.07
f4b85a796ab70afd964c35ac15b29fa4,1,73932133f40320ca7c542cba422a6461,e5c84227854980f1db19a58958c551d9,2018-08-16 04:35:15,25.06,18.28
f4bac547781ca354b61cb06c887547a1,1,f04f09b39a48c368840aae6eb3803305,d1b9d4be4b6f9ebd85f8acd6745ba612,2018-08-09 05:10:20,83.88,18.69
f4c87e038db78ef275deab58f19e5bd2,1,1d37ba8cc6a900b5b50ba1b5121f02e8,f3c38ab652836d21de61fb8314b69182,2018-08-09 18:10:17,59.0,13.99
f4d86b9acca54b415270df8ea6e6945d,1,461f43be3bdf8844e65b62d9ac2c7a5a,4869f7a5dfa277a7dca6462dcf3b52b2,2018-08-03 18:23:51,138.0,37.88
f4d8adf14699f63ee2a2c3a6a43a1d0c,1,6742c031c6ff9b57e732163ac4ca368f,189ca3538ce9f920cacf0f982cbe223b,2018-08-09 15:05:14,29.0,8.95
f4dcd6f5120e9e46509a58be9e7462f2,1,a892ca050a783e4f416986981b37422e,6e1862e15f33d9994bc25922a85e1efc,2018-08-07 02:50:36,32.0,18.32
f4dcd6f5120e9e46509a58be9e7462f2,2,a892ca050a783e4f416986981b37422e,6e1862e15f33d9994bc25922a85e1efc,2018-08-07 02:50:36,32.0,18.32
f4f88d0fded20ff7a60fb80ccdd533d2,1,501ae028cdc334d0292eb35591ccb5d6,99a54764c341d5dc80b4a8fac4eba3fb,2018-08-08 08:44:39,15.9,17.93
f50e54b63f3aef3514497d67977256f5,1,446f791c0261ad0a93d4dced49d5d0bc,b499c00f28f4b7069ff6550af8c1348a,2018-08-07 12:44:15,139.99,16.28
f52ed0bde654bdeeaca2b4d0ad7e6c33,1,7417df21911850fd367d69e73c4b36d1,6e386f64c84e482f0b9abf960797ee1b,2018-08-03 18:25:11,897.0,26.55
f544502f7cd11a14cdc792d87c7795d5,1,14aa47b7fe5c25522b47b4b29c98dcb9,1835b56ce799e6a4dc4eddc053f04066,2018-08-08 15:30:17,71.99,23.3
f55dcacbda42aa97458735683d9fbb76,1,2ff995aead9c63a1f37a07b3664ead37,8b9d6eec4a7eb7d0f9d579ce0b38324d,2018-08-09 15:10:23,74.99,44.33
f5af86a3bea41e5daef5c06e7a02ad2e,1,dd2ca29c9d0f93d3b1d28d7d7ee3025c,5b0cc932433fa5184b5b94bfe6bcc256,2018-08-07 23:35:13,99.0,22.51
f5b9dc711b5c8bbb790782cc79db82d5,1,97017430754804328eb9597b7f85da03,ea8482cd71df3c1969d7b9473ff13abc,2018-08-03 14:25:18,29.99,22.93
f5c5f55feb6cefec984e26efbe2a130b,1,e7cc48a9daff5436f63d3aad9426f28b,53243585a1d6dc2643021fd1853d8905,2018-08-15 03:55:18,170.0,25.54
f5f5e7dc064892b36f19ed8c2b40e1a9,1,dbb67791e405873b259e4656bf971246,e9bc59e7b60fc3063eb2290deda4cced,2018-08-14 16:45:31,61.4,22.36
f622f166555604252d12a9f66850ce2f,1,ca5861c2b694c968ae74e0a6ad72790e,1336efc61c316ddf92c899eb817f7cae,2018-08-09 21:44:38,44.0,13.89
f65bace465aae8e67ff3948524ca7270,1,8792f8b694229e5627aa6a15cf912052,3785b653b1b82de85ab47dd139938091,2018-08-07 02:43:59,89.9,23.43
f66ab2fcf6eb4fbb8c027f16de902cdc,1,a6883f92891e256b926bf8b9c40fbe9f,70c27847eca8195c983ed7e798c56743,2018-08-08 13:35:09,146.99,0.97
f66ab2fcf6eb4fbb8c027f16de902cdc,2,e1bf2f209fd2b08e1af3ed71732d9008,70c27847eca8195c983ed7e798c56743,2018-08-08 13:35:09,168.99,16.08
f672188ca89296f0a903617f5fca8d17,1,53f8db8f4a6f6392208198646fd6de63,b64d51f0435e884e8de603b1655155ae,2018-08-07 17:24:18,8.45,7.39
f67e17b84d5d476bc5478e79ed177a3d,1,3fc3d637781e5d185455013606a6e2cd,bf00385a5f7fc1ef39a13c2e9ee50a5f,2018-08-20 03:50:16,32.9,7.45
f69258a9318a993c9354122221c82980,1,75c1defd23a9893201a8bed3740168eb,14a08204d03bb6b6bde8029f801ae0eb,2018-08-15 18:55:19,14.5,17.06
f6ac44bbece0129b596dfc21aede3c20,1,c7208c176705ee9e839f9ada9401d4c6,f0b47fbbc6dee9aafe415a6e33051b3f,2018-08-13 14:15:21,49.49,8.51
f6bf536c581306c6334e82ca15d7bea5,1,5c4a7b17b6fa8383e978922772ababb7,1c129092bf23f28a5930387c980c0dfc,2018-08-17 03:35:18,34.5,8.99
f6cee891046f7eebf9019207ccb705e8,1,e6666bfb776cebb5e0e1cdf2410f7490,55f7a3319d80f7fdf078b8f03e6725fe,2018-08-09 04:24:08,274.49,23.22
f6f3648ab3e140b29823bbdb84a34455,1,e7cc48a9daff5436f63d3aad9426f28b,53243585a1d6dc2643021fd1853d8905,2018-08-08 21:20:07,170.0,15.64
f709f3fec102226ab1dce1018209b7ff,1,e7cc48a9daff5436f63d3aad9426f28b,53243585a1d6dc2643021fd1853d8905,2018-08-10 09:10:23,170.0,21.46
f7ac64d2fcdb2e5b73150c612248c8c6,1,6510b9320992123556a40f98806e512a,acce39e832338debb07b02385cde5967,2018-08-09 02:45:24,79.8,16.75
f7df648b228c22aa46208224ab0fd67d,1,d8aed41af112033ae4733abcf1f206fc,0241d4d5d36f10f80c644447315af0bd,2018-08-08 11:44:24,129.0,29.38
f7f0b79050e7ef0b1cf7ffceb0aa114a,1,595fac2a385ac33a80bd5114aec74eb8,289cdb325fb7e7f891c38608bf9e0962,2018-08-09 04:44:36,116.9,9.33
f81189aaeb2e561e2e9fe0faec4bbbc3,1,e8c421a493af37beaefc9092d0798203,cda598c48d7c614bc1cad7d8ff6f0010,2018-08-06 13:05:13,15.0,12.79
f81bd34ec4dd1f36d89fe966cf87c4d7,1,992b493206080e0ded9bf933ae5da6d3,ea65d8b58316a6f2362f2a9e4b3e86ad,2018-08-06 13:04:24,37.9,8.43
f8204e84e9a426029a3f9848738caf33,1,ba18c48184ce58f0ffd8b656c4edf21c,d1c281d3ae149232351cd8c8cc885f0d,2018-08-07 15:45:25,95.99,22.49
f838a927949e184c27e9965fdb239fcf,1,8bfcc2900410d032d52f24991311a009,dbc22125167c298ef99da25668e1011f,2018-08-08 22:30:10,39.9,13.62
f83c27b5d5d61505da0a4ce01db3dfd3,1,3997a6da5a88930a92998ccbf98adf32,ceaec5548eefc6e23e6607c5435102e7,2018-08-16 20:15:28,348.0,29.42
f848632484a14e56ee4ae609d013b95d,1,570c59d31475234150804a4ac2b3b9c3,620c87c171fb2a6dd6e8bb4dec959fc6,2018-08-10 10:24:53,79.9,23.36
f850238de020e40b355e62b3198da17e,1,aaea62612b84679ddf91cbdda1183e7e,556a6409838156ea299c9d1f9e2dde43,2018-08-13 04:50:20,157.9,19.26
f8798210932c38fb57575fd5b985e408,1,6c09be1fc42a113b2f3e558d7df2f133,671585f5a2af58b6e276bc01003c0d2b,2018-08-09 14:25:06,45.0,15.42
f87c049dcd8cafd8a6880a2e29b5d021,1,14d6a43dc8ec3b5e86ef500845374ebd,4a82168aaef173cbb6e46ae88728f919,2018-08-13 03:24:51,149.0,27.34
f886ca9715359489ac5ca62177ce61c9,1,3e8fca04d24eff0e2177d6157127ed70,5a8e7d5003a1f221f9e1d6e411de7c23,2018-08-09 14:15:17,39.9,7.54
f887e6cba479b38cfeb57c84d0b5c2a6,1,a3e66bab3c2ca507ddb970a748ed740b,6b243f80ed07b10f0e8aa0f21a205f3c,2018-08-07 19:50:15,32.9,18.33
f8924deb5600bb1368e603e9205e7949,1,2d2d15d322e7069eddf81d5200b19417,7210cd29727d674c00741e5e387b3ccd,2018-08-15 03:30:15,22.9,17.93
f8924deb5600bb1368e603e9205e7949,2,2d2d15d322e7069eddf81d5200b19417,7210cd29727d674c00741e5e387b3ccd,2018-08-15 03:30:15,22.9,17.93
f8941c4e03c5fdb1736fb5cd167c17a1,1,2546d567ebfae0f9bc59addbaa2a16c7,cc63f0dd2acba93ffed4fe9f8e0321fa,2018-08-08 14:30:56,360.0,29.6
f8fb768a4889846eaf601b29827b596a,1,13f58613ded23f25a9eec9136316253b,6ddc28b61be28373b4503a1f61cf98a9,2018-08-08 06:05:16,98.9,8.85
f8fd2ac9626cada5584890581ca7e55b,1,b5e04fdc949ee208ed3f3ba6a7696046,9e6967d3cf386d284251784b18ccb485,2018-08-08 15:30:11,59.9,9.17
f90d9d087252c72d1f8a43c65f16f515,1,90efe66f56959c0750c866fd59f9f92e,60562ab00b8054280520d390c8c0045c,2018-08-08 04:05:31,199.0,25.74
f92d5a62c7841e7f1a73ce4a68912c4b,1,cf51b185defdb6170bd8deb64707e906,d650b663c3b5f6fb392b6326366efa9a,2018-08-13 15:50:14,699.0,22.99
f9418673303e682d25b8e8a57bb7c4d8,1,6ab9d49c399f239bc88ea28c7568213f,5c853bb56f70f4d14218944bae111d7a,2018-08-10 05:05:17,12.99,18.23
f963c329c770720f168067c84761f221,1,3c6c21037ebd4ebe1f20aea71e85982d,f0b47fbbc6dee9aafe415a6e33051b3f,2018-08-08 00:05:11,34.9,8.99
f97a4a857b9a91dd1e7989becaed02ea,1,4c82c8d31845d751d797debc3d03697f,ce27a3cc3c8cc1ea79d11e561e9bebb6,2018-08-10 03:10:21,12.99,12.79
f97da0a16b75363e98debcd65fe1253a,1,fbce4c4cb307679d89a3bf3d3bb353b9,c33847515fa6305ce6feb1e818569f13,2018-08-07 17:45:13,149.0,51.33
f98480aef384f1cb8d5b1e0e4816fd89,1,50bfd369147864f6d0561bbdc0b610ba,da6a60cc8cc724fe51be021ff8be779c,2018-08-09 17:24:41,65.9,14.62
f98503baa6f63a4d5b3e5f9deba75942,1,bfd9a39f1774d4ca8773f1f42f09d187,54583ab379489add547fe47b628db589,2018-08-06 23:05:16,250.0,10.5
f9e5527003cf8cbd665bfc75e264da16,1,8a494aeffa13ead64254d18d66189a22,67883baaae6134ee81b271a542613728,2018-08-07 20:44:33,299.0,18.28
fa28b32a0c26a05aed07e5fec4c54b3a,1,4ff38de0673d41a0da1499e300720ef6,5b07547f10dd980738a1a27f685af669,2018-08-07 11:04:19,69.9,15.59
fa28b32a0c26a05aed07e5fec4c54b3a,2,4ff38de0673d41a0da1499e300720ef6,5b07547f10dd980738a1a27f685af669,2018-08-07 11:04:19,69.9,15.59
fa2b7f457f0624bb344dc3023f557d7e,1,86affbe24eda560b9bba0e36f87bdbfe,257e61d3251fb5efb9daadddbc2cf7ca,2018-08-09 22:50:16,549.0,47.64
fa3418d42d5f87df0490832ade4cb968,1,a39cc58c1b5926b6f9f378daa89f1315,1025f0e2d44d7041d6cf58b6550e0bfa,2018-08-10 12:25:13,150.0,16.35
fa3cc6b1b48c7b730f6c4c43e423c5aa,1,f087c706a59c175468a1a05c5d2305e5,02d35243ea2e497335cd0f076b45675d,2018-08-08 18:05:31,259.0,44.46
fa3cc6b1b48c7b730f6c4c43e423c5aa,2,a7b9753ca5040193a1505f15c723c0e0,09f952a5f58d2285b0372551ae8f9b01,2018-08-07 18:05:31,327.0,44.46
fa501c06e7a60e98b43e678fd5205c37,1,fbce4c4cb307679d89a3bf3d3bb353b9,c33847515fa6305ce6feb1e818569f13,2018-08-07 13:24:12,149.0,51.33
fa6b736da07e6fab64807d4d37d8062d,1,c66473cee835e09bdd0edc66f628af7c,128639473a139ac0f3e5f5ade55873a5,2018-08-06 17:24:03,19.9,13.48
fa6e801a54147fb8ada766a1f407a80f,1,054515fd15bc1a2029f10de97ffa9120,e9779976487b77c6d4ac45f75ec7afe9,2018-08-08 10:44:12,43.0,18.4
fa77b4aa91c0a9f2bc533e0dc380d9c2,1,a92930c327948861c015c919a0bcb4a8,6560211a19b47992c3666cc44a7e94c0,2018-08-07 00:45:12,78.0,15.65
fa79d81a2b6991398dfaa1bc61b586f3,1,f7336eb1d4afd89bb9d4142642cdad6f,1b7e5006cb25dd23ce8686691013b121,2018-08-09 13:50:20,45.99,8.48
fa920bdfa971269c86fa5e1839ff9db4,1,eb8c629f70275fd1c4f809116cce1efc,1025f0e2d44d7041d6cf58b6550e0bfa,2018-08-14 15:50:19,38.4,19.46
fa920bdfa971269c86fa5e1839ff9db4,2,eb8c629f70275fd1c4f809116cce1efc,1025f0e2d44d7041d6cf58b6550e0bfa,2018-08-14 15:50:19,38.4,19.46
fa920bdfa971269c86fa5e1839ff9db4,3,eb8c629f70275fd1c4f809116cce1efc,1025f0e2d44d7041d6cf58b6550e0bfa,2018-08-14 15:50:19,38.4,19.46
fab137488ea6654792ec4cac3000cee8,1,6e6cc4bc64ffea91782dbc0cc7c325d9,b561927807645834b59ef0d16ba55a24,2018-08-09 12:25:17,29.0,7.46
fac467ce69a8abb815d930471940d06f,1,437c05a395e9e47f9762e677a7068ce7,7f7b8245c336066a1f9933c359f11d77,2018-08-13 14:35:22,50.75,13.02
fad1f2027ab155751ea0746b70f81921,1,bd6e6fce9ada76ea2db0f1912e8e478f,1835b56ce799e6a4dc4eddc053f04066,2018-08-07 18:55:19,56.99,13.98
fad25ec1d119305e79431001599bb799,1,27c5d184e397082e7f0ff11ace0d7269,42b729f859728f5079499127a9c2ef37,2018-08-06 19:10:22,62.9,9.19
fae8533726bd31cbcb92d9bdcaf5e92f,1,0d85c435fd60b277ffb9e9b0f88f927a,88460e8ebdecbfecb5f9601833981930,2018-08-08 05:10:23,54.9,22.31
fb10c8bcc7ea9a61120a84484aef8553,1,91eca57bdc51c30bb4204537e9996058,bf00385a5f7fc1ef39a13c2e9ee50a5f,2018-08-09 02:50:29,15.0,19.32
fb2dccfadca8cd6ebddc5d10ae48d1f7,1,f72b26eeffe2345b486cfeb723305bac,cfd7ddab722b902f7ac5b5f3ba6d723d,2018-08-07 20:45:13,498.0,69.22
fb2dccfadca8cd6ebddc5d10ae48d1f7,2,f72b26eeffe2345b486cfeb723305bac,cfd7ddab722b902f7ac5b5f3ba6d723d,2018-08-07 20:45:13,498.0,69.22
fb2f2200a3b712539e9eb91ef5c7e1cf,1,634256dbcd184b3757ffd7632c9fe52a,42b729f859728f5079499127a9c2ef37,2018-08-08 06:24:22,27.9,7.46
fb4c1eeef06c08acb4e63c9091ab5c6b,1,e6e3b7c71e3a84b79b0dc5300587fd6a,77e4abfd739aed9c46480f90f81c0eb4,2018-08-10 16:35:21,349.0,25.24
fb73306df41afb7ed9222b25f9ebdfb4,1,dbb67791e405873b259e4656bf971246,e9bc59e7b60fc3063eb2290deda4cced,2018-08-14 21:35:21,61.4,22.36
fb9bb6436441ba78b79012524ca465c1,1,fb19ac22e32dfecea21afbdde4b97b5f,17e34d8224d27a541263c4c64b11a56b,2018-08-13 02:04:39,211.05,19.58
fba96485cb359053087bb66dc9b5d6f2,1,8fc803c7d0a99a53798c7896a7c1e93c,cc63f0dd2acba93ffed4fe9f8e0321fa,2018-08-07 19:05:20,126.8,27.19
fbacb2717f779ec85691cc7fcec4f1d7,1,bffdb7d6bdb994823039ac983d6d30ec,70c27847eca8195c983ed7e798c56743,2018-08-14 22:25:16,238.99,16.77
fbaea27eafbf4ac56866115c9096c490,1,f9a508234fed38c95437c5a16b847774,522620dcb18a6b31cd7bdf73665113a9,2018-08-06 16:31:31,79.0,18.65
fbb362a74494da7dcf08aed5f2a471e2,1,9c3225fb1d3bb4943cf7be6afa4b4246,0dd184061fb0eaa7ca37932c68ab91c5,2018-08-08 16:10:20,55.0,55.62
fbb362a74494da7dcf08aed5f2a471e2,2,9c3225fb1d3bb4943cf7be6afa4b4246,0dd184061fb0eaa7ca37932c68ab91c5,2018-08-08 16:10:20,55.0,55.62
fbb38f33f44df110ef060767b70bdfa3,1,b192be433004cc1f10b467c0e9ea309b,de722cd6dad950a92b7d4f82673f8833,2018-08-07 17:23:56,179.9,53.61
fbb38f33f44df110ef060767b70bdfa3,2,b192be433004cc1f10b467c0e9ea309b,de722cd6dad950a92b7d4f82673f8833,2018-08-07 17:23:56,179.9,53.61
fbb38f33f44df110ef060767b70bdfa3,3,b192be433004cc1f10b467c0e9ea309b,de722cd6dad950a92b7d4f82673f8833,2018-08-07 17:23:56,179.9,53.61
fbdb804cd5fd11e97287cd4cc842f7c4,1,1613b819ab5dae53aead2dbb4ebdb378,16090f2ca825584b5a147ab24aa30c86,2018-08-07 19:24:09,27.9,18.3
fbee188f61534261ec8009aca20859f9,1,7564c1759c04fc0a38f2aa84f7a370ee,6860153b69cc696d5dcfe1cdaaafcf62,2018-08-06 12:50:14,45.97,13.9
fbf16cb7728cac175e1222c7d73734c6,1,c9c6fde711572c1ad99ca12728c6af00,562fc2f2c2863ab7e79a9e4388a58a14,2018-08-07 02:44:06,59.99,18.52
fbf2e87d7c7542aa36e1d91e5b462c60,1,c7b3b8509e06ae21abdd78b541215cda,620c87c171fb2a6dd6e8bb4dec959fc6,2018-08-08 07:04:11,119.9,18.94
fc174f22ce400b79551344335ef7d9d9,1,f27aff266ad97e75d4a24c893b2c311e,f62d7bb4a613ec758a03342d46b580b2,2018-08-10 12:15:22,795.0,89.34
fc5940447e1729d88293fb999ad3c2da,1,d2f5484cbffe4ca766301b21ab9246dd,36a968b544695394e4e9d7572688598f,2018-08-07 22:50:16,12.88,12.79
fc6fd71961ba15e10fb27b9cda74fdb8,1,bd6eb9532e448ca538cec41d0b9dc228,f5a590cf36251cf1162ea35bef76fe84,2018-08-07 05:05:18,235.0,85.21
fc9a5afd96050ceb0d9f12a4f8c5d9f0,1,bd6e6fce9ada76ea2db0f1912e8e478f,1835b56ce799e6a4dc4eddc053f04066,2018-08-06 05:15:10,56.99,13.98
fcc1d095fad4806c94b96c7bbe51188d,1,3362ea39c2b9a88dc82f2cd6f6838bcc,dfa0c4c6229ab200a4a1336b4d7128ff,2018-08-06 20:35:28,39.0,15.37
fcfb5461769cc63d4c83cc3dd5c2ec55,1,22cae88a3d0dfb90553827c761728e55,729b2d09b2a0bdab221076327f13d050,2018-08-07 10:55:10,64.9,18.55
fcfd2d9dca1b759a8838eac01a9ce2eb,1,3fbc0ef745950c7932d5f2a446189725,06a2c3af7b3aee5d69171b0e14f0ee87,2018-08-20 21:15:27,66.99,23.19
fd0d6e1fe406f607f6f66c3bda4de1d7,1,210927ec4e766c525d07a1c17d4bb578,968268a686aa05d1f529fb07dff08130,2018-08-09 16:45:18,125.9,8.14
fd26a8e314b26ecd3011f9d6ec17e7c2,1,acdd408fe971bbe29a81f8febb575ffc,128639473a139ac0f3e5f5ade55873a5,2018-08-09 13:35:21,18.9,13.47
fd2abbf4e0f632ba709f0059c02da633,1,89321f94e35fc6d7903d36f74e351d40,16090f2ca825584b5a147ab24aa30c86,2018-08-09 04:10:16,28.99,7.46
fd54537438233bc798bd3fdac32bcfd9,1,6139fa69b55f0d2940a87602dd20892d,6a8b085f816a1f75f92dbac6eb545f8f,2018-08-08 12:55:25,58.5,18.51
fd54537438233bc798bd3fdac32bcfd9,2,6139fa69b55f0d2940a87602dd20892d,6a8b085f816a1f75f92dbac6eb545f8f,2018-08-08 12:55:25,58.5,18.51
fd566cfe4efd75cdc3ac93a0e1010248,1,980ecbcc15fe174ec1e5757c4d75b1bf,e59aa562b9f8076dd550fcddf0e73491,2018-08-07 04:10:41,27.5,15.29
fd566cfe4efd75cdc3ac93a0e1010248,2,980ecbcc15fe174ec1e5757c4d75b1bf,e59aa562b9f8076dd550fcddf0e73491,2018-08-07 04:10:41,27.5,15.29
fd566cfe4efd75cdc3ac93a0e1010248,3,980ecbcc15fe174ec1e5757c4d75b1bf,e59aa562b9f8076dd550fcddf0e73491,2018-08-07 04:10:41,27.5,15.29
fd6508408ae641784eec9008b9c351d1,1,ed2067a9c1f79553088a3c67b99a9f97,cbd996ad3c1b7dc71fd0e5f5df9087e2,2018-08-09 04:30:25,67.8,19.67
fd774e7e5b81920c1ffe8af966a3558f,1,498366f301125d450cf3b0d56920f8ac,8160255418d5aaa7dbdc9f4c64ebda44,2018-08-09 22:45:18,69.9,19.68
fd7bc10be53abc6d0c38867a72503dd9,1,6caa2580a19d609683ae770f296f7524,05d2173d43ea568aa0540eba70d2ca76,2018-08-07 05:23:57,28.12,50.92
fd83748fe6056c1759777f41c19a742a,1,2d760d94cb67db3551e9a01ceb060161,7c9130f5f3729edd32aa059141d92484,2018-08-08 18:30:24,31.5,13.8
fd8ae066cb36d75d6a3679bb30370c39,1,7148a8f67a1564b5a6c5944398357e18,c9c7905cffc4ef9ff9f113554423e671,2018-08-09 22:05:20,45.0,19.51
fd9f784391898343d5de70ad1eb32d74,1,f0be153642b7b0ea5f46bdbaa7f62ce7,f205b1a3ca9a34e0f8a228bae6e4c7b3,2018-08-13 19:25:17,99.0,47.67
fdb8b7471e58dbe1a73f0218723b58e9,1,bdc3291ab242ec1effc8eb0987850268,5656537e588803a555b8eb41f07a944b,2018-08-07 12:24:11,25.89,8.69
fdc0ec1ee168b2b7c9d3a501b0d1d69d,1,0c7e301c5eecc0fe996dd86bc9c290fa,3492e68f37fd1df87f4f2f2ea247f445,2018-08-08 13:10:12,60.99,18.53
fddac1185cdd53d496b4279d6fda1112,1,4532fa1bbe47099ce5c9e2313fb9bf2a,ea00f977a203ff88adf7057cb7806998,2018-08-09 04:31:21,19.99,12.8
fddaf32439eab4df416cb63ef0a0ddda,1,24fee4a800146a47846fa0e345b6d6ed,5194c22ed1f616ec0c0f33c571542879,2018-08-08 16:04:26,149.9,14.39
fe060c64faf15963690f95b750ec2301,1,ea4d2100b24a14263ce28be19889f035,8f2ce03f928b567e3d56181ae20ae952,2018-08-08 04:24:15,99.9,20.97
fe3b7d7e6df783d622ae530f841bc87e,1,6d07236d4abe99b5b1cbf368971bf6e7,01fd077212124329bac32490e8ef80d9,2018-08-07 12:10:16,38.0,18.37
fe4021e2697d2b86229336b10e91128c,1,a388f2043ca885de714453e4fac616e2,596849622429351f47b32e6cae1055ff,2018-08-07 20:50:16,24.9,7.43
fe94f63f2f4d326a6da25bfe07ffaf93,1,86ecc269de40ba13205e7beeee12f26f,b76dba6c951ab00dc4edf0a1aa88037e,2018-08-08 04:10:24,29.99,15.31
fe98bde348882015e26b7660d5db70f6,1,6d7e259fc0d18d051d87bac45bd45798,bccf933e006e9b94a6184af782963e77,2018-08-09 23:05:12,148.9,20.23
fe98cb0615a7611265d8955be5ca9497,1,e950f579a1170b4e385f734c5771e9f4,c5f7feb04a6a1fb3596322bfc3cf1917,2018-08-09 20:35:25,37.9,16.46
fea63f76fbfe84a56f4059ed267918de,1,c9e3b986ab953f3b1f4028bee505deea,960945e1a9535cbc0cd6ddd35fbe7ae8,2018-08-06 13:25:09,188.16,18.45
febc08cf93a49479fcb455b3f673bd2f,1,1873d47fb47e167da1520bd9ffbb8f79,0bebbb2cea103a4a020c95d43fd7d754,2018-08-06 20:15:20,206.9,16.55
febdd4292b7bc064ae8e10f572aa2ce9,1,389d119b48cf3043d311335e499d9c6b,1f50f920176fa81dab994f9023523100,2018-08-06 12:45:14,49.9,47.4
febdd4292b7bc064ae8e10f572aa2ce9,2,389d119b48cf3043d311335e499d9c6b,1f50f920176fa81dab994f9023523100,2018-08-06 12:45:14,49.9,47.4
fecfa796d77518eb5df5799cf3e1b495,1,eab77f3ca90afdb347367c198efdb8be,8c5e007d7bd5693fa1386ffefbc99f6c,2018-08-07 11:15:19,40.68,15.39
fecfa796d77518eb5df5799cf3e1b495,2,eab77f3ca90afdb347367c198efdb8be,8c5e007d7bd5693fa1386ffefbc99f6c,2018-08-07 11:15:19,40.68,15.39
fed6ef6fb04042a3b895df051c11225f,1,18b0e642cbae7251e60a64aa07dd9eb9,85d9eb9ddc5d00ca9336a2219c97bb13,2018-08-15 14:15:12,22.32,15.26
fef34b6fb683748342c85724a3fddfd3,1,52c80cedd4e90108bf4fa6a206ef6b03,a1043bafd471dff536d0c462352beb48,2018-08-06 05:23:53,139.0,60.2
fef42a935645baebe981cf96008dbb1a,1,da1415c61b55b4e9ea8cb19521c857df,67883baaae6134ee81b271a542613728,2018-08-03 16:03:55,149.0,17.23
ff3555a6834ab7c343f8b67157dfdd07,1,9f1c3e71d56894398a42b050b07f1baa,92eb0f42c21942b6552362b9b114707d,2018-08-21 06:05:47,12.5,7.39
ff3555a6834ab7c343f8b67157dfdd07,2,9f1c3e71d56894398a42b050b07f1baa,92eb0f42c21942b6552362b9b114707d,2018-08-21 06:05:47,12.5,7.39
