order_id,payment_sequential,payment_type,payment_installments,payment_value
c39414c195d0f94c9d9c35e7c6ed4f1a,1,credit_card,2,139.22
191a21c0a0934fdb7dcd56c6b28a8682,1,credit_card,3,196.55
cd82b3b68f4843cceb338d860b8aa006,1,credit_card,2,440.12
bfc9f97fc7ddacf8a3c33c4b2bd15a93,1,credit_card,2,229.74
276971787e4550d908a7306c2fe79da3,1,boleto,1,51.03
fb4c1eeef06c08acb4e63c9091ab5c6b,1,credit_card,7,374.24
9b871ac52352fe5c58010cad01550b6c,1,credit_card,3,340.47
9da388551ea23281b9bb4cbf12376992,1,credit_card,4,42.77
874a7690bc049bd4ce210d195bdfff7b,1,credit_card,1,105.94
52fe09ed9b59f3ee4be7b74b990d13bd,1,credit_card,2,39.41
c124b224a2727ecb4e7c9a378a936d0d,1,credit_card,6,86.06
816ccd9d21435796e8ffa9802b2a782f,5,voucher,1,27.91
ad9447ca1bb7d23ed83358f2235b5a56,1,boleto,1,224.45
09249f4625a56408772a45322aadd544,1,credit_card,8,138.84
035c01a45e289b155db4e47cf39b29d3,1,boleto,1,93.8
6e53f3d94a384e3e000da1b6d43641ab,1,credit_card,5,51.57
da7b8d3f7de2b64a8d4f6d59b36159a7,1,credit_card,3,88.72
494648e782c762fe2547626ebb7dfaff,1,credit_card,1,47.44
f1a873fc10e7bd542bcc4198baade2b9,1,credit_card,1,67.57
a6aa2d9d0561ad1c39f33d69e3f1277e,1,credit_card,10,1013.25
390cb12cd3157360539ab0739c1b8fa9,1,credit_card,1,97.66
d07eb552f514f38f0107ee31243f8104,1,boleto,1,76.31
fa3cc6b1b48c7b730f6c4c43e423c5aa,1,credit_card,5,674.92
2921ebd304831878ac888644314d424d,1,boleto,1,113.08
54e21f5480d90336080ff89ec1ba503e,1,boleto,1,67.14
55ab3650a53071b34253bdcada9e584b,1,credit_card,1,40.76
d513f9d572bf6a3a3c4e59252fe4f19c,1,credit_card,2,28.93
f81bd34ec4dd1f36d89fe966cf87c4d7,1,credit_card,1,46.33
a971cf0a515e6051941bd05ff3efc0d7,1,credit_card,5,102.27
f886ca9715359489ac5ca62177ce61c9,1,credit_card,1,47.44
dda0996054bec18cafa1ede0d62dd3cb,1,boleto,1,406.95
3c74e538974fb013e938fbdd7d83675c,1,credit_card,1,20.28
dadeb032c1f01467182f4f0716bdd141,2,voucher,1,72.3
e9ff655634db2dac0d2c18cd8fc57869,1,credit_card,8,210.23
b7592da1b6c34d2b2404a7b6e8639376,1,credit_card,4,257.08
8b01dbab48de4c2a6edcca84a1798df0,1,credit_card,2,22.29
ccb3e2fc8477b6fd3e3edf0dad0211b6,1,credit_card,4,235.12
b058d10cd1c5819182e6071160eb23a0,1,credit_card,8,223.19
9e5ad464d579c1593e82dee8ffaf05f9,1,credit_card,1,136.98
3828ca6e6450e317619b87f49eca6492,1,debit_card,1,20.89
19b37f1efa2ddaf265496e78e245c19a,1,credit_card,2,49.45
d40d7acb41c23539b6b47ea86e260c28,1,credit_card,4,96.66
bdda3ba1c505bc39ff2117e340280a74,1,credit_card,3,141.67
420fb4457bf13ecb615ef8bd9dacdc03,1,credit_card,2,229.65
6f8607cd0ebba75f55b2ce01a1250963,1,credit_card,1,51.46
7c7730a9be0a2cd5d43285e6e53476d8,1,credit_card,1,24.08
5fec03fce725fff481779aff4be805d8,1,credit_card,1,226.31
73a516c7297dcd6a809778fd0cb8bdd4,1,voucher,1,193.46
c2412fc369f785dbaebb28b731f92bdc,1,credit_card,1,37.53
d53539c07b0e0bb28c0468574526dc88,1,credit_card,3,62.62
816ccd9d21435796e8ffa9802b2a782f,1,credit_card,1,5.65
067cdcc9257641b7d0ed7a49a466dd8d,1,credit_card,2,108.87
a06a669230c816de8d78362b370dd46a,1,credit_card,7,91.03
ec6fa0fd3abb372973ffa4c792a2e936,1,credit_card,3,87.58
b067f7c5967819ff5e1cff8bd3814a6d,1,boleto,1,154.28
07e74b39ce62a7c6f7063b3168748191,1,voucher,1,136.64
75c3991c985f0ad3e6c3b9ae67f16b76,1,credit_card,1,197.95
ae0b49f902be4012d913509645004e98,1,voucher,1,117.84
3c32b5ee0d19331febeea91a6fbf37c8,1,credit_card,1,51.92
73f4780e56b3a089b1d7671a17ee4da0,1,credit_card,1,173.75
319d8eb9ba6d4f64a4b7c5da23b82cf1,1,credit_card,4,46.29
0b49ef15b00408f4b3cc8c7ac0c5ae19,1,credit_card,3,94.1
dde57deff5c66be4e59c0da19696ea50,1,credit_card,3,128.89
f46e4c3b10d88caacf23b8ee4d674d7e,1,credit_card,1,50.35
3b842ff9ea0324f7726503cadd3c0db5,1,boleto,1,198.05
f9e5527003cf8cbd665bfc75e264da16,1,credit_card,2,317.28
02a98752595ee9d94c570ad3e18055b4,1,credit_card,2,80.4
63b560062bb9ccde4a2b9e9d26b39486,1,credit_card,1,197.58
87466e583daa1445bfc03e595265cdcb,1,credit_card,1,62.64
d077407f0f6dccff3bb4224b3aaec82d,1,credit_card,1,22.29
078f6a01964ee122ef20881df839af31,1,credit_card,10,2419.2
2b8c5991476242babd85ba5b7ca5a7cd,1,credit_card,8,377.7
3dd4f42a9b185cd0b083246bae24090c,1,credit_card,1,78.55
dadeb032c1f01467182f4f0716bdd141,1,credit_card,1,20.89
16693a75a341d20873b58f312464e250,1,credit_card,1,44.49
49acb5fc9c65246c7611d008c2304353,1,credit_card,2,72.61
88d707d3bef4ca2fc83d34f2d899dea4,1,credit_card,18,802.68
b8a0ea35d4a5efa22c003976eb138ebc,1,boleto,1,85.81
0359f367ef22ad541b0bdc484158be09,1,credit_card,10,223.48
3142b77fc8c5d3b848943f5727c3901a,1,credit_card,1,118.35
a5bb5fa7247f09fa0a4f28ee69aa6dc6,1,credit_card,2,87.27
0b3e1c68302779e0c67d97c5b8ed17f7,1,credit_card,10,343.51
257e2d62e2b031eb09cea19d847305c6,1,credit_card,8,372.01
231f5faa326e8643dc979ef4dcc9cd31,1,credit_card,1,93.65
8c077233d04d9bca0a5bef45afddf354,1,boleto,1,57.39
e70aa4ace2e2d3140d4b09564030f5b9,1,credit_card,1,26.39
d115642fba3060e4082472bb2801b111,1,credit_card,10,344.89
897abc3130a6d4c579a229b45349f611,1,credit_card,8,84.58
7fc033af2ece8187b358f40d43a6b6e3,1,credit_card,1,34.51
378d1ac3d8e22dd46990757398ae8500,1,credit_card,2,42.86
db3e8c24c5652c8944bc5a05d9bd3933,1,credit_card,3,186.45
72ac5a7945d55c3fd45160f365353fae,1,boleto,1,71.31
85df9618973ec5807b30a864e352599f,1,credit_card,3,76.58
69fe57ea54b1926c309bb133b16f9501,1,boleto,1,31.9
045fb730a757a5379d79bdbc42d4e84b,1,boleto,1,48.48
f3a3becaf45a4f7799cd93b1fdeea2c7,1,credit_card,3,351.22
3ba790c8d2e841929c346e8da5c6abed,1,credit_card,4,177.91
bdc386da6334df2a3ed8c51f0fe77c16,1,credit_card,1,99.65
5ef603cf924626f99285129d63316a1a,1,boleto,1,157.07
6cd474b81add3c3d62536cab3e34aa23,1,credit_card,2,180.32
a1d38c97444889282dcb16502b3a8686,1,debit_card,1,561.53
5d4b951a36d28b50e981ff69e62e2414,1,credit_card,1,40.76
c11d9ffa0f049e01a764c954c7494aa0,1,debit_card,1,72.06
e1498c730a641e84a12251fb544db234,1,boleto,1,77.62
13d341318c77969f10d77e1382957542,1,boleto,1,38.86
3794be706c3088573f54b492768e7689,1,credit_card,3,139.88
dfe927ca4859176d7377a7543078d4b1,1,credit_card,2,32.83
b89c3bccb55bf39d693030905c3a2326,1,credit_card,1,132.66
a1a43cda291e19630504e0139508698d,1,credit_card,3,62.65
b28360b44929ee4de27af7329c403c58,1,credit_card,3,1342.03
927a7c08b956e780d1a418ec9b5b1551,1,credit_card,6,549.7
ecb7b1b5d15cf872f986f88e7344d9ed,1,credit_card,3,188.28
7844d2f4784ca5e03bf47dd1ac050bc2,1,credit_card,1,68.84
aeb4ec5f0696847ed2357f26abeb5a62,1,credit_card,1,31.33
10ee8dae1859d2e91a79ad35006d3412,1,boleto,1,29.96
7c7730a9be0a2cd5d43285e6e53476d8,2,voucher,1,39.34
23936c5f77c03f7cbd20d185732c60d9,1,credit_card,4,63.89
766e7d95f42217e02fa7c85a8c97a862,1,debit_card,1,58.18
6694b68ebe1f4dff3b22fbbfff33d80a,1,credit_card,1,49.67
fa3418d42d5f87df0490832ade4cb968,1,credit_card,8,166.35
23bdd0be32ec574e0bfb0ae381405424,1,credit_card,1,125.69
6a9ea3a6a0a791f6c34b8145d6cbd42a,1,debit_card,1,319.43
de11314f84cd5578a36ab8312ab5b5df,1,credit_card,1,180.32
3eec01b486a4d08de50a38ef2fb87b79,1,credit_card,1,49.56
136a3da67b93100ec6fc05442613bcec,1,boleto,1,208.42
0cce1e1470bc8d35d6a2bebb6991bc1b,1,credit_card,2,54.18
8501926dd0837d694fc5af339c02a6b2,1,credit_card,3,267.94
728f6c4bcd81ebdfeb353bb9b0893a12,1,credit_card,3,205.3
003a94f778ef8cfd50247c8c1b582257,1,credit_card,1,57.98
8733c8d440c173e524d2fab8025063f4,1,credit_card,2,166.34
0b47f5e9432bd433f8c5cf64e60e6e5f,6,voucher,1,20.0
be003b92657e12fe422a450aacc1eed7,1,credit_card,1,155.26
c00b90f6bc9d5a080080d5c3f852f50b,1,credit_card,2,78.18
29bcc6a8befe426cad7140eb616f16fe,1,credit_card,1,79.14
33df70afce3d048ea97b52a230185c90,1,credit_card,8,118.08
c6f6b7098338abbafdecc3ee3ff4bb66,1,credit_card,3,132.7
1f55d59fd95c97d28af581c3c7b4f267,1,credit_card,7,131.76
9a503487f2a2141cfc220d61e43bd938,1,boleto,1,117.73
c2e3ee5ef901092148e19caccfe10ffb,1,credit_card,2,56.6
fa2b7f457f0624bb344dc3023f557d7e,1,credit_card,10,596.64
b59dd1cfaae00761d5a3b6749e874c80,1,credit_card,8,858.65
3300cd5468b45a06dd47487a0d936212,1,credit_card,2,145.4
edc852e0d271566f7923b10c089c30ec,1,boleto,1,133.42
69f0148dd6fd1fd804e48c202c93ad0b,1,credit_card,1,31.93
38dcf9bd2b8951b1407c82f1d70a8f7f,1,credit_card,10,438.4
00f6ac4816d12f49026b09f2aa77d15f,1,credit_card,3,163.32
1d911134e95ec6f299e80fe19b5b88c5,1,credit_card,3,50.24
bd80c61aa79867f184f4b01d69b6c03c,1,voucher,1,93.12
a1ebec3b404746545a11186a23a88baa,1,credit_card,3,35.14
8f4dff9c7bdbfd26aee6064637637f24,1,credit_card,1,56.6
7f579e203c931f3e8410103359c6d523,1,credit_card,5,118.35
c8437ae2370954848655235ebb274b59,1,credit_card,4,57.97
f4c87e038db78ef275deab58f19e5bd2,1,credit_card,2,72.99
9550c6dde457784adf6688cea59cd6b8,1,credit_card,1,27.88
a68b3ae8450a14f9ba0cc1b53574af62,1,credit_card,10,151.63
162cf02f9877cddb71e0bb217b585128,1,credit_card,3,70.27
223c55ef218f911885ccb9692537c1c0,1,credit_card,2,35.42
b300e160f5892169bafa006e670a43f5,1,credit_card,3,67.58
fd9f784391898343d5de70ad1eb32d74,1,credit_card,5,146.67
3b401cba521461d124e0487ea53bb009,1,credit_card,2,142.27
a85c1538df5701aa9a7c6cc423bd80f4,1,credit_card,2,164.63
7b1ade884cd7da23e0f853fd00807d38,1,credit_card,2,210.41
fb10c8bcc7ea9a61120a84484aef8553,1,boleto,1,34.32
02ef9aa8b6692c2ff049065f5a150c28,1,credit_card,1,45.21
5f862e4fe640e66110b40cced6911038,1,credit_card,1,29.41
ae2fb0f5aec36b2a6b058602dc941fb1,1,credit_card,1,45.3
12212c72d1bc207ff5bb823d711dbe88,1,credit_card,4,209.46
300542e713279c59c9741f77d049f567,1,credit_card,2,105.94
f8fb768a4889846eaf601b29827b596a,1,credit_card,4,107.75
22e93d4515387496e3bd3cf6e8eca396,1,credit_card,1,90.22
aea07e49bd6cb10236c4f58a429d3591,1,credit_card,1,137.49
920c5e9d5a8a142e714aed65b5e06f8f,1,boleto,1,72.54
54a33eb07a24da26f790d99fa2adfd7c,1,boleto,1,75.55
81e5ffe389c377c7b423c9669a9fe712,1,credit_card,2,73.22
514a25ad1f240dd40ca9f02d1cb60a91,1,credit_card,2,185.46
3438960569bf3e42fa63f8e7bab0ac03,1,credit_card,2,113.58
95dda89c1cb224cddb6c5e1d81d4666c,1,credit_card,1,36.94
6b51309cb191abb919de57f626c06719,1,credit_card,9,587.09
3fc0be2b864e9efc63373bcbafbb16ea,1,boleto,1,122.74
4c1eb4e6d52d42048614e4c46f3c5f9e,1,boleto,1,240.78
c9f1715aa7997f1ebfb8560a516d92fd,1,credit_card,4,591.88
bb4a9be7985d105a189b15022bcc7120,1,credit_card,1,53.37
afaa845a7a044d65051e77109d5b6ac2,1,credit_card,1,87.58
9d18163cf9d35e24677b08a21030866d,1,credit_card,1,5.1
21df4877f402eea02a4c1aab13411b1f,1,credit_card,1,151.86
1596533ff4cff89818b0490409f0c4f1,1,credit_card,1,43.55
1ddeff2fa520dc8916dc524bd3b0e58e,1,boleto,1,66.05
6895a2cb864a4bdb6ae98c2328666108,1,credit_card,4,274.97
115faf732ae2a6adbc96dc35069621e5,1,debit_card,1,22.38
df79dc38cd1e0f49f9ef6385b30caab8,1,credit_card,1,41.85
21af06c81b813d390e6f5df558fdbc3c,1,credit_card,2,94.71
ac046246a304e47bb50a9c923430aa55,1,credit_card,1,89.58
fcc1d095fad4806c94b96c7bbe51188d,1,credit_card,1,54.37
1265cc7a9988226b4abf1885582ceade,1,credit_card,5,54.22
3e34f8c0022e2a7093ae49d16555e06b,1,boleto,1,32.23
67ad45f6efc3483b12ad1dcc36d868b5,2,voucher,1,100.0
c4d2f075fc3bf3a06d1e68e113c35cbd,1,credit_card,1,79.63
95a79263ff4f759875074b9c5024edba,1,voucher,1,88.58
6aa88d307527c2931de6242ca2fbd3a2,1,credit_card,1,28.51
b3096cede7bf1dd20ff6607c7ee786e7,1,credit_card,2,134.08
ac5cd0e68752307d437d98c640050483,1,credit_card,2,56.78
12e4a8a3ce5999f5d237b1e27b06c60c,1,credit_card,2,378.38
101181f5adb1f9b1084fc5ded1160d75,1,credit_card,2,55.26
49e46b4388f4b9ea96901467bd26eb6d,1,credit_card,1,62.68
0cc61cbbb97b708ac85f95f24e7e4439,1,credit_card,5,107.29
670c4b17da301d33c203760668ded9b1,1,boleto,1,73.14
fbf16cb7728cac175e1222c7d73734c6,1,boleto,1,78.51
bfdc8cc8e1e3a146d1adb471208f0a72,1,credit_card,3,68.32
7ffcdcd61ff7eb4f55adfcfe5940b9e2,1,credit_card,1,60.36
8458b41c26bf20ba9b4ad514cacd4b2a,1,voucher,1,200.38
0c6a2732270e3f0f66bd73dbde93b59e,2,voucher,1,19.24
f838a927949e184c27e9965fdb239fcf,1,credit_card,3,53.52
09e7742cede3e38bad12bf8e4e015d6c,1,boleto,1,182.14
0ef716d86b77c7bf750b25ef9249d193,1,credit_card,2,99.65
3c3d88787b28904377716a09b10fb0e4,1,debit_card,1,151.54
6fe3cca762774a4e0e4e75467b4651e6,1,boleto,1,38.96
0c1eabff9739bc1f4ac404d1a8a13db5,1,credit_card,3,193.98
dc9d98442e1b036b58ba9dadf51a52ef,1,credit_card,2,62.16
e7f4523b6b3d8e132da47b94e7b09235,1,credit_card,3,47.3
5e2d4869083414bb82d2e3c5ae2a4ec5,1,credit_card,1,74.5
1a0f5914485e7b79c7bd708563bccad0,1,credit_card,3,134.04
a08337c882ce2f3733377bc48c5ca3ae,1,credit_card,1,531.73
5fce29fc25bfce9a829c5f4caa9ab9b6,1,credit_card,1,48.04
9d83685f52030d78be6112d861500ccf,1,credit_card,3,33.95
c5fd5386640ddd76adc482b72d24a02b,2,voucher,1,5.79
d318b7f49be14ab25218a6914acc404a,1,credit_card,1,41.27
21b2689d22f457f04c68814cb269764d,1,credit_card,1,70.38
8d71c4f38d584ca7e192f7e02dd592f1,1,credit_card,2,28.79
0f2eddab2cf0edb934c4086172712081,1,credit_card,1,92.89
83b38224c814740db730aad1c72c7a3f,1,credit_card,4,206.33
c18b6204ad61e6f20f2681af7cce007f,1,credit_card,3,225.02
21e4cb49918b1d01621e459fc79a60d1,1,boleto,1,570.71
b26fad48211e9a54051ac561925ffa23,1,credit_card,4,227.6
8badb85035ae9283c53e42b0ab697410,1,credit_card,1,58.44
c306c87c6c9e528a77e95eae0ea575bf,1,boleto,1,89.07
fe060c64faf15963690f95b750ec2301,1,boleto,1,120.87
717255f43d5c9b702e9bc8c7d03a82ad,1,credit_card,5,196.36
d83e73ca49e7e9ec7ba0154139858fc8,1,credit_card,4,252.38
08804ff605210017ad305e46cbd4e3c8,1,credit_card,5,182.11
1e3d732b1d231004fa6b9c9141f53856,1,debit_card,1,126.18
8ca57f2b32c00588cab243b2115441f5,1,boleto,1,1480.73
9a8ed77611006df4a507b6649200b71a,1,credit_card,6,63.46
24f1803064ef788a570a74e04dc6663f,1,credit_card,1,51.35
ed20372f93978f02adb6424088ddb730,1,credit_card,2,62.25
cb1f3a44e8b8527e16913306a4d3de2f,1,credit_card,6,1202.64
47f6d79f82f6b8667a9282d11ad1b931,1,boleto,1,116.79
4d8660f18113eab64ba09d4eb4aa9ddf,1,boleto,1,298.89
49410e2fb311cf8b70baeea98a3cdbf1,1,credit_card,4,47.32
959e7a4f6f98f189da64a254d9937313,1,credit_card,4,124.01
a887a98a44fd41090859072971661ece,1,credit_card,8,235.83
f4dcd6f5120e9e46509a58be9e7462f2,1,boleto,1,100.64
5ec17d5853c4bad3b18adb6778b3ac0d,1,credit_card,3,236.7
80aa84ef8c5e289d84d1735060740d61,1,credit_card,3,89.67
b653d11a2d36e5f0ef423e03e28e7682,1,boleto,1,77.51
617700c0f437adbb60d8ab8ea6d9e3ab,1,credit_card,5,199.26
b2b8934746a9afa7b38c8c1f88268ecb,1,credit_card,3,221.54
f0dabde4fd77bc24990f7107e4c46474,1,credit_card,7,73.72
56580e29cdcf56834efd1a9eb48e5f35,1,credit_card,1,116.79
1cdcd38020c62cfc2ba884e5a23eaa0e,1,credit_card,4,140.1
3c74e538974fb013e938fbdd7d83675c,2,voucher,1,54.89
19eccdbcd24b02d1dd3953f04ed7699a,1,credit_card,4,78.8
b2055cac51ad40754138bfed4d778344,1,credit_card,1,35.36
36da86192d48458dcb75f9f2bf4f249a,1,credit_card,2,77.2
92ae7ea2c6f759b8aa53b32b59e0d142,1,credit_card,1,95.13
d6e4899000744aee28d41363a581e3c2,1,credit_card,1,112.85
3a6a52cd14ff4ed808a62999c78f2226,1,credit_card,1,45.53
b0fac27c81315d7201a0ca455f58304d,1,credit_card,9,92.72
3e33f5f2369d96398462a491d376fefd,1,credit_card,1,52.93
f52ed0bde654bdeeaca2b4d0ad7e6c33,1,credit_card,1,923.55
c6ad7089d27e68a395de452a632cb54e,1,credit_card,1,14.72
ba7cd78ca5cc6ad6a8aa23fd95de7f6b,1,credit_card,3,38.04
006c42f310102c1910b3c5793ce5fc34,1,credit_card,3,250.79
1b3308992abe10ed7ce26077dce05e8e,1,boleto,1,42.4
3f698de643d49203acf6e773a09ff631,1,boleto,1,223.76
c4cb147fbbbe5e1c9d10ebf2cf1501f9,1,credit_card,1,88.19
48e72584a72dfd3dcb2ed3a6c5ea07ce,1,credit_card,1,243.25
ecbd8d5fbb12d972ba4a898ce0bd43d4,1,credit_card,2,62.91
ac57a5e116e95f1b04e07e0b57a5f6f5,1,credit_card,5,250.7
b84385348baedce597620569ed44593e,1,credit_card,1,199.6
74df7f96ed0e23d9290b02f3534eb597,1,credit_card,3,346.4
4fc1fb51c00a593d698708ba797bf73c,1,debit_card,1,355.29
c905910185bc1f8e9c3617ee560770d8,1,credit_card,3,32.33
d05d5881240a2b6f02e90a83bddc85cd,1,debit_card,1,30.41
d12750a4a29395c6d1cd3a83992f1e16,1,boleto,1,212.83
67bb62ec6f396662e56bcb9d61f09b57,1,credit_card,1,70.97
b494f624c631105b24fe497277085909,1,credit_card,3,72.18
01c156f67900e1f33d1234ce92cb18d9,1,credit_card,3,31.7
cec31771f7be596e463066dab5db839f,1,credit_card,5,545.08
0b52695e8c759b22075c6937089c4158,1,boleto,1,17.39
26d9a2f9a41aeeb0b0dd16ac2ca59225,1,boleto,1,209.46
7f29d1dcde28ba1c61a2f92068efdb9d,1,credit_card,3,86.41
ce4c50f30197a0330b034d27da7f5ed6,1,credit_card,3,161.27
2ef410891d7032f34d90f6e7d1dc42b3,1,credit_card,1,101.7
1f5e41ca3a4a73a67d6ac937f4fe5422,1,credit_card,1,60.42
5ce5414216f07cdd464573ba59e7f187,1,credit_card,2,138.97
94b3244b8c0ad78eb455a0638d92b351,1,credit_card,2,331.01
911655697632aa4dc54e0cd37cc360a0,1,credit_card,10,892.75
a4003dc7a43aebf4aa6543e230de8de4,1,credit_card,2,132.72
4e08bdd0a71b43ba19f8c0a89c8ce665,1,credit_card,6,294.71
4d33c3b8db205a116cc13b56b4cbf5cd,1,debit_card,1,92.55
edf97e2ce9f13188f1f70288901d707a,1,credit_card,2,25.29
2c23f1e95bc8b5a7a891d3d4a7651c3d,1,credit_card,1,29.92
086986d3fe34c0417a41f76b14114fec,1,credit_card,4,244.81
3213c825fd43c3d2aa27fed77ef29519,1,boleto,1,742.85
c8a51ea71826eea0c4b7341af09329f0,1,credit_card,4,819.69
1431c3eda8ad65df1ad5982488e1a011,1,credit_card,10,269.52
b0708857586f16e3ada17925950a87e5,1,boleto,1,70.89
bd61cca18344a303e8e6bef9861d64c5,1,boleto,1,44.88
583174fbe37d3d5f0d6661be3aad1786,1,credit_card,2,99.28
d2783b3ae3458b44a4ab7cc0169bbde6,1,boleto,1,113.89
77fb4b8cc3c049b130b87530c7071abd,1,credit_card,1,832.99
cbc53400ab70c26079285e050d0dd7e1,1,credit_card,2,156.19
684dd0a88e0981f537557582bc8acd90,1,credit_card,6,62.11
ef18c0e65576729dbf505f63f1414736,1,boleto,1,101.31
fa6e801a54147fb8ada766a1f407a80f,1,credit_card,1,61.4
1bb0ce15a167cb42d0bc628a99395f66,1,credit_card,6,153.96
80c74a42dcbd6a54b9a563012dc17eca,1,credit_card,3,166.82
d4ab24f781df0efaa8d664c145241296,1,credit_card,2,147.09
bf6a6c5b984cbfee461b78fafe9f1756,1,boleto,1,220.59
b40657a8b73e674b61107a06e46b6f8d,1,credit_card,3,36.94
8556edd77123b5e04862b951269eabed,1,boleto,1,206.47
a1044dbf7beb1971c71d7b0f94836313,1,credit_card,7,179.9
84ebcff41a92fda70c984a3ef76d1237,1,credit_card,1,9.46
bb68ace3e06362eec8e986719378ba29,1,credit_card,2,167.99
f2ff1f78a5733d7178e393c543100e0a,1,credit_card,1,62.0
c99f547e83c25761f4c58fd7f41cd337,1,credit_card,1,42.26
be5b278e38c06fb98c18c6ed0554b754,1,boleto,1,29.77
32c5abfa9eb2480a7162f1ac2425680d,1,boleto,1,73.68
6366ce592c90a36450778259cb163cc5,1,boleto,1,208.42
909b69f5894c4b1a14264b64f98b4e10,1,credit_card,6,325.15
f4f88d0fded20ff7a60fb80ccdd533d2,1,credit_card,1,33.83
9951937ab72b12a841cb4f931ac8bfbc,1,credit_card,1,102.39
a530dc19f1969dc7898a1b96fcd6e602,1,credit_card,2,25.38
d6cd9d63e25452e0278cb6eeed08de6b,1,credit_card,4,221.79
2fa5e9f6c4873828710c581b86281125,1,boleto,1,56.36
2dd5f6a66c1d82ee0b8c864ddf9833f2,1,boleto,1,549.7
3e36ac046e031f1d3e1f8ce6767c018c,1,credit_card,1,34.35
37404c7e8f026ab1b81aef92a59939b5,1,credit_card,4,208.02
cdbbf42ba3892a989ca5b644ee43db7f,1,credit_card,2,39.07
c2d227e33004969c49215bb63c53cc67,1,boleto,1,100.9
94cab359d45ddd582953e6e793a9724c,1,credit_card,2,68.26
69219bd2a51085b84942501a7db3aecd,1,boleto,1,80.79
351c531e51df4db1eedeaaeacb58e0b1,1,credit_card,3,84.64
6fa25e5deedf726d264d6714ac4a8ab4,1,credit_card,6,323.55
9d7ecf49e46ed6b1d5caa034b87404a5,1,credit_card,5,126.23
9537e35e835d4ae6b7b219b8b2e36817,1,boleto,1,142.65
fc6fd71961ba15e10fb27b9cda74fdb8,1,boleto,1,320.21
f2e689a11a0a962aa271e7715b516ee2,1,credit_card,3,1768.4
78e669f43077eded2d55ba9455560995,1,credit_card,3,242.91
3f71e424f5c88b151069830e08da04ad,1,credit_card,1,386.17
028df34320b87c04ef6de145db2e8444,1,credit_card,1,135.15
8b030516b5067d6a711fad2df0bab663,1,credit_card,5,286.6
ecf079f16ac07328e5153aa201fbbb1e,1,credit_card,3,97.46
79172945447a2dd29abbffd445a99205,1,debit_card,1,32.44
fe4021e2697d2b86229336b10e91128c,1,credit_card,1,1.4
e71957268efa9cb98b393a6851836014,1,credit_card,3,862.08
032d90128bd4c1c63e317ab45ddc2879,1,credit_card,8,166.55
6567e0ba7d75594aacbf2ae3bc9a52b4,1,credit_card,10,109.4
55f140655997122535ac2c2290ce6b2e,1,boleto,1,224.1
3c8cf4a64088009cadc132d10d0ae7f4,1,credit_card,1,117.14
07f6947cb721727031402e0cd6d6e5e9,1,credit_card,1,32.63
bc839831ba2010861cf9e75ed8f1306f,1,credit_card,3,190.4
b27afd384fc03b22ea356feec6f95dbf,1,credit_card,1,43.29
481cc1808e96be16f9a098544f03a680,1,credit_card,6,350.26
b482da27c44f99cbb2c11a278ba31d6c,1,credit_card,2,175.04
f850238de020e40b355e62b3198da17e,1,boleto,1,177.16
d17f1a91c60b8fe9d060b2579f04fd0a,1,credit_card,1,81.5
0a7ef385ee9080d0edef043521ec3114,1,credit_card,4,96.65
42be6028bdacb5416ab5bd400589b0a3,1,credit_card,3,98.26
cbd6b0d6698b0b6018dc2f613942fd42,1,credit_card,6,159.68
be0b6a23108963f24b23e7aa663d2eb4,1,credit_card,2,254.24
b9eaa4a76558ca828580d82dec38cca9,1,credit_card,2,196.49
d301cecfb230ab6585d1afcc0d63a417,1,credit_card,1,22.38
b2aac017e3d894267bf55fe86abb0dc6,1,debit_card,1,105.62
9828f937ea8a8105f999b119b9d677de,1,credit_card,2,25.88
221acf4033f18fbab8e09d105429367f,1,credit_card,2,153.31
df68ea0d1a2a2b9d4dfa236820acbe9c,1,credit_card,8,194.44
494dfa139a38449b378d01cca4c0a6a0,1,boleto,1,151.47
da29ecf90246ba3404fab5ad9febafac,1,credit_card,8,83.73
51a9b8069f801dc897252c09cd5831ca,1,credit_card,3,149.72
c0d68ca2e27d53c566c02dc89021ee76,1,credit_card,4,117.58
4969634a191db1f7ef36954434938327,1,credit_card,1,42.56
b836e1c1c40c654579a704da62705543,1,credit_card,2,143.02
d9fb85f3f3239e18e331c9f622d6998b,1,credit_card,1,27.39
4497ba9d409157ae7bc8aaf8fd113307,1,credit_card,2,372.42
f16cbac8a72057c2daba4b64662100ba,1,credit_card,1,99.29
537716eaf03b0a1904be0663cbcdafa9,1,credit_card,8,93.28
240143ab3914b9052e329d80e795b1c9,1,credit_card,2,103.68
2671e7f4ef9e76c9019650580aaeae95,1,credit_card,2,150.09
3f75656d4a9d4b3e18204bae2bd96925,1,credit_card,1,36.46
b75b4f6e7c5fe3fa05707992a88d9d38,1,credit_card,5,436.7
193d998b23a996345ca322516b2d5af3,1,credit_card,6,1978.18
ef13107bb93c2e7cd4509174a883022b,1,boleto,1,163.02
7d9a71f7ac9e3a44b7a1b07570b605b0,1,credit_card,2,148.0
1dde4ac4444355c43b97d058a89e45bf,1,boleto,1,70.97
f117aeca0c3c9410a2eafabdeafdc214,1,credit_card,1,86.81
fd8ae066cb36d75d6a3679bb30370c39,1,credit_card,1,64.51
dbb786efd821d7f903d79cb502ba3083,1,credit_card,3,176.38
10a8ab52ea001eb59beb9c0f97d72eab,1,credit_card,1,97.88
8dc8685118410f97bea9569d280d64c4,1,credit_card,2,87.38
98a6c523ea54e65d9320d388708b49d3,1,boleto,1,78.42
85a81c0e39303d994f18f70782aea630,1,credit_card,6,643.82
7abc6cbea47e076ca46d3bbc4afab9bc,1,boleto,1,29.4
371d3a892917017b32ada644ba1f301d,1,credit_card,3,79.44
00faa6afcde74aaa630e1d2fda2bb0f7,1,boleto,1,40.76
19f52cca1f9f963eb3275ad1a2033c0d,1,credit_card,1,35.45
1b9ecfe83cdc259250e1a8aca174f0ad,1,boleto,1,33.34
f3d2d81bbba5674341cadf212e3ba72a,1,credit_card,5,58.79
f200b8f0491708e277a34c5ba941c5fb,1,credit_card,1,68.43
9bd46627fb3249657cec3b1320aea004,1,credit_card,6,157.3
79a29a6cac0403ad0d0b5390f5bbf1fa,1,credit_card,5,309.62
e5cbee019f9a5bfe36c2144b96b10ea4,1,debit_card,1,46.29
d24b90d375b1415ca40e5b531d04a6bf,1,boleto,1,63.0
48af7589aa4fbcb01531df8c9b510e91,1,credit_card,6,395.8
3b4036c28cd5f750d7d1041c6eab8f86,1,credit_card,1,62.25
aeae13bf1962c0a747dae0f007b2b313,1,credit_card,3,142.56
d8ff993abef623e4c9956f245c4345e9,1,credit_card,9,92.76
0b47f5e9432bd433f8c5cf64e60e6e5f,1,credit_card,3,103.54
70a4b21bf18001a99d94bf894697b8c1,1,boleto,1,229.78
44bb5734f29017e33add235fbdf83b90,1,credit_card,1,72.64
42c384d95181d3ee567e8639ff74fff9,1,credit_card,1,84.34
acee82e21828ddd887e48ad3afc6704e,1,credit_card,4,188.64
78e790c1defefa3d8515bebfca7315b2,1,boleto,1,93.29
66bb893cb22818f4c91fdfcf9e2a81bf,1,credit_card,3,61.24
f848632484a14e56ee4ae609d013b95d,1,credit_card,4,103.26
7595f9b8e070df43bea3c85e1e25d361,1,credit_card,1,20.8
a1119e009d1d91655405307f4c095818,1,credit_card,2,65.67
fe3b7d7e6df783d622ae530f841bc87e,1,credit_card,1,56.37
1800e46c3912d9882187335b9768b6a9,1,boleto,1,216.6
bfd8b65b23bbf044e7ae60f3682bc225,1,credit_card,1,35.36
c0cbad6a3c8fdde69b705b0016769afe,1,credit_card,1,12.32
862510fc0a355d6cfe5c4add63ae9566,1,credit_card,3,245.0
8953a647003d73790117d36c57de87b8,1,credit_card,2,131.36
7d3641e32d8be63b62c24a62992e6e56,1,credit_card,1,229.56
733abca4b3372182a6c955ed064b0929,1,credit_card,5,61.3
f6bf536c581306c6334e82ca15d7bea5,1,boleto,1,43.49
c83f1117bc97d473fec6e5d6ff5dce92,1,credit_card,1,43.27
c98f20eb107a235a15b60b2b5de731da,1,credit_card,8,88.08
e661124f7936eccc5d961f2dd754f865,1,credit_card,1,119.32
3f04e710beea0fa7c09842c227f005ad,1,boleto,1,164.63
d524e77bf9d7d01dec8ba849212ee527,1,credit_card,2,180.3
95160939719ddfef2f951cc36e468567,1,credit_card,1,57.83
3924ecb5e299e5fb70a6f38e34aa4c1a,1,credit_card,4,445.59
394d17c2b71a726e205caaeee3d2aa3d,1,credit_card,1,57.5
46c43fa21f04b08b446b2bd3e06ae1a8,1,credit_card,7,237.91
fd7bc10be53abc6d0c38867a72503dd9,1,boleto,1,79.04
945425732a4ff01eed5bfc09c1d5bd7f,1,credit_card,8,95.73
b6e1870851fc18da0ef1cafe7b7360c1,1,credit_card,10,208.66
c30b8d50e79a4d6ce964a2a0b1f3a6d5,1,credit_card,1,45.21
c6e387c037a56bdb072d10c85f3f9fef,1,credit_card,4,99.23
b44c0f4d0cdb8ae7289069d703ca6db8,1,credit_card,10,560.77
d5211af24819d319c02a285e7bb51750,1,credit_card,2,186.76
6d46c95c090a478e52c89008e729bea2,1,credit_card,8,125.74
202bcf28f7e3dfcee06ab0bfe10c750e,1,credit_card,1,58.37
57c38272c5be87d337e47ad5f1d88343,1,credit_card,5,214.13
f81189aaeb2e561e2e9fe0faec4bbbc3,1,credit_card,1,27.79
6f028ccb7d612af251aa442a1fb8b5d0,1,credit_card,2,44.31
25f43575fa101103e2246a97e03fb705,1,boleto,1,48.32
0d91eecd335defba92a82bc3f062225a,1,credit_card,2,158.73
980044cb2540e5978dc610bcc47bb9e7,1,boleto,1,48.21
908227fe95698325710fe450d4b7018c,1,credit_card,2,76.09
ba992a67b91b76a97c227e1ad48658f5,1,credit_card,3,80.55
4506b1cbdeeb686eb19dd753a7a645ee,1,credit_card,1,20.29
c578368509858a65535ce3962ee21be3,1,credit_card,1,32.29
43d6342125d8088b91c7075c954bc592,1,credit_card,1,94.48
782656b57c879a8c0d6a326048331e91,1,credit_card,4,1367.75
7c926685c8c9410446902c46d3929d08,1,credit_card,1,125.33
b40ee43d69ef05a0fcd620401e329efc,1,credit_card,3,78.55
1c086b183353c56b2ad03c345330d9a5,1,credit_card,10,758.32
4b431346a500d72d3ce468a29dd5b060,1,credit_card,7,167.95
0cf8068e7b7318f0e518be23c903b9f2,1,boleto,1,180.32
e186fd488370885035932d8efab4212f,1,credit_card,1,204.18
2743f5c8d8d1bcee7337f51c781ee474,1,credit_card,1,61.27
2b46723e0416af4c04c758c77bbf9279,1,credit_card,2,70.97
1c3942a6bfebaf529e695c920baacb0f,1,credit_card,2,68.4
8ea8033700913a32e94988adbe26d5aa,1,credit_card,2,144.59
e79714832b01797085c10409669150d5,1,credit_card,1,118.35
5d8ba2d50439f73f0f7a301864eba3f6,1,credit_card,1,50.3
2ad9dad7b4962fc37fd33869e09ae5b6,1,credit_card,1,58.41
111fd867f837d390ba296535e5ce8b92,1,credit_card,8,192.18
5128bbf180434cd939884e273629de98,1,credit_card,1,36.45
9bcb423a861c6d643c7ce87c0cf4c7c1,1,credit_card,1,2.58
7c38ea034c4ae0b36dae03dac6c6a7a7,1,credit_card,1,99.29
a975a4d132e3cd7cb429e0deffc7cf8d,1,credit_card,3,155.03
bc754437cf4aad8b6c5925481fa324f9,1,credit_card,2,40.26
c2fb804b4b295e3dbb9bbd7388946e32,1,credit_card,1,97.45
5052e182aee58daae49fec8b9caad0c9,1,credit_card,10,199.82
6c12fb27d4bdb7ed78460a2248e1fea8,1,credit_card,1,96.69
a56858987ef5c87519d953a5b32ba118,1,boleto,1,68.16
39ce2a3fc7950d2767dd4b01eb49ea6b,1,credit_card,1,46.94
46aac4b6ae578b1097249c607ade4751,1,credit_card,5,126.23
01b4dfef1c8848e8c0431ce17f5f72ea,1,debit_card,1,48.87
45f323ee344dfe76bcd78bc41c962c91,1,credit_card,3,142.54
4abba1209ac9ef2480b19c2e88391f23,1,boleto,1,123.33
35bd296a8ad55ea37b88e2d4c04dca4e,1,credit_card,8,85.52
145b75a554e404852b520d70c50c9f9c,1,boleto,1,40.85
cba0deb7b7e121a54760408a83ecc42c,1,credit_card,4,65.57
af256e5861b37190d89da2ecd8dcae4a,1,boleto,1,54.59
c39ffdd77f5ddda482650795f30f7aac,1,credit_card,1,50.24
27a70a8fdf1c9edcfa01d463b45a5b03,1,credit_card,1,78.58
bf8569849cf96423f89a59792c83184e,1,credit_card,7,157.79
c97e64988f3d2b091838bb2815fc246b,1,credit_card,3,74.82
2591f6277be80b0c25627c745ec900c4,1,credit_card,1,80.19
0339ed6316da69c73459e191c10ff6ac,1,boleto,1,62.91
b4cac287aa00c47e84e6e899d809a9e2,1,credit_card,1,60.31
033e7f3c73132dd6a6792359b94155a2,1,credit_card,7,391.08
c0cbad6a3c8fdde69b705b0016769afe,2,voucher,1,172.46
6df5ccb6ecd13e123c2a9a0a5ed0ae9f,1,credit_card,2,57.51
9edb1acec4ceb154e425aa9248286f7e,1,credit_card,2,172.89
23152da25fd8a3154b39fea912376a07,1,boleto,1,92.73
48d4e2ea1003c1efbdc8c3cd4e0af69e,1,credit_card,10,341.33
97f6b2b72a0896062a87402113126baf,1,credit_card,8,320.1
a586b91c2af481ac6c9b08dc1176c65c,1,credit_card,6,257.18
0c6a2732270e3f0f66bd73dbde93b59e,1,credit_card,1,2.14
b39d5e5d31956b4598ed01674a0943e7,1,credit_card,3,30.1
92fefd2a79d30d262d8999fee6937d4f,1,credit_card,2,119.53
d22e9fa5731b9e30e8b27afcdc2f8563,1,debit_card,1,121.62
f87c049dcd8cafd8a6880a2e29b5d021,1,boleto,1,176.34
85c8b9409449608b5f5c6c0a66c9146a,1,credit_card,1,439.33
35c66e9b12fe72dbb0b8d34af424c3cf,1,credit_card,3,83.68
eda6f38dade9e617edc1883e14094491,1,debit_card,1,115.51
f83c27b5d5d61505da0a4ce01db3dfd3,1,debit_card,1,377.42
5db9b8f52b7f31e8ff3bd6111936000d,1,credit_card,7,91.23
0e053aa097eda67e25b3934ef3eca8a8,1,credit_card,1,218.3
905abf7e67aedee76e5974a22bcef8cd,1,credit_card,5,265.84
223f7c98cbcab2327a6e8b11e0f13838,1,boleto,1,167.25
1fa463e9b5b2b6353d650ffa262c0a85,1,boleto,1,98.45
a32c76ce96d7b4cf912b2ae1ee6a8258,1,credit_card,5,250.9
c5fd5386640ddd76adc482b72d24a02b,3,voucher,1,5.79
977e3e5b3884ce2843710ee5f5a3d12a,1,credit_card,1,112.8
b0928556a10706af462ca2ab2c91903b,1,credit_card,1,106.73
734e66350ff1d845ab707409554c76c4,1,credit_card,1,235.06
f8798210932c38fb57575fd5b985e408,1,credit_card,1,60.42
22c8ca185710c015f6ae93a6d78c9b4a,1,credit_card,2,59.91
edd63d440fff63cfb4a5d662945a6a28,1,credit_card,2,143.89
6d4376b400a766f89e562e40696dc4e0,1,credit_card,5,103.35
38d4786d1c7b6dae14470fdfb8616bb0,7,voucher,1,18.97
968f909d3fba4660b8936a2d6041a917,1,credit_card,4,180.75
f67e17b84d5d476bc5478e79ed177a3d,1,boleto,1,40.35
bb63df7449a5caa0edc362d01cf54f36,1,debit_card,1,27.3
69cfaf72cc14e5d3ade9e5f121f74c19,1,credit_card,1,157.79
2a26d2bff48eca96ae022096754602f0,1,credit_card,1,158.74
8c572f3e9b363e7ef4cc144968a64e9f,1,credit_card,1,42.87
9ad7523e9b0018cff18e52adaed6a3ae,1,credit_card,4,138.34
80b201a88f23aa35799eac75fa4cdf99,1,debit_card,1,37.37
7ca00d9cf45a4e8501cdc625899d7633,1,credit_card,1,144.82
405b7a0bffb459dbc7646665024a2665,1,credit_card,4,223.54
8be26417e499e19c531a3ebfd1b14c20,1,credit_card,8,428.8
d72c87644eeb5b1c8658e9a34ad13f50,1,credit_card,6,110.66
6b9aa78b4ae64ba1d10964b1a15b5989,1,boleto,1,111.78
5295a4f70cac6082f1f9051409e69010,1,credit_card,4,67.58
fea63f76fbfe84a56f4059ed267918de,1,credit_card,8,206.61
4ee4abefdd469c7756e296aca7f29361,1,credit_card,4,182.14
3bf7afbf899683dbd726ff8b50d69c76,1,credit_card,10,143.36
5d463aef87df62b39882ac78bf94c3fb,1,credit_card,2,189.19
4a3e33350d1fd4eace1585032a97ee06,1,credit_card,8,122.05
c93d8c5d743044e34a559198afa97c86,1,credit_card,1,288.88
38b1a471932ac62050bd8c14492af2a3,1,credit_card,1,128.95
d6c8d8e00d2e01bca21b1638924f910a,1,credit_card,5,327.17
b01f56415d8fd608605b7a1673abf6cd,1,credit_card,1,317.39
5c60e286915180fdddc17760d914fc1d,1,boleto,1,94.74
1606a97aa8d4a52d6d2c6467eeb5f4c0,1,boleto,1,135.0
b2727344d4f955cb61829ed7f61b12fc,1,credit_card,10,189.42
ac416b71ffbc5fbfe4b5cea8a05b0d4d,1,credit_card,2,128.1
c679d7c1b3724f6bafd104526934a932,1,credit_card,7,97.61
df6c49ed3556438e1755c756bed90fff,1,credit_card,1,94.71
cad4f1f1630718b17426b3f335d0404e,1,credit_card,5,212.83
b9383cd99539eb0ccb11ab1a62bd0621,1,credit_card,4,78.42
4076407d388d4127cf7edc12c2782ed8,1,credit_card,5,58.45
24c30ddeb5a4b85a61bbb58b9e3d66c9,1,boleto,1,50.45
b7174804f0cc2ac4c7b84c73d8801912,1,credit_card,2,56.29
dba5951df5e24339650c2552a565ad2c,1,credit_card,2,149.0
48f1b7e26f84f55846f1d003e3e6170c,1,boleto,1,42.86
c4ee82a6c0873cfdbe96e41596698248,1,credit_card,2,129.49
1f079793c7cf0447834c7f3fff027802,1,voucher,1,44.0
675696464e3f1ec45c04dc5b171b2ed4,1,credit_card,5,113.89
7b5128e25d9aecefbe3ed7b42f1daeb4,1,credit_card,2,51.84
359dfdef7cf4ed1003c2a0463eb431ba,1,credit_card,1,61.12
fddaf32439eab4df416cb63ef0a0ddda,1,credit_card,2,164.29
2e203d616e144d45fd13e47098343406,1,credit_card,2,141.92
7c368cac70a301684eb08e7397a3da54,1,credit_card,2,145.01
c021ea4a80ce0d1bce358a2f831c34db,1,voucher,1,209.48
a657f4281fa25af13388496f1075850d,1,credit_card,5,53.38
a4fa719430167664811c30680941ec40,1,credit_card,1,315.18
73421a5bdd55f86529569549055d9e82,1,credit_card,5,167.14
4464db47018d63c21ca7ca5dffc833e7,1,credit_card,3,32.7
a1e6a1eeef79fc64be1040e5ac6d3119,1,credit_card,1,34.66
41c843dab306ff15365492a2dd8c3cef,1,credit_card,2,138.93
00ad1a02d4d9decad15c7e8f8a9470cc,1,boleto,1,68.25
92f144c6732e7617d13768d337193453,1,boleto,1,42.76
8f31b05b300b9648b988906d899b97e1,1,credit_card,3,118.74
5e8e2246d1b5e113efb8958d9b9fd9de,2,voucher,1,500.0
049ede3fc839758e81752a9dacd1f911,1,boleto,1,25.78
fed6ef6fb04042a3b895df051c11225f,1,credit_card,1,37.58
e0be4cd18c3c6b6dc7adbe8e2239fe74,1,boleto,1,51.5
e51a9885ddaf8cc8e4a5f760fa7992bb,1,credit_card,4,62.11
dc3fedc15bcfea3fb0e670ce3a8f3c27,1,credit_card,3,75.5
8ce09fabe89667119f813bcaa531e675,1,credit_card,1,1.97
8ebe945989d8e36075f1a141e40968c7,1,boleto,1,52.85
c5b5fbe68f87bd4ee6770536a1b30fc3,1,credit_card,3,262.68
b6e63e74aff84a068fdc1b41e9ac29ea,1,voucher,1,310.34
eb30ff356b044cdd6749167b9690434c,1,credit_card,5,279.57
fef34b6fb683748342c85724a3fddfd3,1,boleto,1,199.2
e5bf502cf18eaf816a5cb7d036dd46c4,1,credit_card,3,148.53
46f0668d5961419489c708d57e9e99bb,1,credit_card,4,64.43
f245cbeb5e2f1bb0fe643069bb2eee06,1,credit_card,2,98.35
032b42b17fe9daa676ba9447f3dbbd0a,1,credit_card,2,62.0
295f86e82a2d290cce6aef6009b55fb6,1,credit_card,3,57.99
c9359e6f27fbe7d1397c40031341540c,1,debit_card,1,135.82
edb81087bda65895772e72d1a5daa686,1,credit_card,1,75.17
2c6b178947f5f631ec35f2a04c65c6d0,1,credit_card,2,115.29
d2570454fa1bbea98db582b76abdc800,1,credit_card,1,58.91
83a2c8f38977e68d54c3c28a49c6cb99,1,credit_card,5,122.19
fbee188f61534261ec8009aca20859f9,1,credit_card,2,59.87
3683eb727daa8e1c605aeabd87b02445,1,boleto,1,81.5
f040040c63fb4164125917af2fa6d4b4,1,credit_card,1,25.04
fbacb2717f779ec85691cc7fcec4f1d7,1,credit_card,4,255.76
f66ab2fcf6eb4fbb8c027f16de902cdc,1,debit_card,1,333.03
943035d73ee455c651564e940e946391,1,boleto,1,57.5
323dc5a41f87be5d3e726a2cd303e6ea,1,credit_card,1,40.97
9d18163cf9d35e24677b08a21030866d,2,voucher,1,54.36
e74f2f5d0d5b389e7ec83948628a2b9c,1,credit_card,1,77.51
9b1648c7cc0c6b1ff9b380903bb559be,1,credit_card,1,53.52
4505acb3759da6b9c7d79a80d29ab3bb,1,boleto,1,42.5
af7f48cf036eff2a82e44332f7d36f2b,1,credit_card,4,89.08
6a75f9aed5e4fd6946ec8e3984c77e9f,1,credit_card,5,50.34
d76ae02361b19ee1c7a277bf4740a64f,3,voucher,1,181.04
861135e965db93780ab935ee79c6a68a,1,boleto,1,193.46
958064d074b8767d4e9a988f63c1633f,1,boleto,1,98.98
83473068577d922cfe5ce5b7f409519d,1,credit_card,3,134.52
3a572776650593b33c1a7bb4e7f8f650,1,debit_card,1,65.35
5d36971a31667ce7f86f81d277490e9a,1,credit_card,2,84.79
dc54f7ab58e8feced89cf7f0bb97fc77,1,credit_card,3,68.35
0df84fd499d4271993b678c5509f3779,1,credit_card,3,168.24
e6772dda9bdadd4f57d177aff05c59e0,1,credit_card,3,45.7
c3256d0b41fca9e8892884ca21306c59,1,debit_card,1,93.62
ae6d0f3cc69623d6826ea64fa05a0158,1,credit_card,1,90.39
0b17b204a1785111272edfadb2aa9e94,1,credit_card,2,110.32
816ccd9d21435796e8ffa9802b2a782f,3,voucher,1,111.67
29446d5a7212cd18dec57e1ba28c2dee,1,credit_card,1,48.41
e1e7bf45ba3cdff55983f9c1741384a0,1,credit_card,3,136.93
abcb42831f6165cda2570c76e90cda5d,1,boleto,1,72.57
c9a9cfcae27293ffcf7a40ce1e34f18f,1,credit_card,1,67.14
0fc8b7fbf6a7c5ab753e2e3d0ae70d8f,1,credit_card,6,114.91
326fa4ef13e06290f3b142da7663d4af,2,voucher,1,64.82
736d9580e48fa6a156f60f5341acd2da,1,credit_card,3,88.54
03720fdc92032ee4abd471d172006ab0,1,credit_card,1,143.49
e1a3568b83270103ac2d1ffd0e598a0f,1,credit_card,3,87.3
6826d5740591909e368433e2a5ec75fb,1,credit_card,2,23.35
ce9c29eef68b7ebc6a4bc1014618bb4b,1,credit_card,5,143.55
23538663b36489215fd49765baa4ba8f,1,debit_card,1,125.64
186ab35ad2c07d4b35781c8bb314cbd9,1,credit_card,1,88.49
c4f4ae572252215f366edb6f851c166f,1,boleto,1,201.77
0af07373c6e0f41a0660087bf63d7c64,1,credit_card,2,44.17
28bfa0968ea8dceb17513700ddfc0745,2,voucher,1,117.9
9b87b416a8eafa9023a1ade52ae320a2,1,credit_card,2,239.85
b3112ca67f3afd4e20cf2ee91fc4f804,1,credit_card,9,239.5
bb2f21010cd5289802f3b79c1bcdface,1,voucher,1,249.99
c58280939363439540f5e35a91a5e296,1,credit_card,8,437.33
8c552a81cd185f54e557a0c955602a75,1,boleto,1,133.95
201183426051cfc62c56f2414b2480e3,1,boleto,1,403.26
372e98d371f1e5e9d60496c1b57e64c0,1,credit_card,3,45.25
454f02c2698ee870f2ebc3741d64540e,1,credit_card,8,282.8
9702b284912de5c57518af9f8220246c,1,credit_card,4,56.95
6ee0abe7b83e046f6ca20743a8c6e7c7,1,debit_card,1,444.59
fd2abbf4e0f632ba709f0059c02da633,1,boleto,1,36.45
2ce205c58fef8abc5963b6da38e4b2fe,1,credit_card,2,184.3
482ef538799136578c9ae6ffc2d93252,1,credit_card,1,27.39
a4058b92f127efc4a6eaa3d11d0b1432,1,boleto,1,57.99
7c40c1fdc6c80fb91892fa1cd0b79d82,1,debit_card,1,39.72
64c43896c03b8f6f3ee2a5927ff67d7b,1,credit_card,10,151.83
209e0537fe66ae1176cef2bc7953aef9,1,credit_card,3,30.15
4e19d5224178c861043985f3f63fed27,1,credit_card,8,181.26
3ea0c27406751dd56d4c57b342aa3b38,1,credit_card,1,98.61
bef6908876c633575a196a310d1b5d77,1,credit_card,5,118.03
b81dc96814c73196e795524a469a2c35,1,credit_card,3,42.77
beabca800e15404a84eddcf4f176eddb,1,credit_card,1,77.81
4fcd41f1365d2b6852c34568499584b8,1,boleto,1,155.62
aa834e164d26bde6b0890bb9e70fbf9d,1,credit_card,1,80.22
2cc3c6f1d89338c78360e079513f99d2,1,credit_card,2,145.0
bcb83032ff3fe35a0f6df11c771069da,1,credit_card,2,157.79
a9cd6a8565b10d36007e7a68f48af097,1,credit_card,1,57.39
60f6dd1c9030b6132080d65599736d7f,1,credit_card,2,43.87
38d4786d1c7b6dae14470fdfb8616bb0,5,voucher,1,26.73
3e68d0953d76c816cb9b580357cf65a1,1,credit_card,5,59.0
195362ade532294f73fff8ff4f138c3f,1,credit_card,6,189.32
95b1d0b73b19c6fff384a9036a89e484,1,boleto,1,124.93
d379476af4ac3bc71f0f857e9f2827ef,1,credit_card,2,128.1
5b14a3d13762f195f8bcefc1c2eb767d,1,credit_card,3,94.49
2df3629aa299e4d981055ac3f6be5817,1,boleto,1,105.67
b36a19a1d044f4328c2b659fea4d8dbf,1,boleto,1,82.56
8fb95e274c827ed766c4833f1376e400,1,credit_card,1,145.47
b3be0e1f9679fcd94718c69fa5f585fd,1,credit_card,10,206.17
ee4f8c845714cc804ba574f357113590,1,credit_card,1,45.21
4569b648054760495d7fd67996def81c,1,credit_card,1,56.17
8d96631a10824fcfc4c8c0a0f73bfc27,1,credit_card,3,60.1
52628d72feaca84428e9d902d3985605,1,credit_card,3,96.67
e7c5ccfc34c262f8f9240ade57e01ed7,1,credit_card,3,113.76
37f6cceb272b1ae10ed4bd8cc0d4a98a,1,credit_card,1,65.48
2e4950942a89079792a52127600284e5,1,credit_card,1,88.07
3c4ef06a14ef470e73ea05eb315ff841,1,boleto,1,191.46
287c56aa824d8d1ea40246ad12013f62,1,credit_card,1,83.05
6ab1e9ffa5914f8b0f2c4f4eb98e5a2f,1,credit_card,5,398.42
5d77e951a4327143b2844fb532e7ac82,1,credit_card,4,195.35
b1c868aa288ab0e4006db84876398e68,1,credit_card,6,222.62
8260ced16669ee5a61ca903988b3e0b0,1,credit_card,2,48.21
772bb5d1c259f2731fb87d079c3808f0,1,boleto,1,45.53
138231385802e09f83a82cf35bc5f4aa,2,credit_card,5,459.25
0ed9d0447248a2cdfab50c897e1d61bc,1,credit_card,2,354.45
533e69dda70ac7671a0bda8bb5fc08db,1,credit_card,2,187.83
0b47f5e9432bd433f8c5cf64e60e6e5f,2,voucher,1,20.0
a016702972f9a03256db6aecb30ba538,1,boleto,1,288.51
2d27fa8465e2c54b168794e916caf16a,1,credit_card,1,116.2
beb82936199adb4cf410d9dc9554e674,1,boleto,1,45.53
df7133582058755527a65a8395403d26,1,credit_card,1,69.07
e701302a71c93540976fdf3ce3a149bd,1,credit_card,1,130.88
2c52a346156e0b2ae61c3642e9cc9d91,1,credit_card,5,125.08
cf0fd312197c09391d0d85e878758e82,1,boleto,1,53.56
2cad1cf90acc3870d982eafa58b9a657,1,credit_card,2,187.04
ed869c0c89353ad056e1e883e4be35bd,1,credit_card,1,96.98
bfaea68f958681ec9d22aa2114b45721,1,credit_card,1,100.51
cdbf4152d2857c30e94f8e15e0dc9914,1,credit_card,3,83.56
331839482e221dce28b19df7d740fcfa,1,credit_card,1,66.33
90e6c18b53175478f9663465aa3b6f6e,1,boleto,1,52.58
845faa625ef6a2b4549edd96a4bb7308,1,credit_card,6,73.54
7cdb98b018309556c5994e4a200213c0,1,boleto,1,116.92
852f05d982b898131361f787c7d787fe,1,credit_card,4,208.44
a1b442b97cb70e7207abe3f32a01e3d0,1,credit_card,1,35.03
0e520b5aa77bac2965d232c9a023229d,1,debit_card,1,288.68
38d4786d1c7b6dae14470fdfb8616bb0,6,voucher,1,31.72
4e8eac5f839b87a8cdbd9847f4fe442d,1,credit_card,8,229.6
2fc7fe2e06e84beba127768beb2f705e,1,credit_card,1,236.7
c8e0d72c6ab615e05977b79e02110d41,1,credit_card,7,147.9
0c73b283fdefcef04be55400a4f6ccd1,1,boleto,1,62.25
a97a20383c7664aca72d666d1858be2a,1,credit_card,1,98.15
1486436c20fbfcb9dbce0d90820b86a1,1,credit_card,2,24.66
d47221803d32f8f54b53694c19f0a368,1,credit_card,2,415.94
8346e642eb8d376b57cddc53b6118a3a,1,credit_card,4,77.08
ed4bfa707956ab491448f8f28a48f6c6,1,credit_card,10,295.98
1d843e22f87fd9181266898d32d23a63,1,credit_card,1,78.42
53e2d02e35bbcf2deb23911e2d791dbb,1,boleto,1,288.86
d3920d21fca6f163bb21d3fbf37270a7,1,credit_card,1,44.58
9bbaeca96f9c4a3be4aa32aefcd1cd11,1,credit_card,1,58.28
b2a3423735119b088bc62dd62cf053a8,1,credit_card,1,158.21
129f71206f00d7fa856e19aa56618068,1,boleto,1,134.81
dc28b4fe4b9aee6d106b4fdb21e6c894,1,credit_card,1,280.65
5c66f20dd109b39605119d5627d6ccff,1,credit_card,5,97.78
5136243abaa9e62eafe37f8a7e985930,1,boleto,1,57.17
8003335035c9770dd19bb3906577ae60,1,credit_card,7,158.0
cad8ab3b1083311bd57b8ea9aa7c1c85,1,credit_card,6,143.46
41d0cc817d720d7f3860716b335a3cb7,1,credit_card,2,131.89
cfc8693f5a72369e0b4cd8d2f4f01ff1,1,credit_card,10,739.79
b934d5a120aad44cdd919ef7252f9b0f,1,credit_card,8,179.12
0e8488c62611eb99cdf174e019bf9d8a,1,credit_card,5,313.55
178dc9ffc66f1968787b253a9318cc29,1,credit_card,4,241.51
4bd13580e951063d19e99e60bc4d1492,2,voucher,1,267.52
1924c6aa8ef1e715f7593d5b36bc596f,1,credit_card,8,354.24
3c3b5a515dbd753a7d18c009be59f57c,1,credit_card,5,50.24
265a8ba29224f47c0476cfcfa6986f77,1,credit_card,1,52.26
63154c299d1199262f60527437e156a5,1,credit_card,10,942.78
34f054dbc6acae464a192cbf2083cf72,1,boleto,1,82.35
ba063008dcde6cd0ecb0c72f82a4542d,1,credit_card,3,228.35
91d95fd4dd24e83041031228370438b9,1,boleto,1,52.92
7b186487147f406839316cb0a719d4b1,1,boleto,1,368.94
1778680c0dd08f2bcd27642d236a91f0,1,credit_card,2,143.31
ea74d355b16bf9de1c103719173cb804,1,credit_card,3,175.38
93ae3d70a721582a8c0a1d28d804f947,1,credit_card,6,207.18
165fc79e50295637b743a0f33fbb3599,1,credit_card,1,204.66
ca4ced509eae117b7d3823b4ce2467dd,1,boleto,1,31.22
d85ce9b0e10e08627fdc72bedcf4cde3,1,boleto,1,98.26
2cddd5821b44b272c68fd4d199029359,1,credit_card,3,97.87
69294a1f2dbe29a54c3a9c2421831d14,1,credit_card,1,76.01
5df35b35ce08d3d6f634eccfeb93a143,1,credit_card,1,78.62
6f9163af10d76144f7f5c4e1e500f417,1,credit_card,1,48.87
0abc7357d2bbb06a7d4d0b2a24d4ebd3,1,credit_card,5,288.71
bb01789fc0271409b394c7b283e9dd29,1,credit_card,6,147.85
4f5db1138694f3bc0bfdbb113f4f83ec,1,boleto,1,112.58
249ce1b12f07122e85a8a56336368477,1,credit_card,3,219.4
373fa646df70e5064388905c109571ec,1,credit_card,3,66.94
13917780488fcc5fa2f9fa3c45549c80,1,credit_card,2,45.25
9a50f016b349f16c4b2e42a4be02d1c3,1,credit_card,13,278.0
62fe4763f75b8c61cc111e465211c08c,1,boleto,1,297.76
138231385802e09f83a82cf35bc5f4aa,1,credit_card,5,600.0
3e02fdc7581b3911fb32501e56bd3192,1,credit_card,1,72.72
80db40134db34fa301d8a9c17b307a00,1,debit_card,1,2155.35
0c905768040f5d51c3cccf00256ddcd3,1,credit_card,1,283.65
cc9bbac0ab49464c551e527df59db18c,1,credit_card,3,43.17
ab2ba1e5a2f808d58d514a5e7a650b49,1,debit_card,1,48.21
83262941cdb645f93d2446a666571eb4,1,credit_card,2,62.11
2ec517892d22fd59d39b4cfa2a69637b,1,credit_card,4,148.2
e12e1c2f5a9e258abeecce80cfce12df,1,credit_card,2,57.09
2cc44017e7eba3d4a59e029af9df7e31,1,credit_card,2,251.74
1d5627fc461ef90a7a7c03f06266aa54,1,credit_card,1,61.4
8137dd2eb10f8393185e4fb57b038373,1,credit_card,3,45.3
6443b4f756cbc4f80a3b160fd117bfeb,1,credit_card,1,43.41
67660568d9fc745c94e03b88efcf3571,1,credit_card,4,109.82
07f9acd4e59411df700a59f89d4da8ed,1,credit_card,8,85.65
318cbbe8d7e81a3901639555be1e8041,1,debit_card,1,84.28
e78cb558fcb803bfa9fd0e4325bc94d4,1,credit_card,3,157.04
2255eb0e92e75d04fc4afa0ad636f875,1,credit_card,3,37.83
3e6fcbe51e870332ced599c465eb6df0,1,boleto,1,135.63
292362d65fdd556daf473eaeaa487a06,1,credit_card,1,36.45
c0bc6e5c9ad833c1a7a566871b33c938,1,credit_card,3,32.24
bb8d02c6bd5c148f41176b66ee1ae726,1,credit_card,6,636.18
403607f34876d4bb53d5184c2282e59c,1,credit_card,5,270.94
4628d3d8311acc92810202b9a41b3dad,1,credit_card,1,88.12
6a0725621168540d5200cba214d6ebe7,1,boleto,1,115.86
703ef7c6795e0ee91cff038a9a81abb5,1,credit_card,1,47.82
d8d4e1a57a139526d78c7713a4eed523,1,boleto,1,58.28
5c02bbcf8ee00ff276723c431b064505,1,credit_card,2,81.5
64d23ea3d34bfe1b619e41c2ffef4803,1,boleto,1,38.14
4d6d5d4ddbda3bae532db626873c671b,1,credit_card,1,60.42
98bd62478f45e100b026c030c5b0b121,1,credit_card,1,77.2
1b36920ded6f3aa566e53f04957af0e7,2,credit_card,1,51.17
43cc7aac762dbd5d93a8354a946d85d9,1,boleto,1,140.47
a37e262a26000281d0ade3b4eb1ce1e6,1,credit_card,10,105.45
029b2daf51dda061aeb1cf32c9306db7,1,credit_card,1,48.21
d7f0f03f8aff02c307964f1ecb044a5f,1,boleto,1,129.87
1936ad02cf90caffb1558f148050521e,1,voucher,1,72.71
a8100cbab69c8afb050a57b02ab6f73d,1,boleto,1,957.42
cf97ea340fcb30e950d9c656341fdf25,1,credit_card,4,165.02
ecc1f5f885620b17543f01bf228ccd0a,1,credit_card,5,50.99
20e2dddb8e92f51c9d7a595e7266b20f,1,credit_card,1,181.94
cd2457140ff84327d7d7030053b80fce,1,credit_card,1,172.87
2303956d13919bf90f2a4818bab96a71,1,credit_card,1,70.26
6ebdc6ce8dc5a2d9b4c6ed890718e65c,1,credit_card,1,37.94
0b47f5e9432bd433f8c5cf64e60e6e5f,5,voucher,1,20.0
283bf5d2f306422175c079231da015f7,1,credit_card,6,127.54
196b28752aee8590f3ae915f8592b4f9,1,credit_card,3,340.47
0c57cbfd927d9e62af8beee6d48920b7,1,credit_card,1,167.2
6fec846920d64dd20cad8adb75d01e8d,1,credit_card,3,103.26
451a92b9b2211031e527f7f85525388c,1,credit_card,1,37.46
55a4f9b50beced29f599c03bf4df76e0,1,credit_card,8,87.15
e9b78b3921cc12cdc6d6e8ff717de8d3,1,credit_card,4,294.98
5e149681ce0a38cbd1ab43422be73a56,1,boleto,1,72.27
2aa60aae490332613940bcc5eea147c6,1,credit_card,2,96.77
e9e1c2a9c614341310b6e0b494941036,1,credit_card,8,167.18
aa20c8dee3466002e6bd9d64cdac1bdb,1,boleto,1,57.51
bfabc9ca0342b03adf7e07f25c4a4058,1,credit_card,3,88.28
a87d8e4358ec8697c2eb5dbcc42f8330,1,credit_card,3,88.49
57aca838ac598c9289dc89f0ef979700,1,boleto,1,36.22
ea6bd8f80f9e0495ab4d0eb5bd86fe10,1,credit_card,3,115.22
b70f6b5a22ff6a89a473176bce5c5f88,1,boleto,1,57.98
6fd99ae46481ecfc9fa468d54f403e90,1,boleto,1,164.49
6dc8b8f970d5256ebe88e075c1428321,1,credit_card,1,143.04
3ff122d5ce35754dba91bc1c99ad6a65,1,credit_card,10,116.66
fbaea27eafbf4ac56866115c9096c490,1,credit_card,5,97.65
f4b85a796ab70afd964c35ac15b29fa4,1,boleto,1,43.34
ec3a30c1155fb62e7f0067107c94b83e,1,credit_card,3,168.75
bf17a7202282460d2e5bdb15bfc64373,1,boleto,1,237.46
49f0e82d2c3c46134f551799b3990bf9,1,credit_card,6,67.44
9321ce4aafa9151ff2b57775c8d1ff70,1,credit_card,1,23.29
9a8ed77611006df4a507b6649200b71a,2,voucher,1,30.16
6005e16820f20784bf25d26f7a60af40,1,boleto,1,79.66
4f16d07441ebb275f11b0c403433a20b,1,credit_card,5,94.36
a49703fda0b42ab0a87e062624ea2f43,1,credit_card,5,139.65
fbb362a74494da7dcf08aed5f2a471e2,1,credit_card,1,221.24
610d01be21a4553d8ae1b2c4000c2703,1,credit_card,4,264.04
804aa537b5a0d8fe2c9a61a1fe9087a7,1,credit_card,1,27.3
4cc44db58430b3250f2ef264dbcc3b4c,1,credit_card,10,218.53
47ffb2ae6aa6178f452d3ca54432f0e6,1,credit_card,1,48.87
2f7278fadfba016a650a093b49cee1a4,1,credit_card,2,205.21
1c0b41996d287cfa89739affd2df8033,1,credit_card,1,39.47
dd473c68be3819ae8e68f1a7608547c6,1,credit_card,8,93.52
dfa8413e7d36ab13ab6b12c6c55fdc2b,1,boleto,1,656.06
42113ccffae542a6aee6b921c765d59e,1,credit_card,1,2.21
d640892cc6e635047b062a06b5f9ce32,1,boleto,1,47.8
826781a83e7fab9989e0882180d2adc2,1,boleto,1,159.88
86b92e30ce5d2f2db1a0c9821ac483bc,1,credit_card,5,504.19
636cae28249d7bd12aa6fb8d96bbe735,1,credit_card,8,104.22
984e49046d60b48b8253d5147b886e1b,1,boleto,1,129.53
03e9790f0220543f057ebca9e29b459a,1,credit_card,1,44.9
2446a642fca6873ebfd22332c6657732,1,credit_card,1,189.0
759ceb2a861358153b8c0727e3552c65,1,credit_card,2,160.44
e72f85f6fe5543d0e70e5ffc67976643,1,boleto,1,500.75
25d6858f3b1d2f332623bdccb12db9eb,1,voucher,1,174.19
c996784e13c7d956e06ad7f8a992b564,1,credit_card,1,146.11
e16fb24453a306d5d6ba1fb3156df7a4,1,boleto,1,31.05
fbf2e87d7c7542aa36e1d91e5b462c60,1,credit_card,1,138.84
69be9dba6e0abc2941fc4b888d414fc5,1,credit_card,1,137.94
2cd938176e6aaa529800d96e692e9c6b,1,credit_card,1,52.58
c3c8037bfac88b34744bb96cfed9c7f7,1,boleto,1,173.84
a610b42e6e4319084d3ce5f60e0dc1ff,1,credit_card,1,37.37
2fe782855de414d2c2c51fcdb1437e3c,1,credit_card,1,152.36
cfe5da8247941458984d84fbdfa91a10,1,credit_card,1,173.68
742e519465c1d0ed1dc1664ad04ba238,1,credit_card,1,83.76
d23bc376aeb971eadf9129860f03c047,1,credit_card,4,258.49
77e3266e92eda8a0570ce5b1045fa3b5,1,boleto,1,87.18
b43889e8181d41782f7b8489b1500fef,1,debit_card,1,64.44
a274d2bbfcca25b8c47ee2467583e81e,1,credit_card,5,224.1
cc747bcd22a8ec8bbddbe6c96945a5ad,1,credit_card,2,224.48
bf1884f9aca840a9b8738d4bef0945b0,1,credit_card,4,209.46
1143f20f5408741a0c7d79bfa56efa6b,1,credit_card,6,125.9
175be3f02b744f3c7e1eb5e32cb0acbe,1,credit_card,2,125.77
7a1cfc5a41ee6890e553de7276ffebfd,1,credit_card,1,150.0
1a70c0ce7afbcfbad9123d6c029f5ad6,1,debit_card,1,91.23
dc952dba5b4ae9cc2ea0eb4757f0cdd0,1,credit_card,3,74.35
232f30270c13607c2184ab9980245bfc,1,boleto,1,94.72
a5d02c2843eb25d8d1be6217c7483c14,1,credit_card,5,374.52
aac88c8074f903c76fc8616b924ab3e4,1,credit_card,2,164.49
c8955054eff8de46231cb6e2e76b4fdc,1,credit_card,8,91.62
a2e554ce08ca39827cf3de0d0f5b36f4,1,credit_card,8,788.53
49e4c4907bdae7153ea492e2827fe5ab,1,credit_card,1,44.17
0d5d3777270af3ab88e1ad0e74c57e52,1,credit_card,8,158.74
9bc4a96e4a1d676280d0f8ead78ceadf,1,boleto,1,112.35
ef7c5d4791639dc1862b7bb3bacb3d48,1,credit_card,10,134.83
816ccd9d21435796e8ffa9802b2a782f,4,voucher,1,27.92
fa79d81a2b6991398dfaa1bc61b586f3,1,credit_card,5,54.47
fd83748fe6056c1759777f41c19a742a,1,credit_card,1,45.3
71b63cb24c0cdeeb5604ab4b0e891c87,1,credit_card,2,132.83
865eeebc1cf8c4134e81028fbf1b12b8,1,credit_card,5,57.99
8d2ca1078f464825b9e902aaa37e0683,1,credit_card,2,119.32
9b8f3948f0476494b86f7785f7c1e848,1,credit_card,2,124.56
69aa7c6140efd63150254b0fb1340fc9,1,credit_card,3,195.54
537690295b4d85739ba8cbf72ece30b6,1,boleto,1,87.81
6f177560cdac40d55fa56882c853569b,1,credit_card,3,582.32
d762e245b7d93fe1fc56d6ed89782027,1,credit_card,5,670.47
5494b2ddfe11df2c043ab5a56a2832bd,1,credit_card,1,88.58
5f55e6b524e35858ebe24f6f9a5491e0,1,credit_card,10,260.5
f12e95396a91baaadc20348d68728946,1,credit_card,4,85.81
816ccd9d21435796e8ffa9802b2a782f,2,voucher,1,111.67
44150e408d0bd0a5341db3e4f11a98d8,1,credit_card,4,416.86
ea6cf34e28edb0228155d6cdbbe46bdc,1,boleto,1,83.57
c6e0ac21ec42ce78d3ff7fd8eca3735c,1,credit_card,1,70.49
947b612f269cbbdaa438d55bb70f1baf,1,credit_card,2,164.34
581bc29c5d7f193bd3f1cc87c24ae067,1,credit_card,1,142.7
607911c4ac62f9038b4ec434673e486e,1,credit_card,4,1916.08
76c4c846aae2dae9e87dfa492c3f5259,1,credit_card,12,435.96
eb6f690431c33aa581e0e090255bdc54,1,boleto,1,47.01
37151727c96ceda28bc5b0eb91a25867,1,credit_card,1,56.47
5e8e2246d1b5e113efb8958d9b9fd9de,1,credit_card,3,180.75
7b88e96eabae61915bbbd53786f34275,1,credit_card,3,140.15
d307f9ed518d1ee6fe69995bf48ede89,1,credit_card,2,204.85
5d4a1a39a8e54051757df8e8f570c8bd,1,credit_card,1,470.06
59242532335f9d910b9f7d22be39bb59,1,credit_card,1,159.89
a147b97f47abbdb02f67ea00da442cd8,1,credit_card,10,145.01
c8035c255b0c345f46e7ed85cbaf1a79,1,credit_card,1,67.24
57f2a60c1d6d8f4fb076ac300e53bc1b,1,credit_card,1,108.25
66fc85fce01ca94d68a669ad2f78c035,1,credit_card,1,58.41
b081a26ca9566254713995a623e0941e,1,credit_card,10,224.82
cdc1ac6a94d34f438c153db4b7b5a691,1,boleto,1,237.14
9936b936a209fc553fd0d3790ea06978,1,credit_card,1,191.28
6903412e8ef5bbc0934881a1059c0942,1,boleto,1,143.49
15c4d15a595aaff02d4de63093a4b57c,1,credit_card,3,225.78
95640f66424853e44e3ffb0cdd8974f6,1,credit_card,3,557.72
9d6ebf13c4103f0a747d86c3c93f7af5,1,boleto,1,206.86
0f213d7015dad47737aecd4d7403f919,1,credit_card,8,194.09
bb048e358cc6dd3c087ba3b3ce36a190,1,credit_card,8,568.51
c5db0e83090bb51a4e80f3b323bdd9aa,1,credit_card,3,155.03
7bb7e430dba5149615b3083b33604d53,1,credit_card,3,129.19
f8204e84e9a426029a3f9848738caf33,1,credit_card,5,118.48
52550cee1dda83b2c06260891897dc60,1,credit_card,2,549.7
d92d62eadcca8fd6509c4d0afad5b2c2,1,boleto,1,98.69
d76ae02361b19ee1c7a277bf4740a64f,2,voucher,1,181.04
e56eaa15f5d9c288f33592ab67c02692,1,credit_card,1,91.23
adfb15b690df8a5aa4c327edfc6ea9f3,1,credit_card,2,67.44
fa6b736da07e6fab64807d4d37d8062d,1,credit_card,1,33.38
2a197a3a167970df77d91b94905578a1,1,credit_card,4,47.58
4dfb733b29969397d64be1d58ecb7d42,1,credit_card,6,93.54
b2d895292b5119d7d9306512de5bfe79,1,credit_card,1,83.79
90583aeed06ff85179fe55dc956ce115,1,boleto,1,73.48
d6b2cc5d981e25c858336cad7bde6e06,1,credit_card,1,102.53
78c68db8e7034d43fdfa205630fe7826,1,boleto,1,604.73
706617489351ee37878ad03403622f41,1,credit_card,5,135.82
095a4047965f98a409258e1db6c99e79,1,credit_card,12,164.63
4b2dc3d5bb4accd12c73d55b2a10f856,1,boleto,1,27.39
2f745f754793012b39e7806795178857,1,credit_card,1,57.39
9d2542bf51fa5287da26940813c6c0fd,1,credit_card,1,37.53
003cc6161d7a2593f2525cce0c330d32,1,credit_card,4,97.9
5915dc29c92ade2a2713fa949d9dec00,1,boleto,1,173.96
612951fa21ca749d62ad2b4f3e0757dc,1,credit_card,4,78.42
9b0159dd88a0319b71984d8d973472c2,1,credit_card,3,164.97
0d5fb8614978748bcfbef448c8a74a17,1,credit_card,4,201.96
d55d5f2d92f548bd9928f3edef443395,1,credit_card,1,39.62
1ad01a793bf3c9b8c126414f162a6a0d,1,credit_card,1,138.36
078f6e79012194cd9eb77b10f6753d77,1,credit_card,5,171.16
bde483878bed3f9a95fed760af049891,1,debit_card,1,79.23
ad979a858d9d6a2b8bbec764d452d1a9,1,credit_card,2,305.3
a22775141b5e773fb0dec808e36bf9f4,1,boleto,1,37.03
2cb6e38ed0cc360e8364ac92cbd72c6a,1,credit_card,6,97.67
8e7f3b97378d8df36ad1b2c206db009d,1,credit_card,1,88.12
be9fb10d58d9a2df903271600e76e32f,1,credit_card,3,93.54
ab6d84885a2b1513ec4035973c08460f,1,credit_card,3,31.91
9bb24e7d420a1f6492f0d5f543978944,1,credit_card,3,180.58
c4c3ab935544a304e782b38b7c7aa044,1,credit_card,5,52.85
ab07bba4aa52c95cfd9d7a418d9be63f,1,credit_card,12,245.05
eeb52cabd36aa10f5feb6a64e51f8dae,1,boleto,1,43.11
e10c080e6f7f8136087836cadcd26199,1,credit_card,3,78.73
fe98cb0615a7611265d8955be5ca9497,1,credit_card,5,54.36
cb7e54b683ab7303fa52e2c3975801a6,2,voucher,1,126.18
421bb69fc426ab8530ef85399541a9ac,1,credit_card,10,588.14
3f2f8de95118170021d99d5fbc532352,1,credit_card,1,92.86
c73d5fa01a74c67962173f17716b9630,1,credit_card,1,62.15
debac352e54823e317babc2b6182b188,1,boleto,1,62.0
f709f3fec102226ab1dce1018209b7ff,1,credit_card,3,191.46
febc08cf93a49479fcb455b3f673bd2f,1,debit_card,1,223.45
c7fda56679ce4368d59d2d9511b3c19d,1,credit_card,3,183.39
b446fd5e2b89b4ea9f610815cb707bc3,1,credit_card,5,264.69
b1f84046464711e8064cd70d5232d104,1,credit_card,1,65.43
a67a7dcbea2b5ce61ba8bc99ff7362db,1,credit_card,8,591.88
a2386b09b362176b550c64e738a7dfa8,1,credit_card,1,278.86
17295d6651c53865e020aa846be5ce3f,1,boleto,1,212.06
031e976ccc4a1678f5485552ed1ae778,1,credit_card,4,219.67
0b47f5e9432bd433f8c5cf64e60e6e5f,3,voucher,1,20.0
2542fe494d4b37b79ed85377e12c53a6,1,credit_card,7,169.05
d186bb303793c5c807a392fbd08e88f6,1,credit_card,1,39.21
a8e595153c8bec02b29e66399b21e1ae,1,credit_card,4,47.29
bb01789fc0271409b394c7b283e9dd29,2,voucher,1,50.0
b04d1dd669ddb039cfc706d7bc859e70,1,credit_card,1,164.57
c87cf593c8c9e0e59f1039a2bb8e5d44,1,credit_card,5,503.65
87ad518d2d4ad356d66440d337c509de,1,credit_card,6,308.36
a4cc039dfeca8a0ebb241f3b44f29930,1,debit_card,1,270.74
40c95b7789cf4450c616a71d2efab73d,1,credit_card,3,105.85
330cddd53241bd912b7df82d4a5e99fb,1,boleto,1,133.84
d67009600392acea26eda59caab5425e,1,voucher,1,33.92
32f0e397d36f01e44c8c257ceaecf508,1,credit_card,1,38.68
e6010bcb1cb9ceb44fdb0f15f817e25f,1,boleto,1,63.65
e5417e5e64916eebb4159888b02469c1,1,credit_card,1,134.81
8c0d6c9f5d9beccd28f857ceb4ae162a,1,voucher,1,120.9
49873be3d163feec184f5afcaea61a47,1,credit_card,1,46.2
3d67d1613ecb493299891b537b079f48,1,boleto,1,104.07
a4c7db3bf41a4d09d2a5166346366be5,1,credit_card,1,47.29
991dc90330a54fbf3461dec5bf8226ec,1,credit_card,3,131.99
a8aa1455a58ed250938c0f20158244a8,1,boleto,1,383.37
c9f0b297ad32f156608f2db479e1bb06,1,credit_card,1,223.33
a23fc2b3af4f1a48e6105fb5dd8d1348,1,credit_card,1,62.82
06d8cb692ed19b092adaaf5337d01a39,1,credit_card,2,227.6
63ac66255bb4562cd506681eb19c5be4,1,credit_card,1,110.44
99f6d132908e686db5ad8db097e76aa3,1,credit_card,2,110.7
fa501c06e7a60e98b43e678fd5205c37,1,credit_card,2,200.33
1384f5f2f4532f5b9fa0f6cadafc93cf,1,credit_card,1,72.18
c36b0f4253481ba100d5a003cd3b6fc6,1,credit_card,1,62.11
54766753b06221dcdc0b0d27db25cc10,1,boleto,1,103.61
b218243f33a7a07db609c34312c95c96,1,debit_card,1,315.77
a2bb1bcee7e5d4f4cd507e33d3e2cef9,1,credit_card,1,37.37
7a6c48037234cbc7887f82848bf4d4cf,1,boleto,1,97.79
55bd3d21d10786b863b8537b32bc3899,1,credit_card,2,34.52
a38ac9649bb7a8aaad0dd2d678036429,1,credit_card,5,380.46
71b7a44b3e9561dce3ce2841bf401b24,1,boleto,1,149.09
b3c763d35ce46cf0a205b217814323ee,1,credit_card,10,268.86
b7d132ccaa4a7e53c9fb25ff9979fc35,1,credit_card,1,40.25
c8f75f6121e5b471d9e207771a2a5367,1,credit_card,3,70.42
7e72ec73eb316f40183f574d738eb99e,1,credit_card,10,255.99
d3793144c8e35d71e963045c73b7b7ec,1,credit_card,1,63.31
2fbaa53206d7c894eb7fd3a28d5d5592,1,credit_card,10,234.64
ed2a96e455e3b014a6e99e5671873b69,1,credit_card,1,25.03
627dd35dbc686a525aa1224e523d82f8,1,credit_card,10,170.43
c161187ab4f2133d752f8a028b51f74e,1,credit_card,3,176.59
b2899a43c8dc465bf845340ea77aef50,1,credit_card,4,82.13
edf195e14f83b9753f2cf2f7263f279e,1,voucher,1,223.54
8624511aa767a83ed91a47c158320964,1,credit_card,8,549.7
1315d21afe8cc17fff429dac7ed6370f,1,boleto,1,714.23
aba560ab127e5b68433f34376747f9aa,1,credit_card,5,384.08
427d0f687214f83a79eb0b0d33d32d28,1,credit_card,6,198.48
494b5feb45ebf3e0dd57996b45bcf69f,1,credit_card,1,445.42
0e0170b61d0a01970751c69f238a4dc2,1,debit_card,1,117.54
3f56a22363145eb59c7fb42254d3f345,1,credit_card,2,80.14
e8eb3171be89ea8e8c3fd39e336e868d,1,credit_card,1,107.79
28b6917cb6d7f6fe0540986342ec6866,1,credit_card,1,56.36
5f98eca70415773e1187c9309b38acda,1,credit_card,2,68.35
78cdcb172d0131f82c621d36e496db8d,1,credit_card,1,74.62
b9f406c8efb6e5e869d3c9a8829f83ee,1,credit_card,1,208.14
8a57df5bc496d7439886b2f23b58f56e,1,credit_card,4,163.38
72153affaac51d3697982e86191a88c4,1,credit_card,4,158.35
bc535ec5ab20f26f4b9dc626fc4f7bf8,1,credit_card,2,81.28
a8a737a6c936da9f10807e4c4262da72,1,credit_card,4,217.49
73b6ddc94c65c2002e53a5cb71257232,1,boleto,1,100.26
d91a069afed21a6f7b095b0a908f5008,1,credit_card,2,268.66
5935d2e5e81201ca0c8233ea39b5b63b,1,credit_card,2,100.38
aad035e568a4d856b8cfe95cd55907f2,1,credit_card,1,37.23
052fd91f936f4938c1085ce62862142a,1,credit_card,1,57.97
d3660059f5d2ec500340d1bb2131bab3,2,voucher,1,50.0
6df06dce06727e9d068f266a9b2cdaa7,1,credit_card,8,860.66
229d0231b531443ecfe2a09572108c7b,1,credit_card,3,114.79
3d5c01d5bef96b82a7ae8684f1665c31,1,credit_card,1,118.74
95602660d1840a734d33125e90ce2b00,1,boleto,1,228.29
481bab4ab953e59fd75574754371e676,1,boleto,1,56.6
d8721b9f395286c3b43ff47a250ad40a,1,credit_card,4,143.41
414a0b1cbb58b3ae7ce9c39083fcf007,1,credit_card,2,78.96
54d0bf2cd634845822e8b0c29f3834ca,1,credit_card,1,67.11
d22d34dc3b27dd6647daeddbcc570636,1,boleto,1,806.69
b276f402443d899868708548298c858f,1,boleto,1,59.0
b164237e62593d65bd06208c4e722120,1,credit_card,2,66.67
4c393aa9849047431a6c20ff36adbfb7,1,credit_card,8,872.94
fecfa796d77518eb5df5799cf3e1b495,1,credit_card,2,112.14
0b47f5e9432bd433f8c5cf64e60e6e5f,7,voucher,1,20.0
43c19b4037a93e40cda474629cc40648,1,credit_card,1,15.38
2b4c98424c04c927d4f10fd35a3e3558,1,credit_card,3,86.99
38d4786d1c7b6dae14470fdfb8616bb0,1,voucher,1,87.17
c863a49cb9cb9a145f7d39a575866b44,1,credit_card,3,65.93
73d60420cd1a179b2d8887d538efe4c2,1,credit_card,10,804.96
d76ae02361b19ee1c7a277bf4740a64f,1,credit_card,1,237.18
557e7ed9b11b0dd74545009ef0c7a74c,1,boleto,1,117.79
2878b4e373a9556df9aa1708a4e5c3c8,1,debit_card,1,42.5
9d87d0391a942964abee51bf76befef0,1,credit_card,4,129.53
00526a9d4ebde463baee25f386963ddc,1,credit_card,3,169.16
7fefe32e6b0c87d855993ac5dc8dd951,1,credit_card,3,157.79
40c557817a4ef8b8ca3481447849539d,1,credit_card,1,71.75
bd8c777b163d434c13d72bc016869c97,1,debit_card,1,147.69
fd6508408ae641784eec9008b9c351d1,1,boleto,1,87.47
6f6adb6239aa458699f94784b3bb978a,1,credit_card,3,743.04
748501d017db167d2dfb7720aa4dd21b,1,credit_card,8,238.53
7d6e61d9e5cbe64880924d4b7c366cd8,1,credit_card,1,75.42
bf4753bf93e0d4b25fab22e045029e7e,1,credit_card,3,88.29
19c12787aa9334d1ccac97bfab56e576,1,boleto,1,81.71
7aa5f2151edb70ee275202acec271ea3,1,credit_card,4,218.57
0327e299243edec0ed4f26712a05b910,1,credit_card,3,209.33
689dcb65c9cc37f74d83b547261117f0,1,credit_card,3,129.37
1b79d2acd9204f5e12d9c6f8b8ac5bbc,1,credit_card,3,192.01
1722f4de186ebcdb68411641263f6ae2,1,boleto,1,158.74
29bd235b1e0eee8c72af9375033b5f8c,1,credit_card,5,152.95
c6ad7089d27e68a395de452a632cb54e,2,voucher,1,52.21
99a18b057d4dd4778d6f3a33ba498777,1,credit_card,1,21.69
8b249044e8ce6377509b32dc840bfe76,1,credit_card,1,128.89
7de2a03405b2f8af2b71ed46371bc149,1,credit_card,6,191.89
dd85a2e16f897db080450d64a4a67628,1,credit_card,1,117.9
1cc625f985bb32e5e4d51ebd1914c21e,1,credit_card,1,31.23
43da1954a3ab906e70d25dff8fd0a3a0,1,credit_card,8,1474.76
3b1a0e831b5c50ba012f9bf63d97a03b,1,credit_card,2,405.03
9057b899f36887819dff05586e5d11e1,1,voucher,1,172.79
c3aa0764f72af0672f23966336a8fd0c,1,credit_card,4,278.44
67ad45f6efc3483b12ad1dcc36d868b5,1,credit_card,1,67.72
fbdb804cd5fd11e97287cd4cc842f7c4,1,credit_card,1,46.2
d32d584f32319a9b013c05fd83400831,1,credit_card,2,27.79
d1af798bd24f3f874cf16d2d2e02d981,1,credit_card,1,92.34
df8e5e994bcc820fcf403f9a875201e6,1,credit_card,8,96.17
d1ed1dbbec11c2374190e2365d37d2b9,1,credit_card,5,120.31
13df04a948b9837c1b115c5363a97a3e,1,boleto,1,209.46
b4623f97ac826702ad476db053f76c84,1,credit_card,3,32.32
13ab379ac762d840b29042681a1a6156,1,credit_card,1,45.78
d8a38160525fa277b48b3502ad5ae5cf,1,credit_card,1,65.48
dd623579d6b295a30527eb68420a5eeb,1,credit_card,1,118.35
71ae442d46d1764c665ba4c9e3073864,1,boleto,1,139.22
6dfd5e5c5068dadbb8ac93001b69677b,1,credit_card,3,307.89
a16607f4220f0e60ab4c71b915dd380c,1,credit_card,2,88.08
fb9bb6436441ba78b79012524ca465c1,1,credit_card,2,230.63
c8097c4a079d36884044cd13c0df3452,1,boleto,1,35.36
174b5b1a0a2498b8e2ba177359ff75ce,1,credit_card,1,40.97
65cc9958974d9b84cb4caad96226d10f,1,boleto,1,134.92
38d4786d1c7b6dae14470fdfb8616bb0,2,voucher,1,23.79
e14f6f76cb42187a0831a2baf117f608,1,credit_card,10,320.04
e5c0172ee0cef526f88bc189213a5070,1,credit_card,2,155.44
3decc053f76f6898aefed9c29e26e2b7,1,credit_card,8,549.7
f6ac44bbece0129b596dfc21aede3c20,1,credit_card,1,58.0
a0f74a1d59cf95d1ff371a6e9d3a1f61,1,credit_card,2,70.97
1955e6384cd6fc6cb02799b1e458b2d7,1,credit_card,4,85.81
505bb60c12a248aa8c995503ec264554,1,credit_card,8,81.85
a162da83b66ff8c619d83b87c1de93b9,1,credit_card,5,291.72
ed14c3058d5e31989c9c093cfcdae0d6,1,credit_card,1,118.8
f7ac64d2fcdb2e5b73150c612248c8c6,1,boleto,1,96.55
57e17fb636b56e67ea9a40c9f2a02527,1,debit_card,1,239.6
26492946caba5024f4d5e99dbdf4514f,1,credit_card,1,35.06
e55fa3385fa77f6be6a0041c5daf2fb6,1,boleto,1,419.79
b5f7ed4633fb5be4575467a3ecd2ebc0,1,credit_card,10,325.7
8b75c1d5d99e30c53acf26bdfd1f29bc,1,credit_card,2,32.43
0dfa57672b4853ecb26cd28c31a79e54,1,debit_card,1,67.24
89243c8b1f29ba7a225bdad8061fb473,1,credit_card,1,59.09
3006835c4c3c11d4869c6bd3d346dca0,1,credit_card,2,24.66
13d42b83c086bc8b73e3b9c8aca4b88c,1,credit_card,8,235.83
fef42a935645baebe981cf96008dbb1a,1,credit_card,8,166.23
b28a856ec450375c2c61dfb94250fbb0,1,credit_card,8,102.78
3efb84891f27efd4a1ad0e11ca4fb36b,1,credit_card,1,64.64
53644a8a66249361bd171848c8df4f83,1,credit_card,8,240.35
f5b9dc711b5c8bbb790782cc79db82d5,1,credit_card,1,52.92
f98480aef384f1cb8d5b1e0e4816fd89,1,credit_card,1,80.52
00d15ff0236872686e4899ed1ce680ad,1,boleto,1,80.29
90a1136478f67bd64771c2005599a559,1,credit_card,10,173.67
a250e33c3d40fa9dd726391ebc5a4abb,1,boleto,1,147.38
64994605d8b781cada123b1d5c06d637,1,boleto,1,65.35
1e0f40bbfe787796d0c56e3795dc94d8,1,credit_card,3,65.67
9b5efb42ba88b4bdef7e4a84b439acc3,1,credit_card,10,193.32
1e7d25f611e794f9614dd3e10a8596e7,1,credit_card,1,43.08
186f1e57fee9e20849f58439056655a8,1,voucher,1,17.39
fcfd2d9dca1b759a8838eac01a9ce2eb,1,credit_card,3,90.18
1a018d08ae8c02d0106efe732d3e8a03,1,debit_card,1,153.61
04c16a4e370df99cc2e5e4228ee63820,1,credit_card,2,314.43
7ccd0a8b6bdddf8ea32095431194bfbe,1,credit_card,2,32.43
ad40bc353ed6f8f975faf818439c7de1,1,credit_card,2,71.37
5c8b799d9e858d7af25f956df90a88a2,1,credit_card,2,54.05
62194497cd66edf084b172f8cdff8235,1,credit_card,2,66.67
820bd7a99cb9df2daca2dc8125e0f7de,1,credit_card,3,194.34
65f4d9e4822b4f34980ad36f71a08dad,1,voucher,1,56.66
945977d780700b75a6eb2ccd81566d4a,1,credit_card,1,59.87
b436eb981676e54c0bc9bcade0e079c4,1,credit_card,10,1253.03
571178bf1877d0e28f7ec1e2f73c063f,1,boleto,1,128.78
3b877e13f7c459f7a8f3015dd9bcc2ec,1,credit_card,1,65.45
9b28ecb03bbb9a5081729d9f822f46a1,1,credit_card,1,36.24
5ff8bece1ba3adcb585b884358bb9917,1,boleto,1,14.29
30df6364a7029642408b5fbf8556ef21,1,credit_card,8,91.03
c2fdaa1b60c55ac8d318c4adb4b26373,1,credit_card,1,19.26
cdbe906438125d1d5bf88bb289f8ed61,1,credit_card,6,132.49
498394cdea303b629a7f66b4ddcd7d50,1,boleto,1,39.47
c39c44584dde0d84f912a395af0bef21,1,credit_card,8,118.12
73ab919f6023d8c8a68fb70d0b08a28b,1,credit_card,6,176.85
db70f8a5634ca9a20586be3dec6ad653,1,credit_card,1,95.87
fd0d6e1fe406f607f6f66c3bda4de1d7,1,credit_card,2,134.04
dea423aff47d60bcd5f0678234bf8c3f,1,credit_card,8,210.29
f6cee891046f7eebf9019207ccb705e8,1,boleto,1,297.71
e6f4552718815a4804aec218dce78af3,1,boleto,1,118.65
bf1bd9414a575d2bfa50f8d5c66fd161,1,credit_card,1,65.48
b24f022765a67a60735c54402342c9e4,1,credit_card,3,182.81
03202c9906e9d1140a8ac3e15f4492e8,1,boleto,1,70.9
f2aea068a8c3e1b4b9ec9dd781ee5bca,1,voucher,1,106.49
0f9db6b2900040157d27f21ae0f3d86d,1,boleto,1,75.51
d802b8adcfb2cc03772c0645c9257a4a,1,credit_card,4,160.96
73efca6402c1b6108195348448d76147,1,voucher,1,148.7
563407fb971fc3c8786c1a8adbf8b94b,1,boleto,1,125.55
574e38ca454c86f60df545b65a03277d,1,credit_card,1,53.05
80ba49127f9a97f9bbe4e60770798cc7,1,credit_card,3,79.87
ae2534a5b52aefc2aee11e48ea987cbd,1,credit_card,10,117.46
e134ae06c15446b35a78fd10c4d26155,1,boleto,1,43.17
c6fe39cb893dca9cdde3a0d2201cc7c0,1,boleto,1,81.96
a055f8239d18a2008883be78eb09cf41,1,credit_card,9,90.67
2da01b4da104add683f87af323a0e9d1,1,credit_card,6,139.8
a2b510cbf99b001ef7b7a9aacc9789a8,1,credit_card,1,117.37
7659908b7f0bf2c0381852a0102c54e8,1,credit_card,1,68.44
5a30bac46bd67c48565822b5789c0954,1,credit_card,1,49.03
24697b1f8e78fdb9d2316bcaa2c6e216,1,credit_card,1,25.16
a4e584c6dc40947a851d93c60fe9c50c,1,boleto,1,35.36
711f6009f8bf028b3fa426696b581432,1,credit_card,3,63.08
f97da0a16b75363e98debcd65fe1253a,1,credit_card,8,200.33
311251ba5bfaf2e67111e56ddee44f14,1,credit_card,5,298.18
f0e99a13bd301f69aa29160ac8cd864f,1,credit_card,5,51.32
fab137488ea6654792ec4cac3000cee8,1,credit_card,1,36.46
ba8725726da21140bbe12319d7369d39,1,credit_card,1,118.19
9d138733c51598bbcd3ea81678facf91,1,boleto,1,83.79
b4fb5424786d3482269edf0d0a02cdf8,1,credit_card,1,182.29
a217507ac495620d9a403939c9604703,1,voucher,1,33.33
cf2bdd96e31b79ed41dba723fb42429a,1,credit_card,4,140.79
249907441e345229204263360b34edd7,1,credit_card,1,57.6
2386b5c23a2a5a08397fa987f56b8fde,1,credit_card,1,33.43
66cce1a5edcf6eaaa50e28b6914de70a,1,credit_card,1,234.57
febdd4292b7bc064ae8e10f572aa2ce9,1,credit_card,3,182.0
c9d520a482f52b364a05d0252cd45852,1,credit_card,1,119.32
562123563a31d7d3d69fd9ce87a0d443,1,credit_card,8,91.79
cdcc6a10b38eb298efc7496c36329752,1,credit_card,10,107.4
63395e53d28e53559462a08ceb1b2df6,1,debit_card,1,177.88
c57a1614ff14e7e6009f15b0d36d67da,1,credit_card,2,76.15
aa6e1f3a2b645a2b22e70084a30d2cd0,1,credit_card,2,43.2
81278969652e49f0c09910275f10fdba,1,boleto,1,57.99
cd4669d3b4eb487d41fc3919a3b1b8b6,1,boleto,1,141.58
7931c99744c2989d6f5218d38f439804,1,credit_card,4,231.88
491e593aee916fa4bf7b6cabb2f80070,1,credit_card,1,462.91
09e90e3936db197d43b9bde1291c307d,1,boleto,1,86.99
666e09695a076343da1fb9643f68adc7,1,credit_card,8,83.64
82262a82713a250e0e1f99b5111b9614,1,credit_card,8,84.36
44de0afee520be53cfddd8428eb63160,1,credit_card,2,53.37
f55dcacbda42aa97458735683d9fbb76,1,credit_card,2,119.32
b2ac7b0754b724547abf07a172a45bf4,1,credit_card,6,92.76
8299af0d040bc54540e8c6a35046e99f,1,credit_card,11,115.54
80c54b49eb28ef498e5076bb0a7ca24c,1,credit_card,4,88.83
7ab8357ecb12f6b03ee66996c0250c6d,1,credit_card,3,195.54
05f18c930e9961675a68af3b18efaf6b,1,credit_card,1,44.5
943f6c7b262e40ec0526ff87156fb401,1,credit_card,3,263.51
a16de84e54832907eaaa4084dd0d90d2,1,credit_card,5,73.05
36c68e2e8ad21203f7f149a315550bb7,1,boleto,1,167.32
40db493fa22b26e65d2677bcc2c67344,1,credit_card,2,27.1
30524d6f42cc124d17d641b49e792b87,1,credit_card,2,37.47
d43df0b37313a8c9a453c321ce6084e5,1,credit_card,6,68.45
4f510ee3f8f37d3f09228624a7b72ec8,1,credit_card,3,118.03
1126e8ce51fcc395870c8fabcf7de709,1,boleto,1,54.31
7e3b7b3527cce28aa98702e05fda566e,1,credit_card,8,123.15
84f40c055bf1ed329fcf2f4ec4e9e9df,1,credit_card,8,1121.42
95a73758f9a0f238d54fbdcc11617ee4,1,boleto,1,101.79
7e2f198c10c1ac5ad206ebcdb1f18861,1,boleto,1,59.87
ecafc1df29c0622f331e455f148fe404,1,credit_card,2,311.59
b90228d9050d13c266a67be0e92ccd00,1,credit_card,1,32.82
15db3ee82b2592326fd5390713cf56eb,1,credit_card,5,118.35
27eefac938270184a597acd3c44344ca,1,credit_card,3,63.42
412d2be13fcba6c139d5c9998e77a7c6,1,boleto,1,164.32
7217572256d0fb150b86021f70d421fe,1,credit_card,3,113.87
90eb7899e0ba01c27fc128e31e0c872e,1,credit_card,1,142.68
33d14124f0c894a2390998ae1015abf7,1,credit_card,2,192.28
c28d64b0e65c1fc17a65f6902f11226f,1,credit_card,8,82.56
38d4786d1c7b6dae14470fdfb8616bb0,4,voucher,1,0.43
8fc088e94b10c2a02fcba1e2b69ec6fa,1,credit_card,3,51.57
3becf59664a588ac335a36f2a08e2d2b,1,credit_card,2,83.48
f14111b697a9152a18836775aa24ddad,1,credit_card,3,196.44
83d0c85dbcc4f41c0608144b122c4034,1,credit_card,1,97.86
b3f8cce18de7b670b4bf149957000470,1,credit_card,2,24.38
0a00e9b0112a0e7ba031426a31659196,1,boleto,1,174.32
b83bcc2e6111826562978d06d5de4e7e,1,boleto,1,110.38
ceb0508b7d0cebf8cd0cf1052322da3c,1,credit_card,4,119.9
b2b86f50f1d5ec8763fc9fc6894ac6c4,1,credit_card,1,22.29
30c3c6388d83af1e5d2919082f177a66,1,credit_card,4,255.49
f7df648b228c22aa46208224ab0fd67d,1,credit_card,3,158.38
837b75362f8a7c08c85182dfd16cb72d,1,boleto,1,23.84
fc9a5afd96050ceb0d9f12a4f8c5d9f0,1,boleto,1,70.97
ac8a707fb4b1197afa70e75fa66f187d,1,credit_card,1,33.34
c12bef4c2199585f7a1f2c92fdac3827,1,credit_card,3,88.19
3e43e4dedffaf5c15e579786d0b5317f,1,boleto,1,134.36
1a5e8ff5b36ddd03ce826651c129a760,1,credit_card,3,313.94
29f08eca9316db52a34130eeb52dffd0,1,debit_card,1,414.46
e6c656a21310d32909eab8c157ccb639,1,credit_card,10,675.75
1544633fddddf3dd98fd5e9eaeb01b4d,1,boleto,1,188.89
6be6d87095d612a3a5176d6aff456c62,1,credit_card,1,60.21
0f04257628f269da8bcc26b6839d66f5,1,credit_card,1,190.69
0a998b0552bd0e04c7b38f0f58737c54,1,credit_card,5,125.44
8709d432916bb32dfc76488bde2bd31b,1,credit_card,1,65.35
eb4d645f0a565f91e489a626b9b22334,1,credit_card,2,245.6
5c52bc8eeaca96c7b9ed2d47db358f43,1,credit_card,2,130.24
dcdf7dd18209c50593d1b6cdf2392e18,1,credit_card,2,133.53
a5ce51395d295fe2c816182f79c81866,1,credit_card,6,181.87
f65bace465aae8e67ff3948524ca7270,1,boleto,1,113.33
fd26a8e314b26ecd3011f9d6ec17e7c2,1,credit_card,1,32.37
335874150963b28de5e55b480495739e,1,credit_card,1,194.97
d1f3aacf6953cd2cb98b26b17fa5ba14,1,credit_card,2,138.85
620f2b2f6cabdf0426262c47bf3a883c,1,credit_card,3,154.9
5640d8d8b0a6c23956f12c8dedfef8e3,1,boleto,1,52.84
e811c789fcb20fe547fb9d955777ce2c,1,credit_card,1,77.72
51e5e08365469f68d9f281c619b2354f,1,boleto,1,63.08
8d0900d0d09c0b9075a5f00513991a70,1,credit_card,1,24.79
16988d29fc53e813b156b33c0eb39b1d,1,credit_card,1,22.89
091c34308e51d6dff47fe839b7aebbd5,1,credit_card,2,49.59
6e1c9b0136456e44d5b1d74c5abfae85,1,boleto,1,87.58
0fc664e3e9937dfcef8a126f89b976ad,1,credit_card,1,88.58
6ca7be1c933db977fa6163dad70b0e07,1,credit_card,1,178.21
ccbf44556216d2ad81b039514a0d8877,1,credit_card,4,142.68
41f02d9998aea7e212e8917bf2649cce,1,boleto,1,37.53
43212d0edb989569de152cc65e9d96fc,1,credit_card,1,164.08
42187cae0bc6e0829886d8131b4c4864,1,credit_card,1,47.91
39f71ba799c87ce196465bad51c55d0d,1,credit_card,1,47.4
62b4063077164817444ed917010c5c16,1,credit_card,2,36.12
34eb48efa7e9b176505b9e6797f25a42,1,credit_card,8,549.7
394038740b5a42db8607def1c170eed2,1,credit_card,1,56.08
5daaa187e63c2f1c7636a129c6afc3c3,1,credit_card,5,162.87
014ac3cfd0e55bdc2cdd12aa181b00cb,1,credit_card,3,158.75
9b0608ab7dcbc73db0b62291f23c55bf,1,boleto,1,115.57
120b19c8ebbbe34df59e157f3dd1f0c9,1,boleto,1,52.25
4bd13580e951063d19e99e60bc4d1492,1,credit_card,1,16.4
f8924deb5600bb1368e603e9205e7949,1,boleto,1,81.66
071be1c98f3a6f467d8e472d94350db8,1,boleto,1,432.7
71b91036973ff7a67b9a17a8a20d3b9c,1,credit_card,3,193.84
0dbd7242192102a62fc3677d4d42b5a1,1,boleto,1,71.81
8237160b16b119b5390f8072691974f0,1,boleto,1,112.42
fad25ec1d119305e79431001599bb799,1,credit_card,2,72.09
54a51314febd38a9bfb89a9f49006289,2,credit_card,2,200.0
cb7e54b683ab7303fa52e2c3975801a6,1,credit_card,1,97.36
481474f010c7ba31ed88a2af403c0926,1,credit_card,1,17.38
1339b6c9436a2ac70c404ab3b35deac7,1,credit_card,1,211.87
aee590f76dc95d8c147146ae04100704,1,credit_card,2,137.03
38fe76b8f86dd618f6647bb4f23d57de,1,credit_card,5,114.0
1a6b9a764637acbc39e1624a2211f548,1,boleto,1,472.8
0d702a2aa767d3a728780f8b61e31a46,1,boleto,1,56.6
35df2a75e8f319d4fe179f529613d23d,1,credit_card,1,39.48
67c73223021cafc75df9335173151314,1,credit_card,1,66.75
e4c09ee4522daa0f32bd2e6b2f5ed048,1,credit_card,8,914.27
4959c38155b6320f1e4bd741132334e0,1,credit_card,3,168.8
aee20a4d671a2a3435bdee5bf40393c8,1,credit_card,2,36.09
c4bd023ec3c8f99bdc3a817584217988,1,credit_card,5,105.67
b80f903f7c03f3e14f467161e1535627,1,credit_card,1,88.18
69b4682d3ab5ef1f14a8e9e74638f87e,1,boleto,1,226.14
64669840d01cf19228dbb0bcecfc638e,1,credit_card,1,68.97
29da327955bc0e7d3be1b98d93d0903e,1,boleto,1,99.65
da1b33a717a76516deb6b4db0bbfa8f0,1,credit_card,3,237.63
1118f05e23d1a8082fa47f8a377de658,1,credit_card,3,242.62
e4a4e438b4d2f4b43f3831c332beb438,1,boleto,1,68.25
495df6b807cb718b99cf24a4609fd323,1,credit_card,2,78.83
72fab83427516c548cff90e1975ce053,1,credit_card,3,32.7
9ce8bab700f7de85a07a9ee7d4e18ea3,1,credit_card,2,218.21
cff23799a67437f662527dff6056233e,1,credit_card,1,107.85
91a4048535e7c3a499d28e56430d7c6a,1,credit_card,10,193.84
edbba0310d0feea21acbde68a48a5613,1,boleto,1,81.26
8733317e2e5debfd2f5d513f545ba3b0,1,credit_card,2,60.42
8d87a1565de3eff8cb87fcacd8ba101b,1,credit_card,10,146.98
fa28b32a0c26a05aed07e5fec4c54b3a,1,credit_card,5,170.98
f98503baa6f63a4d5b3e5f9deba75942,1,debit_card,1,260.5
b4472226dccdf2b8b06bbc4256cf7b64,1,boleto,1,79.52
9858c41d96443ebb71329d305f62302d,1,credit_card,4,58.05
a6ae47718cbf5663cae29d4ed03ba272,1,boleto,1,88.2
c606b6bf8e4f7fd3289dae004615ded4,1,credit_card,2,85.49
64bd3c2db3673ba37030ccfcbfce8fe3,1,boleto,1,64.66
fba96485cb359053087bb66dc9b5d6f2,1,credit_card,7,153.99
67a98da3237e4b4d8d359f32a49bb209,1,credit_card,3,122.23
aa240e84341dc3a58a69fdaa1c0b927c,1,credit_card,2,85.81
adcd620aef763e5d4a548a49f6ec5b8d,1,credit_card,8,314.3
d520b96e396bd11c8861b4310c25388b,1,credit_card,5,92.15
166ff8289e3c5748d7aab1c820f43731,1,boleto,1,107.19
2cf6d5c8b5d68450841cfcc272ec3cee,1,credit_card,10,218.48
75f959697b81c9b9eeddb7499941ecaa,1,credit_card,8,286.79
ba1cb152ffbff7aeb5630aceb9b6d212,1,boleto,1,115.46
0436c197b0ba8265af9fa94b7f444866,1,credit_card,8,83.55
de9387b71120d212286385df34759406,1,credit_card,2,107.66
6f0dfb5b5398b271cc6bbd9ee263530e,1,credit_card,1,78.5
483f86b7cf498c438e3be9ef583d7548,1,debit_card,1,172.41
b3666570c67eca46e04bc11a7285f0db,1,credit_card,2,58.46
d1ff908b4e21d4fffd5da1a0c84c3404,1,credit_card,8,238.61
f299ec6360351d71a661e17e4322500c,1,boleto,1,137.93
2b201a0bd7f6b90ccfe1b70c2124d631,1,credit_card,2,194.17
8171d9c270f72f461104055ce2cada91,1,boleto,1,82.6
0181409c6498f79e161dde79c2a7dc59,1,credit_card,1,62.31
6b8e2ea47563307c21b9041ff13e3d3a,1,boleto,1,138.95
14d5fd67132f83c0c8a9e241e4a7d4dd,1,credit_card,1,32.43
e7b57c0060c5ebff9747044e5bde97a3,1,boleto,1,85.81
b2ba6dc36919f6194acddab3c69c65b5,1,credit_card,3,68.68
e434f79ea884de16e5a8bf32afee5333,1,credit_card,1,295.4
ceb13edd7ff6e50ff3a9295764a6b3b7,1,credit_card,3,108.63
fa920bdfa971269c86fa5e1839ff9db4,1,voucher,1,173.58
daa82801011a09e5047dca31d70b6be1,1,boleto,1,89.21
bad80abf6bc799b1c731a90f1a761689,1,credit_card,3,209.74
f13d94766ba74161d06ddd6d90050ce3,1,credit_card,2,85.81
328ae377ef041759aacefa4eee149cdc,1,boleto,1,107.85
3e8beb10c7fe2966555446e8575a88b7,1,boleto,1,58.37
ef2ae6f6dbd9a78f9634b9fe22b0bee7,1,credit_card,1,128.54
8ce09fabe89667119f813bcaa531e675,2,voucher,1,12.92
baa297bb0f3189e5aec7838ec35b5efc,1,credit_card,3,36.63
bfbac0cb986a021b149fd1ecd301a95e,1,credit_card,1,107.85
cf994e7b2290fe771d8ac15f128eabc4,1,credit_card,2,88.67
1dbd19609384c9e5b21e382e560a85fa,1,boleto,1,110.77
ed525f27dd4e72335596c7964f887dc5,1,credit_card,1,27.28
18d4a7100f31e670cfebe0dce5a2d844,1,boleto,1,63.83
1126e3a4ac41a7be5c3cc650d36ccc54,1,credit_card,7,169.05
3a910fcc31e93133ce84280ebc47d956,2,voucher,1,10.85
c313f7a184ca89fe98049253bd4a3806,1,boleto,1,121.9
45bfddf12e8fd3de8dbda7b7208ec90e,1,boleto,1,111.78
3b3725fa3dfc009ca1e6ebc503a0bd16,1,credit_card,4,200.33
0b497dc78b09ae400416eabda31cf6ea,1,credit_card,2,101.64
cd5d896429fb41469e5414dd0b56cd01,1,boleto,1,173.26
a5df4819e2227684e86dc2959b9ae9d6,1,credit_card,2,258.33
67e9f4fd5900a3bedf11fd772b376528,1,boleto,1,452.28
82e321af7534ba70a73929d2e4c2cf36,1,boleto,1,45.23
38d4786d1c7b6dae14470fdfb8616bb0,3,voucher,1,23.79
7707b1061567c2bc77fe8c3724a3d615,1,boleto,1,70.38
914a491b0919b0205dc6fe31c052ac49,1,credit_card,2,154.34
dd7ac010ac0daaa2d26a974ceaf897a0,1,credit_card,10,421.67
a8fff3e04abf1de340f6a42662daa292,1,boleto,1,46.03
ddefab02557da340a3bc73518bf2ecf4,1,credit_card,10,216.4
b899ac30c0df28d003611ad4999aa487,1,credit_card,2,73.49
318f17dd3da19e3c819d905940547755,1,credit_card,5,55.26
b63c4c6a266d6aa9a9eff6e38d566e85,1,boleto,1,52.93
a6f2940cae871bfd63ea94dd5c476a62,1,debit_card,1,58.9
7d941bda521698c6df74824010ddcb36,2,voucher,1,90.25
859baae7fe80b6ffdc2904cc16e16431,1,credit_card,10,1203.68
a119860697732cd9e2334491be45f1e0,1,boleto,1,66.42
5f4c10d4bedd746cefe9291035d2f8a4,1,boleto,1,193.98
80c6a53cf1e905c00caa7d3d85a4bdb1,1,credit_card,3,147.81
e7ad3898894027b09ce153449f7bc10d,1,credit_card,8,285.94
4de51073bc1cd11e85fb03f29508b308,1,credit_card,2,136.6
565a7bc14e1f825b163c6a51d74f4206,1,credit_card,8,116.42
d591fe8e95691bbffc5f4f2478bb3a7c,1,credit_card,3,314.66
6cbddb4b9fd4c71ee2b7a0012dfe2fe3,1,credit_card,6,179.12
4c480567d1db63cffddc552638c35d8f,1,credit_card,6,351.18
b94117844529c52fab97f521c434520a,2,credit_card,6,78.61
bee2c5fd72a426e80d331d4c5d756923,1,credit_card,1,43.29
07808f3f87407774955a7ceb2f4fe5d2,1,credit_card,3,104.3
be6a7fe72fe67600cceb9213855d6551,1,boleto,1,136.91
908227fe95698325710fe450d4b7018c,2,voucher,1,7.7
7858a830420b9bc393b55bcf268eeb36,1,credit_card,8,165.13
db7278dea8450817ee8e59fd074eedcd,1,boleto,1,130.77
4fab03676c2144ed35264324eef0ea12,1,credit_card,3,62.25
7d941bda521698c6df74824010ddcb36,1,credit_card,1,1.57
2078512e84c5104a45f4a1b80cce3ed1,1,boleto,1,123.75
77695976859e3c3e692c5a5bc670f31b,1,boleto,1,64.4
c89a29cbd8db5a3dc5750a3748985526,1,credit_card,2,279.91
783058adb0589c4c5b2f3f748a27485b,1,credit_card,1,106.11
07a78584049fe9dca82ae7bf5717d8b9,1,credit_card,1,289.57
c3e26e5fb80a6b20f91b8a4f4b5b6141,1,credit_card,3,84.65
a14173b7936139e28cd1aa620eada598,1,credit_card,3,103.26
64f25972cba1c6faca4f32c7ac90e3c2,1,credit_card,2,158.07
649b01370e30b79f0df619bf8ebc9201,1,credit_card,1,36.46
0a05e512c3e656802c930be4c1766c2a,1,credit_card,5,57.6
2aaa173ecc917a0e748a8e8ad584534f,1,boleto,1,44.5
d28a0d4aabf9fe1941c36b8d1af9bd5a,1,credit_card,1,39.34
bca647a251ea21807ba8cf824272dcfd,1,credit_card,4,91.23
e97c5fb2b1ca5b5fd19f2c910a274e33,1,boleto,1,82.96
77c155208a2ebfadeb34ab55497c597d,1,credit_card,3,217.55
426a9742b533fc6fed17d1fd6d143d7e,1,credit_card,10,4513.32
180fb4e6556687774c55bc255a5f7d8a,1,credit_card,1,15.58
6711d32f6b3652ef28afeb71bcf586f3,1,credit_card,7,70.49
c14b0a3faf28a3052b92646eeae4799a,1,credit_card,1,68.62
47241d51bf3749ec7ad04962507ac2df,1,credit_card,4,132.57
649bb84817768858f695a41b42207285,1,credit_card,4,231.88
672dbfbd96238e4d07021fcdd9152b6c,1,credit_card,2,911.01
655ad03e23e4483c96fdd1139788fee9,1,credit_card,4,129.59
c981128521975354988b8e88309a898d,1,credit_card,10,292.26
4c792ea6a2a9a0d044176c1c42d49b22,1,credit_card,1,114.49
47d198410caadbd9a77e92bf622ee749,1,credit_card,2,30.78
b228e6b7a06468abcf8c203f8e86689c,1,credit_card,7,437.59
617e9e939fe662eb114540a7d2008eca,1,boleto,1,108.63
c5eb69f42fab03c99f0c0465a6e14723,1,debit_card,1,145.94
66fa22325222866162cfcbdc2841bab9,1,debit_card,1,75.37
4c8c092a897404409eb4858b2c35f100,1,credit_card,5,157.25
60968a386889fb91ca9c02b4f2eaa9bc,1,boleto,1,119.02
9c3fe119bb87723856e0d807d2ddf37d,1,credit_card,1,147.29
6682badeb849b39a76e35a275574fe12,1,credit_card,1,69.87
d1a6ee88427645deee3a642c9f27e39a,1,credit_card,1,39.38
79f31a7e6b20571d229c2b79cd8c6b54,1,credit_card,3,385.18
6ff0c72cd26c7ea730935abff483f2e8,1,credit_card,2,54.98
116f5088fd9393bef556fc932533e3dc,1,credit_card,2,189.19
4989f3f8cec2a6f73b0d121c0e134624,1,credit_card,4,176.2
70a33c9dba6b43724e350938120b3e4f,1,credit_card,1,32.33
9fcf074ecd6df19f51f6fc30b6a33161,1,boleto,1,70.89
381cb353cd30a73a5e49e5f42e583c43,1,debit_card,1,75.17
2d3bc1f6ed458a137c51adc3cab7a488,1,credit_card,6,1139.17
09ced678dfa43843d2f38c410def94aa,1,credit_card,4,98.56
f6f3648ab3e140b29823bbdb84a34455,1,credit_card,3,185.64
c4b7e0f753bc9776f48075c977a2d623,1,credit_card,3,131.46
9c3225a3efe9fb83ea06492acb99d42c,1,credit_card,1,75.17
c8223ab24b18df53e6a37eae1fd69d48,1,credit_card,5,527.23
ce18cf057088cf275c41fc9510ed53ad,1,credit_card,1,63.42
f22d1b7a86950424a08a39c66fb46bfa,1,debit_card,1,98.56
8989ff6e6604e09ac1c199428637422b,1,credit_card,1,92.2
12e253a6a65d9b9dc662a314f8c72fae,1,credit_card,4,238.58
f90d9d087252c72d1f8a43c65f16f515,1,boleto,1,224.74
913ed16681197337e68e936fc28b8370,1,credit_card,3,71.07
45f470a790aede4d492919f4df65b123,1,boleto,1,179.27
a214ab5dc32ac17a484d2e0f95f8c90b,1,credit_card,8,412.02
fe98bde348882015e26b7660d5db70f6,1,credit_card,4,169.13
008819c6d5f6da6fa5cd9d50ca927cf4,1,credit_card,2,62.65
48483d781181b0424eb4d9729ce4ccca,1,credit_card,1,85.27
f69258a9318a993c9354122221c82980,1,credit_card,3,31.56
12cbd6fae38a4bd1d77a7596eab0b7e1,1,credit_card,4,553.53
b39b424d0d3ee3397614f97926ed63b6,1,credit_card,3,173.89
80eae376fddb50c28eb0e4857691de4f,1,credit_card,1,57.99
e36285554df73e171f9f41dbcf487b50,1,boleto,1,128.58
ce8bc9d1350f5e9b6b22fcf981df3aa2,1,credit_card,3,79.93
f061ce16a11eb158bbb7bb7cb38c1ca7,1,credit_card,5,96.32
a27bc60b5829ed193c7a85e25f6de764,1,credit_card,3,143.24
e6179e66e05b531c6f8ad2b292717091,1,boleto,1,43.69
b5780df6f99a1b41aaf41e0937ca5e9f,1,credit_card,2,201.09
d26fc4e0de94625d635210111725c127,1,credit_card,1,38.36
ed159f7220fe49164a43fbf4fe3a15d1,1,boleto,1,42.51
ab5048879a15f9f713725c37c5eb43ef,1,credit_card,3,483.09
95329bc75845ea5b52290fba0e025e0f,1,credit_card,4,82.95
b48c09f638b289e9055c56ab3c3e4ae3,1,boleto,1,676.16
7a3d6ddc737bc4e0f556c9c47f15e7a6,1,boleto,1,156.83
f544502f7cd11a14cdc792d87c7795d5,1,credit_card,8,95.29
4ba6b813ed91fee2b26261b064aaf348,1,credit_card,3,91.21
e773828baa347406cab28b4666ecc869,1,credit_card,3,140.45
40a24d4585c66a3d7ba902a7dcd233a9,1,credit_card,2,177.51
eba48e9c6c31015f8245d729d81b9f34,1,credit_card,7,157.74
200b121c28e10ef638131a7c76753327,1,credit_card,1,119.89
0f9807b737e645eaa107418a88f30fd6,1,boleto,1,190.28
46f0668d5961419489c708d57e9e99bb,2,voucher,1,100.0
9d6a38b49a05b68e74e4d8899ebfe249,1,boleto,1,231.58
5f584984f781a737f7a40522e1e8db52,1,boleto,1,113.87
dbbe1b2ff4094c09c4a05b045b71e81b,1,credit_card,7,70.98
d9df7ac84c310a46b85f5c2f50216bc1,1,credit_card,6,69.69
995afafadabbc8e07804a5f08f096b01,1,credit_card,4,411.6
1a7b59b9cddabc898f2cc56389b5fbc1,1,boleto,1,88.48
f1dc649e1ea6789e7eddbdaf40aaddb1,1,boleto,1,280.65
bf2b2acbd8715f4415c2adfd5d9cf772,1,debit_card,1,145.28
1631521110aac3da4983314a2ae78ba2,1,voucher,1,111.37
a650c714762d0184be820c5e311c8d96,1,credit_card,1,89.31
0ad9d4e4f4c9746b59ddb9c18d30d241,1,credit_card,1,151.42
7e8734a38ac8a79a7235d256f581e885,1,credit_card,1,53.05
ca956d502f34466301d1268a2df5b0a3,1,credit_card,3,69.44
c633513c5486bd512a2a23de725cd7cd,1,credit_card,1,31.93
5be0a4b3c5edf92cb76efb03c61c2474,1,credit_card,2,37.37
2b7e043a45afd5cae23ce498b699c9b7,1,credit_card,5,911.45
f4d86b9acca54b415270df8ea6e6945d,1,credit_card,3,175.88
95c704fb2ac70f398a019de67a705ae8,1,credit_card,1,145.0
519440577b644a6822242fe9f13b31e8,1,credit_card,3,36.36
81d183ca30a0f0ced737aed18b2ed9de,1,credit_card,8,368.56
148634e0774ce5a1273806a9e639bb93,1,credit_card,2,103.2
bc51cd3b8ddb527aa8044bc4198aed29,1,credit_card,3,36.36
8e3aafa608957bdc2ddb74b7d9a7a559,1,credit_card,2,118.99
4b90912a086907b087947c385e8d13b1,1,boleto,1,109.91
4e55f642a3b11a6cfcec80a9aebbb513,1,credit_card,6,135.04
33bc941e33954324394693138a3b95a6,1,boleto,1,47.44
c9edb7bc5d1bba89d462a4f94c79c078,1,credit_card,10,129.13
39d42259839b9cfad053b83e19e14fc0,1,credit_card,2,76.51
0b47f5e9432bd433f8c5cf64e60e6e5f,4,voucher,1,20.0
bac1a29d140daf4cf00aceeedf2dddc7,1,credit_card,1,48.33
07f770114a6de1a65f865bf22d8bb20a,1,credit_card,7,76.92
7b351cbc1f8721faaab3f7d117f3ef7b,1,credit_card,3,30.1
aabd0a7ecf741520be60dc59fc6002ee,1,credit_card,5,56.07
eb9e77ffb4019d5cd410157dfb294a12,1,credit_card,3,182.46
7999895f514b30a8de833a4b7c3dd042,1,credit_card,2,248.48
2e6e6de992c5567f41aa94497d505e77,1,credit_card,2,141.8
5b9e9502eca103a28ea22a94c65e3950,1,credit_card,1,45.3
dcac490b5b3b967a6ca5d810dbca27d9,1,credit_card,2,129.44
4dea4753bef29a866f8cc4a9c7ccbf40,1,credit_card,2,158.74
51d70226d271148b34f0ae2a6aaef7e8,1,credit_card,6,356.06
20b919e05f847a4e3adcb4352ee309b8,1,credit_card,4,94.14
fa77b4aa91c0a9f2bc533e0dc380d9c2,1,credit_card,4,93.65
fd54537438233bc798bd3fdac32bcfd9,1,credit_card,1,154.02
f4d8adf14699f63ee2a2c3a6a43a1d0c,1,credit_card,1,37.95
f92d5a62c7841e7f1a73ce4a68912c4b,1,credit_card,8,721.99
afed0d88ec7753e7be8744bb66e860d1,1,voucher,1,164.32
a97a2be3f668f7c6d75a218b2dba8720,1,credit_card,4,201.43
e225050f709a0409b3a30c63fa35c6da,1,credit_card,2,131.94
b319c42146aa1548b1e415a91dd13789,1,boleto,1,223.61
198edc616965e287128e8854d4ac8b4b,1,boleto,1,37.37
75e659c8ca6e2872f6d35430337e5dc6,1,boleto,1,44.3
3f7b475727ce3c7198f0ca2a15c05e9d,1,credit_card,1,54.99
be80ccb8f620862ee6fec40409d35aee,1,credit_card,4,40.86
137f57a202d83cd03668234859e1b2a9,1,credit_card,1,34.23
efa3d5327513176bad13d0c62bb7bb1e,1,credit_card,3,144.49
1bb1bff5951d630e985ec8d3f8037b86,1,credit_card,3,179.76
3d15ff4099fc39d6eed5f8c1200521b7,1,credit_card,1,161.79
1d5f437b878f76103ac129b13e81bbbb,1,boleto,1,138.14
01a9d731c0f08f4f79c10b7679dcdebf,1,credit_card,1,54.37
94534dca4b70b22116250b471102602e,1,credit_card,1,279.98
7d0c53f67b84e94a751d09f03fe58e99,1,credit_card,4,96.6
ef8ad84adcf1d4c437f165f437e238f6,1,credit_card,1,24.37
c5d63349822280ab188ac2cb0966668c,1,credit_card,2,107.6
495f52185fa8f606de522839d428f3c9,1,credit_card,1,79.93
e49e7ce1471b4693482d40c2bd3ad196,1,voucher,1,54.42
92d7bb51e2c6778f7a049b89cfd52870,1,credit_card,1,38.75
1a479eca71e8e8efb68b0968a43d8fb1,1,credit_card,1,86.31
47757e40bf5bef19314ecbdf38a45d41,1,credit_card,6,157.79
977ec2dc0bff193996408d1631b22181,1,boleto,1,195.18
af8582de59ea502ec0626a2ded9c535a,1,boleto,1,488.47
c31a859e34e3adac22f376954e19b39d,1,credit_card,3,198.96
05529f3e7ed5cd4214281f2bf60e89d6,1,credit_card,4,90.58
9836847f32179c3ed12e8eb240440aa7,1,credit_card,4,174.73
02f1d13053a2833d022b8921ee3411a3,1,credit_card,1,94.71
f5c5f55feb6cefec984e26efbe2a130b,1,boleto,1,195.54
cacb12ecbd3fcaf21b5556085730369a,1,credit_card,3,178.03
2da6df6ecc3f69f3642ce1fafad85d5a,1,credit_card,1,55.53
fac467ce69a8abb815d930471940d06f,1,credit_card,6,63.77
03350e641d4d30d50b38c2e3030cd394,1,credit_card,3,153.96
531b7ebd1fe920da63f51af4667a7962,1,credit_card,1,345.38
d310b57747a742fc3a54a009114a77db,1,credit_card,1,104.37
24a670b13d0b287bf0e123c3010fd19c,1,credit_card,2,153.1
637cd939e435a194d562522d5bdc0d84,1,credit_card,2,184.15
490566f702bcd9c328d15da3a01706fb,1,credit_card,4,41.24
e227fbda6134e254af397d9f84473158,1,credit_card,4,216.4
af9b2bc020f9e2e4baf46e08f5700e51,1,credit_card,8,189.19
ebb9d61c0744305e9172b4265468c17b,1,credit_card,3,63.35
c97c5a964e8d8032ce2da2cbf89d2183,1,credit_card,1,37.37
b02709d4e987b97b8713543629c82401,1,credit_card,1,99.16
f1036577176d907152534984bfd5018f,1,boleto,1,161.12
02cb7027f3074adf1407706d712298f7,1,credit_card,3,159.57
752265739a6d8d671585c7b9c924b9d9,1,boleto,1,91.31
2d141367a3c00a99a25764eced13ef4e,1,credit_card,1,66.67
9a44abc905204e1ab8b71a8b7cb4b838,1,credit_card,1,69.57
5f8af87da2123c6841b3941b3b5f478e,1,credit_card,9,143.5
7ae84ff984c3b48b715c8f3130bf97b2,1,credit_card,8,507.61
9450a19a745c16784964ea86003dc665,1,boleto,1,487.5
23a868333bc15837fc68d57a8287bf06,1,credit_card,5,127.54
d14cc71ad2d00bf56df0686d956d6ac1,1,boleto,1,30.13
df68ea0d1a2a2b9d4dfa236820acbe9c,2,credit_card,8,194.44
e89ced624c37029ad8e8e12f036a1a55,1,credit_card,1,46.56
3b510aa86c6884da9a0f2d9960b2d9c1,1,credit_card,5,265.84
0f8415c6898be42b337b26a77fcecbee,1,credit_card,1,442.63
335046c7c87cf6b4d47ce63b22c563b8,1,credit_card,1,61.51
3016aab208504e35592823875a18d588,1,credit_card,5,180.32
db207002d58fe7f53935e30c37bbe862,1,credit_card,3,419.39
da7d7e53c86d326200b7b44b722f2aa1,1,credit_card,1,154.05
e11c81f63f7e2ef0a0a22cbc781e8099,1,credit_card,1,37.83
241eaf5ff29c3e08e2efc61f6f87e44b,1,credit_card,1,31.96
ef8ad84adcf1d4c437f165f437e238f6,2,voucher,1,100.0
1eb7606f2ad568b8303fb24c8ab1e2cd,1,credit_card,2,136.93
b5c6824f5679af0b7ba508468f598fa8,1,boleto,1,304.64
988117e4f714ed70371d15b7063e0add,1,credit_card,8,186.13
56a458ff4a4d0dc8ecd97b7dc2ba33b0,1,credit_card,5,178.03
1ee8f299315c112e3442b232cb9c6f3c,1,credit_card,5,158.75
413648037e02e5c759e67071c61b2fcf,1,credit_card,2,123.54
d9b968b9f8c464fd7941981e0ee66845,1,credit_card,3,198.96
2868122766fb8490193dc08920622c8b,1,credit_card,2,48.3
4044c5fad995d07177b0c09ff2b0b7f6,1,credit_card,1,1125.36
1f9ed60661469689dae5955276ef81a5,1,credit_card,5,70.88
202ecd14054c7ca8c26634abe19ace58,1,credit_card,1,70.97
3912b0f176edb52c40f760e27d055456,1,credit_card,5,116.28
f1f2c2bd7c46d8b86107f0c2d9e3dcc9,1,credit_card,1,52.37
3789bf493d97b36ed2f5a866cc668abb,1,credit_card,1,59.51
680fa5c6b4ff5efa74b9ee8c95638ac2,1,credit_card,1,112.99
9c8922b42eceb3b3bffa3b3e098eecc4,1,credit_card,1,53.43
652dd1e43c57c5f82622cd0d4ec1c376,1,boleto,1,49.3
9991ee8a375a021fcb40b5ecf9902e5d,1,credit_card,10,185.49
15a5c3e66605b949f4fc77d747f8003d,1,credit_card,1,95.3
545e4aeec01e2675dd302bbd4c5cd606,1,credit_card,7,200.44
a7a7cee8db5a07311875dd616cbad673,1,credit_card,1,100.44
e4de4d75a4d1e6b3dc57a3d94922023f,1,credit_card,1,77.37
9c05cf9f770e4c24707995b849ee5212,1,credit_card,1,65.35
7443eeca92daa9ca934f515628610510,1,credit_card,3,238.44
ed8998927739822537e027a5af81b07f,1,boleto,1,31.32
5fa163d53dbfa40c6363e9e47f6bb809,1,boleto,1,122.97
05a6f444527fc90e28da6088b1707b20,1,credit_card,1,98.56
fbb38f33f44df110ef060767b70bdfa3,1,credit_card,10,700.53
bc250fb00c3c49af75ff964a4d987d6f,1,credit_card,1,62.54
e391abb7236a94efed4fc9ac3b2d4b32,1,credit_card,2,98.37
618f64df06c611bd4ea802bafba3e20c,1,credit_card,2,191.6
ab2e481b1ef043b41c202628100f6b4b,1,boleto,1,157.79
b2ab8e46c0531fd546ec40b146724c46,1,boleto,1,52.9
09859a28d56f326d009da66f7d02e99d,1,credit_card,1,362.26
f0e12869508b76f983393f9207582cc0,1,credit_card,8,186.95
c68d61e0221d10f9ffd722a96a2f10cb,1,boleto,1,193.46
0a2820ea58a627b97ba956f38567cae8,1,boleto,1,63.89
1f6c0814bc17d77eaa0f31f053ec9ae2,1,boleto,1,34.58
1f4ef92fe96573c57bbdf0fd5c284459,1,credit_card,8,121.9
4f88a7f264d48920c4f0762d160212ca,1,credit_card,5,246.44
26691a6d8902f95be91e566557db80aa,1,credit_card,2,31.32
417e44a3df3ce085aeafc1976354af8e,1,boleto,1,73.2
df62ac4bbb9419ada32597da29f9fe31,1,credit_card,10,211.31
51520d3bdef580c2ffd3b8fea209172a,1,debit_card,1,56.6
5af2ccecee36c806f9dd2b49c3a8d09a,1,boleto,1,52.24
f379762648ae96c1d04844ca3308df86,1,credit_card,7,101.25
03310aa823a66056268a3bab36e827fb,1,voucher,1,3184.34
8a56969338e5970acc6a4e8d0e0c92a3,1,boleto,1,44.51
c9df12344ba358f97f2ee696709f2415,1,credit_card,2,56.37
a6eace8d7affa686ec69d39f9c4c348a,1,credit_card,5,168.29
d3660059f5d2ec500340d1bb2131bab3,1,credit_card,1,10.42
42113ccffae542a6aee6b921c765d59e,2,voucher,1,0.81
bd5d8e4ebcc034472954de8f591cd151,1,credit_card,8,88.17
5f320558febd0e414d9a52714cfbae31,1,debit_card,1,97.59
b388f41e0d1fb1960c7a08852fbd1f40,1,boleto,1,162.81
c2727cc96d58f1f1cf1ff57b3e4fac27,1,credit_card,10,221.69
c0e59bb74c6b71dbd39b3073120e957d,1,credit_card,1,93.12
5a5cbced9c57dbafd90dd9b04594b2d7,1,credit_card,3,167.96
a70e2a7c5779986b66893322855c4932,1,boleto,1,123.26
a4696d525de3823f56b75195dce92da5,1,credit_card,2,58.6
5b01111319bb33fcc77bb2aef3e938ff,1,credit_card,2,208.65
3f60c18dceaa348eb8891eea71a53dc1,1,credit_card,1,88.5
995b5da66f9cd51fa907e9a10e91054b,1,boleto,1,95.3
8cfa7a16b03f825c01508778166f12f1,1,credit_card,1,56.6
f5af86a3bea41e5daef5c06e7a02ad2e,1,credit_card,1,121.51
6cf9278559172d523d1fbcf08988418c,1,credit_card,6,136.79
6f38fec8657ada8f58c577f4a4d772f9,1,credit_card,3,59.56
68c76c01adcebe5c1bd51c0aa817bb76,1,credit_card,1,143.2
ed5d7387a2587321c48d376aaea806d3,1,credit_card,10,128.17
4b2113709e5d5f3760113b4a980cc88d,1,credit_card,4,244.17
b2217a354063d984ee320fa29b6baf1a,1,credit_card,1,181.14
1d092689be844c404abe12e678e2eef8,1,credit_card,3,227.0
20c4ac55ded9c34a63cbf3e1f570afa4,1,credit_card,4,152.95
a99b56767df11d454006074f4ba801e1,1,credit_card,1,68.62
169ec5c8e238376cc87f2984cb173f1e,1,credit_card,1,87.86
3ea27e818dd373d6afff3fb13be4910d,1,boleto,1,142.82
964d26975fc593c3862d2478025f51cf,1,credit_card,1,83.57
e21eee73ab66fa66d563ed4ceff5f0a7,1,credit_card,6,122.35
63b307ab04c077f83a3daf81ec78cf95,1,credit_card,1,59.39
a4e8c6ce4b3017aceed77c3e34035dca,1,credit_card,2,275.72
966c914d71ae9d1b59d440bcfc72d5cc,1,credit_card,4,343.74
695ace9dfd0a459275108b5c71aba45d,1,debit_card,1,173.74
2456821eb4bf8fe5ac094da15037a2f3,1,credit_card,1,185.49
de8323147a3358b9c4720ae5e8ef668b,1,credit_card,1,62.44
67899dac84e7e591ff0edc0d1dd0574e,1,credit_card,10,128.46
efa2e42246bfe580af1b33ae96edc78b,1,credit_card,1,36.02
c85dd5c7536e1f5767943db786f80a7d,1,credit_card,5,367.08
90a35d6c7ac144ef7398458a2beb3963,1,credit_card,1,45.21
a79af87b8a7a623374f879412adc351e,1,credit_card,12,214.59
0152de20f6e09fb1133847df8babd490,1,credit_card,6,225.19
6753ca1ed484341d2218aaa7ddc18e20,1,credit_card,1,46.71
fdb8b7471e58dbe1a73f0218723b58e9,1,credit_card,3,34.58
2728d62e6ca51781ee895aca18a89f31,1,boleto,1,37.58
f1a60fde98a0334e64d547ff9976c76f,1,credit_card,1,36.73
ee05ea68d27584f43ac19ad104738fea,1,credit_card,4,91.21
6563b375a3fad2d240225b16ee246f68,1,credit_card,1,120.98
1960190ca65fb64227cf890a91874094,1,credit_card,5,177.24
68e04d66b10f8b3ce33634655717a23a,1,boleto,1,129.19
6715132837520c5934acfadb854f1735,1,credit_card,3,129.53
cc7bd0bcbb309edb2cd6fd9e87e70fcf,1,credit_card,1,67.44
d28d530e6f5f2e1fb58e616b097b23b8,1,credit_card,3,98.23
e69e74f39691b8c09d8660c8e000ddd2,1,credit_card,1,52.85
3bc3db2c8da17bdf6b0344b1a2ed7cb8,1,credit_card,5,118.35
0df047ac4fa1b5eed06cc188e54fd23e,1,debit_card,1,103.86
a8ad75728836e5b2103463b917d0e6f4,1,credit_card,1,365.38
873c916c2bff3ea61a59f7bf7f0879c2,1,credit_card,1,382.92
d4b4050ad0885ce84603e34ee06201ca,1,credit_card,5,553.38
857abe904c90d0275b09c225b87d7f8d,1,debit_card,1,41.26
b876459be8cda353e0830b7ce970e067,1,credit_card,2,93.28
4e7838e2ac3b81d9d9ca377dcc0549de,1,credit_card,1,95.65
0b16257b1b7ee0922ea03954f2cae85a,1,credit_card,1,121.31
a5a5537520c39fc7d242138689e1f77e,1,boleto,1,126.87
c07e1447e2887a9588ca8fbbe9d3c549,1,credit_card,1,46.29
df5cc31d446df3719dde958e4f9dd5dc,1,credit_card,3,87.17
dda2dbc7b1340a2c9f8743feb8cbc432,1,credit_card,2,76.12
cf19b9eddcef18fed0071f773887b1e6,1,credit_card,1,55.38
fd774e7e5b81920c1ffe8af966a3558f,1,credit_card,5,89.58
02a3c3a1c72dbff557b2f56fc0caa847,1,credit_card,2,40.28
febdd4292b7bc064ae8e10f572aa2ce9,2,credit_card,1,12.6
6ec1bea8cbcef0a1b81bc9b7fbd37ccb,1,credit_card,1,36.32
3c3e5bec9a05202ab008c05c55f951fc,1,boleto,1,128.99
d6facb241e387bcff2026c6cc25eaf68,1,credit_card,1,133.51
0870bb57b1b24052c8ac2cd8df433553,1,credit_card,1,36.45
0ea5fe4904bdca87f8cc726a5bb5d768,1,credit_card,1,145.0
72ebb0547658a1d829e79aca8367d606,1,credit_card,1,280.79
405ab8184e07bfa663f7627527c96049,1,boleto,1,54.44
6f0ac9b2069a1f5b1518938be44d87ee,1,boleto,1,91.92
c0bc6e5c9ad833c1a7a566871b33c938,2,voucher,1,32.19
7249180b70badb4081586e4964f2c675,1,credit_card,2,245.5
8b5bc96af9b784e1819b28162f0ffffc,1,credit_card,2,54.14
9ff047a1638917c70a538d0aa9cdb6d3,1,boleto,1,78.0
23cb58815b6e6ba073afff7d37258dfb,1,boleto,1,48.59
2b40731966a5ce118fc7ca8b1cac993e,1,credit_card,10,125.02
87bad43228f375c518a80fd2cdec8e17,1,boleto,1,83.68
89875b3e82ac7361593b7c13d1ea5a02,1,boleto,1,24.39
eb529b6aa88196cef958e24a0a8f4086,1,credit_card,1,40.46
8e7c4bc6f83390fd197e3494442f1925,1,debit_card,1,93.24
847e04c1fabd29748790e74c1430c603,2,voucher,1,45.34
a524add4c939052769dca61e4e2cebb0,1,credit_card,3,87.18
6c0579db279e926d14faf051deae3288,1,boleto,1,71.7
57a7b18332c1b9b26d96e35379af3a38,1,boleto,1,72.98
f8fd2ac9626cada5584890581ca7e55b,1,credit_card,1,69.07
42cba4864b46e647175a24df49b1426a,1,boleto,1,154.18
24b2d434709c901b14bca606ef51cecd,1,boleto,1,109.86
8618c8cd264cece4218bfa403bdc4b14,1,boleto,1,151.05
9fb578d8a9c6d5c73ea157e45b69d479,1,credit_card,2,72.21
201164b89baf9300df72f328a6e5842e,1,voucher,1,62.39
93cb3576b5e361f46b9a9f1720a3eb06,1,credit_card,1,37.95
3b5ce64f9f05683358404919c5872b8f,1,credit_card,6,60.86
b46fff4b68b745db1498b3a260aaed5c,1,credit_card,10,126.47
1b36920ded6f3aa566e53f04957af0e7,1,credit_card,1,50.0
17be7ed9263bf0ea1f2e8ad91f699dac,1,credit_card,2,277.97
ef87b14cd30d2df42c047bc6724fa9ae,1,debit_card,1,211.83
cb38a96792763020d1c6a3f5e3073026,1,boleto,1,44.52
0b82d0616f1ad8da15cf967b984b4004,1,boleto,1,33.69
65480799a0ea99cc43f86d3af16e9d1c,1,credit_card,2,275.97
455c8cc6fcb8015c8fa06b087cf373b1,1,credit_card,1,111.71
46b822b7e203850a10e485ed02abf2bb,1,credit_card,2,161.9
1270910d921270ad6a35e504554c4068,1,boleto,1,264.69
984d7b91d51b86ce72cbfffc2dcdb8d5,1,credit_card,8,219.1
7a36ddcacbdd80a7dd8771aa4c6e465e,1,debit_card,1,43.6
f887e6cba479b38cfeb57c84d0b5c2a6,1,credit_card,2,51.23
00a379dfab816a83741012b71b264098,1,credit_card,1,23.38
fc5940447e1729d88293fb999ad3c2da,1,credit_card,1,25.67
9c893d6ab03661d6f07382306b4de688,1,credit_card,10,113.8
55881111d8b37a0e45cf97b156ae1943,1,credit_card,10,305.57
56c342adb8f074b20da098539a429d68,1,credit_card,8,319.99
180fb4e6556687774c55bc255a5f7d8a,2,voucher,1,47.78
1254db2858a5edb97a4c724409299e13,1,credit_card,1,118.35
ccaf9bc3712aea66d07acdbea64e069a,1,credit_card,8,232.45
556a840ca8df33d08ff39fed4a28792b,1,credit_card,2,106.52
b042196844fac663617a8534823b6720,1,credit_card,1,84.36
55818ca5e8e590285938c49fccd72eef,1,credit_card,1,37.54
2f547e1278ec9e38b722447379fa08b7,1,credit_card,4,363.46
ec089ea63c9167d2ee9a19ab32d22062,1,credit_card,1,45.28
0fb0e71d92a103ce203e4b32be458d9b,1,credit_card,1,78.55
6dc1b0448d8665a1ad93f2c1ec5b925a,1,credit_card,3,204.12
02bd584dedf7373cb07b6540cadf9a76,1,credit_card,1,77.18
2464a4f54814d3de636541955feeb947,1,credit_card,10,208.88
5b4101f533b7c66611b649809ff634b1,1,credit_card,10,122.49
847e04c1fabd29748790e74c1430c603,1,credit_card,1,3.77
4dda81f6169b472f50dc01b2c3cea637,1,credit_card,2,119.37
def43ca6d79899925ea0c19f4fb63200,1,debit_card,1,80.63
0c9c2a32f57d7b49bacbe81e5534cbba,1,credit_card,1,42.77
a2a04ead650a00874aec73c0d989298b,1,boleto,1,37.95
363c3c7c87e46fc1262fbd46cf22daad,1,credit_card,6,698.85
9d62401a06bbb0dc190562ce8b24f0c7,1,debit_card,1,111.9
6c7cd83914ca57ceb8c205d80630e699,1,credit_card,4,113.08
32cf1aa0aa0ea3a91c9779d558515782,1,credit_card,3,52.91
374d4811c6f3657ec62ffec582801ccd,1,credit_card,1,69.54
1b9b1209ee112e9b2276c880746615e4,1,credit_card,1,101.55
77e9941864fc840be8e4b1ba5347c0f7,1,credit_card,1,103.27
c2213109a2cc0e75d55585b7aaac6d97,1,credit_card,1,34.44
a2b932dba58739e74b19e8216b7de165,1,credit_card,1,37.73
38eb04fead5a8c966e7e01b87830b50e,1,credit_card,6,126.19
6be6d87095d612a3a5176d6aff456c62,2,voucher,1,100.0
f622f166555604252d12a9f66850ce2f,1,credit_card,2,57.89
a1d83bc33177d956b86ece86d32b83b2,1,boleto,1,37.37
ec6fad60162a199dc5aa0cbb021b26a8,1,credit_card,8,259.78
07d3edf3fa2d24ebc102315c95ec89f4,1,boleto,1,25.78
61a23849dae9124f254660f6c968fc37,1,credit_card,1,113.55
7d0bb97fefe21572745b2bbaa3b4ce76,1,debit_card,1,42.51
88a7f34793df2b92c81d02a09cec8e89,1,boleto,1,130.23
fad1f2027ab155751ea0746b70f81921,1,credit_card,3,70.97
4fe6cee06467399353cf7a3068d59064,1,debit_card,1,154.06
5658cfc0ef9916f519d7619207a08379,1,boleto,1,82.79
52064702688c67baa4242897e9136b5a,1,credit_card,10,166.55
0b5bc52b360d662aac171cf7ae46f187,1,boleto,1,82.79
1cf0fc2c07de89a211f8dcf9ff5af15b,1,credit_card,3,415.94
b8e3ff54d639c2f49ecf02fd959dea2c,1,credit_card,3,165.11
949685852c781dc1ceefe5810f2fbc27,1,boleto,1,128.78
8b5512b2679b86761e6aadc28ed91762,1,credit_card,4,221.46
997cd4e2027406aafa35d5c0e270fe1b,1,credit_card,4,97.43
f672188ca89296f0a903617f5fca8d17,1,credit_card,1,15.84
254496381e0184650717e8cf8e456d50,1,credit_card,5,59.46
f3e4a09f99041d910314f9d99b3fc80a,1,boleto,1,59.4
710ad9913c5b4fc7c5d5a890082b1029,1,credit_card,5,78.64
2fd164f74becbe83e1b81f3f3ab94d07,1,credit_card,1,22.54
2060cb090f613a2c6e389e351afc8031,1,credit_card,1,98.15
f50e54b63f3aef3514497d67977256f5,1,credit_card,1,156.27
df830c3266897b412bb8598ecc43c09f,1,credit_card,1,90.42
e1dc59c8a0073f7889eb0b714c97eacf,1,boleto,1,26.78
d578e968ce420f393efcc423ada6f0ce,1,credit_card,6,67.44
e20a706ac55f135718368acf3c333dc4,1,credit_card,1,59.22
12ada6ec0be92b66bd3392b1764a4588,1,boleto,1,400.66
c6f64ddfd9a519815891070106aa9543,1,credit_card,1,169.74
777e839a3f71170e58385675ce610501,1,credit_card,2,98.65
f478f5a8d328a5e473e8c09106bfb312,1,boleto,1,96.68
3eb08a4c95b522bed075ec059ad858ab,1,credit_card,3,224.51
d6b2e1ec7df97339dcd2bea853f8ff0a,1,credit_card,1,157.79
bd429f272e71ed50b0adf8defc8d24e1,1,boleto,1,715.34
fb2f2200a3b712539e9eb91ef5c7e1cf,1,credit_card,2,35.36
a3f586050d25a10efc72e242c88e0c03,1,boleto,1,58.38
b14127bfb817fb9d5883aacd257bb447,1,boleto,1,199.26
80ba49127f9a97f9bbe4e60770798cc7,2,voucher,1,69.41
54a51314febd38a9bfb89a9f49006289,1,credit_card,2,198.75
f1e56e6888d31427f56814ae6077aa45,1,boleto,1,119.89
601316c0f92a0da733702a7b89304189,1,credit_card,1,28.13
cdf746aa8492ace4e8785a606adf00f4,1,credit_card,7,143.49
75c3cc4d3b69230a82468be4d1afe002,1,credit_card,6,171.03
b67c374fb9fdcc4009a0ab62b4525632,1,credit_card,5,246.81
f5f5e7dc064892b36f19ed8c2b40e1a9,1,debit_card,1,83.76
4c1b702493f9e6a8e7ab024bd34ba0d4,1,credit_card,8,171.84
d2deb9270ebda7fd5dc5ff3b9a499a58,1,credit_card,3,189.19
87d28de656e647d923b2d821a32c79c4,2,voucher,1,59.03
1b2ea47a491df032b8a995d37f045681,1,credit_card,4,515.28
12dc316f04369335263005a3f304d101,1,credit_card,1,57.27
938ceb503f66e3598a6e79a24745ac16,1,boleto,1,134.81
0b90ac9175a39196661a45b34be587e4,1,boleto,1,131.58
b94117844529c52fab97f521c434520a,1,credit_card,8,145.45
c4d4197abeec6caeaef01372a05ff714,1,boleto,1,340.28
67e5eba68c1f19de1a6cb6dd510deaa7,1,credit_card,1,27.74
65272dc3f6aee70b17f962df52f16f73,1,credit_card,1,83.73
5a1a4a4a31e003b67af6ef6dcb9750db,1,boleto,1,156.7
885a4bc7ab1c81c53d7ea58b81bb90ef,1,credit_card,1,214.47
a9493527e59e8341b49a5d0a41b0623b,1,credit_card,1,24.85
42113ccffae542a6aee6b921c765d59e,3,voucher,1,135.13
f1ffa84db833c490ced2c3bc52b1b833,1,credit_card,1,37.13
bf6a2df6b944199274254f8bb0159ec3,1,boleto,1,78.27
8053ea64c064df7d22ccf2099906d406,1,boleto,1,109.35
3446075ceaabd2c708b0108c2f4da282,1,credit_card,7,253.23
a111f1d17afc3e76dd0c2428a96a7617,1,boleto,1,114.49
f35013d66cfcbe79e1bcedd6fb914278,1,credit_card,1,77.45
47d160e3b388f73aa2dfad3c508f4ca3,1,credit_card,2,162.9
bd11d8a02c0645efcce377e63362cbf2,1,credit_card,5,591.88
b3f8cce18de7b670b4bf149957000470,2,voucher,1,37.05
f4bac547781ca354b61cb06c887547a1,1,boleto,1,102.57
e8a7971efe578b8e5a140c59f190c52b,1,debit_card,1,196.49
96bb1f97b225fb91cdfced5bbae3166e,1,boleto,1,179.02
b08e84226fa195d1d2f2edca21486c8e,1,credit_card,1,142.56
679783b320e587d8e1c9e0dcb2421539,1,credit_card,2,203.08
732a77c453f0b9ea3a2665a575f3ecd3,1,credit_card,8,378.86
cadf75f0c2e29639d54ff0430d98e9f7,1,credit_card,10,169.94
50464b5c4c37ca488dd7857dbaff4840,1,credit_card,3,544.52
a5a1cabede9ba7b85cc04f0c65bddb88,1,credit_card,1,58.52
170b7a63bf7b5f3d511c138e81f06e54,1,boleto,1,107.55
699c772093df6cd7b0a73ddac5132a93,1,credit_card,1,189.19
d00c0296f63ccdcf9062c425887095e6,1,credit_card,1,45.8
3b881091c6fc2687191b01c705287c13,1,credit_card,10,189.34
d54585273ec1cbb4c450e524d11d2277,1,boleto,1,42.1
e28a6e3aa7a161c1681ff579233321b8,1,credit_card,3,163.61
d147001bf6f7a4295040343db205d9c1,1,boleto,1,136.91
4cfe6efc40f9645ef7b88440a1c64149,1,boleto,1,56.6
e762633655ca1d869d2036864e96fb6f,1,credit_card,3,118.35
d56b0809a6666dd3fbadb40902a42b41,1,credit_card,10,143.82
fae8533726bd31cbcb92d9bdcaf5e92f,1,boleto,1,77.21
00f1bb0af030935db1745ee28367ea26,1,credit_card,7,288.88
917fa92d0e4a7a2297aa28d79a35b64d,1,credit_card,1,164.63
07e68b7ed834c392f26a154d8997115b,1,credit_card,2,199.26
07dc1dc61c5ee9a1387069fec64b6663,1,boleto,1,59.56
5cb47274e256db548371bc1cd39f1bae,1,credit_card,3,84.75
43787011f63fb232ab281d68142f504f,1,credit_card,6,69.12
9476b4b16d22b40903f24895e4038590,1,credit_card,8,93.32
c5fd5386640ddd76adc482b72d24a02b,1,credit_card,1,4.92
e979a3bd2f7e22a805e38dd992d5defe,1,credit_card,1,60.7
370d5b41dfcdc96d0edb780967153d4e,1,boleto,1,61.19
e02d97dcec0827bc0ac1ed539b48e546,1,credit_card,6,106.3
98886a41872c9df13b990863b330f710,1,credit_card,1,81.5
c4ce02b0d68f5bf60e5d6bac4701350d,1,credit_card,5,384.45
f05b87cae9d521c780bc3dfc281ca892,1,credit_card,6,114.98
a395628c3a4edf913a8abd71556e87f9,1,credit_card,4,190.09
d83f19fa5fce346e31c60b35257f4329,1,boleto,1,195.54
7737b48ac906ed0be3c192bb1fc4c4ef,1,credit_card,3,180.32
ec34503555e993a9e7e2272b563d416c,1,credit_card,4,143.46
5c76d1348426fdd99247825f50c45a2d,1,credit_card,5,165.94
880e262ca224fc654e306f76653f4d25,1,credit_card,2,98.35
96c2e97254411b014e9c6497388ae8bb,1,credit_card,5,76.51
6954eac303f94f5f51b80deb4ba7be50,1,credit_card,1,67.68
23939807bace6dc4e9701a868e697f76,1,boleto,1,132.82
fc174f22ce400b79551344335ef7d9d9,1,credit_card,10,884.34
3f090361c1e3266bf3dda7a00df3c0ec,1,credit_card,1,28.88
ec3c3d2c60257d3b6a6c4ff3644f4fd8,1,credit_card,1,52.04
3f3db9c8cc4092015241bc6697ea24ef,1,credit_card,2,29.43
ba45b8302387142f547f4acd1c75b61d,1,credit_card,2,163.85
8a268898598fdef7f8a38b795bc111d9,1,boleto,1,93.28
a9b95188aba6b5eae1ff1239714f3847,1,credit_card,1,43.98
e086a8e8919e918a3f1968ec76281bcc,1,credit_card,4,129.37
5d971e980c1ac22c7eea39b173d48679,1,credit_card,3,153.7
cc0ab0fd1ed4c39ca56a885ae303aa87,1,credit_card,2,99.05
9f81e8f6c74d99562869844aafbfe0d5,1,debit_card,1,221.81
09a93e48d7e84fa082320df90b072c7b,1,boleto,1,128.5
a1ad76f125118edcc2ba7035e9a59c7c,1,credit_card,1,269.4
85f1556f734e21409383816d518c8101,1,boleto,1,117.16
87c883900b2dc61189bb316c6c00250d,1,credit_card,3,203.18
541b54f009facbcd67def4fad5d0fce7,1,credit_card,2,206.43
788fdf598d5dbd1de9c4865b1b1824bd,1,credit_card,1,111.62
a5f8c36187658cd37c05515c06cdd941,1,credit_card,2,37.46
b3e7ea02bc00558f1ee99a2927181b4e,1,credit_card,3,117.73
e5db7bda2b901c39641219e0b0112e5a,1,boleto,1,40.97
1ac975a2e0caad3a89c4c5bbdc8f996a,1,credit_card,10,104.79
df75241689bd24e168f5796f7d7fc115,1,credit_card,10,135.05
8aa454f4a1257f74aa178aba255e7cf7,1,credit_card,1,139.06
fcfb5461769cc63d4c83cc3dd5c2ec55,1,credit_card,2,83.45
f16cbac8a72057c2daba4b64662100ba,2,credit_card,2,400.0
2a6bec11c832798d5062d5fcad19635a,1,credit_card,2,72.27
f3dcf0d2824efde907e341ff4997f693,1,credit_card,4,435.23
d2c1f29355ffc2e07756f267aa965c28,1,boleto,1,32.42
5ab34a3449b54e0fff6d7ba20781a655,1,credit_card,1,113.33
50da5576c9b517983b6f5fcf44863cfe,1,credit_card,1,88.49
84b3b056e8c005f680939ef08864292d,1,boleto,1,200.33
a1ad76f125118edcc2ba7035e9a59c7c,2,voucher,1,41.54
18a8340e8091e1cec53fad4f26e66a4f,1,credit_card,3,93.28
edc07d2563b2d10bdf1a0376f65b8f76,1,boleto,1,28.23
6728a6a592a63817d0ac211044efa702,1,credit_card,4,156.15
8e43f2c9b150b717ae56640b5fb64150,1,credit_card,1,56.44
c33917dff50a1d91d9d26ea3c5e3a65a,1,credit_card,1,36.94
a29c25c2c9c3100daf48a25880312c23,1,credit_card,5,289.9
ab4b37a7cd1397e63f4b25586d5bfe9f,1,boleto,1,174.9
375aac0ed45f117fefb4e511189306d4,1,credit_card,6,105.29
d1ee985bf7378b46fd1058b35c8132da,1,boleto,1,119.19
37820e5c04da5c34523175842e470d25,1,boleto,1,62.25
9321040d6f0176fc3327a596dd023d6e,1,credit_card,2,71.07
e8745aa1fc53254235ceef55710dc6ab,1,boleto,1,319.14
b3f8cce18de7b670b4bf149957000470,3,voucher,1,12.35
8fc45fcea7ef26a592a2f96dc5fd9b05,1,debit_card,1,22.77
5e41ebabb65c9b6a46dbbfee1b4d6a4b,1,credit_card,1,22.29
d001290419ddebaed22e4089349d4258,1,credit_card,5,147.81
cc4609648b8cff3ea47a04fc4380c25c,1,credit_card,8,211.84
66bf8e132d14cff2d0ae1145e3f70795,1,boleto,1,349.76
68a049ac76db01ce0790c5dc64351140,1,credit_card,3,64.66
ae022df91338bf0b68f5d5f179ad8492,1,credit_card,1,81.46
9ec8075dfc41a4b32e00cdac5dcca698,1,credit_card,2,157.07
11fb3a6f90bfba7e4b6717e62fe6cbc1,1,credit_card,1,139.56
8fb847d8f402a68dbcfdeac4cf2375c3,1,credit_card,1,259.68
9b21580d9a140962daa66b493fa50248,1,boleto,1,93.28
40c3b608098b72f21af4a0a9006af9d2,1,credit_card,6,63.1
d2df2c8001cece568604ec609cef2167,1,credit_card,1,23.29
fe94f63f2f4d326a6da25bfe07ffaf93,1,boleto,1,45.3
b1cc959223d3beff53d4aeb97b8b6a8a,1,credit_card,4,186.19
6cf42ae592086e2192284047cbfb4632,1,boleto,1,165.28
0e26d0a204b8688d2481b72560ac3ddf,1,credit_card,2,256.66
b1e9076d07f0a18048ce3182655825f8,1,credit_card,1,81.14
dc05a07c0cc70e26e10e274313034ad3,1,debit_card,1,429.64
867d8052e7e00c74f4a3dc15943ae847,1,boleto,1,30.23
9327dfbb07028fce8769daa61e598891,1,debit_card,1,54.74
dfbdae4128710f6f089dca71d4bc4844,1,credit_card,5,127.04
57cbc8e34a5ceffb92f8b3193e4ffdb8,1,boleto,1,113.33
3a910fcc31e93133ce84280ebc47d956,1,voucher,1,33.15
64eda3241f07453a9d8aeb85428c18c5,1,credit_card,2,45.21
2ac44694fb65d738c9b26010ef5e6915,1,credit_card,1,148.4
5c8016724722d7906a7e8cfa22d7727d,1,credit_card,1,49.55
fe4021e2697d2b86229336b10e91128c,2,voucher,1,30.93
87daa04cf49273df4f787a55b303e1a2,1,credit_card,1,88.49
80967070f5cc6d8bbe062cda5b15d84d,1,credit_card,1,67.58
d68d5c93a1000f0278b511ffa6aeaa50,1,credit_card,1,46.51
7627cb930af1800bf8aa7275633c9eba,1,credit_card,1,95.85
ec99cf3ef9a84993f1e55aa4fc615c42,1,credit_card,6,475.04
726f3a5a67d986cbbf10bbc4f72cd4fe,1,credit_card,1,18.89
2b749af514f3e9bd00fb20b105f36a83,1,credit_card,4,602.38
8101f323f454f972d5f4773094d2c5e4,1,credit_card,10,245.7
0760a852e4e9d89eb77bf631eaaf1c84,1,boleto,1,50.35
74599b2f01a4dc2150e3e9c9d8ecab7f,1,credit_card,2,59.49
bcdad86f44c780bf1aaf24b66dd97753,1,credit_card,8,142.48
2c9a4bb73b123a0d370e12b5bf22b0d7,1,credit_card,8,170.16
6a5c76325c753e637e28d3efd69e0a0b,1,boleto,1,43.17
fdc0ec1ee168b2b7c9d3a501b0d1d69d,1,boleto,1,79.52
1d9c55c6ee885e00633510da321b569f,1,credit_card,1,52.63
dbe8fba9c7020282d2cf4a214f28a256,1,boleto,1,162.79
369c055c7ea13627ab3d3100c5af3e8b,1,credit_card,1,30.82
a00b62f3da02851a10f9dabf2708cfb9,1,credit_card,3,185.64
81342024c8d07f66fa2852d3c8d9b890,1,credit_card,6,158.73
c20364e03cd232810a496d07ef593e3b,1,credit_card,4,110.77
e932edaa6417ab9aba25187f8e6433dd,1,boleto,1,34.22
e5e6a20a4c3fbe6ee280c01f8fe279cc,1,credit_card,1,71.27
575d1ab8d021ded6ab9bd7340d7b7b42,1,credit_card,1,103.83
38793c3d7ddaedf4e05f8fe9ce42ccf6,1,credit_card,7,250.91
5043c2e9366f7600db60c67283a20260,1,debit_card,1,152.63
bb04237dd8964e0983c1d0bc623dcfeb,1,credit_card,3,171.43
61c136fddac571834516a52d2e03458d,1,credit_card,5,55.86
1230f41d95a6fc74a51d388e8b1e8810,1,credit_card,1,210.4
91e573f4d0f3c29490414ff2f58a423c,1,credit_card,3,132.82
38cea9cee434d8caeca46e5b63002eb7,1,boleto,1,212.25
a965f9a56bd7e9a365d2cb5818934cad,1,credit_card,5,115.57
ae96c285e2413fd08d98768e8dac20df,1,credit_card,1,87.32
50bfdb0627807130b8f989106c985a75,1,credit_card,8,81.99
4295876088eaa108fede7b0b77109ed3,1,credit_card,10,111.78
63566db60bbeb077e5d7c18411674b8b,1,credit_card,2,205.95
8c9e68d34aa382d77160f9a1190037ca,1,credit_card,2,78.32
06bc7036f4e52afa8213176211d6ebba,1,credit_card,4,95.56
fb73306df41afb7ed9222b25f9ebdfb4,1,credit_card,1,83.76
bb410325795fc7a944df598360cf5f08,1,credit_card,1,53.37
8835bc08d0bba62b3f65c7903126fa49,1,credit_card,1,78.51
33621dd1b751a02342dc065c32f1c96c,1,credit_card,2,116.17
4d670725075298192ec296c1aa5f6eab,1,credit_card,4,60.98
c95e5fb0ca685ee52a7db232285bf70e,1,credit_card,1,46.2
5afa996de851bd409a84c61745106947,1,boleto,1,137.04
23f99f3d6a5974cd50c00ebb3d6540a1,1,debit_card,1,238.63
e07857247dc486cab4563ffb9d9aeba1,1,credit_card,9,97.88
11120fb91d0191b1174ea4e37043ff39,1,credit_card,1,159.62
f7f0b79050e7ef0b1cf7ffceb0aa114a,1,boleto,1,126.23
d30daca327cb882c3ccccced457f69f8,1,credit_card,1,75.17
3e073b27114fe955e184db124d34a566,1,credit_card,6,1047.99
0b584b729bdfec204ec2aa5d21d6ca56,1,boleto,1,78.22
7a2f802f8cd01aa62fb904b952932edf,1,credit_card,6,757.95
caeae132e3ebfb4af85f98f054c37ef6,1,boleto,1,87.54
1b5339b3d49c30108e0aa8c2c2cbbbd8,1,boleto,1,279.91
c05dd0beb102cea787767476aa03d03e,1,credit_card,1,56.6
eae56efa72774fecde3f265b1fd74e01,1,credit_card,2,117.12
d1ef94426d8030042fb422bf0891ded3,1,boleto,1,185.2
bdde0e6ab375f21ce8915c8b0c359f91,1,credit_card,1,126.56
16b0354e89f049afdd965c97e243dac6,1,credit_card,1,43.29
ad61bdad0a6d5fac6af829eba1fa4e84,1,credit_card,1,68.35
5c7cd811e61b95684de8c9416aa236ce,1,credit_card,3,67.44
976fa354f6ecccd2abd6d95c676ab62d,1,boleto,1,57.04
b68dcf49a2ac5d629f24860c2959c6ab,1,boleto,1,55.43
56f8f42c9ba3fde1fd14794adfa04b1c,1,credit_card,1,63.68
db62e0a0d6c8476c079bda2174228551,1,credit_card,1,25.29
076dc4ca874b482e0fed6263b1ff1b5f,1,credit_card,3,39.05
c4c6f4e48fd572d4d909012e522ab9c1,1,credit_card,3,194.37
e1bea0700731c9179b4e7e2e0183aa14,1,credit_card,3,31.79
866e0f3023c57babaf95164f170317e8,1,credit_card,2,220.49
e3c4e25333597368379529a91b6970a1,1,credit_card,2,68.48
1d71e35103fe8db2e50dfff158650e4b,1,credit_card,1,127.4
7a12712273a3da7417b25f9108162305,1,boleto,1,195.54
8cd5aad1cedb4a08e019072b76d6ec9d,1,debit_card,1,25.39
3bb5b510c269261066a258389a2e00d7,1,credit_card,5,351.22
5efadf4b12dd71ad2003ee3b7f2b24c3,1,credit_card,10,171.4
890c646ac2f95965fe8b02b81cfcdc5b,1,credit_card,3,56.6
bbac13f5b68d5b86c46f0a89a014b5e5,1,credit_card,4,570.71
907424cd045f2dcb775507e367f9ab60,1,boleto,1,268.97
84ebcff41a92fda70c984a3ef76d1237,2,voucher,1,28.0
79dadf439ff9c9463421094b730899f8,1,credit_card,2,63.55
8006b152280a7ed38378fc8eaa989a7c,1,credit_card,7,78.03
44900db49b182f4c5488152220bed716,1,credit_card,5,84.67
a1e6a1eeef79fc64be1040e5ac6d3119,2,voucher,1,35.0
143d00a4f2dde4e0364ee1821577adb3,1,credit_card,2,121.84
455fa9dc182a1003b2d78824f8aaf8d5,1,credit_card,8,335.19
0725532304d0cfa92301860fe3075a28,1,credit_card,1,43.41
bc6bbd933ea8d286847d6eb88c6083ed,1,credit_card,1,33.38
f97a4a857b9a91dd1e7989becaed02ea,1,boleto,1,25.78
7a04f1c505fcb55b00384ea037f73f24,1,voucher,1,52.53
38957bce5d0653b7a5b419556e7b9ba3,1,debit_card,1,168.08
789bf50b7eafcaff398ea0b735b4787e,1,credit_card,1,153.1
8f1327c6715c7cc4ed142be589174903,1,credit_card,5,258.67
1c723386781fca8d1e45ac747914962a,1,credit_card,1,178.92
9c11cb61b9393edca31cfb6d985642a7,1,boleto,1,70.89
28bfa0968ea8dceb17513700ddfc0745,1,credit_card,4,134.02
298787a86f7ed145b210dfa7262fca2f,1,credit_card,1,35.09
22c8ca185710c015f6ae93a6d78c9b4a,2,voucher,1,87.9
27f01bec8fbffea109aa86d4d3364a15,1,credit_card,1,73.1
70d7affe471e6f94c28682a3bd9b5552,1,credit_card,1,42.89
85e84e0247a114a9d610cb0a24710ad3,1,boleto,1,78.42
bd982aee32cd290fc0ecf05ec77c326b,1,credit_card,5,119.32
45e23c55f1e319a0808c5924598cad9c,1,credit_card,8,205.08
8c3337e8848790574f8d28f6591afbb3,1,credit_card,2,101.85
e5e97ea49a63037149fb40b8d41f87d3,1,credit_card,1,70.58
7b407def87721a29fc233b7ae9ad6013,1,credit_card,4,579.78
7b5004a23c4918b7c96c9d0cfd6107b6,1,credit_card,8,394.52
c526fe83c01c48066394ff5d81f9ab9a,1,credit_card,1,134.36
761de39b98af23c2f3b771461e2c5e2c,1,credit_card,2,152.88
60c2fd4bd6d23ab4fa7a910b61dac591,1,credit_card,2,87.72
05ec9565bccc292561dec1d33bfefdfa,1,credit_card,5,62.92
637829c452a59980120d8015af137b78,1,credit_card,10,1655.6
6adde7cd43f44ee3300a1490d5dc191e,1,credit_card,1,116.74
a2dd49b6ff8f34233706aa765cc0607f,1,credit_card,1,85.49
f8941c4e03c5fdb1736fb5cd167c17a1,1,credit_card,4,389.6
045e0b29f969d5cd3bf5ca04087a4af8,1,credit_card,1,91.69
ec9b762e44b1848fb62eab0de58e8abf,1,boleto,1,52.85
4014ecd96ac1d06f8cca3ac729c389ff,1,boleto,1,53.62
a02dc27653c8ef244fd7d8c4d5bc81f5,1,credit_card,6,334.02
c3fe6314b2bcaa6de6f9611550dfa399,1,credit_card,4,233.61
30bef37a80d21494c619aea50b367550,1,credit_card,1,89.77
82728f6b511aa8dc053ba674db6f8b24,1,credit_card,3,95.3
7aa5fe5b772da0099ed083f51f800e8c,1,credit_card,4,79.66
e71783fc8cd92f708d13542f6d17ff7f,1,boleto,1,84.33
740ca5d56791bd56068210f715589b51,1,debit_card,1,599.05
0231f6b89e5798ff6c0dfb1e18a94da9,1,credit_card,10,648.77
1de20a0990748db5dffe019f0cac3cc9,1,credit_card,8,88.06
62fb9bca0ffbfb14ef2cc2b79b4434a5,1,credit_card,2,167.14
4ed868229ad01b5686124edd1f82b18b,1,credit_card,2,144.97
c28c4378f50e09ee967e830dac65634f,1,credit_card,2,59.09
ecca6d9e70db69a20c2cca23b23fc8aa,1,boleto,1,133.36
cdbbf42ba3892a989ca5b644ee43db7f,2,voucher,1,34.22
63c3ce671d34493be2e342ac33a8249f,1,credit_card,2,117.49
9fe72f719dc088c3eaed6fda02b077c9,1,credit_card,2,60.6
e29a4d10668e15562da79e3366da92d8,1,boleto,1,48.49
156282e58da82d36a58582a6a94211e5,1,credit_card,4,90.49
39735cad3fa0e9f2ea20c536b26ac87c,1,boleto,1,36.09
8ded9e858af4bfcc66b2bfd35b762268,1,credit_card,1,134.93
5f3c3f02ee527647eadaeab108a89f51,1,credit_card,4,166.04
a59d7b222600db38a7e511fd9499719a,1,credit_card,5,211.12
9d490e0cc1734e6efc3c66e08acc7d3b,1,credit_card,1,42.77
19ba784efbf17691a04ac155893e93b8,1,credit_card,1,232.07
a67fbbbf7ef00baa90a44ab097b61e29,1,credit_card,1,36.42
d86e65a13d3e7a90d876cb6b9064f1ac,1,credit_card,1,207.5
700a3f10e64cfd0df7f2aea217cca5fb,1,credit_card,1,147.51
7d09831e67caa193da82cfea3bee7aa5,1,credit_card,1,65.35
3fd0aee5e461a0922a15e3747a042332,1,boleto,1,207.62
467ba1d86d45ebd9cfa12501a08f40ec,1,boleto,1,31.22
4cbe925cfb272323db0ca38c5dcd6e6d,1,credit_card,1,54.86
5ebc0e4396ff850d059771c6a0a3b4ab,1,credit_card,2,127.44
9460e47bf3fddcb92a2bc8023ae541b2,1,credit_card,2,125.77
326fa4ef13e06290f3b142da7663d4af,1,credit_card,2,27.85
aaa2176c2eedbba6fb84a3d63e01f433,1,credit_card,1,56.87
dc952dba5b4ae9cc2ea0eb4757f0cdd0,2,voucher,1,50.58
626a8ff56da018438dd2249de58f0014,1,credit_card,8,196.17
f963c329c770720f168067c84761f221,1,credit_card,1,43.89
79839957c6cbd8ae3f91d44c7e740207,1,credit_card,2,57.98
240143ab3914b9052e329d80e795b1c9,2,credit_card,1,49.0
8fc3842e23d0010bd7f86eed9c0b3c78,1,credit_card,6,234.15
15e67a6eec264915cd81f8f57dbacd81,1,credit_card,4,332.28
3c75574b6ba7015391e4755c6c03bd12,1,credit_card,3,119.79
22a0afb00de21962e96bef9ec5b51223,1,credit_card,3,60.52
2a77dac3cf72264c6013ed1ee5fa8cad,1,credit_card,6,138.74
7e2161123332d22deb9d0fe9a4bcaa1a,1,credit_card,5,132.82
983416e50ec1adc19bffa333e3dc5bdd,1,credit_card,1,27.39
ad005b5bdc8ec1f3085f0967211207d1,1,credit_card,3,54.01
29d3f2fc23b7f95b28dbe5e3ef783d93,1,credit_card,4,287.0
915e61444d403c1c57fa206962c3e60f,1,credit_card,6,68.44
c3f5604968d8dd5686a261e2ff17cb96,1,credit_card,8,340.02
a3729d646cfea82533ffe6992fe17539,1,credit_card,1,42.37
6f0bbdaf91746e96253d10fe7e374f7d,1,credit_card,3,238.16
e2a0f7c30f5e78d97892b4140fdc0979,1,credit_card,2,138.85
cd974875c10f96dfe6a717e02c625feb,1,credit_card,8,672.93
ff3555a6834ab7c343f8b67157dfdd07,1,boleto,1,39.78
aef73437a579952b833ab7d9cbf58bb0,1,credit_card,2,187.86
91fb016286a84fa7006aa6033499914b,1,credit_card,2,87.07
dd63de941b6998a80f25d03116747f9d,1,boleto,1,22.29
49de2042facc292abd730e3dc6c0a75a,1,credit_card,1,207.42
107c13bd61028594c5dd87a1acf92f45,1,credit_card,4,176.64
be49c4e4b3b0f04ec7752ea004feec8c,1,credit_card,8,429.09
1f06e0b20a4b5a839950bf1f9f779957,1,credit_card,2,92.28
79aee5d2f7328b2d701eb4e87f54ce47,1,credit_card,5,188.99
aca44cb492f80075220916b0a4486b10,1,credit_card,3,199.96
fd566cfe4efd75cdc3ac93a0e1010248,1,boleto,1,128.37
9e10abcef882f49dc69054c4b9f001b7,1,credit_card,3,170.29
08bf457a7ecf8ba28efb48f0add11cca,1,credit_card,1,97.32
c1a9b3fbea92e83c4a08229da82a0136,1,credit_card,6,701.85
255f9f53c24c0cf657d03d7a4b67c1d6,1,credit_card,3,179.82
6e4ee1e1cfdf990b9c37dd33df4b2bb5,1,credit_card,1,263.47
a57f69a30b656e82f1c0a04f0f644e34,1,credit_card,1,124.58
91d34a183e2eae29ccb607481a4d8ca5,1,credit_card,2,24.06
9bcb423a861c6d643c7ce87c0cf4c7c1,2,voucher,1,35.0
25d3716d0097db13efad1ec47ea26551,1,voucher,1,48.3
454c3851ea6ca1eaa09fd44d2502aac0,1,credit_card,1,32.7
f346ad4ee8f630e5e4ddaf862a34e6dd,1,credit_card,1,53.66
7d026db5c988be1bc3facec0e7fdb8c9,1,credit_card,7,106.76
c30a47a0dddaa5e8b49d103368bcca27,1,credit_card,1,68.43
85cfaced617bb14d7aa5eeacad8c6ee4,1,credit_card,5,71.74
eea61355af8b855cb3b052efc66b588c,1,credit_card,1,124.07
e2f55ffa361f22212fa093de97e60fec,1,boleto,1,81.9
9b430d2eff640e354b1e8eacb8a30a2c,1,boleto,1,276.2
f4b7dd32932ce541611390cebb64b110,1,credit_card,1,145.07
c5c8d33a3102ffa7d6fe4072ddf0ea8e,1,boleto,1,84.36
4c6e24a5fceacbcf444cdb5141ec1688,1,boleto,1,75.5
ae20f5a9812b11c76007a2c389285486,1,boleto,1,75.58
87d28de656e647d923b2d821a32c79c4,1,credit_card,1,43.56
24ac7fc612c1995049d602089ed733fe,1,credit_card,10,264.08
8da7a1c49a88ecf2f5a92925c9333af1,1,credit_card,10,563.77
9b087af1d905d8987ae126797c9d15b1,1,credit_card,4,102.73
eec93f9fe0cc92067ebff02639cfd67d,1,credit_card,8,354.24
fddac1185cdd53d496b4279d6fda1112,1,boleto,1,32.79
dcda6f9e7ef0110e7cfc192c003c8ae4,1,boleto,1,119.37
dbfe4e468c74ac901314aac3d2915e40,1,credit_card,3,109.86
8b0bfe5491af8bcf2015a54522f50a9c,1,credit_card,1,41.16
c5fd5386640ddd76adc482b72d24a02b,4,voucher,1,5.79
4e724a5cf81fb255b3e27cca2632e90f,1,credit_card,4,83.79
07c60b22ef2c61750215fd44cf67f928,1,credit_card,3,117.66
309f6784abccce4e6e99672dca8ff4cd,1,credit_card,6,1702.35
61f4d740ca1d5469d7aeb49f65719f3f,1,voucher,1,68.32
20aac17e27ac5fb3ebbf44a26b0e2d3c,1,credit_card,4,118.35
f9418673303e682d25b8e8a57bb7c4d8,1,boleto,1,31.22
567653c46861b54519b6f4cdee500f0a,1,credit_card,1,70.06
2fd30a0079e9100628c92bb583ff56ec,1,credit_card,1,47.62
2b5d5c1847d069c5efeb82f4056c15d8,1,boleto,1,257.67
24f6d178b92691453bffa42151277fbf,1,boleto,1,78.12
d68ac2a1fe441368e9bdea2c2a4d5ea6,1,credit_card,1,42.48
096375c5433ecff9fd971ca2bdd40f1b,1,credit_card,1,58.13
8abad7f94ac09beb87ae2286a4964e7e,1,credit_card,1,340.46
51d33e03b53c86c11bb49dac397b1a46,1,voucher,1,224.1
283882195739ec4b5092b247f052f6d6,1,debit_card,1,25.41
f1b8058b666097152bfa8495286f8c61,1,credit_card,1,36.73
fb2dccfadca8cd6ebddc5d10ae48d1f7,1,credit_card,3,1134.44
e0657085c2b6297a32f39efa200cdf72,1,credit_card,1,26.37
b8b61059626efa996a60be9bb9320e10,1,credit_card,5,369.54
