product_id,product_category_name,product_name_lenght,product_description_lenght,product_photos_qty,product_weight_g,product_length_cm,product_height_cm,product_width_cm
cef67bcfe19066a932b7673e239eb23d,bebes,27.0,261.0,1.0,371.0,26.0,4.0,26.0
14aa47b7fe5c25522b47b4b29c98dcb9,cama_mesa_banho,54.0,630.0,1.0,1100.0,16.0,10.0,16.0
a0736b92e52f6cead290e30b578413b6,moveis_decoracao,56.0,296.0,2.0,1700.0,100.0,7.0,15.0
d03bd02af9fff4b98f1c972315e5e9ef,moveis_decoracao,56.0,209.0,1.0,1800.0,40.0,10.0,30.0
051b9ff13dd55c0a6655a15ff296f80d,esporte_lazer,50.0,529.0,2.0,3600.0,62.0,23.0,23.0
bfc1d1c62b1f7f401d8d9dda962bb870,esporte_lazer,50.0,255.0,2.0,950.0,60.0,15.0,15.0
6f0169f259bb0ff432bfff7d829b9946,casa_construcao,58.0,918.0,6.0,1050.0,16.0,20.0,16.0
b6f3b8136ba8302906df7e11ff908751,pet_shop,36.0,617.0,1.0,1350.0,23.0,7.0,30.0
003938452c98ff9ab28e9e7b4bfe97ab,moveis_sala,52.0,420.0,2.0,5050.0,50.0,8.0,50.0
dd768d259ee6054e0dadd66c8e2be0b6,cama_mesa_banho,52.0,700.0,2.0,350.0,16.0,10.0,16.0
43b6d9e46e1e6b8ac743a1c31e462937,ferramentas_jardim,31.0,680.0,1.0,7700.0,39.0,28.0,25.0
a388f2043ca885de714453e4fac616e2,telefonia,50.0,744.0,1.0,100.0,16.0,3.0,11.0
42fe4aefc7e8a45dd96a59af81dd3fef,automotivo,59.0,162.0,1.0,1300.0,20.0,20.0,20.0
701ff123e9085dcc9c2f833efded6374,cool_stuff,50.0,268.0,5.0,10664.0,61.0,63.0,35.0
4a96de21ccfb22ebe1c56992acbbd7fc,climatizacao,58.0,655.0,5.0,1300.0,30.0,10.0,30.0
3fc3d637781e5d185455013606a6e2cd,eletronicos,32.0,1274.0,1.0,250.0,16.0,10.0,30.0
80fc21f90a43fdcfc623f11f5457db10,relogios_presentes,55.0,457.0,2.0,267.0,17.0,11.0,12.0
7207700449f2433076d70a5b1c004eb4,consoles_games,44.0,421.0,1.0,706.0,32.0,8.0,38.0
3fc23ad64a8ee1f1451c8c44932c5d22,construcao_ferramentas_ferramentas,40.0,338.0,1.0,450.0,20.0,2.0,11.0
622d3b263cd40b06e1eeea144fb83f19,bebes,19.0,200.0,1.0,250.0,21.0,4.0,13.0
37dffde0476450e75dae423136954b0f,automotivo,60.0,1023.0,5.0,250.0,20.0,20.0,20.0
8a2d3285de64b2117fbf83784acd09fc,automotivo,59.0,1250.0,1.0,250.0,16.0,27.0,15.0
e83ded7d97b96d338c4e72bb1ff7676c,ferramentas_jardim,52.0,497.0,1.0,1900.0,44.0,19.0,19.0
e84fb20fe338824c220166d3cd562cbd,beleza_saude,45.0,802.0,1.0,150.0,22.0,3.0,15.0
c4344f6de69a96da8febce3f885171f0,consoles_games,53.0,310.0,1.0,150.0,19.0,11.0,11.0
4c303e0fd131aa3fe487c108b5aa8c06,artigos_de_festas,58.0,134.0,1.0,1300.0,70.0,11.0,11.0
1dfb36d969d347f56f43590ec42c7b8c,esporte_lazer,50.0,1212.0,5.0,900.0,26.0,6.0,13.0
a453b4ccccf554efba31d5ada5a59a60,telefonia,60.0,818.0,6.0,300.0,17.0,4.0,12.0
c5c66926b3f964b8cf9e7dfb1150d13e,esporte_lazer,41.0,128.0,1.0,200.0,21.0,9.0,13.0
a8bb7885faf316d9a5062d42d2b2fba4,esporte_lazer,50.0,844.0,1.0,875.0,40.0,26.0,20.0
89904bec271974d069685a6568091c8a,beleza_saude,40.0,684.0,2.0,200.0,16.0,16.0,12.0
9d0a2db5144d569d5ce5375bb0f4de36,cama_mesa_banho,39.0,347.0,1.0,75.0,17.0,12.0,17.0
dd2ca29c9d0f93d3b1d28d7d7ee3025c,moveis_sala,24.0,356.0,2.0,7750.0,33.0,25.0,33.0
9f22d89800e8f59f79d50aa9d732f5e2,beleza_saude,50.0,355.0,1.0,888.0,18.0,17.0,18.0
8cf7e354e6d9f04a09f4d59bc77dcc8e,construcao_ferramentas_jardim,55.0,749.0,1.0,9500.0,56.0,30.0,28.0
6a23ae3187f1dac41b7210a8c7739d6b,moveis_decoracao,52.0,832.0,1.0,750.0,20.0,35.0,20.0
d24659126d5bbd0b1bacba3e8d17a978,esporte_lazer,32.0,513.0,3.0,250.0,16.0,6.0,20.0
af8215adef2df1e9e66642f159e81e55,relogios_presentes,52.0,585.0,1.0,400.0,20.0,11.0,19.0
644ede1cd3a7b877de774c66fd4abc78,esporte_lazer,52.0,682.0,2.0,1100.0,24.0,16.0,15.0
32f186a3f6239888c37adf90db857098,alimentos_bebidas,57.0,1322.0,1.0,1350.0,18.0,17.0,16.0
0eb8e03d4ef83152c4642b606b5bbdec,moveis_decoracao,47.0,348.0,1.0,2900.0,40.0,10.0,35.0
f303e2cdf0967ef1a153d12f2685d280,cama_mesa_banho,58.0,262.0,1.0,1400.0,25.0,10.0,25.0
3e12358032a6a599d25d9fd630cec2e1,utilidades_domesticas,52.0,1301.0,1.0,975.0,31.0,12.0,21.0
e73a764ace9b74b912bea28a731f60e0,moveis_cozinha_area_de_servico_jantar_e_jardim,57.0,354.0,4.0,1150.0,27.0,15.0,16.0
96341c5bd303e04bee20bcd01431dfaf,artigos_de_festas,60.0,430.0,1.0,200.0,16.0,6.0,11.0
d48782d1a53a65a84d63efd6aabd4f03,construcao_ferramentas_construcao,38.0,409.0,2.0,8817.0,43.0,24.0,47.0
25a048d00b596eeac27424b4e897f07e,musica,50.0,364.0,2.0,100.0,24.0,11.0,16.0
ca078ba5884f07fd8e2ec7f7b13556f1,moveis_cozinha_area_de_servico_jantar_e_jardim,60.0,356.0,1.0,4400.0,27.0,27.0,37.0
bfd9a39f1774d4ca8773f1f42f09d187,bebes,60.0,849.0,5.0,750.0,50.0,5.0,40.0
f7740e5b4337a3cc4a8a204553101a85,beleza_saude,43.0,876.0,2.0,543.0,30.0,12.0,16.0
d6637aee74ba05e42bc17a047c335209,beleza_saude,55.0,1181.0,1.0,250.0,16.0,11.0,14.0
8792f8b694229e5627aa6a15cf912052,utilidades_domesticas,48.0,204.0,1.0,1150.0,19.0,22.0,19.0
53b36df67ebb7c41585e8d54d6772e08,relogios_presentes,33.0,523.0,3.0,584.0,16.0,11.0,13.0
361b81e3cae3b21bd0119793c5399717,artigos_de_festas,45.0,499.0,6.0,4500.0,102.0,12.0,12.0
1e56c680b07833e85fec6904b2c7e4b8,pet_shop,58.0,502.0,4.0,200.0,27.0,9.0,26.0
036734b5a58d5d4f46b0616ddc047ced,telefonia,58.0,751.0,5.0,300.0,17.0,4.0,12.0
5c3f833c3941c6353fd0cc51686a1101,informatica_acessorios,54.0,1785.0,1.0,7000.0,57.0,11.0,52.0
2c71e9b9845634cb1ea6285a8f3cbf50,eletronicos,54.0,381.0,2.0,100.0,16.0,8.0,16.0
aeb4a18fc6dad1f6cb6474d69f634ad2,cama_mesa_banho,55.0,617.0,1.0,6400.0,30.0,30.0,30.0
1965752f8e30a01b19fea24c2577ad0d,alimentos,28.0,528.0,1.0,1376.0,23.0,15.0,21.0
eb6913790ee61d3d4d8dffcbbedea827,pet_shop,57.0,1268.0,2.0,102.0,20.0,6.0,13.0
665839d5bdf604c2909beca037c57144,brinquedos,22.0,265.0,1.0,420.0,28.0,12.0,22.0
e8f625d123fb9e3cdf3e99bda7db0db1,esporte_lazer,54.0,664.0,1.0,250.0,22.0,10.0,15.0
89005f5c60b53829a9a617fe5e292221,automotivo,40.0,622.0,6.0,700.0,40.0,15.0,40.0
31d6f0a621ee145ae8c70304cf564483,relogios_presentes,54.0,691.0,2.0,200.0,16.0,2.0,11.0
b9055c6417cea84a8198fec56ff6148f,construcao_ferramentas_iluminacao,58.0,291.0,1.0,2350.0,30.0,30.0,30.0
e337509290028e0c81c0ac93d7b1234e,automotivo,46.0,2145.0,8.0,18000.0,50.0,20.0,20.0
50571d0f0f8ffbeec1c64cefeec01135,fashion_bolsas_e_acessorios,58.0,526.0,5.0,350.0,43.0,16.0,27.0
980ecbcc15fe174ec1e5757c4d75b1bf,agro_industria_e_comercio,48.0,157.0,1.0,250.0,17.0,3.0,10.0
6d07236d4abe99b5b1cbf368971bf6e7,brinquedos,49.0,170.0,6.0,200.0,17.0,7.0,12.0
c47d256557f7fa30144ecea5722eebc2,papelaria,59.0,307.0,2.0,8350.0,38.0,30.0,28.0
7b0f65d848af0681e064d72f0d44e862,informatica_acessorios,27.0,645.0,2.0,125.0,18.0,3.0,11.0
b520bae2a8c9790cac40196cb2025283,moveis_decoracao,40.0,94.0,5.0,200.0,16.0,5.0,20.0
e94d9f48ab491b190c0f0bdbd12830ae,relogios_presentes,56.0,559.0,2.0,215.0,19.0,13.0,19.0
b59e3776fd0270273b8f6b1345e2f0fc,eletrodomesticos,59.0,754.0,1.0,16350.0,25.0,25.0,25.0
bf06a69bb27c58156391de458700f3e7,relogios_presentes,60.0,272.0,5.0,300.0,16.0,2.0,11.0
962a6951154f98f2c8e9a5b8b2bcf4a9,moveis_decoracao,47.0,610.0,1.0,2550.0,30.0,35.0,30.0
72b253635b316f49e42e618d6e585ebc,brinquedos,23.0,273.0,1.0,125.0,22.0,7.0,14.0
6fd08d44046ab994b96ff38ad6fcfba1,bebes,60.0,865.0,1.0,500.0,23.0,23.0,23.0
f2bb1681ac26e3993d10ff79cba282d5,utilidades_domesticas,46.0,180.0,2.0,400.0,23.0,6.0,15.0
57414a165829139b9b534f0b4a794fe0,pet_shop,41.0,302.0,1.0,14725.0,54.0,25.0,37.0
b3c13ca98fb6f9dd5c6aec8b1d353506,bebes,59.0,2270.0,2.0,350.0,69.0,11.0,11.0
7b32b1b87594b60dced8abb4531d2986,telefonia,51.0,419.0,1.0,350.0,16.0,6.0,11.0
aaea62612b84679ddf91cbdda1183e7e,utilidades_domesticas,36.0,2600.0,1.0,850.0,43.0,5.0,24.0
2905bcccc19e845ff57663618d52febe,beleza_saude,53.0,841.0,4.0,1900.0,28.0,5.0,16.0
92e2d2146e433cd4d1f09a3f8633ead0,cama_mesa_banho,53.0,714.0,1.0,1200.0,33.0,18.0,26.0
a511bdae1b7671858cdc3398cd601ab1,cama_mesa_banho,56.0,383.0,1.0,600.0,16.0,10.0,16.0
8c0b38fcee9ef771b9da3d7dc849989c,telefonia,49.0,1342.0,3.0,300.0,18.0,5.0,12.0
9c16099894e4002d54e17033e06bdbc8,automotivo,50.0,430.0,1.0,50.0,16.0,11.0,11.0
1b981d76f4ec023c49b13412f503f1c2,bebes,57.0,1988.0,2.0,300.0,69.0,11.0,11.0
1a3577790b3f28eb137b105c4d62ca17,eletronicos,50.0,703.0,3.0,590.0,34.0,18.0,24.0
01cf7c4cffff8db0a1cbe612bd2d50a4,moveis_decoracao,53.0,371.0,1.0,800.0,40.0,5.0,11.0
0a8bc1a07183eceacf95ae5cb4cbd076,pet_shop,25.0,1399.0,1.0,165.0,16.0,10.0,11.0
b3468c11e7518de68a4139b850801405,informatica_acessorios,45.0,507.0,3.0,400.0,19.0,4.0,14.0
154e7e31ebfa092203795c972e5804a6,beleza_saude,48.0,575.0,1.0,100.0,20.0,15.0,15.0
b11f3f1a834f8df4ca743db95563670b,cama_mesa_banho,58.0,144.0,4.0,500.0,47.0,3.0,37.0
52a0cc66507fa8ae445cc135c69e6d96,beleza_saude,46.0,3106.0,1.0,4375.0,28.0,28.0,28.0
fa92cdb881a2eab7e1f10d0ba6f42fc5,relogios_presentes,55.0,498.0,3.0,300.0,16.0,11.0,15.0
14d2c4a849afdde0e39ffad27a1dfc56,eletrodomesticos,57.0,272.0,1.0,1650.0,50.0,2.0,37.0
cdfbf89ab41de77f2bc60c0194c00d37,telefonia,51.0,446.0,1.0,124.0,22.0,5.0,16.0
48465725d322101bdadd1d1a5acd8480,fashion_bolsas_e_acessorios,60.0,411.0,5.0,150.0,20.0,20.0,12.0
3af4f5bb8b0616387fe23646fa94e256,moveis_decoracao,54.0,769.0,1.0,11600.0,45.0,35.0,45.0
20c036a30ef670a7591c160758fe0b65,moveis_cozinha_area_de_servico_jantar_e_jardim,35.0,380.0,3.0,7600.0,66.0,10.0,46.0
9041a4cde4a900bc259d3b1b6847f6b1,moveis_decoracao,53.0,626.0,1.0,8500.0,35.0,45.0,45.0
ee34e3cf023de19e886e2a55f714ddfa,cama_mesa_banho,56.0,365.0,1.0,1250.0,38.0,20.0,25.0
441b81eac0773c6ed4ec1e1fb42ebba5,papelaria,44.0,893.0,10.0,1600.0,32.0,52.0,19.0
ea4d2100b24a14263ce28be19889f035,esporte_lazer,31.0,238.0,2.0,2600.0,60.0,15.0,15.0
d19c5ff1a4d4e8b0558536d57cf43cf7,construcao_ferramentas_ferramentas,57.0,1430.0,8.0,4700.0,35.0,25.0,25.0
c784a651cf319526cc7cf854f83cb941,papelaria,58.0,125.0,8.0,500.0,30.0,19.0,30.0
e50d281842fc4e385e897713deeae9c2,beleza_saude,46.0,1319.0,1.0,500.0,16.0,5.0,12.0
19c91ef95d509ea33eda93495c4d3481,beleza_saude,50.0,1257.0,1.0,700.0,25.0,12.0,19.0
3dc7db1edfac20883ed35ecfec05a3cc,automotivo,60.0,547.0,1.0,1050.0,16.0,5.0,16.0
c2a241928535e097a96aa157dfaa86b5,casa_construcao,59.0,962.0,6.0,50.0,52.0,22.0,52.0
ea66598d13482c9c72f1936c62d2e630,eletrodomesticos,55.0,725.0,3.0,6613.0,49.0,13.0,39.0
f2d15dbc857e5597dbe82236c424cd79,esporte_lazer,51.0,375.0,2.0,1650.0,20.0,40.0,30.0
ec242882027ee23182f0e790e4117128,cama_mesa_banho,60.0,872.0,1.0,1400.0,45.0,15.0,35.0
f4d2144023a238288d36db2840a37ea0,informatica_acessorios,46.0,2626.0,4.0,486.0,27.0,17.0,28.0
9bd556e1c4a7917679b89ec2075e9cba,utilidades_domesticas,55.0,271.0,2.0,2700.0,30.0,16.0,33.0
5afcae10f25795d55b858f6a2b95233b,brinquedos,36.0,509.0,1.0,800.0,40.0,10.0,40.0
6b7de889f456ee35f031172d358b2cd2,papelaria,60.0,778.0,6.0,1500.0,30.0,50.0,20.0
69523f67543ff9ea6b1a15858fb59b3b,relogios_presentes,55.0,201.0,8.0,200.0,16.0,2.0,11.0
282dcadbd8c61f52f06a8ae802b54ee6,beleza_saude,59.0,2751.0,4.0,3300.0,23.0,23.0,23.0
ceb9200bc33732558224476d75815c32,utilidades_domesticas,60.0,922.0,5.0,975.0,41.0,36.0,12.0
6d313b6e250189718db2169e5e3a38c2,bebidas,43.0,1680.0,1.0,375.0,20.0,12.0,15.0
c5079acea9d34174b1948b00f599d2d2,papelaria,54.0,696.0,5.0,350.0,26.0,36.0,11.0
9a43ec914ce488e4fba5b5553d3754bd,livros_interesse_geral,56.0,815.0,1.0,300.0,30.0,5.0,20.0
acdd408fe971bbe29a81f8febb575ffc,eletronicos,50.0,237.0,1.0,175.0,20.0,16.0,18.0
4563095e06df1fa67de2eade86f4f01b,moveis_decoracao,52.0,469.0,2.0,100.0,16.0,3.0,23.0
ca7a479258a82d50745a75fc9a916475,automotivo,59.0,2032.0,6.0,1775.0,42.0,28.0,31.0
51556be67b1fe2eea3c13273a659009c,cool_stuff,55.0,835.0,1.0,900.0,30.0,13.0,30.0
7f4e034245e45549110139d1de248f83,bebes,55.0,1629.0,1.0,600.0,20.0,13.0,13.0
0f9dbdf3289052ac7406ba5bc1b0dbc4,relogios_presentes,51.0,486.0,2.0,250.0,18.0,14.0,18.0
78efe838c04bbc568be034082200ac20,moveis_decoracao,57.0,272.0,1.0,2500.0,40.0,10.0,30.0
31c1d1dfbb4b2730140b8bd9248bcd58,cama_mesa_banho,58.0,58.0,1.0,200.0,20.0,2.0,15.0
7bdb28a55646012fb3348058d629d9bc,instrumentos_musicais,55.0,541.0,3.0,2750.0,103.0,12.0,17.0
55782cb82e0efe052da0a3da237da3b2,automotivo,60.0,1159.0,3.0,2450.0,30.0,30.0,30.0
8ba200c8b018e8205adf543699c02eac,telefonia,51.0,1538.0,3.0,253.0,21.0,16.0,21.0
20ecd51a1e2c3e5cc72096b2ce0d29d5,cama_mesa_banho,52.0,222.0,1.0,1300.0,37.0,5.0,34.0
e9f31c92ab2b5fb1c5835ba61f39edd3,esporte_lazer,50.0,1449.0,3.0,600.0,18.0,11.0,11.0
078b7149a32b479d3cbf1649fea0172c,livros_importados,57.0,3694.0,1.0,300.0,16.0,14.0,16.0
ceb25e5f3be12c14a1c69bd9e9e0f67f,brinquedos,51.0,1510.0,7.0,318.0,19.0,23.0,18.0
e27477bc051dcfafd523c6064551bd25,moveis_decoracao,51.0,676.0,1.0,5300.0,35.0,23.0,35.0
367dd13835e78ce371a3e7ed449a1d26,utilidades_domesticas,58.0,702.0,3.0,350.0,30.0,11.0,11.0
eb7172d8a3c64298d2d767f6603c231e,brinquedos,51.0,296.0,2.0,250.0,23.0,11.0,22.0
97017430754804328eb9597b7f85da03,telefonia,60.0,818.0,5.0,300.0,17.0,4.0,12.0
f27aff266ad97e75d4a24c893b2c311e,eletrodomesticos_2,55.0,1345.0,6.0,8850.0,45.0,33.0,35.0
89411fc3098e56bb679697117c2055af,moveis_decoracao,42.0,1002.0,1.0,1300.0,17.0,27.0,17.0
bde643c31f72e37dd1aac0c43e130ddc,telefonia_fixa,54.0,1986.0,1.0,2150.0,21.0,21.0,21.0
711027a82d762aad9b42dc032629dd18,utilidades_domesticas,53.0,1147.0,2.0,5650.0,35.0,22.0,30.0
db9f690c43d7029be69f5ae0deb4fd96,papelaria,38.0,326.0,2.0,1300.0,34.0,46.0,14.0
ed7c541aa5466333629b1e1b8cfc8087,ferramentas_jardim,46.0,130.0,1.0,832.0,32.0,9.0,32.0
3997a6da5a88930a92998ccbf98adf32,cool_stuff,48.0,671.0,2.0,9300.0,44.0,21.0,38.0
8d6259f0086b979199d22763478ad986,utilidades_domesticas,49.0,509.0,1.0,600.0,16.0,26.0,11.0
fe75529a267b76ac6e96f0c322a899a4,beleza_saude,33.0,374.0,1.0,304.0,20.0,15.0,15.0
9217cd4b28552bdbb33d5eab7036c9c0,beleza_saude,54.0,446.0,2.0,450.0,20.0,20.0,20.0
060e9bdedfae37724dbce0b3270d76ae,relogios_presentes,54.0,821.0,4.0,200.0,16.0,2.0,11.0
4bba2ed7155732bf6f663316059878af,bebes,41.0,610.0,3.0,100.0,16.0,16.0,16.0
01a2ad2b54cd734f78cb817da7752d8b,perfumaria,44.0,280.0,1.0,430.0,19.0,14.0,12.0
947a46e4f6dcc04e256398abf33e272e,papelaria,43.0,867.0,7.0,750.0,30.0,40.0,11.0
570c59d31475234150804a4ac2b3b9c3,beleza_saude,37.0,401.0,1.0,450.0,16.0,10.0,20.0
35537536ed2b4c561b4018bf3abf54e0,esporte_lazer,59.0,1459.0,9.0,2100.0,36.0,9.0,14.0
eb1e85561435be5d1760939dac8c881c,agro_industria_e_comercio,41.0,472.0,4.0,400.0,30.0,20.0,11.0
d063fc697e5aa468ad1e689d5e6028fd,automotivo,53.0,403.0,3.0,1950.0,40.0,12.0,32.0
6e6cc4bc64ffea91782dbc0cc7c325d9,papelaria,39.0,256.0,3.0,50.0,16.0,6.0,11.0
5c2bb11cf2149bd4d9fffcc1246458c3,papelaria,37.0,531.0,1.0,2283.0,27.0,35.0,35.0
656e0eca68dcecf6a31b8ececfabe3e8,informatica_acessorios,45.0,236.0,1.0,173.0,18.0,13.0,12.0
d43ee56f2821be64f6bd3c3af659789b,beleza_saude,32.0,530.0,1.0,200.0,16.0,17.0,11.0
a1dd59756b92c62cd39375d0b0222698,cama_mesa_banho,52.0,153.0,1.0,200.0,16.0,10.0,16.0
274d4e727ddbeb7c392ea2e551e3a77d,perfumaria,30.0,138.0,1.0,100.0,20.0,7.0,20.0
4c7d4a2efde21e3bf1660926fabc6a9d,beleza_saude,60.0,316.0,3.0,250.0,18.0,10.0,15.0
53d71d8d9d6878f6f0b9fe0ed79445d5,alimentos,49.0,217.0,1.0,375.0,20.0,12.0,15.0
8bfcc2900410d032d52f24991311a009,malas_acessorios,45.0,261.0,1.0,450.0,18.0,48.0,32.0
d309288ee9ab5d3d3326efb574f9b555,beleza_saude,60.0,161.0,1.0,150.0,25.0,6.0,15.0
460a66fcc404a3d7306d5f50fcb2d18a,utilidades_domesticas,51.0,720.0,1.0,350.0,16.0,16.0,17.0
2028bf1b01cafb2d2b1901fca4083222,perfumaria,54.0,1536.0,2.0,250.0,20.0,8.0,21.0
b92268ad64d3947c80fddbc3a82de845,utilidades_domesticas,55.0,134.0,1.0,8850.0,39.0,12.0,78.0
e7d5464b94c9a5963f7c686fc80145ad,relogios_presentes,42.0,938.0,5.0,275.0,16.0,14.0,14.0
441b44bcdcc4969bd3a9d67bbeed44f2,industria_comercio_e_negocios,47.0,1943.0,2.0,6000.0,45.0,12.0,44.0
624846a50026c57927e1156335b120f6,esporte_lazer,28.0,1050.0,7.0,350.0,50.0,20.0,22.0
97c57b8428f6b7a7597248a02938681d,moveis_escritorio,51.0,2250.0,1.0,11400.0,58.0,21.0,57.0
9393358ebcb4f182f4e42d0c3b863cea,bebes,54.0,438.0,3.0,11400.0,65.0,15.0,70.0
7c1bd920dbdf22470b68bde975dd3ccf,beleza_saude,59.0,492.0,2.0,200.0,22.0,10.0,18.0
1468ae815f666819cd3fa15be0cc035a,eletronicos,58.0,870.0,1.0,575.0,26.0,26.0,26.0
94a6c010ef78e62cab34c6caf0a69b5f,consoles_games,51.0,113.0,1.0,100.0,20.0,3.0,15.0
a06766fec51c96d4d0bce282906735eb,cama_mesa_banho,55.0,626.0,2.0,650.0,16.0,10.0,16.0
c59dfb699331407c6b2ab0c81b723a57,ferramentas_jardim,55.0,681.0,4.0,2150.0,26.0,13.0,16.0
c589625c8ccc7bfd2e8f1fb041e24c4a,beleza_saude,60.0,919.0,1.0,150.0,22.0,3.0,15.0
aaa80d9e907a758e151586557e332acb,utilidades_domesticas,40.0,617.0,7.0,650.0,16.0,16.0,16.0
ca96d665a6e7038a569277e6e1d34cbe,utilidades_domesticas,44.0,676.0,2.0,500.0,37.0,13.0,37.0
d4ad0f0b0c607df43752eaa46d2ebae3,moveis_decoracao,58.0,2010.0,2.0,1550.0,69.0,11.0,11.0
b7ac8ecaf5ed4b43bdc03039a67550eb,utilidades_domesticas,53.0,1396.0,2.0,1750.0,70.0,15.0,20.0
57f2bc497c1a3ebe41ba7a06d78ed159,relogios_presentes,55.0,336.0,4.0,250.0,16.0,2.0,20.0
1a758361b1c10b3ffe3d3373332de319,esporte_lazer,56.0,819.0,4.0,175.0,17.0,10.0,13.0
fadc89c2a60ff96b18827644074dfd70,utilidades_domesticas,52.0,827.0,1.0,1800.0,30.0,30.0,30.0
36e188142f61f077323f5d175e1af77e,ferramentas_jardim,52.0,1858.0,5.0,7950.0,53.0,30.0,31.0
c3f8ee7e05c01c61ab863e336b0f2e5e,informatica_acessorios,52.0,381.0,4.0,24050.0,60.0,40.0,60.0
9ea1152d6d52dc57ab2ea49aa626adc1,beleza_saude,49.0,3037.0,1.0,1067.0,22.0,19.0,19.0
015527ec9502daa03dfd0e22ef1d1288,utilidades_domesticas,30.0,583.0,1.0,200.0,25.0,10.0,11.0
d41a23bd2bc3ec10cfffc66c0611a290,moveis_decoracao,56.0,297.0,2.0,1000.0,100.0,5.0,20.0
b8eb8663142255eb7ab4526b3ee1c7fd,informatica_acessorios,57.0,207.0,1.0,400.0,28.0,6.0,13.0
ee6c49af1a2de55aa0e076257ab4ab99,informatica_acessorios,47.0,956.0,1.0,140.0,22.0,14.0,14.0
428f11967f2d855633c7857078c16fd6,moveis_decoracao,51.0,1758.0,3.0,350.0,22.0,22.0,18.0
b72a8fd99d59007948419121f2a5056e,automotivo,59.0,669.0,2.0,425.0,20.0,5.0,19.0
6e415cdc78febbdbe465df65d52dbc19,bebes,60.0,1110.0,3.0,450.0,25.0,16.0,29.0
fb19ac22e32dfecea21afbdde4b97b5f,telefonia,54.0,804.0,2.0,100.0,16.0,13.0,16.0
394ccaadf8429703362e1796dccbf4d9,alimentos,38.0,1345.0,1.0,1400.0,16.0,20.0,15.0
fa157aa51a996cc533b9048c3c8118a0,perfumaria,37.0,431.0,1.0,200.0,20.0,10.0,15.0
c1ad8ac66c91ad301cefc322ba2adf31,relogios_presentes,44.0,371.0,2.0,757.0,19.0,14.0,15.0
820f00b477e89a3bccfeb1e994a4a663,eletroportateis,59.0,909.0,1.0,7500.0,41.0,26.0,27.0
0366dd798c6de7ec8d16c23de6a82cfd,pet_shop,53.0,830.0,15.0,3500.0,39.0,20.0,46.0
5e702ce174d6c9fe3eaea9a5bde40a14,utilidades_domesticas,56.0,691.0,3.0,7100.0,25.0,52.0,37.0
46c01e269265ddd1b66ccc8b4588a411,utilidades_domesticas,34.0,767.0,2.0,4150.0,29.0,28.0,23.0
b114bf337c0626166abe574eee9e3f32,moveis_escritorio,47.0,1398.0,1.0,13350.0,57.0,56.0,22.0
eeee41946ce5551470e97aef50ccf4c4,bebes,49.0,1522.0,4.0,600.0,23.0,18.0,26.0
79e42c4fa2bde6e0c828d23c4fb7df35,instrumentos_musicais,57.0,962.0,4.0,900.0,42.0,8.0,40.0
48b61c49e5be4efe8b3247569ed59332,relogios_presentes,57.0,228.0,1.0,1000.0,16.0,10.0,11.0
3aa3fb2fdb16c7383879e48a574fc8ab,moveis_decoracao,42.0,87.0,3.0,11850.0,74.0,8.0,74.0
1f7164d40ac0579d08c5b77af30f8dd0,cama_mesa_banho,57.0,414.0,1.0,7850.0,16.0,56.0,50.0
a6f2ba5bb6d6d36ac92ed1faf4d123f2,beleza_saude,52.0,1153.0,1.0,450.0,20.0,15.0,15.0
6f46359e56f51d5deded13adcd1c255c,beleza_saude,42.0,437.0,1.0,650.0,16.0,16.0,16.0
72c271a278c54c171d6d007eeac8cf24,papelaria,53.0,696.0,5.0,350.0,26.0,36.0,11.0
c9af29e8a0c52866bb2c9f5f6344d9b2,moveis_decoracao,58.0,2037.0,2.0,650.0,69.0,11.0,11.0
2de5c479fb0c490a0f2a2f3ab36e71b6,ferramentas_jardim,56.0,511.0,6.0,1050.0,22.0,21.0,16.0
7b813bcc93ea73f063db20ce6c3911c4,beleza_saude,59.0,493.0,1.0,537.0,23.0,8.0,14.0
27c0cea4dc76549f5bd124d9cad0ae3b,bebes,57.0,346.0,2.0,13700.0,55.0,30.0,55.0
1613b819ab5dae53aead2dbb4ebdb378,automotivo,60.0,982.0,2.0,50.0,17.0,10.0,15.0
4182ad8f6fd91b6064f2d1097d8a4291,beleza_saude,38.0,929.0,1.0,1097.0,18.0,18.0,16.0
e06ff9a961edac4a89f5451882861adf,utilidades_domesticas,48.0,1430.0,2.0,800.0,30.0,10.0,25.0
7e0f1b886ed1dd65930f3b9a30d563d2,beleza_saude,37.0,361.0,2.0,900.0,94.0,31.0,41.0
51e3084a334ce75dc646c9c6eea90e37,esporte_lazer,58.0,390.0,1.0,175.0,22.0,7.0,15.0
eccec1984cb1d214cc91f3168b113958,relogios_presentes,59.0,89.0,3.0,200.0,16.0,2.0,11.0
18b0e642cbae7251e60a64aa07dd9eb9,informatica_acessorios,24.0,718.0,2.0,200.0,41.0,2.0,29.0
efcef300fe9b2c558a8ea258127f6e6f,pet_shop,43.0,480.0,1.0,7300.0,25.0,25.0,25.0
1873d47fb47e167da1520bd9ffbb8f79,beleza_saude,45.0,1031.0,1.0,1250.0,16.0,32.0,12.0
4298b7e67dc399c200662b569563a2b2,informatica_acessorios,58.0,420.0,1.0,200.0,21.0,14.0,15.0
501ae028cdc334d0292eb35591ccb5d6,utilidades_domesticas,27.0,144.0,1.0,9600.0,25.0,32.0,24.0
fcbdd87d29fc2d2fe700a7459d43445a,papelaria,39.0,310.0,1.0,300.0,16.0,4.0,11.0
1f75be631e988bb0ad750e60e18d043b,beleza_saude,29.0,378.0,2.0,200.0,25.0,10.0,15.0
0c96091f6f20b1d2c946a933370782a4,esporte_lazer,48.0,683.0,1.0,200.0,20.0,4.0,15.0
987ae6d6e94a608f9ea32bc82a649470,automotivo,60.0,1469.0,4.0,550.0,36.0,8.0,15.0
6abd84909e8ed79ef808c16f90b91093,beleza_saude,56.0,389.0,1.0,250.0,16.0,5.0,15.0
7b81c277c7e38dd3e617c88530402dab,papelaria,46.0,259.0,1.0,350.0,25.0,10.0,20.0
058453fe8a9473eceee27349de3b38ac,relogios_presentes,60.0,517.0,3.0,750.0,48.0,16.0,25.0
bb42f37fc3d9130e4a4339d24a47dd7c,cama_mesa_banho,59.0,81.0,1.0,400.0,20.0,2.0,15.0
b7a89537c40b1f5a18b5ba75dbb91cbe,instrumentos_musicais,49.0,1051.0,1.0,594.0,20.0,15.0,16.0
ddb73ecd2a301a87fa538fa0a33d4112,eletronicos,59.0,487.0,2.0,800.0,16.0,2.0,11.0
41c24b8ce92d1a2cac62db5edfd088b2,relogios_presentes,27.0,178.0,1.0,314.0,18.0,11.0,14.0
b0054021dee7f055b57da97096fc1c95,brinquedos,45.0,386.0,1.0,400.0,16.0,12.0,15.0
2afebecdbf5ff9f1058bc9164e65c200,bebes,53.0,710.0,9.0,8800.0,33.0,30.0,44.0
656d923048a96be8ec0da05d7b71aa28,esporte_lazer,40.0,604.0,1.0,129.0,22.0,4.0,20.0
f14c1f6cf5ba04ba0a6f52c763a6b7a9,utilidades_domesticas,45.0,1734.0,4.0,3900.0,52.0,5.0,32.0
90b8a54ccc8372ea12573a7fd3312c33,construcao_ferramentas_ferramentas,55.0,856.0,1.0,250.0,16.0,12.0,14.0
0dda66cf50e9782e3b4499568095bba2,perfumaria,40.0,587.0,1.0,450.0,20.0,14.0,13.0
cebff45f1d1558430be0e07ac0df6a68,automotivo,56.0,960.0,3.0,1400.0,30.0,30.0,30.0
4f0abfbee7569e43b80f9aaa256a9bf8,beleza_saude,60.0,919.0,1.0,150.0,22.0,3.0,15.0
a69e3d74b5056570954717a7efc806de,malas_acessorios,58.0,529.0,10.0,3350.0,29.0,28.0,24.0
32bad49615b7c5da42609b98df97482c,portateis_casa_forno_e_cafe,51.0,81.0,1.0,50.0,18.0,8.0,13.0
bc0f31b5e89dfeba8169ad1123d44d2b,climatizacao,46.0,1215.0,1.0,350.0,18.0,5.0,14.0
ada6a9116c85d8e56232e0a4265d7db9,eletrodomesticos_2,45.0,151.0,1.0,14813.0,50.0,43.0,26.0
20a67c4242225878d0a014685ab3edaa,malas_acessorios,43.0,280.0,5.0,250.0,20.0,11.0,20.0
34c58a18b4dcac5fd8d96e8e08b738ed,instrumentos_musicais,48.0,1359.0,1.0,11083.0,83.0,41.0,33.0
2d2d15d322e7069eddf81d5200b19417,moveis_decoracao,56.0,352.0,1.0,2000.0,35.0,43.0,35.0
dbaee28f4ee64465838a229582d77520,construcao_ferramentas_construcao,58.0,1178.0,2.0,418.0,19.0,6.0,13.0
5861217c6b00a886e28a101167dbb1e1,utilidades_domesticas,51.0,150.0,1.0,425.0,23.0,15.0,18.0
81310f3abbc71bf476f866abfa353df9,eletronicos,49.0,415.0,3.0,389.0,20.0,14.0,20.0
45dcebc4f3d844e116f01e3f191711dc,utilidades_domesticas,63.0,771.0,11.0,3000.0,47.0,25.0,32.0
70a9f1d2c0e23019d6b8db85a81e69c8,cool_stuff,58.0,989.0,1.0,2500.0,42.0,25.0,15.0
bd988548c4a31b6c4fe5571e3cea8f8a,perfumaria,49.0,674.0,2.0,525.0,18.0,17.0,16.0
6b25f8d191ed1f5dd6689c84ed519a0b,eletronicos,54.0,2402.0,5.0,2200.0,33.0,10.0,18.0
c2e2f746cdd48da2d45b17f3fcc4575b,moveis_sala,53.0,566.0,3.0,2350.0,62.0,16.0,14.0
368c6c730842d78016ad823897a372db,ferramentas_jardim,57.0,366.0,2.0,1650.0,30.0,22.0,30.0
09278667a33779be5996a7df729db8ae,informatica_acessorios,45.0,3729.0,1.0,933.0,29.0,20.0,23.0
79afa72908a4818cf6fda742a5dc4afd,climatizacao,41.0,810.0,3.0,5350.0,18.0,58.0,34.0
628f5ed6c14790dcb9233c8dbf596175,beleza_saude,43.0,875.0,1.0,555.0,30.0,12.0,16.0
be157a92e815713738a71a0defb96c65,esporte_lazer,51.0,361.0,4.0,975.0,17.0,11.0,14.0
ce64708328e978e92d475585d394d9dd,esporte_lazer,33.0,584.0,2.0,1550.0,20.0,10.0,20.0
936a034fe3b07b7ae7c87fc8ceb0749d,relogios_presentes,58.0,1233.0,4.0,450.0,16.0,2.0,20.0
b91b2431ca8a681073c72cab18054e6e,beleza_saude,44.0,768.0,1.0,1200.0,30.0,12.0,16.0
bce551f6c568dca0b7e4cf5af7de7390,informatica_acessorios,57.0,327.0,5.0,1200.0,30.0,2.0,15.0
aa70ae9ee9a798d44ae6e00ce6d82cb1,beleza_saude,60.0,919.0,1.0,150.0,22.0,3.0,15.0
18bbc803715ffa8ec1b58bd3f737fdca,informatica_acessorios,38.0,665.0,1.0,850.0,16.0,11.0,37.0
3362ea39c2b9a88dc82f2cd6f6838bcc,utilidades_domesticas,57.0,475.0,4.0,200.0,40.0,11.0,30.0
46e331e83e48420b6f7a8404cf204e0b,climatizacao,56.0,903.0,6.0,10050.0,35.0,28.0,16.0
ae6a082af3a596a2fcbef378ebfae8c6,livros_interesse_geral,40.0,421.0,1.0,150.0,26.0,2.0,26.0
423a6644f0aa529e8828ff1f91003690,agro_industria_e_comercio,54.0,2352.0,3.0,5800.0,30.0,30.0,20.0
5cc37c2c2b8ea0c98010d1ee6028e45b,eletroportateis,59.0,2212.0,4.0,8700.0,40.0,16.0,40.0
a4462e7d5df840cbd075f0224bf42554,beleza_saude,43.0,2027.0,4.0,550.0,30.0,5.0,20.0
634256dbcd184b3757ffd7632c9fe52a,beleza_saude,49.0,295.0,1.0,150.0,16.0,5.0,17.0
5083416598756311d4bb4ddabd661e25,pet_shop,54.0,459.0,1.0,9100.0,37.0,30.0,39.0
5b757fed0d82a5850bcf22f01af06c6b,beleza_saude,34.0,752.0,1.0,450.0,23.0,23.0,21.0
9c0f79b9daf5436386477b4e17b94389,moveis_decoracao,53.0,616.0,1.0,2400.0,30.0,35.0,30.0
cfb79bfbdaf59cfe2e9ae0a071451f32,cama_mesa_banho,44.0,445.0,1.0,550.0,30.0,3.0,19.0
ce6bbfa347690099b21b9d688772d5ab,automotivo,60.0,374.0,3.0,700.0,32.0,15.0,11.0
bb77135946e78428a7a5634a46113a22,bebes,57.0,271.0,1.0,600.0,25.0,15.0,25.0
b8b426747049f2d3d6e00b486d47dedb,beleza_saude,49.0,819.0,3.0,1250.0,42.0,11.0,12.0
f410090aec61f7c73748ca894286edcd,papelaria,60.0,1847.0,3.0,450.0,35.0,50.0,12.0
d79269e0532dd1d04403600e14565046,cama_mesa_banho,53.0,653.0,1.0,10150.0,50.0,30.0,30.0
e3dd5a5b73bfbb610ada4ed74a6612b6,pet_shop,32.0,1244.0,1.0,138.0,17.0,13.0,14.0
174bd46514622ad40ab32df5c832aaf3,perfumaria,33.0,744.0,1.0,150.0,17.0,7.0,13.0
992b493206080e0ded9bf933ae5da6d3,informatica_acessorios,47.0,576.0,1.0,450.0,37.0,4.0,12.0
779e74ce337266c06bf392935ab34bc8,alimentos_bebidas,59.0,459.0,2.0,262.0,28.0,15.0,20.0
1131505c80690c39fe3696048a24fc2d,automotivo,52.0,383.0,1.0,980.0,17.0,10.0,12.0
b3bf52e880d6c9f4dd7e34fb682d5054,esporte_lazer,47.0,594.0,5.0,700.0,19.0,10.0,16.0
5194b6f4fa50ae9404bfd3e48ebe3911,informatica_acessorios,54.0,1368.0,4.0,1625.0,16.0,23.0,21.0
c04ad94639d284d69b5ca0642a44f445,automotivo,32.0,347.0,1.0,11650.0,40.0,30.0,30.0
9393c06fcb6d7bc8e988eea2a0ecc64d,utilidades_domesticas,50.0,492.0,2.0,1125.0,43.0,13.0,11.0
2f785af0f4f132585052347521b90b29,beleza_saude,46.0,456.0,1.0,529.0,20.0,18.0,16.0
a59fb60fddcc72a9878b7ed5cb69d8e4,audio,48.0,424.0,1.0,200.0,27.0,5.0,20.0
e7e460583f2b78939dee0f8cd9a619ed,utilidades_domesticas,59.0,586.0,6.0,12250.0,80.0,10.0,76.0
37318ccebb2ced72bd1b548b55ab4e31,construcao_ferramentas_jardim,55.0,2039.0,6.0,200.0,16.0,3.0,12.0
092eff69a9499b052a2258f502ea0775,moveis_decoracao,52.0,485.0,2.0,500.0,35.0,8.0,35.0
426844dd9ed9ae105a5d4b3f1e18becc,ferramentas_jardim,47.0,590.0,4.0,133.0,18.0,8.0,12.0
fb89f7ed5be9848869c6b3688f96d982,beleza_saude,37.0,974.0,1.0,400.0,16.0,16.0,16.0
a37d9bc434c151e3a32418b241a13bf0,perfumaria,56.0,505.0,3.0,400.0,20.0,6.0,20.0
f58e45b16a42a325c144eb2c46a2bc57,,,,,6250.0,28.0,34.0,40.0
c66473cee835e09bdd0edc66f628af7c,eletronicos,48.0,118.0,1.0,100.0,24.0,8.0,18.0
d06466afa11453b6450b70992c90ece7,beleza_saude,57.0,821.0,1.0,550.0,20.0,12.0,12.0
33ba4b29d820b397054cc97e892ab1bc,automotivo,57.0,955.0,2.0,300.0,17.0,10.0,15.0
3554200c1d7f3b4b39a0ae68aa1c0a54,malas_acessorios,56.0,267.0,1.0,4633.0,37.0,34.0,30.0
7d28cd96eae3fa5a49bdbfa00af70ea8,automotivo,59.0,2034.0,6.0,1775.0,42.0,30.0,31.0
4f5ebefc2bff02e685e4cf546c88f9b3,moveis_decoracao,33.0,187.0,5.0,7950.0,40.0,38.0,40.0
3e442d09f9dfef002aadf31960869f65,informatica_acessorios,33.0,1084.0,2.0,200.0,41.0,2.0,29.0
d011223de539cd224b5c5c8082313d46,moveis_decoracao,50.0,676.0,2.0,2125.0,28.0,27.0,33.0
e2336d327209ca849dca5afda036f842,eletronicos,38.0,459.0,1.0,250.0,18.0,19.0,18.0
53a19e181057f10a84c7b2cb539c722a,cool_stuff,53.0,445.0,2.0,900.0,30.0,45.0,15.0
eeab31cd2a4bcd64e6b249e0a674b3a8,alimentos_bebidas,60.0,295.0,2.0,274.0,28.0,15.0,20.0
0127db1f4effcf8f5b88d80588bc5624,relogios_presentes,53.0,555.0,1.0,200.0,20.0,7.0,15.0
2d68dc900969487798076d5f21c1090d,moveis_decoracao,54.0,688.0,1.0,300.0,22.0,2.0,32.0
3ecaaa56f885aaded64fc6502ddb214c,utilidades_domesticas,59.0,456.0,5.0,600.0,22.0,8.0,22.0
2ab3eebb03e660d44470d936c0f20bb6,esporte_lazer,56.0,788.0,3.0,300.0,22.0,6.0,16.0
aed75ad669fbebd5a385ac7cc2ae7573,beleza_saude,42.0,427.0,1.0,30000.0,50.0,75.0,56.0
1efd84ba20d23186f576a37baf64ae9d,cool_stuff,32.0,133.0,1.0,200.0,18.0,12.0,16.0
10f2f7707444b16ab90c38797c095336,relogios_presentes,51.0,595.0,6.0,350.0,16.0,2.0,11.0
cb48e30ec967ad7cf282f8b417e397e2,bebes,57.0,799.0,2.0,2400.0,31.0,43.0,21.0
2c2491f31fe7320124ccf2f3404354a6,telefonia,60.0,818.0,6.0,300.0,17.0,4.0,12.0
7564c1759c04fc0a38f2aa84f7a370ee,construcao_ferramentas_construcao,59.0,2432.0,3.0,1200.0,16.0,11.0,11.0
ebb12274522d82caa7dca657873b2ad7,utilidades_domesticas,47.0,534.0,2.0,11250.0,40.0,40.0,30.0
d73cb8d2ba92e4828e16cb9e39f81dd6,eletronicos,59.0,1292.0,3.0,385.0,20.0,8.0,18.0
e85d91619b497e98754390b6198a9818,bebes,56.0,624.0,2.0,700.0,24.0,14.0,18.0
75fc57fb06b1d35ea433e16ecbf5a6bb,eletronicos,45.0,471.0,1.0,125.0,22.0,9.0,16.0
2b4609f8948be18874494203496bc318,beleza_saude,59.0,492.0,3.0,250.0,22.0,10.0,18.0
270c7e8ac3a5d25cc4324f7b603b8a22,utilidades_domesticas,35.0,483.0,2.0,500.0,16.0,25.0,15.0
5188466ac1bca9e8317ef320cd279b89,beleza_saude,46.0,805.0,1.0,217.0,18.0,5.0,15.0
27080bc09a8965fb3ba30063cefb12de,bebes,56.0,1143.0,3.0,1533.0,39.0,13.0,32.0
740867136b4bf7605e36c5913b91eb99,alimentos_bebidas,59.0,514.0,2.0,2800.0,27.0,19.0,24.0
f9b0ee95ce8b1ef8b50eecc5e0fa4348,esporte_lazer,59.0,2993.0,1.0,1250.0,23.0,23.0,23.0
cec09725da5ed01471d9a505e7389d37,esporte_lazer,52.0,1197.0,1.0,2500.0,20.0,11.0,11.0
3731dd5544cd9646d73050e946641da8,informatica_acessorios,58.0,459.0,1.0,4300.0,28.0,23.0,20.0
32442bee23baee10041f5a964cfcbd15,papelaria,48.0,1235.0,2.0,800.0,20.0,50.0,40.0
96c1f14a0754e0f2c40523478a4075df,beleza_saude,49.0,484.0,1.0,150.0,16.0,7.0,15.0
5115d8cd6438c0c4d8abdf38d5d41ebd,fashion_bolsas_e_acessorios,46.0,128.0,7.0,350.0,16.0,2.0,20.0
093cd981b714bcdff182b427d87fc8fc,esporte_lazer,58.0,413.0,5.0,750.0,16.0,5.0,11.0
9988437646bfc0cbe0f97d4451cb08fc,eletrodomesticos,60.0,230.0,3.0,300.0,27.0,13.0,17.0
3c3b7758fe340e0cc216142b0700124a,automotivo,51.0,1276.0,1.0,850.0,16.0,28.0,16.0
39251fd407f6dc1db07c08f5786aee52,automotivo,55.0,519.0,2.0,700.0,26.0,10.0,35.0
8e910a5a78e3378d8c570c13e143d631,cama_mesa_banho,52.0,166.0,1.0,250.0,16.0,10.0,16.0
15a8b28443e64b840cc27ee2491507d4,beleza_saude,59.0,458.0,1.0,750.0,20.0,20.0,20.0
0bdcdfb68f8b45a19fe06a348853cf4c,malas_acessorios,40.0,508.0,2.0,400.0,65.0,11.0,11.0
37ba623c5ab34ea8b964009a10e87126,perfumaria,49.0,304.0,1.0,487.0,21.0,17.0,17.0
9a53219f889aa616af7f732ed9aa3fad,moveis_decoracao,49.0,1750.0,3.0,3150.0,105.0,3.0,70.0
4eea8502d7c2de8da6eea6bc6243b50c,informatica_acessorios,59.0,2046.0,6.0,250.0,17.0,10.0,13.0
f00ab8c27c660ad976b2f02b9cb8da3a,telefonia,59.0,756.0,2.0,100.0,23.0,13.0,16.0
313f8ed3413f949a1c0eb1cd6495ae5d,cama_mesa_banho,52.0,222.0,1.0,7150.0,40.0,20.0,40.0
aadff88486740e0b0ebe2be6c09476ae,beleza_saude,56.0,390.0,1.0,250.0,16.0,5.0,15.0
f486b2e5c945f3261655ae0bcbf92855,esporte_lazer,43.0,767.0,1.0,200.0,21.0,21.0,21.0
b9de40e43fccb6ba53b7eadbd5c49077,utilidades_domesticas,41.0,1188.0,3.0,700.0,70.0,10.0,15.0
b5f7245e14a8a3d52f0a6e468971e6d9,livros_interesse_geral,37.0,546.0,1.0,450.0,28.0,6.0,19.0
c8ce6fa564890ef82eb876c0bbb8f01d,informatica_acessorios,53.0,886.0,6.0,200.0,29.0,5.0,20.0
697003a5ca90721f0b466f5ffb5d8fbb,beleza_saude,45.0,1587.0,1.0,567.0,19.0,10.0,13.0
dd0c92095e24c0592ff858d2c4837a78,construcao_ferramentas_construcao,54.0,672.0,2.0,1000.0,60.0,30.0,15.0
5403528d987ad26e8d7cb25940411987,relogios_presentes,58.0,600.0,3.0,250.0,16.0,2.0,11.0
0f6fe4862e89ffc00d229ccb2fc46159,beleza_saude,49.0,660.0,1.0,483.0,16.0,16.0,14.0
08a20557431a9fcad3a08aed08811e14,pet_shop,55.0,2378.0,2.0,750.0,30.0,15.0,15.0
1ca5c007b08c0c47cae4809750e4c6ad,cama_mesa_banho,58.0,352.0,2.0,400.0,50.0,11.0,11.0
6030a4783b8f3adc3d0e392b0df67064,beleza_saude,55.0,3554.0,2.0,225.0,18.0,19.0,17.0
72b61ed035f5576359ccf0d2ec7bddf2,esporte_lazer,61.0,990.0,5.0,150.0,26.0,2.0,21.0
3cc44aee702776822cfc55c61e048b7b,automotivo,55.0,185.0,1.0,500.0,16.0,38.0,38.0
194e74feac1f84a8ee5a517d4b3e107a,pcs,59.0,3913.0,2.0,14150.0,52.0,27.0,52.0
8b55f0d97006f81c67b6b9c4aa239974,brinquedos,49.0,648.0,1.0,610.0,39.0,7.0,28.0
65bb1c5a918d2876d7a0262774887d86,moveis_decoracao,60.0,953.0,7.0,900.0,32.0,17.0,30.0
000b8f95fcb9e0096488278317764d19,utilidades_domesticas,25.0,364.0,3.0,550.0,19.0,24.0,12.0
5c4a7b17b6fa8383e978922772ababb7,cama_mesa_banho,36.0,734.0,5.0,600.0,16.0,10.0,11.0
421fbb32d56489554d727fbd4b2fa65d,beleza_saude,45.0,1364.0,1.0,650.0,20.0,15.0,15.0
4b4a4a757b32080f88805beb030d7955,papelaria,50.0,893.0,10.0,800.0,30.0,40.0,11.0
ca00f42e51fa8b6226d4c57ef6557967,relogios_presentes,56.0,640.0,2.0,350.0,19.0,13.0,13.0
bc2ead3bce545913170e95871fddf5b4,utilidades_domesticas,56.0,616.0,1.0,250.0,35.0,10.0,15.0
42a2efd39155b59e16bac90081495285,relogios_presentes,35.0,1073.0,1.0,348.0,18.0,11.0,15.0
13bb5184d064f9b96e56d241eb8b7814,brinquedos,56.0,1033.0,3.0,1450.0,42.0,30.0,23.0
7d8f983b213d00e33e83aeabe1ecea40,cama_mesa_banho,59.0,473.0,2.0,8800.0,50.0,25.0,25.0
6e7b435ac3c84fc5348dba974e184322,perfumaria,42.0,299.0,1.0,280.0,17.0,14.0,14.0
5e5d267a41f3d8bb608c2f0bd4b4972f,relogios_presentes,57.0,536.0,1.0,357.0,17.0,12.0,16.0
bf59082c832c1a67b92ee5ca73971f4e,utilidades_domesticas,56.0,1195.0,5.0,4750.0,60.0,5.0,40.0
e6666bfb776cebb5e0e1cdf2410f7490,automotivo,60.0,1693.0,8.0,3100.0,46.0,14.0,25.0
159cad5d8dadf4141e99b88d58c0c943,bebes,21.0,396.0,1.0,717.0,34.0,24.0,34.0
fd220f6fd5a3f13ef9db07428f9c935d,bebes,51.0,1438.0,6.0,280.0,17.0,6.0,11.0
a934e0f29d3b0843308564ed3ec07058,perfumaria,48.0,143.0,1.0,350.0,18.0,8.0,12.0
af4708c7522d336a01ea0a421531e56f,papelaria,54.0,688.0,2.0,475.0,18.0,13.0,16.0
f3c2c2578c46d659b7940e784319413e,fashion_roupa_masculina,42.0,162.0,4.0,800.0,20.0,7.0,20.0
dc52f0f5d3ec37a93eaf956cde4e5d2c,relogios_presentes,60.0,539.0,7.0,400.0,16.0,2.0,20.0
d2f5484cbffe4ca766301b21ab9246dd,informatica_acessorios,51.0,448.0,1.0,180.0,16.0,9.0,16.0
04ca6bf4b3d9aa78046f0973efe2f4b1,sinalizacao_e_seguranca,46.0,916.0,8.0,750.0,16.0,20.0,16.0
d7a389b75ee484bee049db1a54882b76,esporte_lazer,34.0,960.0,2.0,914.0,30.0,26.0,21.0
1a6e1fb52f5f47e7b18578907d10174c,bebes,56.0,1107.0,3.0,1100.0,42.0,25.0,15.0
a5e74dc2d01e8b9df1590c7160358273,utilidades_domesticas,50.0,226.0,6.0,7250.0,45.0,19.0,45.0
80a43af9cebbce401a0e92603326450c,utilidades_domesticas,55.0,594.0,3.0,213.0,23.0,11.0,15.0
101a896b1137f70a7bbb2b9fac61458d,relogios_presentes,46.0,561.0,1.0,342.0,17.0,9.0,12.0
43423cdffde7fda63d0414ed38c11a73,relogios_presentes,41.0,1159.0,4.0,350.0,16.0,14.0,11.0
2bcade3be09c837c06332d0aac506d23,esporte_lazer,50.0,970.0,2.0,400.0,25.0,15.0,20.0
442c4ff18b437710dbb8ca943e7ac401,esporte_lazer,32.0,916.0,5.0,75.0,28.0,20.0,30.0
77d33bd0b4fcc822df9ee16dd7c13a13,cine_foto,45.0,701.0,3.0,150.0,20.0,20.0,20.0
6c8dfcd9be1c04a1b4f98bb6c283a6aa,instrumentos_musicais,37.0,284.0,1.0,289.0,37.0,12.0,13.0
ca5c923962558430573f83661dbe36d6,pet_shop,59.0,747.0,2.0,1250.0,40.0,20.0,30.0
ba4d4408f422ce8b42de69cbf879f5f9,alimentos_bebidas,38.0,916.0,1.0,300.0,21.0,10.0,15.0
e28a83b76a4ef29f90a34d134961e22f,esporte_lazer,49.0,749.0,2.0,2800.0,35.0,12.0,35.0
485aa17cb179a6624fb0c9e12cc639d1,cool_stuff,51.0,873.0,3.0,900.0,18.0,9.0,27.0
3a362c0e7f9a69276e2d95869a3e143b,beleza_saude,60.0,919.0,1.0,150.0,22.0,3.0,15.0
2ffdf10e724b958c0f7ea69e97d32f64,relogios_presentes,59.0,582.0,1.0,263.0,17.0,12.0,13.0
4a24717893a6c8f3cfcf9843b8987d15,artes_e_artesanato,36.0,576.0,5.0,350.0,32.0,2.0,28.0
0bcc3eeca39e1064258aa1e932269894,ferramentas_jardim,57.0,339.0,2.0,1800.0,37.0,22.0,40.0
3963a38599692e337822f032da892d5e,casa_construcao,53.0,849.0,4.0,600.0,22.0,18.0,22.0
4c1402c34f16afeb4c737aeaaf23fd0b,automotivo,52.0,294.0,1.0,8900.0,105.0,15.0,34.0
49e32ecc1547ad9af62e9c7de8197172,bebes,59.0,121.0,1.0,700.0,39.0,16.0,40.0
88c676304d4d4f0eaafc6ca88308f83b,instrumentos_musicais,60.0,538.0,1.0,3300.0,20.0,20.0,20.0
d76b0c7f80641d892f4e650e74e4c120,beleza_saude,49.0,1245.0,3.0,1150.0,50.0,10.0,15.0
75c1defd23a9893201a8bed3740168eb,eletronicos,60.0,653.0,1.0,401.0,17.0,12.0,15.0
8cd0af4160df609b19513a93e40899a6,cama_mesa_banho,31.0,254.0,1.0,1925.0,38.0,13.0,20.0
12a46620105cc4bf4d193fed203ab9e6,esporte_lazer,53.0,921.0,4.0,150.0,17.0,5.0,11.0
2a7d1be78b464ce799d177a408e327c0,eletronicos,51.0,825.0,1.0,250.0,18.0,17.0,18.0
7c4a8bec217df1de0df2b5aaf8175b65,audio,58.0,675.0,2.0,167.0,16.0,4.0,11.0
f9eb0aeafb5aa02dd5889376063550b9,cama_mesa_banho,58.0,352.0,2.0,400.0,50.0,11.0,11.0
7417df21911850fd367d69e73c4b36d1,beleza_saude,42.0,2023.0,5.0,700.0,30.0,5.0,20.0
8f7ba3a21866ed0cf0233dd71fa0da72,informatica_acessorios,50.0,703.0,1.0,223.0,19.0,12.0,12.0
aef74719b37c2e1d6be96b4e50495ad0,fashion_bolsas_e_acessorios,50.0,2164.0,5.0,975.0,33.0,25.0,28.0
dc23131445c27852a44f8ad0d94b3d0f,cama_mesa_banho,39.0,733.0,1.0,3600.0,38.0,20.0,25.0
eab77f3ca90afdb347367c198efdb8be,beleza_saude,42.0,632.0,2.0,250.0,22.0,12.0,17.0
e583bb5fa3cb1e876a6ea48f21dfef34,artigos_de_festas,59.0,761.0,1.0,350.0,27.0,9.0,19.0
6d5b0463de821d49fa92da09e30a4846,beleza_saude,44.0,1967.0,4.0,650.0,27.0,4.0,11.0
2044a12ee7346af1ca8f9357bea3fea2,perfumaria,34.0,169.0,1.0,422.0,23.0,10.0,15.0
e4c7ed7a832858c17d60ad5e38b00aba,cama_mesa_banho,35.0,155.0,1.0,750.0,40.0,4.0,30.0
24baefeed71136f90df0149ca1e85c49,automotivo,56.0,874.0,1.0,150.0,27.0,10.0,13.0
59013456264614e8f78024619f8b2972,esporte_lazer,58.0,950.0,3.0,475.0,16.0,8.0,11.0
e9eddac769237a45defef45db2f9cf1c,esporte_lazer,53.0,1103.0,2.0,300.0,16.0,4.0,11.0
9711e523a681d75526ae8a1e98c8b2b8,beleza_saude,49.0,1675.0,2.0,350.0,30.0,5.0,12.0
dd1247b741df1771259ee7beb0e4b8fc,relogios_presentes,52.0,716.0,4.0,200.0,16.0,2.0,11.0
494e5f4c3ccfa2520421fc87b9d368b5,beleza_saude,58.0,812.0,1.0,230.0,16.0,16.0,16.0
656e6ea7d86cf0008e67b693d33cc357,beleza_saude,60.0,919.0,1.0,100.0,22.0,3.0,15.0
6b5170a2d3ae93a38e63f17b356da239,utilidades_domesticas,40.0,464.0,1.0,1200.0,28.0,8.0,13.0
46014d47c7acdbd7ab5850d95ec85106,cama_mesa_banho,56.0,147.0,2.0,1200.0,47.0,7.0,45.0
d068b5273f2823a2b01f34b7175c5e50,utilidades_domesticas,51.0,202.0,1.0,700.0,25.0,41.0,25.0
43b54d1fc56ff394092a3dff6be2d39f,beleza_saude,60.0,919.0,1.0,150.0,22.0,3.0,15.0
02851253400fd18410f8eb4369cff9e1,ferramentas_jardim,52.0,289.0,1.0,3900.0,45.0,6.0,38.0
06e95441ade9262a325f6d5c1561cbb4,casa_construcao,51.0,864.0,6.0,750.0,16.0,18.0,16.0
1a8c8d4e86c3b6d020f42b5621825ced,eletrodomesticos,42.0,116.0,1.0,450.0,20.0,13.0,12.0
052413504e5295cd66ec4ced0b310062,relogios_presentes,55.0,570.0,1.0,165.0,16.0,10.0,12.0
21addb589dd9cf0c658177579dd2e99d,relogios_presentes,55.0,311.0,1.0,283.0,22.0,13.0,20.0
92e106929b560a1609803a97c48a47d2,beleza_saude,45.0,1410.0,1.0,200.0,20.0,20.0,20.0
d5abd3b28e2a7a0da8f0a4617f9188d6,telefonia,53.0,412.0,3.0,100.0,19.0,3.0,11.0
eaa53c85856d19bc9f611f5628b4ce7b,construcao_ferramentas_iluminacao,56.0,290.0,4.0,600.0,38.0,15.0,25.0
81a3d1dc085d3226530f23cd4af5030b,brinquedos,44.0,232.0,3.0,547.0,22.0,13.0,21.0
0603179793e4bf68b9dbdb4ba238a3b7,cama_mesa_banho,58.0,1290.0,1.0,1150.0,43.0,7.0,30.0
fcd3383d6f4f1c10260d479342c4fd54,telefonia,58.0,818.0,6.0,150.0,17.0,4.0,12.0
a4ea23e4c7a6ea7b4106779177221ce7,informatica_acessorios,40.0,2755.0,5.0,200.0,20.0,10.0,15.0
eaa26a34984cbfedc19b1e45f09f3c9a,cool_stuff,49.0,214.0,2.0,422.0,18.0,12.0,15.0
059ca09d32720d9adce3ae12e181339d,perfumaria,50.0,676.0,1.0,426.0,20.0,16.0,17.0
0176300ac9900e260f35fbddd71c6d92,eletrodomesticos,59.0,161.0,1.0,200.0,27.0,12.0,17.0
c615ac0ef96d723029051d29d7cd2d16,beleza_saude,57.0,1479.0,1.0,100.0,30.0,12.0,16.0
44561c9878089165871c1d9956da49dc,esporte_lazer,57.0,913.0,1.0,1600.0,20.0,40.0,30.0
93a12c289ca2b78e7069e469f5053ef2,informatica_acessorios,55.0,408.0,1.0,233.0,16.0,14.0,15.0
ea10285afcafd4d505a539481c9c576b,utilidades_domesticas,58.0,422.0,2.0,2150.0,45.0,41.0,14.0
9beabf555d105ca84a74570e39e64852,automotivo,29.0,766.0,2.0,300.0,16.0,10.0,16.0
d1c427060a0f73f6b889a5c7c61f2ac4,informatica_acessorios,59.0,1893.0,1.0,6550.0,20.0,20.0,20.0
b8983274d38e4c05381bc3c80af2ad2e,esporte_lazer,52.0,1416.0,1.0,300.0,16.0,16.0,16.0
831870523df81c6ec172475d41509880,perfumaria,37.0,414.0,2.0,100.0,16.0,16.0,11.0
9759a740aa84f55b71c0c8c306a80737,beleza_saude,43.0,507.0,1.0,1875.0,23.0,23.0,23.0
391f848f4bc78479c9370a65a94f1d7f,beleza_saude,53.0,1422.0,2.0,2850.0,35.0,25.0,30.0
24fee4a800146a47846fa0e345b6d6ed,agro_industria_e_comercio,22.0,353.0,1.0,800.0,20.0,20.0,20.0
31b5755dd3e583e7c227a935657a818f,telefonia,55.0,1809.0,7.0,150.0,16.0,10.0,11.0
b92a7304ebad1ca5b393b53b2de5c70a,moveis_escritorio,55.0,1292.0,1.0,9725.0,53.0,52.0,17.0
e8c421a493af37beaefc9092d0798203,beleza_saude,46.0,683.0,8.0,250.0,35.0,15.0,15.0
6c712952b8ef62f8d06a0314917400c8,beleza_saude,39.0,608.0,1.0,1200.0,21.0,13.0,19.0
4c0f00c6b8f193c1cb9459e6b97e0320,cama_mesa_banho,53.0,1023.0,1.0,1625.0,34.0,24.0,24.0
f65ff6e5a356943c5cee2e8bb023efc8,eletrodomesticos_2,45.0,1010.0,7.0,8100.0,64.0,23.0,35.0
f9a508234fed38c95437c5a16b847774,consoles_games,37.0,1192.0,2.0,250.0,16.0,7.0,15.0
afeeea6271148ee1bb15173b8187c431,telefonia,52.0,1885.0,1.0,450.0,17.0,3.0,11.0
ce28e83906c41f4170cf100324d80811,moveis_decoracao,57.0,2135.0,2.0,350.0,69.0,11.0,11.0
f68980d7981fcc92059f42a4fd82fb38,esporte_lazer,56.0,1531.0,1.0,650.0,34.0,15.0,12.0
146fed9eb1d0f9db43dad0c7c96fc6e8,cama_mesa_banho,50.0,392.0,1.0,1400.0,35.0,10.0,35.0
dac106d9436467c9e5ba3767d1c5aa01,informatica_acessorios,58.0,227.0,7.0,950.0,18.0,4.0,15.0
ca5861c2b694c968ae74e0a6ad72790e,utilidades_domesticas,56.0,305.0,1.0,700.0,20.0,50.0,20.0
a52eee5077b52ed1702997bbb36ca4de,alimentos,44.0,1147.0,1.0,200.0,16.0,11.0,11.0
25d035762df754b895cf8e847168409a,pet_shop,27.0,1553.0,1.0,1167.0,24.0,28.0,20.0
e791baa02d6adf9cbfc62e9b78fe91b9,informatica_acessorios,50.0,882.0,4.0,400.0,20.0,30.0,30.0
43f88c8353708451babf9bcdd1fda92a,fashion_bolsas_e_acessorios,46.0,419.0,4.0,200.0,16.0,5.0,11.0
0a407038cdb51df51fa8d01c54fa05f0,utilidades_domesticas,50.0,614.0,1.0,5550.0,35.0,28.0,32.0
8f6830779a08a96560ec9f10e13d8fc8,bebes,32.0,728.0,4.0,250.0,18.0,4.0,14.0
962f5772bee158b6fa65e4112823c598,beleza_saude,50.0,1266.0,1.0,4450.0,20.0,20.0,20.0
f0d1b9adbb40033054296d0ce2581aea,utilidades_domesticas,32.0,349.0,1.0,450.0,30.0,25.0,25.0
b6bdb28b376292b83135644ff8d4d6a2,cama_mesa_banho,60.0,265.0,1.0,2200.0,34.0,7.0,32.0
b75a056d7d03227c3a3b60e9ccf518c9,automotivo,60.0,1259.0,2.0,450.0,20.0,9.0,14.0
83b6bc973e911a21b156247857bc0f59,beleza_saude,35.0,592.0,1.0,300.0,16.0,18.0,16.0
81f3b58e2adf194df837b71d288dd315,alimentos,20.0,1143.0,1.0,1150.0,20.0,10.0,20.0
cc4b51ca9b5ca05b7fd5337bddb7341c,cama_mesa_banho,48.0,437.0,2.0,550.0,40.0,8.0,50.0
f2d649f157cebee085ed738f23d5d6b7,bebes,42.0,596.0,1.0,350.0,32.0,9.0,16.0
af53bbaeee1f3190c2ff939fc236b6f5,beleza_saude,47.0,770.0,1.0,350.0,19.0,12.0,13.0
8894c64689c2a3a29e2fff744de30e46,moveis_decoracao,50.0,250.0,1.0,800.0,20.0,25.0,20.0
b05eda1aa0322626a26b40fe913ebfc5,telefonia,51.0,1257.0,1.0,75.0,19.0,5.0,11.0
2d760d94cb67db3551e9a01ceb060161,informatica_acessorios,43.0,1276.0,1.0,1183.0,59.0,10.0,15.0
cb0fe29b88df5b43cb3d434b6b0e8db4,utilidades_domesticas,31.0,909.0,4.0,1525.0,65.0,10.0,25.0
d9965bb41ec6a56e7cfc31ede4bc4276,brinquedos,58.0,916.0,11.0,200.0,16.0,15.0,20.0
93b513d693c7e922381d6aec80dfb639,esporte_lazer,58.0,1715.0,5.0,1550.0,40.0,20.0,20.0
754ea8d75da6030e9a9bfabce28b0d9f,bebes,50.0,1142.0,1.0,1600.0,40.0,8.0,50.0
e0cf79767c5b016251fe139915c59a26,beleza_saude,55.0,388.0,1.0,250.0,16.0,5.0,15.0
0c4a0f8ab44f9acd2d04e7024f9ba362,alimentos,49.0,740.0,1.0,388.0,16.0,16.0,14.0
de7df82eb1e48c456b020c2cfb03aeed,esporte_lazer,60.0,333.0,2.0,200.0,30.0,20.0,20.0
e61c78a7343d82c0539d27df0f7dfc31,cama_mesa_banho,60.0,268.0,1.0,2700.0,41.0,8.0,36.0
4520766ec412348b8d4caa5e8a18c464,automotivo,59.0,956.0,1.0,50.0,16.0,16.0,17.0
8b3fe8c89624abf9d932b87faae6b587,utilidades_domesticas,47.0,396.0,2.0,6050.0,77.0,11.0,33.0
42ec84ace63b58b8c5a7ba7be01d5fb8,cool_stuff,52.0,1732.0,10.0,2550.0,24.0,23.0,27.0
57e089e3103f5cda6a4ce23b77399bdb,bebes,18.0,1194.0,4.0,650.0,20.0,8.0,14.0
d537e54e990d95194a5733e79f1af1aa,esporte_lazer,51.0,2047.0,1.0,50.0,20.0,20.0,20.0
0c7e301c5eecc0fe996dd86bc9c290fa,automotivo,42.0,1192.0,2.0,175.0,18.0,11.0,14.0
ee57070aa3b24a06fdd0e02efd2d757d,informatica_acessorios,55.0,937.0,1.0,107.0,19.0,13.0,13.0
a72d9b5dc60e2abd5063eba3b18d1e86,utilidades_domesticas,44.0,314.0,4.0,300.0,27.0,9.0,19.0
fe40f7377a50aba380fb2fca57cf730c,pet_shop,56.0,2359.0,6.0,1650.0,42.0,22.0,32.0
0950783476d3f6529a03b28fcac219d1,utilidades_domesticas,51.0,601.0,1.0,1350.0,28.0,34.0,30.0
88a3f73bd7326cded0153029c775d145,esporte_lazer,47.0,614.0,1.0,5900.0,35.0,28.0,32.0
67e927f7378303fc91ee4c3fc301bf5a,perfumaria,47.0,2024.0,1.0,251.0,18.0,11.0,15.0
50e9e70a21b874311949e3db8ace597d,beleza_saude,50.0,464.0,1.0,694.0,17.0,12.0,14.0
03078714f1e3f3758555f67ff35b4b01,utilidades_domesticas,54.0,153.0,1.0,600.0,16.0,16.0,16.0
2ff17002562478fb03cd44f09e7ca51a,relogios_presentes,52.0,529.0,1.0,283.0,18.0,14.0,14.0
a4f6f1f22e3d5cae41187879ded62616,cama_mesa_banho,46.0,352.0,2.0,500.0,50.0,11.0,11.0
adaf53b4c04b9aca88c0f5c9ba4c3880,automotivo,44.0,1793.0,5.0,300.0,16.0,10.0,16.0
7814c273ab16783d73a9863ebfa8b141,moveis_decoracao,51.0,756.0,1.0,12250.0,45.0,35.0,45.0
deb5048402088c1bd33af3910bf9a92f,eletrodomesticos,55.0,313.0,1.0,3500.0,55.0,19.0,46.0
c6fa05b26acb1af4a61bf2830419d1fa,papelaria,38.0,867.0,10.0,850.0,30.0,40.0,11.0
7a40001d3da620600ab80109510f3496,beleza_saude,47.0,3963.0,1.0,850.0,16.0,24.0,16.0
bdb398ac06c2ed352859d8f8cf2f713c,relogios_presentes,43.0,340.0,1.0,338.0,21.0,14.0,20.0
5c909f03b5baf836858186d3d5867020,esporte_lazer,59.0,485.0,2.0,2850.0,23.0,19.0,51.0
99a4788cb24856965c36a24e339b6058,cama_mesa_banho,54.0,245.0,1.0,1383.0,50.0,10.0,40.0
b55d740a9c9a5e4b9d681828a82d28bc,automotivo,58.0,585.0,3.0,750.0,60.0,8.0,33.0
046bb8477448980cb3355e0702e77a0e,beleza_saude,42.0,1118.0,1.0,1500.0,19.0,29.0,18.0
8d1e9f9f3d7126c5ccdfb50c10c8e444,utilidades_domesticas,43.0,2112.0,8.0,2500.0,50.0,11.0,24.0
5145cef9f9e1293cf8cba2c924eb94e9,moveis_escritorio,46.0,2250.0,1.0,11600.0,58.0,20.0,58.0
730f1927f42fda4370209c28203eb0ab,cama_mesa_banho,56.0,505.0,2.0,200.0,16.0,10.0,16.0
d3beab88b06d8b7f89e83f6744861ee5,esporte_lazer,59.0,1096.0,9.0,950.0,20.0,20.0,30.0
81781c0fed9fe1ad6e8c81fca1e1cb08,cama_mesa_banho,51.0,529.0,1.0,0.0,30.0,25.0,30.0
9271d2541a43f8db13d164887228a189,brinquedos,53.0,341.0,2.0,2933.0,39.0,27.0,33.0
1428c05db72682f014dc218c294724ea,musica,49.0,584.0,1.0,200.0,20.0,2.0,15.0
787268a8ccbecd1ae02d8001b61ca46d,cama_mesa_banho,52.0,230.0,1.0,2125.0,41.0,13.0,26.0
e0e2e29a516b06947e388d20aa7bf7a6,cama_mesa_banho,58.0,1139.0,3.0,3700.0,40.0,15.0,40.0
3b363eb5f320bf6f9a812a5dccb8682b,beleza_saude,53.0,2464.0,1.0,600.0,19.0,14.0,11.0
89427567da9c9b075c9dca131535104d,brinquedos,45.0,111.0,3.0,550.0,50.0,10.0,25.0
a79ae5e76295aa86fb2a41afaa708074,brinquedos,32.0,479.0,1.0,250.0,27.0,11.0,21.0
4a37fea9a17c3cb688dc22802a698a80,cool_stuff,53.0,1187.0,4.0,1400.0,30.0,4.0,30.0
4167a7ae0930579d1f27d465a1a042f0,beleza_saude,60.0,919.0,1.0,150.0,22.0,3.0,15.0
9e33c417f7f6ba6c1212d91ccbfbe2f5,cama_mesa_banho,56.0,642.0,1.0,1100.0,20.0,20.0,20.0
dbe30cd7571498ff45963ea671014c6a,cama_mesa_banho,54.0,463.0,1.0,350.0,16.0,40.0,30.0
51f69f174d94a288c7c6d03095ccea9b,telefonia,57.0,364.0,1.0,150.0,22.0,7.0,14.0
9fe172fa8e662ca8572cf12abf8bce23,fashion_bolsas_e_acessorios,36.0,412.0,5.0,150.0,16.0,5.0,20.0
72d3bf1d3a790f8874096fcf860e3eff,brinquedos,57.0,341.0,2.0,583.0,20.0,21.0,20.0
bc072f287b475a918c00b3478d1bcef9,automotivo,55.0,3479.0,4.0,2500.0,21.0,18.0,16.0
a7216be504e1ff211b67479ab193a552,utilidades_domesticas,42.0,886.0,3.0,5200.0,50.0,23.0,27.0
3631b85819ccd66432f8e4b5fb568cf2,utilidades_domesticas,33.0,311.0,3.0,150.0,16.0,9.0,11.0
c925e3dea45558e88442e52f0cf3d7e9,automotivo,56.0,919.0,5.0,200.0,23.0,3.0,16.0
755073cc68bc18919f48e8544dcd73d7,sinalizacao_e_seguranca,45.0,614.0,1.0,1250.0,17.0,32.0,29.0
4deb009c36a910076a023947a7929201,consoles_games,51.0,936.0,2.0,157.0,17.0,8.0,13.0
e3f7b3cbb0ccf1f1e361e6974b22e346,cama_mesa_banho,56.0,608.0,1.0,650.0,16.0,10.0,16.0
98f129cbe241892b96fca3363f2caed4,construcao_ferramentas_seguranca,59.0,2112.0,5.0,300.0,17.0,7.0,17.0
210927ec4e766c525d07a1c17d4bb578,papelaria,49.0,414.0,1.0,150.0,20.0,20.0,20.0
82c3ea364e5480f335f6743ee725a921,informatica_acessorios,58.0,419.0,2.0,275.0,16.0,5.0,20.0
63888810573fd78e60644cdf803cd2fa,esporte_lazer,59.0,320.0,2.0,100.0,16.0,16.0,11.0
6ac3978babf6ca76087369391bb6ce5a,utilidades_domesticas,22.0,930.0,2.0,1683.0,25.0,22.0,22.0
e919bdbe0314f5cef7d86707f9d89c1e,utilidades_domesticas,39.0,412.0,1.0,675.0,18.0,21.0,16.0
205448428c05215b1d0bd5c9d2a1ee3c,cama_mesa_banho,60.0,766.0,1.0,733.0,28.0,2.0,23.0
3cb39171fd36c50097f2dedbbe0dfe6e,automotivo,60.0,3136.0,4.0,100.0,17.0,10.0,15.0
efa00ca4229c1a9fa813fd0a872cbb1e,perfumaria,53.0,342.0,1.0,550.0,24.0,8.0,15.0
55403fdc84a027ae6565b360af50e1ee,perfumaria,59.0,1128.0,2.0,5446.0,21.0,14.0,18.0
013ee64977aaa6b2b25475095162e0e9,cama_mesa_banho,40.0,519.0,2.0,1350.0,45.0,10.0,55.0
72dd2e7b7e10b8a4083e53c7867c1564,bebes,48.0,835.0,5.0,83.0,19.0,8.0,12.0
a62b367ed54e81983ba07fdb06d405fb,utilidades_domesticas,57.0,846.0,1.0,1750.0,16.0,31.0,12.0
08c63555bbee955cad9c6a9feab9e9d4,utilidades_domesticas,38.0,193.0,1.0,11350.0,43.0,35.0,34.0
ebccaf8ddfeb6858f6cf417708159453,bebes,32.0,449.0,1.0,1100.0,29.0,12.0,32.0
2b4042dfabc3fe9d3f16951a8e1a3b70,utilidades_domesticas,56.0,623.0,3.0,900.0,38.0,9.0,21.0
3379df99dfd26b916bb666847bedab3e,utilidades_domesticas,43.0,278.0,1.0,3250.0,35.0,55.0,25.0
4744ba40fb4b128ffc1c6a753711f2f7,moveis_decoracao,50.0,2042.0,4.0,800.0,30.0,12.0,30.0
8c154410716f31649d25e436f7d5d838,beleza_saude,46.0,803.0,1.0,250.0,22.0,3.0,15.0
dfbbf137ccb6af48e66d186a33118579,informatica_acessorios,45.0,722.0,2.0,450.0,20.0,30.0,30.0
a67862541af347668d69290d8951beeb,utilidades_domesticas,57.0,250.0,1.0,250.0,30.0,30.0,30.0
f109f04ad95889f2f041a91afe3d894e,beleza_saude,47.0,189.0,1.0,2033.0,22.0,12.0,17.0
1c6cf85f4af5c2787a812d273b836c01,utilidades_domesticas,38.0,252.0,1.0,2300.0,44.0,8.0,32.0
5328338cfaa16ba10561cd970c73ca11,cool_stuff,51.0,330.0,1.0,1950.0,33.0,44.0,19.0
56cfc201c76464fa6c5b3f4a1257fa0b,beleza_saude,56.0,1833.0,1.0,2300.0,28.0,14.0,20.0
f8375e9fa93ad89af5386c8d0ff4e186,papelaria,58.0,495.0,3.0,825.0,22.0,32.0,22.0
c342f482010f1ec6d94f55102e4994b9,automotivo,56.0,461.0,5.0,400.0,30.0,11.0,15.0
74a540bb7912e04aa9380812dc1fb048,relogios_presentes,45.0,304.0,1.0,375.0,18.0,11.0,14.0
561e48cdfacd14e7cfe67aa4ebd0caea,pet_shop,63.0,1538.0,2.0,650.0,21.0,18.0,20.0
ef25f91f23e39577fa6ddf93103876b1,papelaria,53.0,317.0,3.0,5350.0,38.0,30.0,28.0
0d43f8d3ba891d985e8087bf048d3f85,papelaria,44.0,240.0,1.0,100.0,16.0,20.0,20.0
41376d63d4c45fe6c7407e838a2befa3,brinquedos,53.0,302.0,2.0,4000.0,30.0,45.0,25.0
2669a9fe1aaf6cb29071f8f866014afc,audio,60.0,619.0,4.0,450.0,17.0,8.0,12.0
0b4b59f6bcaf697444a8b7b14f630b15,cama_mesa_banho,54.0,714.0,2.0,12150.0,45.0,40.0,32.0
0a18ef4868095d4c83357e58020e3397,telefonia,53.0,612.0,4.0,175.0,22.0,4.0,12.0
a35a9f46dcee0a67c8c7ad8493eb4135,informatica_acessorios,33.0,1084.0,2.0,200.0,41.0,2.0,29.0
1fc4d10c30db884f34f1b8388731b021,brinquedos,44.0,2178.0,7.0,900.0,35.0,8.0,35.0
5a6eeab62396852f7d89b60ba3a73cce,ferramentas_jardim,33.0,109.0,1.0,300.0,16.0,22.0,11.0
b93ce2bec0961862bd811f643e704566,eletrodomesticos_2,29.0,223.0,1.0,6250.0,55.0,10.0,68.0
4299211de0fa49785bb3115aa2b25c61,brinquedos,44.0,956.0,3.0,200.0,20.0,25.0,25.0
8ea6651a5fee129653198012abdd4185,bebes,30.0,878.0,1.0,1400.0,44.0,6.0,36.0
5f42d57952b7815098979a5c4fa6f82a,beleza_saude,60.0,919.0,1.0,150.0,22.0,3.0,15.0
f2a76781f22caf64ef56f2c87889e12a,bebes,60.0,848.0,5.0,700.0,50.0,5.0,40.0
9e25ada324eae24218829873a10d95ee,automotivo,49.0,278.0,6.0,850.0,17.0,17.0,15.0
0a4093a4af429dc0a9334300e5c13ae5,beleza_saude,56.0,389.0,1.0,300.0,16.0,5.0,15.0
2676f64fccc9174a0c843ecd4dcd44d8,cama_mesa_banho,45.0,864.0,2.0,7600.0,50.0,15.0,55.0
76061aaf8a1e4e93cdd26f7bef9ce247,papelaria,52.0,313.0,6.0,9200.0,60.0,20.0,29.0
f72c56e46adf2ef4cf84a708f8644f89,moveis_sala,51.0,759.0,5.0,9150.0,87.0,10.0,56.0
12e6d0f655986ceff00c74658dec97b1,moveis_sala,47.0,511.0,1.0,7875.0,60.0,25.0,25.0
16d13ab2d640065882cddcafa3359116,cama_mesa_banho,49.0,565.0,1.0,483.0,28.0,2.0,23.0
3eebb0207da828bf5376257ceca70959,relogios_presentes,58.0,438.0,8.0,250.0,16.0,2.0,11.0
3745086e428495d12317f5864306279f,brinquedos,40.0,327.0,1.0,800.0,31.0,8.0,31.0
48e1175aec66cc4cd9998ea2e6eeae04,perfumaria,48.0,451.0,1.0,250.0,16.0,16.0,11.0
55d139324dfb785b405ef1e11f119adc,casa_construcao,46.0,1330.0,1.0,738.0,23.0,16.0,20.0
08462528607b71ea62cbc019d91b001e,beleza_saude,31.0,591.0,2.0,650.0,16.0,10.0,11.0
501c8cd285f4f2ed96efffbb3c697d0b,construcao_ferramentas_construcao,44.0,339.0,1.0,450.0,19.0,5.0,13.0
9668ae227893ed924319574e98f60c7d,cama_mesa_banho,43.0,582.0,1.0,1350.0,35.0,19.0,45.0
c2a7775e16b4ac0e1e9d78c9e8c9e825,utilidades_domesticas,54.0,3831.0,1.0,350.0,21.0,21.0,15.0
3e845176ca89939bffd10efd3467a090,moveis_decoracao,35.0,313.0,1.0,1550.0,37.0,10.0,20.0
dfc9d9ea4c2fbabe7abb0066097d9905,cama_mesa_banho,54.0,797.0,1.0,3300.0,19.0,35.0,31.0
9648b0bf87f29f78dd9fcbfe58d0e6a6,brinquedos,53.0,882.0,1.0,6300.0,30.0,30.0,30.0
4fe644d766c7566dbc46fb851363cb3b,artes,48.0,1232.0,1.0,1700.0,65.0,6.0,50.0
046cf43a5b63303b3c3c4ba076d1d732,beleza_saude,48.0,1648.0,2.0,350.0,24.0,5.0,21.0
781afe929e3016a667f5f439afd55fce,esporte_lazer,42.0,590.0,1.0,400.0,18.0,18.0,18.0
4025ee582ef6b8c478af3b44cf89054b,cama_mesa_banho,60.0,58.0,1.0,200.0,20.0,2.0,15.0
25a69adae1b354beb056d4b740e841cd,cama_mesa_banho,50.0,762.0,2.0,900.0,30.0,4.0,20.0
22f799df8d5495f40f6ed3cc8b18b712,utilidades_domesticas,49.0,481.0,4.0,700.0,27.0,9.0,19.0
e962f892a82b3e301fc363a94cb2f521,telefonia,60.0,1010.0,2.0,150.0,19.0,3.0,11.0
914c9e9af640dd56f48764a225b00f89,moveis_escritorio,47.0,1047.0,1.0,7463.0,56.0,64.0,35.0
e0d64dcfaa3b6db5c54ca298ae101d05,relogios_presentes,35.0,514.0,2.0,4338.0,17.0,12.0,14.0
7e6c4a0bf900e259f50ba63331fd2785,relogios_presentes,59.0,755.0,2.0,250.0,16.0,2.0,11.0
1a053f9619cbdb4a83c0f61a68d01211,esporte_lazer,54.0,1417.0,2.0,150.0,20.0,10.0,15.0
e59f9160ef2e37fd48efdb84a4c30126,moveis_decoracao,42.0,993.0,1.0,1050.0,17.0,27.0,17.0
24c9d329963373e2fccaa3f3204db19e,consoles_games,58.0,601.0,2.0,100.0,21.0,24.0,23.0
06016387c52742ed3e0a128e0ffb6b47,utilidades_domesticas,55.0,531.0,1.0,7650.0,23.0,8.0,13.0
839321c2db7b3b3eaff4944c3b052ecd,utilidades_domesticas,37.0,570.0,1.0,1291.0,23.0,23.0,20.0
71d2e375cd7ae542240f5f335894448a,bebes,52.0,740.0,7.0,2350.0,35.0,35.0,30.0
e5897f494af72d083f3899808f341659,cama_mesa_banho,51.0,275.0,1.0,1100.0,41.0,13.0,13.0
2a5e8a686fea7f74cb246f729a53e650,moveis_decoracao,58.0,454.0,3.0,2150.0,36.0,31.0,19.0
8fa67e5cb309b9cd7b4438e15948bdb2,bebidas,43.0,839.0,1.0,333.0,17.0,16.0,16.0
d7e407589b859c99b1df9088674c20e3,perfumaria,53.0,438.0,3.0,7150.0,35.0,35.0,35.0
3b068029db5363533440150014d95d9b,bebes,50.0,376.0,1.0,450.0,35.0,2.0,25.0
9a81ff03e62cb56207c77fc1e718a4c4,esporte_lazer,52.0,507.0,1.0,1150.0,34.0,15.0,15.0
11ad873e7f5b2a8fe696997ba983e2d1,cool_stuff,60.0,811.0,5.0,16100.0,82.0,77.0,15.0
f0f9486bd96130088e93b7a3b3c08ebc,livros_interesse_geral,48.0,1255.0,1.0,110.0,33.0,6.0,22.0
3e5047976e9d805d4cb72a96649f9b11,beleza_saude,43.0,1385.0,1.0,200.0,24.0,9.0,14.0
b1d1dedf9404cb40c2cb575270828994,moveis_decoracao,57.0,707.0,1.0,7700.0,45.0,40.0,45.0
b74d57e3377dd78aace6d070fc48cc88,cama_mesa_banho,55.0,556.0,1.0,675.0,40.0,18.0,35.0
e57ef623983cba8948397a3d7d52adc4,cama_mesa_banho,40.0,583.0,1.0,1450.0,35.0,19.0,45.0
57e7f9befd08f9e14bc4545abf760d0e,ferramentas_jardim,47.0,1017.0,1.0,700.0,25.0,11.0,11.0
5716717fcac28d7783b530d6678cecca,utilidades_domesticas,49.0,85.0,1.0,1000.0,25.0,15.0,20.0
f5b952758d88a5995ae5c8208a63b913,utilidades_domesticas,30.0,235.0,1.0,3750.0,45.0,25.0,20.0
f9b178c9fdc90bbcfbd6c6b49ed47d4c,moveis_decoracao,47.0,894.0,1.0,1850.0,30.0,30.0,30.0
da98518441170ed0b0afcc0b471806ee,cama_mesa_banho,57.0,300.0,1.0,1700.0,38.0,8.0,28.0
0e56431285bc62af798b89f6650d23f9,beleza_saude,58.0,896.0,3.0,1900.0,33.0,17.0,13.0
81f6e31d9c9f06fc5beb564d6c632cac,esporte_lazer,46.0,677.0,2.0,250.0,25.0,10.0,15.0
45ae343d4991cc21e7ec0a775239402f,bebes,48.0,279.0,1.0,200.0,16.0,20.0,12.0
06edb72f1e0c64b14c5b79353f7abea3,cama_mesa_banho,39.0,161.0,2.0,350.0,25.0,8.0,19.0
a6f1c622ba2df1146e04690cb9622288,papelaria,21.0,286.0,1.0,150.0,35.0,27.0,27.0
759c85bda80286f647f1f71b847c6457,utilidades_domesticas,59.0,790.0,2.0,450.0,24.0,7.0,12.0
205ff90a4060e651110a277efa4633fd,beleza_saude,52.0,703.0,1.0,150.0,20.0,10.0,20.0
35c22f2ce4b0627c44c10feec4d02c4d,esporte_lazer,20.0,198.0,4.0,1850.0,16.0,4.0,11.0
61e8bddb5e00dffe8bfbf972cf3fdf18,malas_acessorios,53.0,473.0,4.0,1050.0,30.0,15.0,15.0
d10a774b4598f38e0313d45db68008eb,eletronicos,44.0,599.0,1.0,350.0,19.0,12.0,15.0
059344baebbeaa42fa9f2bbe11b1583e,construcao_ferramentas_iluminacao,55.0,1548.0,4.0,1400.0,24.0,15.0,38.0
995f41643437250fce96885e56dd05d3,telefonia,57.0,3923.0,4.0,150.0,20.0,10.0,15.0
a05b734b423527efdc1917e441f19234,pet_shop,51.0,752.0,2.0,1750.0,41.0,26.0,22.0
f05cd18872164e75d946139c27cc9844,cama_mesa_banho,50.0,956.0,2.0,675.0,33.0,7.0,30.0
6ca54e191592a843087a042b0665d7ef,moveis_decoracao,52.0,250.0,1.0,2200.0,55.0,5.0,100.0
b38b25d838ae0b8385e8cc68b9017644,beleza_saude,59.0,1153.0,4.0,200.0,18.0,3.0,20.0
9e24c718d40f018498c6b5db74bf9dc9,informatica_acessorios,59.0,2382.0,3.0,50.0,16.0,8.0,16.0
6ee79a827c36202118501870afb17875,moveis_decoracao,60.0,1683.0,1.0,600.0,62.0,12.0,12.0
9dc742d39f778e41ce3a88753f280d40,bebes,57.0,339.0,2.0,13500.0,55.0,30.0,55.0
d69e906470f99256b16bee14a0268fd1,instrumentos_musicais,55.0,996.0,3.0,150.0,17.0,17.0,14.0
a6883f92891e256b926bf8b9c40fbe9f,pet_shop,32.0,633.0,1.0,129.0,18.0,11.0,14.0
7174375d5bea2b7612929eae33df48d1,beleza_saude,42.0,784.0,1.0,500.0,16.0,12.0,12.0
90e7f883fbd53dbb43ea8c32eb63ebe9,construcao_ferramentas_construcao,60.0,3119.0,3.0,4250.0,16.0,13.0,12.0
677d8ace413e0060fa8686cde56eaf10,relogios_presentes,54.0,619.0,1.0,303.0,19.0,11.0,16.0
0bc4d2de176747bbc8b5e680bfdb66b6,esporte_lazer,55.0,1007.0,2.0,4750.0,20.0,20.0,20.0
363218ba55c610b750224f90bdd34be1,cama_mesa_banho,46.0,279.0,1.0,1813.0,67.0,12.0,47.0
c7b3b8509e06ae21abdd78b541215cda,perfumaria,51.0,504.0,2.0,317.0,19.0,15.0,17.0
51d646c5c93e0f1de543528d0e24eadc,beleza_saude,46.0,1305.0,1.0,1400.0,27.0,10.0,17.0
4608a449f45011c89095f36265e75ec3,portateis_casa_forno_e_cafe,58.0,1257.0,1.0,450.0,16.0,20.0,16.0
8aa87bc5f3053b4df2b05a2d3059790b,cama_mesa_banho,42.0,599.0,9.0,1400.0,16.0,15.0,15.0
005030ef108f58b46b78116f754d8d38,perfumaria,54.0,942.0,1.0,50.0,16.0,5.0,11.0
c3c47cc2c109b294de98015792804e64,cama_mesa_banho,52.0,321.0,1.0,1525.0,33.0,10.0,21.0
b0acce29b45d9b1236d4787813058afd,beleza_saude,48.0,1248.0,3.0,1150.0,20.0,10.0,20.0
702a14f9c5a93130c3346c4de901d864,esporte_lazer,54.0,270.0,1.0,250.0,28.0,28.0,28.0
a3d101bfee6cd242a56008611f7c1335,informatica_acessorios,60.0,171.0,1.0,300.0,50.0,5.0,20.0
452f66a0f164cac57802e2cea93188ac,construcao_ferramentas_construcao,43.0,1009.0,4.0,350.0,16.0,61.0,16.0
60dfe129ad287ca8cd2656a8151138ad,moveis_decoracao,54.0,1750.0,3.0,2450.0,105.0,3.0,70.0
d45f43af9b205b51568f78314d3057a6,esporte_lazer,49.0,1096.0,3.0,3050.0,20.0,20.0,20.0
d320834f42a07dcc3cf09805bc8c7001,utilidades_domesticas,50.0,196.0,1.0,7875.0,60.0,31.0,31.0
928e52a9ad53a294fdcc91bcf59d1751,utilidades_domesticas,34.0,1031.0,6.0,1600.0,20.0,60.0,20.0
681953ccd5c33207d75571a4bfbe127d,beleza_saude,60.0,1209.0,3.0,150.0,18.0,6.0,13.0
b69bcfc7cfd1e1a53b1d754ddad08417,informatica_acessorios,53.0,445.0,1.0,350.0,28.0,6.0,13.0
56a46955ecaf11d037f22e3f11b903d7,cama_mesa_banho,59.0,590.0,1.0,5350.0,16.0,50.0,40.0
c32b1155b886162db8e1ec114699a799,cama_mesa_banho,53.0,381.0,1.0,825.0,25.0,18.0,40.0
ac5b95f5dc30a0bb558f9b6edbcaab5c,perfumaria,37.0,377.0,2.0,8200.0,38.0,18.0,22.0
76397820b3556e99a4a2e3056eca24e5,artes,57.0,734.0,2.0,1700.0,32.0,4.0,32.0
bcf64c2356ded745b81b4348a8a763e1,pet_shop,48.0,1561.0,1.0,1000.0,19.0,15.0,18.0
9ac1378f05cd222b3fb34a3cccc626c7,beleza_saude,31.0,1406.0,1.0,1075.0,21.0,19.0,19.0
48cd33248ca35fac04a3b751ac966810,cama_mesa_banho,34.0,154.0,1.0,350.0,20.0,10.0,20.0
49f19939bc5c8639e06c36d3bf01ee98,brinquedos,45.0,842.0,2.0,213.0,16.0,13.0,14.0
dc556db3ce4879d098cc5479d44beb13,malas_acessorios,58.0,859.0,2.0,3850.0,30.0,10.0,49.0
5bfc7506459ae2a7b4b573fe557a58e1,cama_mesa_banho,57.0,535.0,1.0,800.0,45.0,15.0,35.0
c075b8e131353552218860f1c421e4ef,moveis_cozinha_area_de_servico_jantar_e_jardim,30.0,1565.0,4.0,1750.0,20.0,16.0,30.0
98935aea5a6ca26c5d8cd205a97c98d1,papelaria,56.0,945.0,10.0,1550.0,32.0,52.0,19.0
59a5c66f3c04b01ccdb9362174f6ecdf,informatica_acessorios,58.0,1538.0,5.0,650.0,17.0,11.0,11.0
ac9416f3547c7cd86408fb5e3bca2d3e,eletrodomesticos_2,45.0,1670.0,3.0,18450.0,46.0,60.0,36.0
13b6735a82ec831943957f19fe66f71e,cama_mesa_banho,58.0,301.0,1.0,1500.0,38.0,8.0,28.0
64315bd8c0c47303179dd2e25b579d00,brinquedos,55.0,889.0,1.0,4267.0,46.0,39.0,22.0
fb18a209851c75740dc49860261492b6,automotivo,48.0,1459.0,3.0,225.0,17.0,15.0,15.0
59c5e6e108b88212fb98525c9000ecfb,moveis_escritorio,54.0,954.0,1.0,8217.0,52.0,52.0,17.0
73932133f40320ca7c542cba422a6461,utilidades_domesticas,51.0,625.0,8.0,650.0,16.0,16.0,16.0
abf7c583f35ff13ce82c05debdef8ef0,cama_mesa_banho,33.0,548.0,2.0,650.0,35.0,5.0,25.0
907578486a0740d13bf3a595047b3549,brinquedos,16.0,594.0,1.0,750.0,35.0,20.0,25.0
7b7827f65a44cb0a2a5a1021757fd119,pet_shop,39.0,744.0,1.0,50.0,18.0,14.0,14.0
9c3225fb1d3bb4943cf7be6afa4b4246,industria_comercio_e_negocios,56.0,638.0,3.0,9225.0,61.0,61.0,30.0
aca2eb7d00ea1a7b8ebd4e68314663af,moveis_decoracao,44.0,903.0,6.0,2600.0,50.0,10.0,30.0
c1617123e66d2491ca93ceadfd36203e,cama_mesa_banho,54.0,687.0,2.0,1050.0,32.0,5.0,30.0
54bdcedc88ea391aef4f35cc5f54342d,esporte_lazer,60.0,3570.0,1.0,200.0,16.0,16.0,16.0
ba63a82a6a467d4d29dfba52bfeb064a,relogios_presentes,44.0,1748.0,2.0,450.0,21.0,14.0,14.0
b46df49597c48fda458171cd058059c4,utilidades_domesticas,60.0,1566.0,2.0,2000.0,32.0,31.0,26.0
49cb84851ad1487be5bf70a42bb954dd,utilidades_domesticas,60.0,422.0,3.0,400.0,16.0,2.0,11.0
546ec29050b44fb370bb27656052faae,utilidades_domesticas,45.0,1849.0,5.0,1400.0,25.0,30.0,25.0
78f03f51ef7a8e468dfe807ab205c9e5,utilidades_domesticas,58.0,454.0,1.0,850.0,20.0,20.0,20.0
0afcde02bc6b3c33e6d2dc2a90c7e3eb,eletrodomesticos,57.0,313.0,1.0,1500.0,27.0,13.0,17.0
613db2ca288a12dd07e6fb99974800e8,automotivo,60.0,705.0,2.0,400.0,17.0,21.0,11.0
19b7d3eaa7343bd751c222bd14f44fa2,moveis_decoracao,55.0,534.0,1.0,650.0,65.0,2.0,13.0
18796df281656da4036dd926561a6030,cama_mesa_banho,57.0,555.0,2.0,500.0,52.0,6.0,40.0
f7336eb1d4afd89bb9d4142642cdad6f,beleza_saude,30.0,3844.0,1.0,500.0,16.0,6.0,11.0
e56b42f71554ce1f5b7dbd07ec8dca6d,cama_mesa_banho,58.0,640.0,1.0,850.0,16.0,10.0,16.0
72bc7a3072eb84fd69d8e220fb7dbfaf,pet_shop,53.0,530.0,4.0,500.0,27.0,9.0,27.0
53f8db8f4a6f6392208198646fd6de63,utilidades_domesticas,43.0,232.0,3.0,95.0,29.0,32.0,11.0
d4548e7ab697993ec51d864766a8ea4f,relogios_presentes,43.0,632.0,2.0,532.0,19.0,13.0,15.0
c706d50b57c9e83293c2586d01f32445,papelaria,60.0,310.0,3.0,600.0,25.0,7.0,24.0
06f2166336faca73c644b11eaca22d06,informatica_acessorios,60.0,635.0,1.0,600.0,16.0,13.0,13.0
fc93dd7f733b2e9ed94453e40e4fa677,esporte_lazer,50.0,240.0,3.0,150.0,20.0,10.0,20.0
cc1cb33bcc814aeaa4631761a34bd23e,moveis_decoracao,32.0,1262.0,4.0,150.0,16.0,8.0,16.0
8e05d659efa36ce4bbc0a299a870f4af,construcao_ferramentas_iluminacao,59.0,985.0,1.0,1050.0,16.0,20.0,16.0
1ae200ea89b47dfa17d0ae0745a25492,beleza_saude,57.0,976.0,2.0,150.0,20.0,10.0,20.0
8814a3da37fb9673a5ac06f82a2a00a9,moveis_decoracao,59.0,205.0,8.0,900.0,31.0,11.0,26.0
d6bdc30ad1fdc8e4ee7d1712df81357b,cama_mesa_banho,47.0,236.0,1.0,1350.0,36.0,6.0,36.0
18f6ea7e8cff29f8053baac6762449f9,moveis_cozinha_area_de_servico_jantar_e_jardim,44.0,1313.0,4.0,1850.0,45.0,15.0,35.0
595b8278e4e5c52c86a4da3812b70081,cama_mesa_banho,49.0,642.0,1.0,2450.0,16.0,2.0,11.0
a2a1d57880bb40e60b59530ba0177ccf,cama_mesa_banho,56.0,352.0,2.0,900.0,50.0,11.0,11.0
140a6dabf1644704fc0d592be0be59d1,beleza_saude,41.0,547.0,3.0,968.0,27.0,20.0,21.0
12b5c5d13512ad7cae70181fc503f42e,automotivo,51.0,2651.0,4.0,300.0,16.0,11.0,11.0
6510b9320992123556a40f98806e512a,papelaria,43.0,531.0,7.0,600.0,30.0,40.0,11.0
cd2ea14a901da3b47b33516f3ca6929e,beleza_saude,37.0,729.0,1.0,800.0,21.0,20.0,16.0
3fbc0ef745950c7932d5f2a446189725,beleza_saude,50.0,1257.0,1.0,350.0,19.0,12.0,13.0
7698c2e9ec5dc2b70af8c1c8ac245cae,beleza_saude,32.0,200.0,1.0,50.0,16.0,14.0,15.0
386703f26f328414fe118e10a5d92675,telefonia,60.0,776.0,6.0,300.0,17.0,4.0,12.0
11d0c969546d6f21d23188084e25cf81,pet_shop,40.0,263.0,6.0,2250.0,30.0,30.0,30.0
0b8750fa58fefe42cf03a9e2e4b8fce6,relogios_presentes,44.0,564.0,1.0,350.0,22.0,14.0,27.0
422879e10f46682990de24d770e7f83d,ferramentas_jardim,56.0,348.0,2.0,1550.0,30.0,22.0,30.0
9766505cde62429c3629bb6411cd9dc4,ferramentas_jardim,45.0,356.0,1.0,900.0,24.0,13.0,18.0
b12c4b01322e1befea8465bdf7fe2360,brinquedos,19.0,512.0,1.0,1500.0,30.0,10.0,30.0
04fd8d64a2539d188bef33bb288410bb,cama_mesa_banho,57.0,366.0,1.0,800.0,45.0,10.0,30.0
602c01834bee89627e66532343914a2b,automotivo,55.0,665.0,1.0,250.0,18.0,18.0,14.0
c4b2187a1d2bd1543f27ba3f12e56952,utilidades_domesticas,60.0,350.0,3.0,550.0,18.0,16.0,16.0
c65f71634a9d0de5b4a1d7dbb6d3ae01,utilidades_domesticas,42.0,588.0,3.0,500.0,35.0,15.0,20.0
c715ab7f66826b73cd40916d8792bad9,bebes,60.0,850.0,4.0,850.0,50.0,5.0,40.0
b6e352d888ba31d8999af279cd63aa24,utilidades_domesticas,42.0,337.0,2.0,1225.0,27.0,26.0,26.0
075b253cd6c59b821c1dab51c1ae56b9,ferramentas_jardim,53.0,768.0,1.0,350.0,20.0,5.0,20.0
c7944f654db61924bb81f0e3160ab757,papelaria,55.0,441.0,2.0,8350.0,35.0,60.0,20.0
428142062f95deb5d5c834e4f0313000,cama_mesa_banho,60.0,2030.0,2.0,1025.0,30.0,8.0,20.0
3dd7de1b6e3362ad26c1879acc292f19,beleza_saude,57.0,841.0,1.0,1550.0,25.0,23.0,20.0
5fe490e61e7a37f2f0d1ad1771ac027d,beleza_saude,48.0,469.0,2.0,750.0,22.0,8.0,12.0
d2c7a1e57b8f3e74095798f867334b36,relogios_presentes,52.0,222.0,5.0,300.0,16.0,2.0,11.0
87cc2aef12eddf0b170234138b0946e0,informatica_acessorios,58.0,2455.0,2.0,350.0,28.0,6.0,20.0
0daacc5e5ecc8beeaccc9e5b96c30f70,moveis_decoracao,58.0,252.0,1.0,600.0,32.0,17.0,32.0
e57b2d6510f090860888171c76b42b21,perfumaria,57.0,917.0,3.0,300.0,18.0,16.0,17.0
7659404ade89460a4be1c11ac47d5f2c,esporte_lazer,55.0,405.0,1.0,200.0,36.0,5.0,26.0
dfeb944b00d6cf42f80ee3b42d831ab8,eletroportateis,44.0,222.0,1.0,750.0,20.0,15.0,15.0
f72b26eeffe2345b486cfeb723305bac,agro_industria_e_comercio,54.0,1036.0,2.0,13150.0,35.0,63.0,40.0
73bcea88583002fe12b7399af4ae60da,relogios_presentes,42.0,631.0,2.0,459.0,18.0,13.0,14.0
740281a23898e6af55b5aad34a41f0ad,pet_shop,34.0,537.0,1.0,10100.0,72.0,12.0,52.0
fb8ec7f3124032e812713f60633e6167,cama_mesa_banho,60.0,875.0,1.0,1050.0,35.0,3.0,30.0
78976d6eae26536628ef574944bc7b0f,utilidades_domesticas,39.0,228.0,1.0,24800.0,34.0,96.0,34.0
f449d5919390268a18a8c424e3a62dea,esporte_lazer,46.0,832.0,1.0,650.0,18.0,18.0,18.0
cd4433e613b80ca07e19c5c626aee51a,informatica_acessorios,38.0,580.0,2.0,352.0,20.0,14.0,17.0
964093075b6885bfcc6520dd216e4d8f,utilidades_domesticas,46.0,157.0,4.0,250.0,24.0,5.0,11.0
6d8df074fad8f0315c8226b43f71a084,utilidades_domesticas,40.0,786.0,4.0,9600.0,60.0,30.0,50.0
a8fd2715c837d04bac16cf90155919f8,moveis_decoracao,58.0,925.0,2.0,1200.0,36.0,20.0,36.0
2ba4f78910f6fe61e7ae7bfa4efe2726,cama_mesa_banho,55.0,225.0,1.0,380.0,34.0,21.0,40.0
3a4113a7009a9fda9cc0021c98b74332,livros_tecnicos,39.0,465.0,1.0,550.0,24.0,4.0,18.0
6e87f3a8a84e60c41db0a3e7779f6e0c,papelaria,41.0,341.0,3.0,6350.0,18.0,47.0,34.0
08e2ebd22ce2347ede845d0f3b64270c,cama_mesa_banho,42.0,218.0,1.0,4900.0,40.0,4.0,30.0
8b50a72d52d7a91fb19d19fbe069e2f2,utilidades_domesticas,54.0,1754.0,1.0,250.0,20.0,8.0,13.0
fe077ec80df6b4ee60bb4498d5ab1962,informatica_acessorios,56.0,195.0,1.0,200.0,16.0,15.0,15.0
0f784f8f15179b9e101beb85796efc1a,beleza_saude,45.0,532.0,2.0,400.0,24.0,8.0,24.0
38c7e0727a11964ebc52a23bead7d4f5,automotivo,49.0,1510.0,5.0,183.0,20.0,16.0,17.0
31e085df58ad2bb752bfbabd1972197c,telefonia,58.0,816.0,6.0,300.0,17.0,4.0,12.0
af3660080355b203936d26f31bbfcfca,brinquedos,47.0,1080.0,1.0,250.0,23.0,18.0,23.0
034ecce08e1adf75b5fecf2faac7ed11,esporte_lazer,55.0,1392.0,1.0,550.0,16.0,16.0,16.0
5e17b27aa688dc45b02f5bf9276a4bab,perfumaria,50.0,533.0,2.0,178.0,20.0,10.0,16.0
7486542600afc050d20740e976ff87f8,beleza_saude,54.0,743.0,1.0,450.0,18.0,14.0,16.0
fa335dcd3999105b8bfb1ce9300de4d1,informatica_acessorios,32.0,1074.0,2.0,200.0,39.0,2.0,30.0
e5ae72c62ebfa708624f5029d609b160,informatica_acessorios,60.0,367.0,1.0,156.0,18.0,12.0,15.0
d30115c5c4af6437de4bbf9faa668de1,cama_mesa_banho,43.0,124.0,1.0,250.0,40.0,4.0,30.0
98aaaedf37ab737ac27a285b011f42cb,construcao_ferramentas_construcao,60.0,339.0,1.0,7125.0,27.0,7.0,27.0
e9ba3ec00ccd563b43e5de69a74a43d7,relogios_presentes,48.0,767.0,3.0,200.0,16.0,13.0,13.0
d04857e7b4b708ee8b8b9921163edba3,informatica_acessorios,33.0,1127.0,2.0,450.0,16.0,4.0,20.0
87d6047f661dc87643c40612a6eff3b3,moveis_decoracao,52.0,200.0,2.0,1150.0,25.0,23.0,25.0
43158180e30b3c0c252049265370d7b1,utilidades_domesticas,54.0,919.0,9.0,9660.0,31.0,37.0,25.0
79fec71eb756eeb2aae28e8cb4488703,papelaria,52.0,343.0,1.0,650.0,17.0,27.0,27.0
b532349fe46b38fbc7bb3914c1bdae07,moveis_decoracao,49.0,829.0,1.0,850.0,20.0,25.0,20.0
056010e0e6196d99309275e1b2d12c80,papelaria,57.0,303.0,1.0,250.0,16.0,6.0,11.0
bd08d760237826c81c73fd4f6f391290,informatica_acessorios,37.0,499.0,2.0,150.0,23.0,2.0,17.0
d1c2619dd30b8bc3c63f18ca9692660a,utilidades_domesticas,58.0,786.0,2.0,2600.0,24.0,19.0,24.0
3fde071523d485031f4f0fc9fe1c42e4,construcao_ferramentas_iluminacao,57.0,1380.0,1.0,1650.0,34.0,33.0,11.0
df3ad3f81d16c72bccc160c5c81e40d3,telefonia,57.0,1311.0,2.0,50.0,18.0,6.0,11.0
caf1ca4c82e6ab734903a3407795f556,informatica_acessorios,56.0,732.0,3.0,225.0,16.0,13.0,11.0
257452f5af0c5b1bda43fecc770f335c,relogios_presentes,29.0,324.0,1.0,675.0,17.0,11.0,16.0
103cc8c441a717d9a54fca312ae8ec3c,relogios_presentes,59.0,602.0,2.0,225.0,16.0,14.0,14.0
fc1d8637c0268af3db482c14b7ef8e75,cama_mesa_banho,60.0,269.0,1.0,1700.0,34.0,7.0,32.0
ad2cfa7f56da484302e01318376548a3,bebes,42.0,357.0,1.0,2950.0,30.0,10.0,40.0
a2da86fa759178e9e58e54aa1a144e59,telefonia,57.0,777.0,5.0,350.0,17.0,4.0,12.0
ba664def852b1416351aaf61e2c7b1a5,casa_construcao,59.0,1072.0,4.0,250.0,16.0,11.0,11.0
145978af3e89b318be0b717a0953649a,informatica_acessorios,56.0,295.0,3.0,150.0,31.0,3.0,28.0
5101f008a270fb10336de6703f32221e,cama_mesa_banho,54.0,503.0,1.0,2400.0,30.0,30.0,30.0
a02d0123079f4ae96001ba2010d1a2df,construcao_ferramentas_iluminacao,57.0,771.0,1.0,12000.0,45.0,35.0,45.0
c675a92a4c74be0ba60aa506ae21e47a,papelaria,60.0,1304.0,1.0,350.0,18.0,23.0,16.0
c777b9591e90c49e0745efb1051789ca,esporte_lazer,50.0,256.0,1.0,200.0,20.0,20.0,20.0
af37cff523f7bacc47bc01c5674bf4b4,beleza_saude,25.0,1958.0,1.0,150.0,20.0,20.0,20.0
7c433a3314f8ce018f386af369d96d61,construcao_ferramentas_iluminacao,52.0,498.0,4.0,525.0,23.0,11.0,23.0
2f0ea37228e35c052271f5617038986b,esporte_lazer,58.0,1484.0,5.0,1150.0,40.0,20.0,20.0
6001f761aeace35d6f7a724813b4a098,bebes,60.0,1222.0,2.0,500.0,25.0,12.0,20.0
12f996b4a20f364ff8b53e086e0bff8c,eletronicos,49.0,1130.0,1.0,148.0,17.0,15.0,15.0
498f5440a31fbbe53a970262af00cd5b,bebes,50.0,168.0,1.0,250.0,18.0,8.0,18.0
8b27cbcf8e5472830ab6ec2bd7a6b867,utilidades_domesticas,49.0,409.0,1.0,2600.0,62.0,42.0,13.0
acb60b96f61ac79607171d1799852744,bebes,35.0,655.0,1.0,200.0,16.0,14.0,16.0
ee300c0281d54f57ed53d622f7e8dbff,climatizacao,33.0,824.0,1.0,1000.0,53.0,16.0,11.0
8684bd8f93b4f4038d07188a23811e93,utilidades_domesticas,49.0,738.0,2.0,5925.0,35.0,23.0,23.0
bcac6651b527e7de1413038c0df100d7,relogios_presentes,55.0,1050.0,1.0,600.0,16.0,11.0,11.0
074e1b1543a03e2e546cee9b388cdf25,fashion_bolsas_e_acessorios,35.0,815.0,1.0,150.0,16.0,5.0,16.0
e7cc48a9daff5436f63d3aad9426f28b,telefonia,58.0,1500.0,4.0,700.0,32.0,15.0,21.0
810e2944bca9850b934e1570ba372e7d,moveis_decoracao,49.0,612.0,1.0,2200.0,30.0,35.0,30.0
9b462e55a70e01cfd3f9686d12e11f09,construcao_ferramentas_construcao,53.0,302.0,2.0,200.0,17.0,12.0,20.0
3f55ca21769e7535d3ba989450207285,perfumaria,42.0,794.0,1.0,550.0,25.0,15.0,17.0
83e68070fbf16ac859fc13285a5ba9ba,telefonia,53.0,602.0,2.0,150.0,19.0,4.0,20.0
90efe66f56959c0750c866fd59f9f92e,automotivo,53.0,993.0,4.0,950.0,41.0,45.0,11.0
f91ca402b63936397a526d0c81976270,beleza_saude,56.0,990.0,2.0,200.0,16.0,16.0,16.0
bc2d9919d641257d3745492c23bd16ee,relogios_presentes,47.0,1096.0,2.0,400.0,17.0,10.0,12.0
e1bf2f209fd2b08e1af3ed71732d9008,pet_shop,34.0,630.0,1.0,127.0,18.0,10.0,14.0
5548040d5b1cc71c61c03d2f1d2e6ede,ferramentas_jardim,29.0,274.0,1.0,200.0,39.0,3.0,13.0
9da950e8c8c482441f1b93955b21c827,cool_stuff,51.0,516.0,1.0,5200.0,37.0,20.0,34.0
183c95ad186f48c320bbac4643829d3f,fashion_bolsas_e_acessorios,36.0,412.0,5.0,150.0,16.0,5.0,20.0
c9e3b986ab953f3b1f4028bee505deea,construcao_ferramentas_construcao,49.0,504.0,1.0,2550.0,29.0,31.0,30.0
55552e80f046fafe13e130e6a07745e2,esporte_lazer,29.0,1149.0,8.0,9950.0,105.0,15.0,25.0
a3e66bab3c2ca507ddb970a748ed740b,esporte_lazer,49.0,891.0,1.0,250.0,16.0,16.0,16.0
db272366bfa82333abe0da87ae7735d3,beleza_saude,52.0,1136.0,1.0,330.0,52.0,55.0,39.0
aa9077a4c7139067003eeffe84759def,ferramentas_jardim,39.0,920.0,2.0,170.0,16.0,10.0,12.0
b73091f98b819cf7a339f74ece86aa4b,fashion_underwear_e_moda_praia,39.0,423.0,1.0,200.0,36.0,4.0,20.0
51dcebe4be78c07308e1fee83999e285,beleza_saude,52.0,1223.0,1.0,1350.0,24.0,24.0,24.0
5d9805d8578300114d104afcfd6e6b39,esporte_lazer,36.0,163.0,1.0,158.0,19.0,13.0,16.0
669386709be2cc2fc80d31077bd43f2f,automotivo,47.0,295.0,5.0,1500.0,18.0,27.0,15.0
1923fbec9d29cfb2cb50a8e69db95cab,moveis_decoracao,48.0,383.0,1.0,650.0,35.0,2.0,26.0
b5e04fdc949ee208ed3f3ba6a7696046,bebes,57.0,602.0,3.0,600.0,28.0,20.0,23.0
a0d20b18f2a06b34206ba5933b4ec05b,moveis_decoracao,48.0,3571.0,1.0,2600.0,17.0,17.0,60.0
3e19791ee3fa124c96da5a87616794ac,automotivo,60.0,447.0,1.0,1500.0,30.0,20.0,60.0
193c2cb87c6687a9da7f8ec495d19382,cama_mesa_banho,58.0,604.0,1.0,1250.0,30.0,30.0,30.0
bb50f2e236e5eea0100680137654686c,beleza_saude,60.0,2644.0,6.0,400.0,34.0,4.0,22.0
8983a3b149303c013fceabef902e835a,informatica_acessorios,39.0,1193.0,3.0,450.0,16.0,3.0,15.0
423b46d7ff817b1cd19ab195c7b76546,relogios_presentes,59.0,160.0,5.0,200.0,16.0,2.0,20.0
d35839b7d99e82c6541eae7a3cc1f527,papelaria,38.0,519.0,1.0,250.0,19.0,11.0,14.0
4a0d42e046d1d4d039b4b7807ca46e83,esporte_lazer,39.0,567.0,1.0,185.0,23.0,17.0,23.0
060f0122cdc8f25db4a0d7359fdae7b0,relogios_presentes,50.0,835.0,5.0,250.0,16.0,2.0,11.0
ba18c48184ce58f0ffd8b656c4edf21c,cama_mesa_banho,55.0,168.0,1.0,1150.0,45.0,25.0,35.0
73fdc89a7474d12e91ebb4a38341fd84,automotivo,54.0,2069.0,1.0,4850.0,40.0,25.0,30.0
ca11a4b920d7e64e5d2230d5373e0f76,relogios_presentes,57.0,1000.0,1.0,300.0,11.0,9.0,16.0
6c8b2975a4a05d1f36948b20753b29ca,ferramentas_jardim,47.0,895.0,9.0,1500.0,45.0,10.0,35.0
078faa63eb55a5055713e141f098624c,automotivo,57.0,597.0,2.0,1100.0,60.0,8.0,33.0
3dc0d4afe9ff68f23ee2791a1ac909f4,moveis_decoracao,54.0,2240.0,3.0,700.0,69.0,11.0,11.0
7c6456ce44e4a343711f66c893e3e8fd,beleza_saude,33.0,546.0,1.0,1200.0,30.0,30.0,30.0
0e0656cd8f9bf2dfad875866965389c7,pet_shop,50.0,1349.0,1.0,485.0,19.0,22.0,19.0
70c1bce00b24bfd21332f7f8ebe2217f,utilidades_domesticas,55.0,354.0,1.0,200.0,18.0,10.0,12.0
fe9dfbe7f974621789683b7b78be2a16,beleza_saude,54.0,1131.0,3.0,5300.0,30.0,24.0,38.0
8683af6cf14f1bf2426f390ba500a980,utilidades_domesticas,60.0,863.0,6.0,450.0,28.0,11.0,15.0
78cee0468912540c91a02760c91481fd,utilidades_domesticas,31.0,238.0,3.0,550.0,18.0,15.0,15.0
bf2f8d918c34551d0bc8861f3779953e,relogios_presentes,57.0,610.0,2.0,233.0,18.0,10.0,15.0
145028037adecb27b1a58cf9597676cc,moveis_escritorio,37.0,1259.0,1.0,6650.0,23.0,19.0,29.0
723e69796165c9cde80c4f791593df74,pet_shop,16.0,1177.0,1.0,200.0,16.0,16.0,12.0
29ef8f163a85d31f5a88354c0007a6d1,esporte_lazer,48.0,1360.0,1.0,3500.0,25.0,8.0,25.0
3e44b19563ef5a25f4b7e0fdfc3657c3,brinquedos,59.0,523.0,1.0,9700.0,30.0,30.0,30.0
cfdc07d05c8c2c2ca22d746294ba0d3a,utilidades_domesticas,54.0,599.0,1.0,14900.0,40.0,25.0,40.0
ac0bb4405e9661957160dd5ee9d5585c,brinquedos,54.0,407.0,5.0,1250.0,45.0,8.0,26.0
a892ca050a783e4f416986981b37422e,perfumaria,54.0,866.0,4.0,215.0,18.0,11.0,12.0
14d8c1bbd5f367608c37522e99c47258,livros_interesse_geral,16.0,276.0,1.0,150.0,28.0,2.0,19.0
e30a07181e238b29af319577b9bb22fe,beleza_saude,48.0,1250.0,2.0,1100.0,20.0,10.0,20.0
142e24ca1186ae5c0a12a6c315bf43fa,telefonia,60.0,869.0,4.0,500.0,20.0,15.0,16.0
14227590bd7dbecb72b7b37fc74a8065,pet_shop,58.0,483.0,1.0,150.0,16.0,3.0,16.0
3b10cf7d1e08c598428ad6eb7c59d09c,cama_mesa_banho,59.0,775.0,1.0,1550.0,32.0,10.0,28.0
9af675a3fdeff7a4d141e18feaed4375,telefonia,52.0,1096.0,2.0,117.0,16.0,5.0,11.0
306e6b5dda3397e4a9312f94d82565b5,brinquedos,54.0,1213.0,9.0,8450.0,30.0,26.0,12.0
9f4923c125aadccb0e99914c96c8829d,telefonia,60.0,751.0,6.0,200.0,17.0,4.0,12.0
de89f330c497e12d2510c2cd2a48a29f,telefonia,30.0,900.0,1.0,605.0,16.0,14.0,16.0
342936541051cf54fbe4879bd6e84985,brinquedos,59.0,698.0,1.0,434.0,27.0,14.0,21.0
5215505db2113a032810c3644c346a38,relogios_presentes,59.0,566.0,2.0,250.0,16.0,2.0,20.0
909b87db6cb3a7ab26bd03cc59860136,informatica_acessorios,28.0,1111.0,1.0,169.0,16.0,10.0,12.0
09ec9df2cf3708ca52a4a6cb64e464f6,moveis_decoracao,48.0,1037.0,3.0,2150.0,35.0,15.0,20.0
e78a3e8673e3084630444ea05692785d,malas_acessorios,46.0,358.0,1.0,5300.0,19.0,49.0,34.0
054515fd15bc1a2029f10de97ffa9120,esporte_lazer,50.0,799.0,1.0,150.0,18.0,18.0,18.0
6d44b2c01b6843eb2e68beddf853dd82,beleza_saude,25.0,1236.0,1.0,1450.0,20.0,20.0,11.0
cee4ebfc997a2ac7f01145efb59cc7be,livros_interesse_geral,48.0,647.0,1.0,1450.0,16.0,25.0,11.0
2ff995aead9c63a1f37a07b3664ead37,moveis_sala,45.0,353.0,1.0,7500.0,61.0,11.0,46.0
f04f09b39a48c368840aae6eb3803305,moveis_decoracao,59.0,919.0,3.0,300.0,18.0,9.0,14.0
6caa2580a19d609683ae770f296f7524,automotivo,34.0,343.0,1.0,250.0,30.0,20.0,30.0
f49e985b4cb2d0543890d6dd00077663,portateis_casa_forno_e_cafe,55.0,1345.0,8.0,9050.0,45.0,33.0,35.0
07e1dae59ffce9e47d0f529361d492f6,utilidades_domesticas,58.0,706.0,2.0,14900.0,45.0,75.0,29.0
a16a8eed860c19b57d6326c7f6936d3e,eletronicos,51.0,507.0,2.0,167.0,20.0,5.0,13.0
308a7360ee2e0ecfb6aa7708428692af,eletronicos,56.0,568.0,1.0,150.0,16.0,7.0,11.0
2be8ecb5cd02ca1391e177e38963fe9a,telefonia,58.0,486.0,1.0,100.0,16.0,6.0,12.0
82c51c3938503a4ddc096fbed86428d6,construcao_ferramentas_seguranca,58.0,3530.0,4.0,300.0,16.0,11.0,11.0
50bfd369147864f6d0561bbdc0b610ba,livros_interesse_geral,57.0,400.0,6.0,800.0,25.0,12.0,16.0
da02ed24d3cfd1ef9e90a96964a72cba,fashion_bolsas_e_acessorios,39.0,173.0,1.0,425.0,26.0,40.0,12.0
56cdfe67fbda57c1dcc752f5f361f981,informatica_acessorios,60.0,511.0,1.0,517.0,22.0,11.0,13.0
51d35e4714b113bccacfe7248a13375a,automotivo,60.0,764.0,1.0,250.0,16.0,10.0,16.0
4a78f5e17416dcfec28c101279235838,beleza_saude,55.0,3135.0,1.0,2600.0,24.0,24.0,24.0
443b89efbe906613ae1def8cd36fc872,telefonia,53.0,2587.0,4.0,197.0,17.0,11.0,14.0
b571def4f66990cf63527c1d81874b2d,esporte_lazer,37.0,1228.0,1.0,517.0,23.0,22.0,21.0
498366f301125d450cf3b0d56920f8ac,cama_mesa_banho,36.0,305.0,1.0,1250.0,36.0,6.0,28.0
b05ec8d9cabec69e637318ebba813a09,utilidades_domesticas,42.0,786.0,4.0,2100.0,53.0,25.0,20.0
d5ef840497eb48a751179b06d1efd063,beleza_saude,44.0,1295.0,1.0,2600.0,23.0,23.0,23.0
d35825dd1741eee134506022d73f4e71,perfumaria,54.0,431.0,1.0,313.0,17.0,7.0,13.0
db71a8783ee43c3bb7ac7fe8f0cf9e6b,instrumentos_musicais,48.0,1891.0,1.0,1350.0,35.0,25.0,35.0
2136c70bbe723d338fab53da3c03e6dc,relogios_presentes,55.0,167.0,3.0,200.0,16.0,2.0,11.0
b2045685af214c671f348b163996dc93,perfumaria,40.0,3894.0,7.0,850.0,25.0,7.0,20.0
d87fc3441d23a38e9921cd2fa603b931,casa_construcao,55.0,652.0,1.0,3950.0,30.0,35.0,30.0
ffc9caf33e2d1e9f44e3e06da19085f7,beleza_saude,22.0,279.0,1.0,2134.0,25.0,22.0,16.0
7efbc2ce01bc5ac5d5390c330f90376e,moveis_decoracao,59.0,478.0,1.0,7550.0,52.0,18.0,35.0
80459e1beff7fc5d0e2fbe676d043a64,relogios_presentes,53.0,627.0,1.0,350.0,16.0,12.0,12.0
84c4e13ecfbf13c8e4039927f887154b,moveis_sala,60.0,1221.0,4.0,1100.0,54.0,11.0,11.0
d9bdf643d95cb89844c0da1a0df1d16e,perfumaria,39.0,572.0,1.0,475.0,20.0,9.0,14.0
55dae7585569be721ef89eba4379e38b,bebes,53.0,1608.0,4.0,1200.0,42.0,25.0,15.0
3ca00c4e1220f5de09fed51ea33cec30,malas_acessorios,54.0,1735.0,3.0,1000.0,16.0,50.0,35.0
929527e5f11ec479791e7419de270440,moveis_decoracao,52.0,999.0,6.0,10450.0,104.0,14.0,42.0
912d1fc21117a94dc8a67186df6010a7,relogios_presentes,38.0,1069.0,1.0,458.0,18.0,12.0,15.0
b4a006be2cfa0a5ee4c36fe0b2e3d359,brinquedos,54.0,52.0,2.0,1495.0,29.0,21.0,17.0
4b96786612ebe7463132fce2c4dca136,utilidades_domesticas,42.0,540.0,3.0,10750.0,31.0,61.0,31.0
70aa499facb0946dc40ff974166fd522,automotivo,58.0,1683.0,8.0,2700.0,46.0,16.0,25.0
c7a3f1a7f9eef146cc499368b578b884,portateis_cozinha_e_preparadores_de_alimentos,52.0,1372.0,5.0,7350.0,40.0,30.0,23.0
e950f579a1170b4e385f734c5771e9f4,moveis_decoracao,31.0,178.0,1.0,650.0,30.0,19.0,30.0
242e43e16717ea0a751d98a83b773d4e,construcao_ferramentas_construcao,52.0,547.0,2.0,283.0,17.0,10.0,15.0
fb979d44fd4269b2ea30e300b66c89f3,pet_shop,49.0,294.0,2.0,1250.0,50.0,4.0,26.0
ecd15c67f7a723b7de79f4346911e122,informatica_acessorios,47.0,2164.0,3.0,150.0,16.0,12.0,15.0
16245c0134a3dedc3e2c124260925f70,cama_mesa_banho,56.0,610.0,1.0,600.0,16.0,10.0,16.0
0b8d94b0bcf4e22c9bf886c98bb994d3,bebes,25.0,484.0,2.0,13800.0,60.0,32.0,43.0
e6e3b7c71e3a84b79b0dc5300587fd6a,papelaria,54.0,357.0,3.0,900.0,25.0,6.0,25.0
3c6c21037ebd4ebe1f20aea71e85982d,livros_interesse_geral,46.0,1004.0,1.0,700.0,35.0,6.0,30.0
ed2067a9c1f79553088a3c67b99a9f97,alimentos,52.0,919.0,1.0,750.0,16.0,12.0,15.0
b7029935abacaa5e117b31bc355e9341,telefonia,58.0,424.0,2.0,350.0,18.0,6.0,14.0
f236d6f238239abfba8268f427d07c33,beleza_saude,29.0,538.0,1.0,3000.0,30.0,12.0,16.0
94475071013412139f862c0bd7e3bb37,papelaria,46.0,708.0,3.0,317.0,22.0,14.0,22.0
44b6fc0101a9341e43ad3342a51ef75b,brinquedos,47.0,763.0,3.0,3600.0,52.0,22.0,47.0
4054af4df4c45f625279273f7ff3e138,esporte_lazer,55.0,513.0,1.0,350.0,24.0,4.0,12.0
fc7138a8f96aee8302e42916bbbbb818,eletronicos,54.0,1460.0,2.0,161.0,19.0,8.0,17.0
120fa011365fc39efe382cba4e50999e,cama_mesa_banho,60.0,234.0,1.0,2050.0,34.0,8.0,32.0
34c00d434e284d60c72377a53b0cce67,beleza_saude,42.0,1512.0,1.0,700.0,21.0,14.0,11.0
1d6b1ff2a0ef2336832512132b3af6aa,moveis_decoracao,56.0,1892.0,6.0,1550.0,69.0,11.0,11.0
f71050e65776861c8c3ec7a2d2b0194c,utilidades_domesticas,49.0,506.0,1.0,3050.0,30.0,30.0,30.0
08a58dc963320d6073623382b9ceb920,informatica_acessorios,56.0,2590.0,5.0,400.0,17.0,7.0,13.0
b688ed97b957462c2510812cbfe7e6d8,informatica_acessorios,47.0,743.0,1.0,1350.0,30.0,16.0,20.0
72cb4380c5a90c64048cafdf60d31f88,instrumentos_musicais,59.0,1522.0,1.0,500.0,19.0,16.0,16.0
c4c7585167f8d6dc4ccc0b38f0d820ca,esporte_lazer,53.0,1330.0,10.0,200.0,23.0,7.0,14.0
bcf23a98430ab0bd4ee446c36b596c25,construcao_ferramentas_construcao,49.0,686.0,1.0,450.0,19.0,6.0,30.0
deb8261d5bf5744407141a9447fb7662,cama_mesa_banho,51.0,2424.0,4.0,16550.0,85.0,15.0,55.0
07821918ef487fd64eb20b3c8aeb897f,informatica_acessorios,52.0,1873.0,1.0,267.0,16.0,16.0,16.0
12fc9ab82dd45f3824881d94f79edb38,automotivo,59.0,457.0,2.0,254.0,18.0,12.0,9.0
fffdb2d0ec8d6a61f0a0a0db3f25b441,informatica_acessorios,47.0,501.0,5.0,150.0,16.0,4.0,13.0
7a2ce7934c70419330eaf46f20b159a0,market_place,26.0,906.0,1.0,925.0,28.0,10.0,27.0
91846781ef75057e134949400768e272,esporte_lazer,59.0,1732.0,5.0,1550.0,40.0,20.0,20.0
b6af4177bdc4b1acc9f8d9d52d614616,beleza_saude,55.0,485.0,1.0,1150.0,35.0,15.0,15.0
b74dc0cea31c255d5208d2a80c10ae19,sinalizacao_e_seguranca,58.0,246.0,2.0,1800.0,18.0,25.0,19.0
5321c283dcbf309eac57110f5e306cf0,esporte_lazer,50.0,1959.0,2.0,152.0,19.0,11.0,11.0
6ab9d49c399f239bc88ea28c7568213f,,,,,250.0,22.0,2.0,32.0
0a9a9c25c5a06532d1766e00db833a7f,beleza_saude,36.0,365.0,1.0,100.0,16.0,3.0,15.0
18fe664c1fb46f0c237ac8f434697d07,bebes,31.0,438.0,1.0,550.0,26.0,18.0,21.0
acc444eb5ad26f79d5a11baa6a03c439,moveis_decoracao,53.0,626.0,1.0,9400.0,35.0,45.0,45.0
380b4664ba5bb18cc9db78ee6bac3558,relogios_presentes,44.0,322.0,4.0,250.0,16.0,2.0,11.0
b8073c83c3cd7f305f4c9c52a5cc9b96,telefonia,60.0,524.0,4.0,200.0,20.0,5.0,25.0
134afbb1d3ef60a407f8e4491dd63622,cama_mesa_banho,59.0,352.0,1.0,500.0,30.0,5.0,20.0
3ef787b4af18c9a34154a46928b09b24,automotivo,55.0,527.0,1.0,100.0,16.0,6.0,16.0
945d5b64caf3027a69078cd3254657a7,,,,,750.0,24.0,10.0,18.0
779dd392d4fbe5ca656bf3ceabecbf0b,construcao_ferramentas_construcao,29.0,1530.0,1.0,5450.0,23.0,24.0,23.0
115e606ac8059e4cfa1c6c3310fb365c,informatica_acessorios,57.0,1525.0,4.0,285.0,17.0,10.0,13.0
5494497e1078148d7b0e41d4551412a7,cama_mesa_banho,59.0,678.0,1.0,1250.0,19.0,17.0,23.0
ba80c9f47a84d1e08465f72e22930c83,pet_shop,41.0,901.0,1.0,150.0,19.0,10.0,15.0
c20a3f598c16d77249da67e81caa8317,utilidades_domesticas,57.0,529.0,4.0,575.0,16.0,18.0,12.0
a4d0871577d73bc394c482dd0998af7d,beleza_saude,60.0,466.0,1.0,800.0,18.0,16.0,16.0
90d11936871062d5cb6d23175734ea91,consoles_games,45.0,677.0,1.0,283.0,20.0,10.0,16.0
9ecadb84c81da840dbf3564378b586e9,moveis_decoracao,41.0,789.0,1.0,950.0,20.0,35.0,20.0
83fa3277de5135b715fb7ba8a357b19b,pet_shop,53.0,889.0,3.0,550.0,25.0,25.0,25.0
d1fd2ceaad67026458fe610f27c4c7b2,eletrodomesticos,55.0,133.0,1.0,200.0,27.0,13.0,17.0
5522eaf5bba15bca311ea28c518b01f3,construcao_ferramentas_jardim,56.0,394.0,1.0,300.0,30.0,10.0,20.0
5f19455f0c3902e89f16a6042bd4221d,beleza_saude,53.0,1136.0,4.0,7600.0,30.0,31.0,38.0
7416f209ecc901d8c6c64377f12cd1d5,moveis_cozinha_area_de_servico_jantar_e_jardim,57.0,1125.0,5.0,8200.0,65.0,10.0,50.0
46d418ab71bf88eeaa978665d4b0f693,,,,,162.0,16.0,8.0,11.0
fe5915b903037937488e868f2dde0ff3,moveis_sala,58.0,1534.0,5.0,30000.0,50.0,60.0,65.0
274a778944c803fb95ea5a5b2c50611b,perfumaria,44.0,261.0,1.0,350.0,16.0,17.0,12.0
7f457254a89d62960399e075711b3deb,automotivo,60.0,558.0,6.0,300.0,17.0,4.0,12.0
5fec075d001fba20a6bdeeb5d9b22dbe,cama_mesa_banho,53.0,403.0,1.0,1050.0,16.0,10.0,16.0
7c2de4db4b4bbf1bf34d1051536313ae,casa_construcao,56.0,906.0,5.0,9950.0,52.0,22.0,52.0
de7087431dce1f95bf39105df32825cd,esporte_lazer,35.0,1660.0,1.0,200.0,16.0,16.0,16.0
f0c28cf1f8a109a1dc6708397a353ec2,fashion_bolsas_e_acessorios,43.0,89.0,2.0,100.0,20.0,20.0,20.0
89ea72335f0b688b56ba7daa5a2e98c2,relogios_presentes,59.0,470.0,1.0,140.0,17.0,9.0,11.0
bb5fc9090888f494938ab2b3c90dda7a,papelaria,36.0,406.0,1.0,150.0,16.0,6.0,11.0
7148a8f67a1564b5a6c5944398357e18,papelaria,60.0,688.0,3.0,800.0,23.0,7.0,16.0
100260bf9206d859dc8db128c8c5afc9,utilidades_domesticas,46.0,79.0,3.0,300.0,21.0,10.0,18.0
612a71b9833d6a383aab0aefd3995583,papelaria,50.0,166.0,1.0,200.0,26.0,14.0,14.0
a622b421b0b5684a1e110c5b1d9133f4,esporte_lazer,36.0,512.0,4.0,1400.0,27.0,12.0,49.0
6a3370dbb5bd5817ac81a5db12cb2baa,perfumaria,39.0,340.0,1.0,267.0,17.0,14.0,14.0
f5889057b0c061390ce20f4b7b842ac0,cama_mesa_banho,59.0,392.0,1.0,1100.0,25.0,20.0,20.0
5dec0a1a4dd30fb1ac9031f5dc4e2f5e,telefonia,41.0,1662.0,1.0,300.0,18.0,11.0,15.0
c87a617241993d71f043ed39858daa43,beleza_saude,59.0,2141.0,1.0,475.0,36.0,18.0,21.0
2839fc3ce459dcf23896d23113470284,esporte_lazer,22.0,655.0,5.0,8350.0,20.0,5.0,15.0
6cdd53843498f92890544667809f1595,beleza_saude,51.0,625.0,1.0,900.0,25.0,12.0,38.0
af82bdd672f63ec5fb84b31302e39506,moveis_decoracao,53.0,506.0,1.0,1500.0,42.0,9.0,32.0
ffa7e0cbe11656d11a117b534bb1db27,beleza_saude,35.0,752.0,1.0,100.0,18.0,18.0,18.0
8f9eb414b31a9433e8c89178813a2072,pet_shop,41.0,1009.0,1.0,400.0,20.0,20.0,20.0
071b6fda0410cc12642f1083210f6703,utilidades_domesticas,29.0,594.0,1.0,1400.0,20.0,26.0,20.0
b84520a57891e7a8ae2c68741dcc7146,relogios_presentes,56.0,660.0,3.0,250.0,16.0,2.0,20.0
0f56d67a1f266a9cf5af6ffd7895bed6,pet_shop,53.0,1024.0,2.0,600.0,21.0,18.0,20.0
1ba4e3fe92f16fd5a8942f7b7d804b52,bebes,52.0,341.0,2.0,8500.0,45.0,25.0,45.0
0f3de29f8370072525a20385ebbe889a,relogios_presentes,54.0,574.0,1.0,425.0,18.0,11.0,11.0
2546d567ebfae0f9bc59addbaa2a16c7,utilidades_domesticas,40.0,786.0,4.0,11250.0,60.0,20.0,50.0
8a494aeffa13ead64254d18d66189a22,relogios_presentes,50.0,434.0,1.0,300.0,16.0,10.0,11.0
0496f30fa502d5454825087842d7a497,brinquedos,31.0,182.0,1.0,250.0,16.0,19.0,19.0
d6b80738418fd3491b89c8d2cf5f8256,cama_mesa_banho,51.0,528.0,1.0,2837.0,36.0,8.0,37.0
1600dcf1cea8c0c83702e07b577ab231,relogios_presentes,57.0,181.0,4.0,250.0,16.0,2.0,20.0
b2e22c958b453a43a650a579dcac2e43,relogios_presentes,45.0,473.0,1.0,438.0,18.0,10.0,14.0
6d6c510f2222e168bf3b6b67e24c9535,informatica_acessorios,33.0,273.0,1.0,517.0,16.0,12.0,15.0
64fb265487de2238627ce43fe8a67efc,cama_mesa_banho,55.0,329.0,1.0,1825.0,44.0,14.0,34.0
afdb06ebeca917512783bcbaa8ed28c0,automotivo,56.0,568.0,4.0,1800.0,52.0,5.0,52.0
a425439bda03235c54fcb21e14f3865d,moveis_escritorio,40.0,848.0,2.0,3950.0,18.0,23.0,27.0
ad673c1cd02b966e931f9db4fdc34791,informatica_acessorios,39.0,1321.0,3.0,350.0,22.0,11.0,17.0
461f43be3bdf8844e65b62d9ac2c7a5a,relogios_presentes,35.0,591.0,3.0,444.0,20.0,14.0,16.0
c72edc98e7d77f0c4c04ec80730c05f5,esporte_lazer,18.0,370.0,1.0,700.0,26.0,14.0,24.0
f565767fe2205fbf1e7c0d1c2fc5773b,papelaria,42.0,132.0,3.0,1100.0,50.0,12.0,25.0
e1e932dfb67414e80b87ad97688cf2a3,brinquedos,45.0,404.0,5.0,3850.0,52.0,7.0,55.0
9e47ae55f9327141d2dc2cbca3317e49,construcao_ferramentas_seguranca,59.0,551.0,1.0,300.0,20.0,4.0,18.0
eed8b513f23793f1d52a3baf41f38392,alimentos_bebidas,39.0,920.0,1.0,350.0,21.0,10.0,15.0
27d089865ecb267c190122ec1feddb8a,relogios_presentes,60.0,539.0,9.0,250.0,16.0,2.0,11.0
b89aa9d4a130c4556741ebc4a93d8844,esporte_lazer,51.0,239.0,2.0,1050.0,60.0,15.0,15.0
01ecf875ab885ebcae3dd2b1ccc4715f,eletronicos,46.0,730.0,1.0,550.0,30.0,20.0,30.0
9644931193891477e4863fa05363f594,bebidas,41.0,2035.0,1.0,322.0,18.0,22.0,13.0
af91083bde899b201798b52ae89babea,beleza_saude,44.0,937.0,1.0,350.0,19.0,12.0,13.0
e58a56ad705cc3e02d6db9ae1a16c406,construcao_ferramentas_iluminacao,49.0,522.0,4.0,150.0,20.0,10.0,20.0
df56d8f81acf5a02dbe27e7f257c2029,malas_acessorios,43.0,399.0,5.0,1450.0,32.0,52.0,19.0
985917955434700f83de118d8978d560,fashion_bolsas_e_acessorios,44.0,574.0,2.0,100.0,16.0,16.0,16.0
366980848ec5025f19199579ff57bd6d,construcao_ferramentas_construcao,54.0,657.0,1.0,3800.0,27.0,7.0,27.0
acb9adf09c2067284e67a72f46cc17cf,cama_mesa_banho,58.0,614.0,1.0,5900.0,30.0,30.0,39.0
1fa0405a3e10af836278d7667629623e,relogios_presentes,41.0,352.0,1.0,650.0,16.0,11.0,11.0
4e1346d7b7e02c737a366b086462e33e,cama_mesa_banho,59.0,477.0,1.0,250.0,16.0,10.0,16.0
9e2ee57a77fedecd33b6914e9cf61199,beleza_saude,39.0,1083.0,1.0,100.0,16.0,16.0,16.0
310b993294194cea025dcc9c23637b62,utilidades_domesticas,54.0,417.0,2.0,8650.0,80.0,15.0,33.0
e316e505ab5f17bb7fcfed3dcff53a3e,automotivo,54.0,553.0,2.0,250.0,30.0,30.0,30.0
741ab0ea9712d54a420f0a347ce71613,relogios_presentes,40.0,266.0,1.0,200.0,18.0,14.0,17.0
87a9ce65cf1cfe4f8a81d3c25f0b8874,esporte_lazer,52.0,1160.0,4.0,100.0,16.0,6.0,11.0
22c6a8a913119595b77ec3d747e9079a,beleza_saude,60.0,919.0,1.0,150.0,22.0,3.0,15.0
72ba1b1e37ca92467fe787728625c76a,utilidades_domesticas,44.0,833.0,4.0,4050.0,22.0,51.0,22.0
9361d7d8750b24496371f42a056065b5,bebes,41.0,600.0,2.0,3000.0,37.0,20.0,43.0
d678178aa4291cd25a755a90188375c8,moveis_decoracao,43.0,789.0,1.0,950.0,20.0,35.0,20.0
a743637eea3be2e0ab81acc155c9cce2,cama_mesa_banho,56.0,1096.0,2.0,7600.0,30.0,30.0,30.0
0e362037e5f02f62c8ce89f49cb9d520,perfumaria,53.0,666.0,2.0,133.0,20.0,10.0,16.0
b1e1af0d92d503c0ad5bc5546c16ba43,pet_shop,54.0,1127.0,2.0,1900.0,30.0,20.0,40.0
a2fce4213a6ac271129618259a334261,pet_shop,51.0,433.0,1.0,200.0,40.0,7.0,32.0
24c002cf6aa7f3c184a964064e2a2e5c,utilidades_domesticas,50.0,903.0,4.0,3000.0,22.0,51.0,22.0
8afd2ec5bf821e4d1a061e7ca31cac24,relogios_presentes,60.0,522.0,4.0,300.0,16.0,2.0,11.0
f940327804bdcb40342a12c93de069b8,construcao_ferramentas_construcao,42.0,1571.0,1.0,450.0,38.0,12.0,14.0
38db388d2fc1b20662fcfd3f38b0be28,construcao_ferramentas_construcao,60.0,2060.0,3.0,1700.0,16.0,32.0,34.0
a8d30122a99d04c7437d4e7b022a7231,pet_shop,38.0,2416.0,1.0,138.0,21.0,10.0,16.0
a87595e0311a6cb55db1cef3c1c0e7a0,pet_shop,52.0,1126.0,3.0,1250.0,30.0,10.0,18.0
566d57dc88c7ca3fb90725bef1498b51,perfumaria,59.0,460.0,1.0,450.0,23.0,8.0,15.0
f84ca2376ed799523593afad3bdae70f,eletronicos,58.0,2382.0,7.0,4150.0,23.0,23.0,23.0
6a83f2e07c29ded9b8734d14a7d93c8b,bebes,52.0,1342.0,3.0,1500.0,42.0,25.0,15.0
25e2023ed83352bde98dc1490d14c3d8,brinquedos,30.0,1024.0,1.0,887.0,30.0,22.0,20.0
b27b9df9f45462cc40727ef0681d5995,beleza_saude,55.0,1508.0,1.0,250.0,19.0,14.0,11.0
fe1cef1f560c521e9ed426383ed58ac2,brinquedos,52.0,418.0,1.0,467.0,21.0,22.0,13.0
b3793f4676bdf327ca34c40d236ee2b2,automotivo,56.0,875.0,1.0,2363.0,26.0,10.0,26.0
970694629024df557d9b71b3088a488d,utilidades_domesticas,49.0,597.0,3.0,2850.0,50.0,3.0,30.0
450c25d98ed6923154a934554475bf13,beleza_saude,60.0,1946.0,4.0,19150.0,87.0,76.0,16.0
6711372a1a1512247ae964b1e36525d6,bebes,42.0,508.0,1.0,8250.0,44.0,32.0,35.0
1937b3e587fc766c8d1cef0c11c6aa53,esporte_lazer,44.0,1675.0,1.0,300.0,18.0,11.0,16.0
be0dbdc3d67d55727a65d4cd696ca73c,informatica_acessorios,47.0,493.0,1.0,245.0,19.0,14.0,14.0
a95db8c4b3cfdf4a5d518e0d738e4374,beleza_saude,59.0,560.0,1.0,258.0,18.0,16.0,14.0
b20004b530789d5db586f589da0ef3e3,brinquedos,48.0,804.0,2.0,800.0,36.0,31.0,26.0
fb310009e56c0ab32657c9c674bd402c,perfumaria,41.0,482.0,1.0,325.0,21.0,14.0,15.0
54fe74dbe5e746273980739ad1d24c7d,bebes,54.0,509.0,1.0,16550.0,72.0,25.0,55.0
f0be153642b7b0ea5f46bdbaa7f62ce7,moveis_decoracao,52.0,1000.0,6.0,2050.0,25.0,85.0,15.0
458ae769e3911daa7d7e44ee726c7e78,bebes,60.0,551.0,4.0,300.0,20.0,20.0,11.0
9019140ff0a590950d16c4e5ae5427f6,utilidades_domesticas,60.0,158.0,1.0,475.0,20.0,20.0,20.0
fbce4c4cb307679d89a3bf3d3bb353b9,cama_mesa_banho,53.0,597.0,1.0,6550.0,30.0,30.0,30.0
dbb67791e405873b259e4656bf971246,informatica_acessorios,32.0,321.0,1.0,207.0,17.0,12.0,13.0
48ee9be392f28ae3a64518a070f4d06a,cama_mesa_banho,52.0,534.0,1.0,700.0,45.0,15.0,35.0
1440c3493146c70f05302fa3edf1038f,papelaria,59.0,1937.0,5.0,6250.0,32.0,36.0,32.0
b50a88003f2de609b7fb5d419bdb6b9c,esporte_lazer,60.0,715.0,2.0,200.0,24.0,7.0,15.0
75a1a92a08e3830c261d5a45750e183f,construcao_ferramentas_construcao,56.0,211.0,1.0,550.0,25.0,15.0,25.0
c7b99e577e7d7948c7fab1d7c1326d22,construcao_ferramentas_seguranca,43.0,278.0,2.0,767.0,23.0,10.0,16.0
a080d0af331e8a4152c49bfc8113dec9,esporte_lazer,52.0,396.0,3.0,450.0,30.0,30.0,30.0
595fac2a385ac33a80bd5114aec74eb8,perfumaria,29.0,178.0,1.0,400.0,19.0,13.0,19.0
0615dcf981da53a5ca8777cd6a80361b,casa_construcao,56.0,922.0,7.0,1050.0,16.0,20.0,16.0
9783237142769b3f294c1dfb6a1cf69b,esporte_lazer,45.0,255.0,3.0,400.0,21.0,11.0,11.0
a92930c327948861c015c919a0bcb4a8,relogios_presentes,59.0,319.0,4.0,250.0,16.0,2.0,20.0
86133a2151bd98a3ed2ad758709e6d1b,cool_stuff,59.0,1634.0,6.0,1750.0,20.0,8.0,14.0
0271c9f7fe6a29e563ddb672cdcc2968,beleza_saude,39.0,588.0,1.0,400.0,18.0,18.0,17.0
803668f063859a1f96b67b83b71e86ef,utilidades_domesticas,38.0,138.0,1.0,1800.0,55.0,10.0,38.0
06ef9525b604908b6ef27fa630b4f22f,eletrodomesticos,60.0,192.0,1.0,1800.0,66.0,7.0,38.0
a69f15dfb803d485e8933e80b9742c1c,relogios_presentes,53.0,506.0,6.0,150.0,11.0,16.0,6.0
0926524e4f3783f1b0e35c09d5fe13cd,beleza_saude,49.0,2127.0,2.0,100.0,16.0,5.0,15.0
3e8fca04d24eff0e2177d6157127ed70,moveis_decoracao,51.0,986.0,2.0,300.0,68.0,8.0,13.0
ec9f54e0036a28f74cc88439e4f9168b,eletrodomesticos,26.0,256.0,1.0,1150.0,33.0,7.0,33.0
b11b6e603959e09bb5b90095db226602,eletroportateis,54.0,651.0,4.0,1950.0,31.0,23.0,23.0
4ebe0af5e3df81384008ea97f49879fd,telefonia,57.0,1370.0,4.0,150.0,17.0,4.0,12.0
13600956946060355717f613fc076a67,climatizacao,57.0,792.0,5.0,550.0,18.0,11.0,18.0
df925953cb7bc9b32e2df8d24afc25cf,eletronicos,23.0,411.0,2.0,2100.0,28.0,18.0,18.0
2fea0f2cec6b6324a277d4a61c2ed2c6,beleza_saude,57.0,2026.0,3.0,100.0,11.0,11.0,11.0
35d0f73a54eea897499ea2b516fee147,esporte_lazer,59.0,302.0,3.0,50.0,25.0,25.0,25.0
d8a5b759acaff49096bf67c33d9a9372,utilidades_domesticas,58.0,861.0,1.0,550.0,19.0,18.0,17.0
10aecaf5be4119fd6b8b9e2e8a5a1454,cama_mesa_banho,50.0,181.0,1.0,650.0,40.0,2.0,30.0
21d2fdced5c69bfc6539b67908a4ad28,moveis_sala,31.0,363.0,1.0,6450.0,55.0,15.0,46.0
8fad1e543221d7d6867e756d4bc5e286,beleza_saude,30.0,1149.0,1.0,100.0,16.0,5.0,11.0
e7f85e7f0203b7b95cc1b4c21b4b070c,cool_stuff,42.0,582.0,1.0,5575.0,60.0,22.0,47.0
5a75c30c323b0ae56499ef163504648a,construcao_ferramentas_iluminacao,37.0,272.0,1.0,3750.0,50.0,50.0,50.0
00e437f5e55fc5a62e4ef2f84f41b5fb,moveis_decoracao,52.0,139.0,1.0,550.0,40.0,5.0,30.0
47ea90e9a2976bc290c3cdf3b5e0573d,cama_mesa_banho,56.0,1792.0,1.0,1600.0,45.0,3.0,37.0
87349b9aa1037e754a70957639f42f4d,instrumentos_musicais,49.0,1416.0,1.0,400.0,30.0,10.0,20.0
5a7cd5a522f29bef101933fea87a1a1a,fashion_bolsas_e_acessorios,38.0,533.0,4.0,600.0,31.0,12.0,31.0
59e9e55854bde29f3942510af639b7d1,automotivo,52.0,816.0,5.0,325.0,18.0,13.0,13.0
af0a99476d96dcc1a1baa7c0d9ff6b9d,beleza_saude,52.0,913.0,3.0,593.0,30.0,13.0,16.0
12cc2ed46e4c9ea184a622881afc1de9,pet_shop,17.0,1196.0,1.0,165.0,16.0,11.0,12.0
80826ebdc7be9086c467cb10e61a24c6,construcao_ferramentas_jardim,55.0,2047.0,6.0,150.0,16.0,3.0,12.0
cf3c40851efb1d10b475156c902b4765,informatica_acessorios,56.0,191.0,1.0,350.0,50.0,5.0,20.0
71540d636652fc682032d3b3c0a180c1,casa_construcao,54.0,923.0,8.0,1050.0,16.0,27.0,16.0
3de4498dcdded5abe7349bd43c401c1f,relogios_presentes,60.0,418.0,9.0,300.0,16.0,2.0,11.0
519f3a4ea67cdce4923fbc76badd6bd2,ferramentas_jardim,27.0,235.0,1.0,625.0,23.0,10.0,14.0
54f8f27ac6543c074ae5c4e7759b054a,pet_shop,60.0,872.0,1.0,200.0,16.0,7.0,11.0
d1314aa640f46cc0302ec32290782b7b,bebes,59.0,663.0,3.0,50.0,31.0,2.0,27.0
cb495e3212140c3d8b02a78038e20994,construcao_ferramentas_construcao,58.0,3408.0,2.0,1700.0,16.0,11.0,11.0
0cf41187284d7f099adc8415a743ebbd,bebes,60.0,644.0,1.0,300.0,16.0,16.0,16.0
c9c6fde711572c1ad99ca12728c6af00,telefonia,51.0,678.0,2.0,150.0,17.0,8.0,14.0
511dbadd5cfefd835e705f38eabedd12,automotivo,60.0,1239.0,1.0,758.0,36.0,15.0,17.0
15f4e7802068bb117c1e6c0ad3edfefd,bebes,60.0,1107.0,3.0,900.0,42.0,25.0,15.0
e53e557d5a159f5aa2c5e995dfdf244b,informatica_acessorios,33.0,256.0,1.0,180.0,17.0,10.0,13.0
77a5af4a7d2e2717af0999f7dd0dd046,malas_acessorios,52.0,883.0,10.0,2000.0,32.0,52.0,19.0
29f21b78dda7fd755d89ed7cb57ca813,consoles_games,50.0,1317.0,1.0,400.0,26.0,15.0,35.0
b0c657fb8995510c4729dcb9739226c8,instrumentos_musicais,60.0,743.0,1.0,4150.0,20.0,20.0,20.0
45eb55dab5f1c8e2af8b2d4ca4e6aa18,casa_construcao,53.0,3065.0,2.0,7800.0,16.0,68.0,48.0
99f5b2240b82bf9387e5cf2fc0335b08,informatica_acessorios,53.0,422.0,1.0,160.0,19.0,11.0,14.0
06d7bbea1c245835d64a183587a3775c,sinalizacao_e_seguranca,34.0,409.0,1.0,1000.0,66.0,5.0,30.0
698b3ddae2f0b80c2a48fb40624ca4e4,moveis_decoracao,55.0,408.0,1.0,8150.0,52.0,18.0,35.0
6c57343a58d1c23d629297d23018803b,bebes,55.0,652.0,3.0,201.0,25.0,8.0,18.0
f8de5dc036075be786ca24c29b5bea56,brinquedos,58.0,682.0,3.0,1200.0,35.0,20.0,28.0
6a24f480cc3fa5ceba9b09eb6b2f46fd,esporte_lazer,57.0,262.0,2.0,950.0,60.0,15.0,15.0
c3ee182803f3eddeda33f9b821bf9e21,pet_shop,43.0,530.0,2.0,500.0,20.0,35.0,20.0
13092c58e867fc029b7307c2dc6f18f8,beleza_saude,42.0,1867.0,1.0,287.0,16.0,16.0,14.0
779559842fc122d55edbd03153f35e81,esporte_lazer,55.0,1028.0,3.0,200.0,21.0,13.0,26.0
11182511f8556822085ea032df785dae,eletronicos,35.0,615.0,1.0,347.0,18.0,12.0,13.0
84f456958365164420cfc80fbe4c7fab,cama_mesa_banho,55.0,312.0,1.0,1550.0,44.0,14.0,34.0
186d7d472f062ca6ef30689faa935d2e,utilidades_domesticas,55.0,281.0,1.0,250.0,25.0,25.0,25.0
5add6c33b03c128b413ddfb2ac185a56,moveis_decoracao,52.0,1420.0,1.0,300.0,19.0,10.0,16.0
6d7e259fc0d18d051d87bac45bd45798,beleza_saude,51.0,1648.0,1.0,1375.0,16.0,26.0,17.0
62a1ce72d0ae030be91a89a46480e1f6,automotivo,31.0,542.0,1.0,680.0,21.0,19.0,20.0
25300f04b80a57680ca191c7d4ea64e1,beleza_saude,35.0,1125.0,1.0,100.0,16.0,5.0,17.0
4c2a4020fcd651812100ebbeac1b2753,cama_mesa_banho,55.0,282.0,2.0,22300.0,45.0,40.0,55.0
c72f0f0d0be7fe294b65260e211ba21e,automotivo,55.0,666.0,2.0,5225.0,58.0,17.0,23.0
cf857bce01d442bb8631a548a4432def,bebes,56.0,1123.0,4.0,1533.0,39.0,13.0,32.0
8e0be6304c4a94268be42e2d8dfaded9,construcao_ferramentas_iluminacao,59.0,976.0,1.0,1050.0,16.0,20.0,16.0
88fb259945a739dec6cdd001e2cbad55,relogios_presentes,58.0,2025.0,3.0,850.0,35.0,17.0,17.0
44d097d59e8430f88a67517cd0c4f865,fashion_bolsas_e_acessorios,55.0,151.0,6.0,350.0,16.0,2.0,20.0
42d3ba4dd1a78c5ba05ccc0d3417706c,cama_mesa_banho,60.0,1344.0,3.0,1400.0,35.0,5.0,20.0
6ab6d9589ae19abcee458918d4779fae,eletronicos,58.0,317.0,3.0,5450.0,16.0,65.0,25.0
446f791c0261ad0a93d4dced49d5d0bc,moveis_decoracao,49.0,349.0,4.0,6050.0,30.0,40.0,30.0
fafe25fbb0bcbd7b5112ab0070940790,cama_mesa_banho,52.0,766.0,1.0,450.0,28.0,2.0,23.0
7b7867b1566350578959e705c5a46b2f,cama_mesa_banho,51.0,89.0,1.0,500.0,20.0,10.0,15.0
6139fa69b55f0d2940a87602dd20892d,automotivo,49.0,329.0,2.0,100.0,24.0,2.0,17.0
e1e0040c906cc890d032092141a9b6de,esporte_lazer,60.0,1416.0,1.0,200.0,18.0,18.0,18.0
73bec5d175955a5bfe85c10e9431dc46,relogios_presentes,45.0,564.0,1.0,350.0,22.0,14.0,27.0
787a7fee45732e04f90ace8fda0ed076,papelaria,45.0,300.0,4.0,100.0,16.0,6.0,11.0
336b68746bbdc7ef1b4e7115eaad1668,beleza_saude,36.0,409.0,1.0,1250.0,32.0,11.0,15.0
3d28edb64298984160e6e9ed68d7cc3e,telefonia,55.0,880.0,1.0,100.0,19.0,4.0,11.0
324bd856c15daca22354f5872b72611f,beleza_saude,47.0,1502.0,4.0,1300.0,18.0,21.0,27.0
fc8595227785863846b7daa2ae3f2c9b,beleza_saude,60.0,886.0,1.0,400.0,20.0,12.0,12.0
3e9fecd898d8fc598fb18399c2af0248,perfumaria,51.0,362.0,1.0,550.0,23.0,8.0,15.0
3e824028352cd013af85473283f832ce,beleza_saude,54.0,971.0,1.0,550.0,20.0,12.0,12.0
4ce99ff9dcb7821acd8e599d5d4a6531,esporte_lazer,51.0,192.0,2.0,450.0,35.0,10.0,11.0
c80124276571cd4bef53cf35d9b36c5c,casa_conforto,60.0,216.0,3.0,5650.0,40.0,20.0,40.0
1fb344134cd7164d32dea4d87ba3ec5a,ferramentas_jardim,57.0,1160.0,1.0,625.0,23.0,18.0,20.0
ef7f13c7694be202c48017b71801815c,beleza_saude,57.0,1343.0,1.0,3650.0,23.0,23.0,23.0
157ee978f4fcdf8984b0bb33a6687fde,bebidas,54.0,3077.0,1.0,650.0,19.0,19.0,19.0
c8eca123751676bbdaaa9e4a84721362,construcao_ferramentas_ferramentas,53.0,46.0,2.0,1520.0,22.0,20.0,11.0
3354a4e684f5e7199f9407db70ccd92b,cool_stuff,52.0,847.0,3.0,1200.0,42.0,25.0,15.0
231081927a13592c84df280baf744393,moveis_decoracao,58.0,2186.0,2.0,200.0,60.0,11.0,11.0
f20135d2d37130bbd6a2a9fa2e501e8f,artes,28.0,1134.0,1.0,350.0,16.0,6.0,11.0
55a1e3d39ace9c0b217f6c30b04d43c0,malas_acessorios,29.0,895.0,2.0,550.0,45.0,15.0,35.0
7d187801885842645486f00fb166f378,eletrodomesticos,60.0,341.0,1.0,150.0,20.0,13.0,12.0
e966f10c28b89ceb60d3c2dfb7144b12,moveis_decoracao,32.0,310.0,1.0,4100.0,49.0,13.0,38.0
fe4cd3c795135b4f84e2da5a82ac84a8,eletronicos,30.0,398.0,2.0,200.0,18.0,18.0,18.0
32ff30bce9752963c889b69a33b0e84a,perfumaria,58.0,3857.0,1.0,250.0,25.0,15.0,15.0
07fe9ffbb84b9d22610d79efb16e81a7,cool_stuff,29.0,234.0,1.0,50.0,23.0,15.0,15.0
867dda95bbba37fe56fa288449fa122f,cama_mesa_banho,43.0,184.0,1.0,600.0,40.0,4.0,30.0
b4bcc9155de9c60e343ecbff22b86dc8,cool_stuff,51.0,1141.0,4.0,393.0,17.0,7.0,14.0
76f4ae2b91f4c543cb215e778747a63c,construcao_ferramentas_construcao,47.0,361.0,2.0,6375.0,38.0,27.0,41.0
86f2416d4670e4ea3ca5494d043d9f24,moveis_escritorio,33.0,1205.0,1.0,11700.0,36.0,54.0,35.0
afe03a970bfcfb89d67682980d6ffed5,papelaria,52.0,756.0,5.0,450.0,18.0,18.0,18.0
6c09be1fc42a113b2f3e558d7df2f133,utilidades_domesticas,57.0,1058.0,2.0,200.0,23.0,7.0,15.0
4ca6bd836f1e0258402fef06caa9d405,brinquedos,51.0,449.0,1.0,1050.0,30.0,30.0,30.0
019d8b8866a5555ac955b45ffd35e039,cama_mesa_banho,51.0,425.0,1.0,1400.0,28.0,9.0,25.0
774bf54401ea79ee6962d25b605716dc,informatica_acessorios,50.0,3014.0,6.0,350.0,16.0,16.0,16.0
11e02f2cd150fa54525a1109f61ea2de,perfumaria,39.0,270.0,1.0,325.0,21.0,12.0,15.0
f3ea2d1b49592d576d19a27fc400392a,beleza_saude,47.0,2628.0,1.0,2100.0,20.0,20.0,20.0
c3ba4e8d3cb30049213b682e751e9d00,relogios_presentes,58.0,737.0,3.0,350.0,16.0,2.0,20.0
4eff4dd8918d15c9a308a9645d353807,bebes,55.0,1627.0,1.0,600.0,20.0,13.0,13.0
0ea04fc101523a27bb53845d14d7d809,construcao_ferramentas_construcao,52.0,303.0,1.0,100.0,16.0,35.0,11.0
b709188b458871de07fd90a08dbcd1f0,telefonia_fixa,62.0,360.0,2.0,150.0,16.0,4.0,11.0
1c42a107473d6b20db8ac7772b870e33,cama_mesa_banho,50.0,164.0,2.0,1900.0,25.0,10.0,25.0
5fabb51e7d99bb9d824b30a637c36595,bebes,54.0,1206.0,3.0,1200.0,42.0,25.0,15.0
85cdaad7591c6b04ee56edf0a4407a5a,automotivo,59.0,837.0,3.0,150.0,16.0,3.0,11.0
500870614ddcf5bd84f7d26861026c8a,telefonia,58.0,434.0,3.0,217.0,18.0,4.0,13.0
fad3ac91e2ae2e3e0e3f0bed36a565b8,cama_mesa_banho,60.0,597.0,1.0,6600.0,30.0,30.0,30.0
35b1777d7b1b0e7839a9d0bd138f4c76,beleza_saude,38.0,398.0,1.0,300.0,21.0,9.0,15.0
f03a17295cb505e5cc28920af1c36739,perfumaria,34.0,582.0,1.0,166.0,18.0,6.0,16.0
9d90d49f34e41063f6dfef45c7db750f,automotivo,59.0,265.0,4.0,1000.0,16.0,5.0,16.0
61eee7a9f1884caed59c316047c5832f,papelaria,58.0,778.0,4.0,1200.0,22.0,13.0,16.0
06f756df8d80309915285f3ee6ea1059,malas_acessorios,45.0,1333.0,4.0,700.0,16.0,40.0,40.0
ab674fcb1f06bd16dfbca8d91f016391,moveis_decoracao,42.0,1478.0,1.0,300.0,16.0,2.0,11.0
163da86e86f0089de089399c28c3fcbb,informatica_acessorios,60.0,407.0,3.0,400.0,16.0,3.0,21.0
3006b8f5b476750a03137c1b2755cea1,informatica_acessorios,44.0,2911.0,5.0,100.0,16.0,16.0,16.0
dc77c9e552aae599c974af32f5a0512e,utilidades_domesticas,47.0,238.0,1.0,200.0,38.0,18.0,27.0
1b0e9a414e59a00b13262ffb248ed9b4,alimentos_bebidas,57.0,400.0,2.0,262.0,28.0,15.0,20.0
cf51b185defdb6170bd8deb64707e906,relogios_presentes,45.0,859.0,1.0,300.0,16.0,12.0,12.0
51e8feeedd83467b86a79aa2769367c5,brinquedos,52.0,429.0,5.0,150.0,20.0,20.0,20.0
80aed7c1df22a03593fdd335531bdc72,brinquedos,41.0,164.0,2.0,400.0,16.0,25.0,25.0
1d0b9497ac4f258fbd822c52ff61b5f4,cama_mesa_banho,56.0,510.0,1.0,400.0,16.0,10.0,16.0
66602b7f5e12ee24dce727845c7fcfd9,telefonia,34.0,2034.0,1.0,375.0,16.0,14.0,14.0
3ef9c686c9865f2cfe88cd7f9976fd38,moveis_decoracao,36.0,170.0,3.0,1050.0,30.0,30.0,30.0
54d9ac713e253fa1fae9c8003b011c2a,cool_stuff,57.0,787.0,8.0,1867.0,36.0,6.0,36.0
ca0ebb053b17d7de027780de787ed000,relogios_presentes,55.0,708.0,1.0,200.0,16.0,2.0,11.0
f734cc43e615be8b85d014e3c5b52a3b,beleza_saude,46.0,400.0,1.0,10067.0,73.0,30.0,27.0
23d625ed972ea9221c3d375ae3f15bef,automotivo,58.0,655.0,2.0,50.0,20.0,10.0,16.0
da97969972a524bca894f97ea6bcff90,automotivo,43.0,186.0,2.0,400.0,35.0,4.0,25.0
d686a8270836e457c1234578c0c7237b,informatica_acessorios,59.0,617.0,1.0,150.0,16.0,4.0,13.0
053dc19b1456837ad35f75a6fdce5988,esporte_lazer,44.0,1178.0,5.0,350.0,20.0,15.0,15.0
8dc8cdb4e5a2d2f2af019bc5a255e907,beleza_saude,53.0,313.0,1.0,650.0,25.0,20.0,25.0
eeb2d1e155818957df60a76fc47e75a8,cama_mesa_banho,49.0,591.0,1.0,1477.0,28.0,20.0,29.0
281bbfe70848e0b304bef88fc2caf2c3,bebes,55.0,1631.0,1.0,600.0,20.0,13.0,20.0
ac8c6691c0c12c664b5629663bd2652c,brinquedos,58.0,1204.0,4.0,650.0,25.0,28.0,16.0
b4b50667a9874708d4e3ac962ebb21fa,construcao_ferramentas_seguranca,35.0,969.0,2.0,933.0,20.0,18.0,20.0
5f439ff2783a474946e17badd77aea1c,beleza_saude,47.0,1163.0,1.0,1650.0,30.0,18.0,25.0
8ef8561be5799da29925c5baaf083a13,bebes,60.0,777.0,5.0,1400.0,26.0,25.0,25.0
50cc66c6e578448681d7f5951979db3d,cama_mesa_banho,60.0,699.0,1.0,1550.0,20.0,20.0,20.0
d1b1a0e78589ee89279d0be1e4a8b905,cama_mesa_banho,40.0,896.0,1.0,1500.0,45.0,3.0,37.0
16048247166ec654c76c845f308c85f5,perfumaria,45.0,973.0,2.0,400.0,16.0,22.0,16.0
5192b3aef1e52554497d72e7f5b97f28,cama_mesa_banho,60.0,305.0,1.0,2200.0,35.0,12.0,25.0
1015bdc42b2ec0548e728cdc0ad72380,cool_stuff,59.0,1339.0,4.0,7150.0,17.0,8.0,32.0
756eab67d3c0edae186c4617412c056b,beleza_saude,49.0,1948.0,1.0,640.0,31.0,16.0,15.0
4178e16324fd0c9a8e18463caf390cc6,cool_stuff,51.0,582.0,1.0,11600.0,65.0,19.0,47.0
80fcb8062aff23a658c4b047a08bec66,beleza_saude,46.0,919.0,1.0,200.0,16.0,11.0,11.0
aa53b7499856e6df13008f34100cc336,moveis_decoracao,53.0,629.0,1.0,1800.0,30.0,35.0,30.0
e70f7c188cd2c0f01a1f6b35411cc481,relogios_presentes,56.0,742.0,3.0,250.0,16.0,2.0,11.0
0210b75f6f4de09dfc17a66803290f8a,bebidas,33.0,2245.0,1.0,1800.0,35.0,20.0,20.0
0c5b17c1b54fc1dc48752ddb8caab6fc,utilidades_domesticas,55.0,727.0,5.0,1000.0,16.0,8.0,14.0
330144665b875c2b4555f88d9f4ed7c1,beleza_saude,59.0,410.0,1.0,558.0,21.0,13.0,16.0
0333795efd58e3c33c5850b92721c3e4,moveis_decoracao,28.0,725.0,1.0,6317.0,36.0,40.0,36.0
3360da0bdc5e96e78beaade20beeefa4,automotivo,55.0,1113.0,6.0,100.0,16.0,6.0,11.0
ad00a218e16f65efb3dfebe514994ca1,brinquedos,40.0,461.0,1.0,3750.0,30.0,30.0,30.0
ab592db756fdbec7cc98b2cd91ed51d0,moveis_decoracao,50.0,1593.0,3.0,2500.0,105.0,3.0,70.0
8b8702416a4fecb685fc70b056cac372,beleza_saude,55.0,1038.0,5.0,200.0,18.0,13.0,13.0
42737e3759311804e830f222c6135e30,eletronicos,56.0,431.0,1.0,5950.0,98.0,17.0,18.0
60f560fe3dd8adc165becf182ec8f834,esporte_lazer,48.0,236.0,2.0,3450.0,60.0,15.0,15.0
336b5407e252cac6f4e4270979cec8ad,beleza_saude,53.0,585.0,1.0,900.0,16.0,25.0,15.0
d66243feb576d7d617693bec8d80d124,moveis_decoracao,36.0,729.0,4.0,250.0,20.0,3.0,20.0
71a6eaa72a4e40ad63210b0f88fb65a9,papelaria,28.0,84.0,1.0,550.0,24.0,3.0,30.0
9e870305de6fa07292921450d5aac9a7,moveis_sala,51.0,657.0,1.0,13150.0,74.0,7.0,90.0
7a49adf051c1e6fc5b639a98d17756f0,eletronicos,46.0,233.0,1.0,175.0,21.0,15.0,20.0
1559e46cd3a07441620f97b068268ae0,fashion_bolsas_e_acessorios,48.0,385.0,4.0,150.0,16.0,9.0,11.0
011377a7487fef47fc9e73fa5f7322a6,bebes,52.0,559.0,1.0,1875.0,29.0,22.0,26.0
02d5d374678728b3af7bd59ee012abb4,eletrodomesticos,54.0,174.0,1.0,100.0,18.0,8.0,13.0
8370300e444c4394d3c3f878606a9601,relogios_presentes,45.0,344.0,2.0,250.0,16.0,9.0,12.0
ad4b943ef0b5cd9e4211c9cf6c27ff13,telefonia,53.0,403.0,2.0,150.0,19.0,4.0,11.0
58f63077f5153309a576fda4e0851982,perfumaria,56.0,624.0,2.0,363.0,20.0,12.0,17.0
e57eb018e37376580079825eb29a3419,relogios_presentes,43.0,878.0,1.0,300.0,16.0,14.0,11.0
4cb33e9787e8a38b82bd68e70f5f4700,perfumaria,55.0,878.0,1.0,333.0,19.0,19.0,21.0
285443086e6af2a43edcd6f0274585af,telefonia,60.0,940.0,3.0,933.0,21.0,13.0,21.0
bfa393df5b4494bea7158660999a921b,fashion_roupa_feminina,42.0,367.0,6.0,350.0,16.0,5.0,20.0
ead9c2792c74012806ed1ca06f82a515,cama_mesa_banho,52.0,123.0,2.0,250.0,50.0,8.0,35.0
e2fcaac49de7a3a90f0dc74d7b1e9f10,casa_conforto,60.0,249.0,3.0,4550.0,40.0,30.0,40.0
457ca2b0e3bf044a65c8bee434d5c5f8,ferramentas_jardim,56.0,940.0,7.0,750.0,19.0,7.0,14.0
9faa5e4f81da9a1b33f8d8f3ed90e89a,papelaria,47.0,890.0,10.0,1850.0,32.0,52.0,19.0
f3dc2177cd7a26726dd80204c34dbb48,moveis_sala,40.0,247.0,2.0,5150.0,46.0,12.0,45.0
fbc1488c1a1e72ba175f53ab29a248e8,perfumaria,27.0,311.0,1.0,560.0,19.0,13.0,17.0
6f58431a7150fa91bac9f28f5454a8e8,informatica_acessorios,49.0,204.0,2.0,125.0,16.0,18.0,16.0
8093c8511b079b39f83ad0d34e731f34,construcao_ferramentas_construcao,35.0,1460.0,2.0,566.0,16.0,15.0,14.0
37537165733f365867e2f4aad71aef6a,informatica_acessorios,59.0,1632.0,3.0,336.0,21.0,12.0,15.0
cae7248e9bdfda82584faea19dbf793f,relogios_presentes,56.0,280.0,3.0,300.0,16.0,2.0,11.0
0281221c8b9fdc713111952393cba4f3,fashion_bolsas_e_acessorios,48.0,142.0,1.0,150.0,20.0,10.0,20.0
fe7f10e5c9d36a294333b0c35ccc24ad,utilidades_domesticas,41.0,786.0,4.0,1150.0,30.0,25.0,20.0
dd650fe0148b47c3adedb593cda2c6dd,bebidas,56.0,72.0,1.0,8300.0,28.0,37.0,19.0
3bd7004cab3066f548b16e59f8cd8825,artigos_de_natal,36.0,255.0,1.0,300.0,16.0,11.0,11.0
365cdbd29e4a18a4e258fc40c6fc746c,utilidades_domesticas,38.0,709.0,1.0,7700.0,35.0,41.0,43.0
edfad7f99606f1d6beb6de0cf0ce60fa,informatica_acessorios,35.0,1101.0,1.0,250.0,42.0,2.0,30.0
e8fc96704cf9c7c35ded1227ce7fc83c,bebes,55.0,416.0,2.0,1150.0,36.0,16.0,24.0
90ebb732ad20456afe8516eb5fbf75f6,moveis_decoracao,53.0,892.0,4.0,2750.0,35.0,35.0,11.0
214b2d4bc9a6b09243f5e27b9fa96d4a,papelaria,59.0,414.0,2.0,10650.0,46.0,10.0,12.0
dede86846047964c7f2918e48e6dd14a,livros_tecnicos,43.0,1284.0,1.0,400.0,33.0,6.0,22.0
b801ec74af3702cd4d67a0c165cd8e56,brinquedos,42.0,224.0,1.0,450.0,45.0,15.0,35.0
a01c3a8e3ccddf44069c082b1590f19a,perfumaria,47.0,368.0,1.0,351.0,21.0,17.0,19.0
d5140e1d258c83a340419c6522c7da22,moveis_decoracao,51.0,439.0,1.0,1500.0,42.0,10.0,32.0
11dcc970f7a5581e1bf777b6da3f7096,utilidades_domesticas,42.0,659.0,2.0,1038.0,41.0,22.0,28.0
b71a01ab82c040ea808839190ff8786d,relogios_presentes,42.0,818.0,1.0,200.0,16.0,10.0,20.0
ab89689c2d13440b8152183ddee2ed81,esporte_lazer,53.0,483.0,2.0,12150.0,80.0,38.0,39.0
bce474cc95b6e77657e10939b0b4248c,relogios_presentes,51.0,638.0,1.0,310.0,16.0,10.0,12.0
d812b354e25b2bd51eccbb4c4e8f05f1,bebes,46.0,449.0,2.0,1050.0,70.0,10.0,40.0
53a72a0b6feec4a5cb40c5c79374b471,bebes,53.0,194.0,1.0,3200.0,19.0,35.0,31.0
eb8c629f70275fd1c4f809116cce1efc,moveis_decoracao,51.0,831.0,1.0,1400.0,20.0,30.0,20.0
acf962a85a6f611c28a60519a4ae46e5,utilidades_domesticas,39.0,585.0,3.0,1200.0,34.0,15.0,34.0
904a9e449fbfd90da738ab70ae6ca003,eletronicos,43.0,742.0,2.0,283.0,18.0,9.0,15.0
6d800ae414430675b77d2ed17a4e404c,moveis_decoracao,50.0,941.0,1.0,1350.0,24.0,6.0,24.0
b7a812ed1b86b3b00e566dc29ba7ec7c,cama_mesa_banho,32.0,501.0,1.0,550.0,35.0,2.0,50.0
47ac1c318ec3ad95a8c89005e384f6e8,automotivo,44.0,174.0,2.0,600.0,30.0,30.0,30.0
5afde944579b289b99c1ee420b2ad73d,beleza_saude,59.0,633.0,1.0,488.0,18.0,15.0,17.0
6bd4c564d1f96b0db5d02d376b4daed6,utilidades_domesticas,59.0,435.0,5.0,5350.0,36.0,22.0,36.0
31b8e7c2a22f3dba5183cc110bdd72f7,eletronicos,52.0,602.0,1.0,281.0,17.0,9.0,13.0
8d28eb3a7309368ca0de19e016266251,beleza_saude,43.0,423.0,1.0,2525.0,17.0,14.0,15.0
f9bdcb274f479aa71dd34e8bccdd9a82,construcao_ferramentas_jardim,55.0,2036.0,6.0,200.0,16.0,3.0,12.0
db8d62bf1bf1d2dd880c99b88ebff3fb,automotivo,60.0,705.0,2.0,350.0,17.0,21.0,11.0
bd6e6fce9ada76ea2db0f1912e8e478f,cama_mesa_banho,49.0,381.0,1.0,850.0,25.0,18.0,40.0
52c80cedd4e90108bf4fa6a206ef6b03,ferramentas_jardim,33.0,2188.0,2.0,7650.0,20.0,20.0,20.0
c784aabc6d8366b8fd85eaf9631cf96f,utilidades_domesticas,59.0,920.0,4.0,200.0,22.0,7.0,15.0
93305944cf8bb41c63bf59676ac2d0b3,,,,,675.0,32.0,7.0,32.0
a2c499ca39527cc328317e93c302112e,relogios_presentes,59.0,573.0,2.0,275.0,19.0,13.0,19.0
d24c7932a5182750c209db9a91d209a0,cool_stuff,56.0,1002.0,2.0,4950.0,18.0,32.0,18.0
feee7d52babf4002f100a79183eb7989,beleza_saude,51.0,2453.0,1.0,430.0,17.0,13.0,13.0
4c3ae5db49258df0784827bdacf3b396,bebes,44.0,304.0,1.0,100.0,16.0,5.0,16.0
4666663905288ce384a71d096b22e7cd,papelaria,49.0,1048.0,2.0,1350.0,11.0,11.0,52.0
72213b0a540435cfdaf469c415de0082,brinquedos,54.0,158.0,1.0,813.0,35.0,20.0,40.0
15bfe701fea63d0f6384b743e492b3fb,fashion_bolsas_e_acessorios,47.0,433.0,5.0,150.0,17.0,4.0,14.0
fcf6ad274391aea29f5d6e5ef9da5050,pet_shop,51.0,1592.0,2.0,513.0,19.0,15.0,18.0
ea54f7358c3cecaf658b39b7c5f0f020,perfumaria,23.0,479.0,4.0,100.0,16.0,10.0,11.0
06ecc3d4006ad6eb293a1b93ec3c7183,moveis_decoracao,59.0,903.0,1.0,750.0,22.0,22.0,11.0
b3a1e177812466b5c1c71b314ee2ee31,eletrodomesticos,43.0,430.0,1.0,850.0,30.0,19.0,17.0
fa38811cc82d393bddb9ad0b9ad96e2a,utilidades_domesticas,55.0,757.0,1.0,8050.0,30.0,40.0,40.0
b0c8da302d49498d2ce6be8c631e4e20,informatica_acessorios,24.0,401.0,1.0,213.0,18.0,12.0,13.0
a6ad77b15e566298a4e8ee2011ab1255,moveis_decoracao,45.0,660.0,1.0,3450.0,23.0,35.0,35.0
9d7e2c8835276b06ea5facb880789f4b,livros_tecnicos,53.0,1235.0,1.0,1350.0,29.0,3.0,21.0
d568eba76717c34870be82a2e9a194cc,construcao_ferramentas_jardim,59.0,2170.0,2.0,3300.0,25.0,18.0,20.0
b192be433004cc1f10b467c0e9ea309b,informatica_acessorios,57.0,977.0,1.0,725.0,25.0,8.0,24.0
8df319d9f48776cb857c83625848367e,informatica_acessorios,58.0,2083.0,4.0,300.0,17.0,17.0,17.0
62f423e57a8c157d3877ee5867d7db88,informatica_acessorios,51.0,2385.0,1.0,50.0,30.0,30.0,25.0
bc3df33d80a595ba6d8bfe2212182bee,instrumentos_musicais,52.0,569.0,5.0,800.0,23.0,7.0,22.0
662eb743b41155e398e7fdd5d4cf5a3a,beleza_saude,37.0,385.0,1.0,600.0,16.0,10.0,20.0
6157bc1be1e8edc531fc0c94dddf5ac9,telefonia,60.0,818.0,6.0,300.0,17.0,4.0,12.0
8edf8f0889f2cf40d743f3b983aebd3b,automotivo,56.0,294.0,1.0,1700.0,30.0,10.0,60.0
7384fb8f06ad25539cdc1f9f56d02947,fashion_bolsas_e_acessorios,58.0,391.0,4.0,300.0,25.0,25.0,12.0
fcf39794919367e915d2656291f99564,informatica_acessorios,57.0,150.0,1.0,100.0,40.0,2.0,24.0
386a4f2070eb63feb31e2147c0aecfae,esporte_lazer,57.0,1812.0,1.0,150.0,19.0,7.0,16.0
543fd1c1fba9cfa6e424473dd4d830f0,beleza_saude,59.0,1278.0,1.0,550.0,27.0,10.0,22.0
78eacca1151432fda7271e7e53e49720,artes_e_artesanato,42.0,489.0,1.0,200.0,16.0,6.0,11.0
fe9c4b2cf9c3adbaf3644880fb72254d,moveis_decoracao,44.0,621.0,1.0,14000.0,32.0,100.0,32.0
b3a3a5bfa5a1ee872afa9c86b8a0d0fa,beleza_saude,46.0,583.0,1.0,1050.0,19.0,8.0,12.0
f087c706a59c175468a1a05c5d2305e5,moveis_decoracao,41.0,143.0,3.0,1300.0,40.0,12.0,40.0
3a239046c442012dbbd86a4823bfe490,utilidades_domesticas,48.0,184.0,1.0,300.0,17.0,10.0,11.0
2caf3d5ea53377d4de079fdaf4ef13e7,informatica_acessorios,50.0,377.0,2.0,600.0,32.0,12.0,12.0
77a399638eca91f6fa1a508a30e01565,automotivo,59.0,592.0,1.0,600.0,30.0,30.0,30.0
b883409932bf862f43008f116a06cda5,construcao_ferramentas_construcao,51.0,3436.0,1.0,15650.0,32.0,34.0,32.0
14d6a43dc8ec3b5e86ef500845374ebd,beleza_saude,52.0,1592.0,1.0,2400.0,18.0,30.0,18.0
70120d2f9b9193aa0030342072d8adec,telefonia,40.0,622.0,2.0,263.0,19.0,10.0,15.0
c2849941c090e1ee1732b25aaf01b397,relogios_presentes,45.0,359.0,1.0,250.0,16.0,9.0,12.0
6f3b5b605d91b7439c5e3f5a8dffeea7,relogios_presentes,35.0,640.0,1.0,335.0,17.0,11.0,16.0
786248c98cab9ad5cccdb751909da1af,papelaria,60.0,339.0,4.0,200.0,16.0,10.0,16.0
259bd66612b61aa4e82ce3cde9272bbc,utilidades_domesticas,57.0,970.0,5.0,250.0,16.0,4.0,11.0
9b6aada2786f40a15f5f186b84d8dc5d,perfumaria,46.0,1529.0,2.0,300.0,16.0,4.0,11.0
f521813909e310116b6b2f0b11f3dd44,moveis_decoracao,54.0,576.0,4.0,750.0,17.0,20.0,17.0
ecbd40ab57460010c6e9454b586231a8,beleza_saude,57.0,407.0,5.0,250.0,21.0,18.0,18.0
80f258d43a984e2e7af7f1e1163e4018,pet_shop,59.0,805.0,1.0,1100.0,20.0,15.0,15.0
62fd674a590e093bfc9aa9515d94caee,ferramentas_jardim,59.0,548.0,3.0,2500.0,27.0,16.0,32.0
349ce46a0e2e20054aa9d80c48af8816,construcao_ferramentas_iluminacao,41.0,971.0,1.0,1300.0,16.0,19.0,16.0
629e019a6f298a83aeecc7877964f935,automotivo,57.0,1166.0,5.0,1750.0,30.0,30.0,30.0
adae758556f8338f07f3064736416064,cama_mesa_banho,58.0,282.0,2.0,9375.0,40.0,35.0,45.0
f68db1bd8309b0f83c38d83717b390a8,utilidades_domesticas,54.0,246.0,5.0,700.0,16.0,17.0,16.0
689c51a11e9c5daefc1f9b0782e28fcf,papelaria,47.0,127.0,1.0,150.0,20.0,6.0,11.0
e24cb34674177a7fe1358c33cf899417,cama_mesa_banho,56.0,656.0,1.0,350.0,43.0,12.0,16.0
5b5485de978301834d9e5f3943ade7da,relogios_presentes,48.0,332.0,1.0,750.0,19.0,16.0,17.0
57e1815b050566a793e010162f765cdb,beleza_saude,52.0,173.0,2.0,100.0,20.0,15.0,15.0
a88f259a7833d566eb11c414d2011dc0,utilidades_domesticas,39.0,972.0,2.0,500.0,20.0,20.0,20.0
616042729c11849827291496b18e9ec5,esporte_lazer,45.0,891.0,1.0,300.0,16.0,16.0,16.0
89321f94e35fc6d7903d36f74e351d40,alimentos,59.0,982.0,1.0,150.0,17.0,13.0,13.0
58d412a7724e865ba73ae3b5b27bf481,fashion_bolsas_e_acessorios,56.0,283.0,3.0,100.0,16.0,6.0,11.0
3d4784f9a07ca5de370c86800589c860,,,,,1350.0,16.0,7.0,20.0
40e9fb75d3f96d5cca8fe7af35675ed0,perfumaria,38.0,673.0,1.0,150.0,16.0,16.0,16.0
813abede22d2496612b447a3f55f629e,eletronicos,54.0,296.0,5.0,225.0,18.0,10.0,14.0
774ea72f37a7fbf1fb32b973a18f2348,construcao_ferramentas_jardim,47.0,886.0,5.0,5050.0,40.0,16.0,50.0
abc3432ff825d8e524db1d4eac6d2099,telefonia,54.0,713.0,4.0,150.0,17.0,10.0,13.0
cdd914e78124a73cc28a165cfc4a0bbc,livros_tecnicos,34.0,1580.0,1.0,1800.0,29.0,3.0,21.0
bf0fb54ca0888fce3109ad83c00617c4,beleza_saude,51.0,379.0,1.0,500.0,16.0,18.0,16.0
f282b8032570cf3ce692b8ea7e1b6c53,bebes,40.0,470.0,2.0,8350.0,44.0,32.0,35.0
d1a7965ac8d6ae62c9c1984434227cb6,informatica_acessorios,45.0,663.0,2.0,1100.0,30.0,30.0,20.0
06a63a471d8a08878526b37a1baa66a5,perfumaria,48.0,1263.0,3.0,700.0,16.0,16.0,16.0
0bdd9a52d192d64770e33ae559512478,relogios_presentes,55.0,324.0,5.0,250.0,16.0,2.0,20.0
c50ca07e9e4db9ea5011f06802c0aea0,beleza_saude,59.0,1782.0,1.0,125.0,25.0,14.0,18.0
c7208c176705ee9e839f9ada9401d4c6,utilidades_domesticas,53.0,601.0,2.0,350.0,34.0,12.0,16.0
863c150f7756157ab06ad61737ce9a16,beleza_saude,25.0,358.0,1.0,534.0,27.0,24.0,23.0
6463e442310f2f4f321c83a32d8c662b,beleza_saude,42.0,920.0,1.0,350.0,19.0,10.0,15.0
2856a85030eb8a2cdb21a8073c679057,telefonia,58.0,367.0,2.0,150.0,21.0,7.0,14.0
0a795de8287e3f8f1f6c2ddcd8091f8e,perfumaria,41.0,629.0,1.0,318.0,27.0,27.0,26.0
3d6c312fc91b957f0515be3afd19f439,relogios_presentes,46.0,419.0,1.0,725.0,17.0,14.0,15.0
c1a29976487f2c410740e8a1a4bf5720,papelaria,60.0,310.0,7.0,8550.0,60.0,20.0,29.0
1f689385c7b14e8d5c593a1045c82776,utilidades_domesticas,36.0,475.0,1.0,750.0,21.0,7.0,11.0
8f211599d0cde9d8551a6984d758e1f4,utilidades_domesticas,60.0,3133.0,3.0,12800.0,58.0,22.0,54.0
ba16581014183c8415da15145f3d4c24,moveis_decoracao,45.0,1563.0,3.0,9050.0,95.0,45.0,20.0
89a728cf89ef556b073f4464fc07e9f6,automotivo,57.0,2069.0,2.0,650.0,32.0,10.0,32.0
42fd6f72ca3e6f53b25d7a19b0536630,construcao_ferramentas_seguranca,34.0,1195.0,2.0,1350.0,29.0,18.0,28.0
205204e979a44d5dca4251324f853a46,utilidades_domesticas,56.0,655.0,4.0,950.0,21.0,28.0,21.0
6c3f9c870ff6e96ad4f4511602078fb0,malas_acessorios,59.0,318.0,3.0,5750.0,17.0,48.0,42.0
24908bd1bd10700a84f4fd551a3a52b4,cama_mesa_banho,45.0,530.0,6.0,950.0,30.0,20.0,26.0
7c1e2b3fa0233e46fb3bcdcb9919a72f,papelaria,24.0,853.0,4.0,3150.0,53.0,4.0,43.0
0e3f5da3b1d7aeb2b1aa661a99c4788c,moveis_decoracao,58.0,2434.0,2.0,300.0,69.0,11.0,11.0
7612afaa8218e79b3011243ed9edea9c,esporte_lazer,53.0,1135.0,5.0,3450.0,40.0,100.0,20.0
773089b6d8197748b1b173e39dd38ab6,utilidades_domesticas,57.0,377.0,1.0,600.0,16.0,25.0,16.0
66ba269ae7ed286b181ebfb76d1d989e,relogios_presentes,36.0,229.0,4.0,400.0,16.0,16.0,11.0
990d135e28e075648cb7d83198fdccf4,bebes,29.0,764.0,1.0,340.0,19.0,22.0,17.0
cde80dbf58c3a7c76f553442a9881715,beleza_saude,57.0,416.0,3.0,950.0,16.0,2.0,11.0
1aaeaa2c5da72dcc8358011100dc5a26,utilidades_domesticas,60.0,516.0,2.0,400.0,18.0,2.0,18.0
5fe23e6307c231e287f13c0a4be06c88,eletroportateis,55.0,2458.0,1.0,1350.0,52.0,25.0,29.0
e06f99e79036d681effa3de75989bf22,relogios_presentes,54.0,257.0,5.0,200.0,16.0,2.0,20.0
b30d7b0adcdc4a117f455472548155ec,eletrodomesticos,60.0,1014.0,4.0,150.0,30.0,10.0,15.0
36d74b6f7d7c0e188328c310f9d9896e,fashion_bolsas_e_acessorios,46.0,455.0,6.0,450.0,24.0,10.0,12.0
90aaf7f993470e411207adabf5b998b6,informatica_acessorios,34.0,1727.0,1.0,50.0,30.0,30.0,20.0
03f02ee5e8fd233d41dcfe8ad911cf7e,cama_mesa_banho,56.0,617.0,1.0,6400.0,30.0,30.0,30.0
26a3bf2fff7de4f4a65d54442c672913,esporte_lazer,35.0,1177.0,8.0,2850.0,35.0,17.0,48.0
94cff684a6f115a32507988ff6541801,construcao_ferramentas_construcao,56.0,225.0,1.0,300.0,20.0,12.0,25.0
1158f353b550ac2a2dee2239ac64f79a,informatica_acessorios,52.0,171.0,1.0,750.0,40.0,27.0,12.0
013fef6ee8c8f3ff998e8f0a950a0495,utilidades_domesticas,37.0,149.0,1.0,150.0,35.0,16.0,16.0
bffdb7d6bdb994823039ac983d6d30ec,pet_shop,31.0,621.0,1.0,144.0,18.0,12.0,16.0
9f1c3e71d56894398a42b050b07f1baa,cool_stuff,25.0,176.0,1.0,163.0,17.0,11.0,13.0
cfb763496d9fc48751a27db4fd02aa2d,cama_mesa_banho,38.0,168.0,2.0,350.0,25.0,9.0,19.0
13de26d4d66e20b9262c0ddd00cf5cd8,livros_tecnicos,60.0,1479.0,1.0,3680.0,29.0,5.0,21.0
62c3fd5a2232fc1adb5a4f7fb863341c,construcao_ferramentas_construcao,57.0,641.0,1.0,1125.0,38.0,35.0,38.0
5d7c23067ed3fc8c6e699b9373d5890b,fashion_bolsas_e_acessorios,54.0,151.0,3.0,250.0,16.0,2.0,20.0
6dae4e6bc334685708571a48aa41d437,esporte_lazer,36.0,383.0,2.0,1100.0,20.0,20.0,20.0
931541a73da8874f772b1fa532b99fea,ferramentas_jardim,59.0,1608.0,2.0,1300.0,16.0,65.0,16.0
0c71252f37443403376d2008034a7240,pet_shop,41.0,947.0,1.0,156.0,18.0,10.0,14.0
7c1ed5098b2fe8445fa6a4853da78c21,automotivo,43.0,282.0,8.0,1550.0,31.0,24.0,24.0
eddb814fb553b6951f51b34c5f578ba0,agro_industria_e_comercio,42.0,913.0,1.0,16700.0,50.0,50.0,40.0
24c0de23191c9450049b2b3d8749ad35,cama_mesa_banho,39.0,375.0,1.0,300.0,38.0,14.0,38.0
1bfb290d7273a442c874dbe74b4abae6,moveis_escritorio,19.0,883.0,1.0,10075.0,55.0,64.0,26.0
179363fe9f0eee05ad34df83c160dbcf,livros_interesse_geral,42.0,1032.0,2.0,600.0,16.0,25.0,11.0
a8d32fcfb65fc140cd58623a0d1688bf,automotivo,37.0,157.0,1.0,7850.0,89.0,21.0,26.0
dc448e6ccff3210312c96e9fad49552d,papelaria,53.0,893.0,10.0,2600.0,32.0,52.0,19.0
78f29023586e374cdc3773ce0af6bd2c,construcao_ferramentas_construcao,46.0,1148.0,1.0,2100.0,16.0,29.0,36.0
8dcbe1c268314dc0f6df3ca28b5b43ee,automotivo,60.0,883.0,3.0,150.0,16.0,5.0,11.0
6a31191d5ac5852b0478f6e245ac5b02,utilidades_domesticas,51.0,948.0,2.0,1250.0,28.0,21.0,29.0
3c0c25556095f68ed9d05df570c9c587,pet_shop,45.0,3110.0,5.0,1620.0,40.0,30.0,30.0
750e3a9d8289e451a68398b2c697f119,malas_acessorios,58.0,1504.0,3.0,3000.0,37.0,29.0,30.0
f4daca35389849edde800f3532be3719,ferramentas_jardim,57.0,459.0,2.0,800.0,30.0,20.0,30.0
2feb7008fdbbf5e65a885a1e5fbd49d1,esporte_lazer,33.0,2490.0,5.0,1350.0,30.0,20.0,20.0
c55ee2882c5321eb3c9277e5c92e50c7,cama_mesa_banho,57.0,1046.0,1.0,1450.0,25.0,25.0,25.0
d017a2151d543a9885604dc62a3d9dcc,fashion_bolsas_e_acessorios,59.0,93.0,7.0,250.0,16.0,2.0,11.0
5d6bea33648f018dbb563f3a2fab09f3,moveis_decoracao,53.0,616.0,1.0,4000.0,30.0,35.0,30.0
7940f574701f6518fea2877012f7055e,papelaria,43.0,653.0,3.0,10350.0,64.0,15.0,51.0
61a4100ccd6d9c4c808a1fd954ddb8ad,eletroportateis,60.0,3839.0,4.0,1450.0,24.0,24.0,24.0
437c05a395e9e47f9762e677a7068ce7,beleza_saude,40.0,409.0,1.0,1110.0,19.0,11.0,18.0
8f61327bbc1b9096bd97323ab64fc6bd,cama_mesa_banho,35.0,235.0,1.0,10050.0,50.0,30.0,40.0
1522589c64efd46731d3522568e5bc83,artigos_de_natal,35.0,415.0,4.0,550.0,37.0,10.0,37.0
e2372fa4eec7531e44bb43844876e25b,beleza_saude,60.0,886.0,1.0,500.0,20.0,12.0,12.0
7e6369ae76be68baac2fe55ba089b37f,perfumaria,50.0,402.0,1.0,183.0,16.0,12.0,14.0
778f8850980a158eafa6e7555c085ea1,instrumentos_musicais,47.0,1177.0,5.0,500.0,24.0,10.0,14.0
c5cd81e7dcab1a6baed9cedff7c531ef,esporte_lazer,60.0,921.0,3.0,900.0,20.0,10.0,20.0
a1eae0ed718c783a4c0dfef382d31ee4,construcao_ferramentas_iluminacao,37.0,274.0,1.0,4000.0,40.0,45.0,40.0
0d85c435fd60b277ffb9e9b0f88f927a,informatica_acessorios,60.0,919.0,1.0,150.0,16.0,13.0,14.0
d4652fae7ca028fda70d9b7b75432e04,perfumaria,44.0,1388.0,2.0,200.0,16.0,5.0,11.0
944a8fa6055b8213f9e715720d4e2d5c,cama_mesa_banho,55.0,273.0,1.0,1100.0,38.0,10.0,38.0
5910243c1624994e66138f05c7f4a275,climatizacao,55.0,2092.0,4.0,8160.0,31.0,65.0,34.0
26479f7e6b832d2e19a14dd8393bb30f,brinquedos,55.0,546.0,1.0,5200.0,30.0,30.0,30.0
9a469eaf45dfbc43d39ba1977a3c07af,cama_mesa_banho,44.0,192.0,1.0,700.0,40.0,4.0,30.0
c9701c7e21b5d653f1154e62ada219d7,esporte_lazer,37.0,227.0,2.0,200.0,23.0,5.0,16.0
0a5a41c678bcf81e041826bb24eb0b01,bebes,55.0,1627.0,1.0,750.0,20.0,13.0,13.0
4b6c0fa189ae4c4c7a4d357ff185512c,esporte_lazer,36.0,959.0,1.0,250.0,25.0,10.0,18.0
4664618690073e2ceb889d9d8c465a93,utilidades_domesticas,56.0,728.0,6.0,250.0,35.0,6.0,12.0
826a5fa766c1c7241ffe63a2f3774d0b,esporte_lazer,55.0,659.0,1.0,475.0,35.0,21.0,30.0
2aba8662055d2c7e8d7a4ad797f27840,perfumaria,36.0,515.0,1.0,150.0,18.0,8.0,12.0
1e48680e5b09c356f91b5c7ee948d013,utilidades_domesticas,55.0,1223.0,3.0,900.0,48.0,23.0,24.0
241dbc3b6d7c4b0ccb98a81a33df4e3e,moveis_decoracao,32.0,599.0,1.0,5300.0,30.0,35.0,30.0
41db6d8062fcd38410c699743ccc0265,telefonia,49.0,1438.0,2.0,125.0,19.0,5.0,11.0
1078e04ece7f1498a5ea393bf9c4eb98,utilidades_domesticas,41.0,261.0,1.0,1000.0,28.0,8.0,37.0
e34b5d6c531312550872e725578a3808,livros_interesse_geral,38.0,369.0,1.0,150.0,16.0,23.0,23.0
008cff0e5792219fae03e570f980b330,esporte_lazer,59.0,1735.0,5.0,1550.0,40.0,20.0,20.0
40c15dd86886c8e9cedabb4dadcece62,informatica_acessorios,55.0,512.0,1.0,700.0,30.0,15.0,15.0
3a7d90845985f39048815a6939c56be4,bebidas,50.0,3065.0,9.0,273.0,21.0,16.0,15.0
f9e110c72727fb5733e1a7e6a7a230c5,utilidades_domesticas,38.0,642.0,5.0,625.0,18.0,16.0,16.0
4ce9ab528124f89e091b17d11aa2e97c,informatica_acessorios,54.0,222.0,3.0,500.0,36.0,5.0,15.0
f5131289ca7eab9700015f6e8bfa8e41,utilidades_domesticas,47.0,1848.0,3.0,500.0,25.0,6.0,20.0
de170bfa7e0f492c75a0f270fc44f629,climatizacao,60.0,1502.0,2.0,9100.0,59.0,17.0,37.0
818c2f4d29b94c0600bbc109c6fa0efd,automotivo,44.0,434.0,1.0,100.0,25.0,2.0,13.0
20531b0644a0719b8d506c4db3c56609,utilidades_domesticas,55.0,375.0,3.0,10050.0,31.0,61.0,31.0
f8763c8e0ef828c6d393b091888f9eb8,cama_mesa_banho,55.0,133.0,2.0,20325.0,63.0,40.0,55.0
931bb2a750c49badcd543774fd227364,relogios_presentes,55.0,592.0,2.0,275.0,19.0,13.0,13.0
dc6d974a3b29ff63697e0926f8c76c51,alimentos,50.0,234.0,1.0,700.0,16.0,13.0,12.0
cac9e5692471a0700418aa3400b9b2b1,bebes,57.0,2440.0,1.0,375.0,29.0,14.0,20.0
127de0ebca0eb694783d75d96fbf7109,automotivo,59.0,1255.0,3.0,800.0,16.0,6.0,15.0
4e2fa5131fc9956bb6a6b9e84b39e798,pet_shop,58.0,2353.0,6.0,2200.0,42.0,22.0,32.0
e475c947d2287b8ea1e6a90dbbae56bb,beleza_saude,58.0,503.0,4.0,300.0,16.0,10.0,16.0
02fbee632a2044d48ab16d57eec4db58,cama_mesa_banho,53.0,230.0,1.0,1017.0,39.0,15.0,34.0
2cfb0bccba59b1f48db1828a7aa5a770,automotivo,58.0,155.0,2.0,50.0,16.0,16.0,12.0
9a89064fd209d1c1661271942a65099f,cama_mesa_banho,55.0,387.0,1.0,2900.0,40.0,20.0,35.0
cc6e31911e3db7f60e67069522872552,livros_interesse_geral,54.0,933.0,2.0,500.0,30.0,4.0,20.0
e9c1abcc7126360336d8f56d49041a8c,beleza_saude,42.0,3902.0,7.0,500.0,22.0,6.0,16.0
89e4362d74afa10ac57f8d67210132a6,fashion_bolsas_e_acessorios,30.0,219.0,1.0,1870.0,27.0,20.0,29.0
02d53241d2a3c4b1d65f21028e15fde8,beleza_saude,46.0,862.0,1.0,400.0,19.0,12.0,13.0
879f3fcede3745f74eef673bf8d5805a,papelaria,59.0,451.0,1.0,400.0,26.0,6.0,18.0
e892e0e01990e737eb81a57db12f8c8c,beleza_saude,53.0,377.0,1.0,325.0,16.0,14.0,15.0
3ead2a8b3b92444cfac54979d56c7993,alimentos_bebidas,57.0,377.0,2.0,268.0,28.0,15.0,20.0
ceb43e52119b25c8f2b6049a5534c339,esporte_lazer,55.0,1392.0,1.0,750.0,16.0,16.0,16.0
42ca857208d059f51c317b503000c385,pet_shop,60.0,525.0,1.0,350.0,27.0,9.0,27.0
45f0310974e6082deeda855f91984347,moveis_decoracao,60.0,194.0,1.0,2800.0,50.0,10.0,40.0
ef7bac3fcd96b1f97400cb9cf17902d8,brinquedos,53.0,1329.0,7.0,4900.0,23.0,16.0,31.0
8db99620b0b21f34ff4199bc6450bdd6,livros_tecnicos,29.0,3041.0,1.0,400.0,23.0,2.0,16.0
8c2f7d1e586af9f4ecd42ffa5ffc4216,utilidades_domesticas,60.0,263.0,3.0,6200.0,31.0,38.0,28.0
1af2a3ec7cecc4015321e562a26c9d1d,informatica_acessorios,60.0,266.0,2.0,150.0,40.0,2.0,24.0
020a80cb704bf65f38761fcedf2af192,automotivo,35.0,1512.0,3.0,800.0,26.0,9.0,24.0
ff3ec972ebd16eb98d55e8ea2fa255ee,esporte_lazer,37.0,356.0,1.0,2488.0,30.0,23.0,31.0
d76aac04bb7fcc7a54f1215251724b27,esporte_lazer,52.0,185.0,1.0,150.0,16.0,2.0,11.0
573722511f4fc28539f3d8810a50ea1c,moveis_decoracao,58.0,1969.0,2.0,350.0,69.0,11.0,11.0
a39cc58c1b5926b6f9f378daa89f1315,casa_construcao,53.0,646.0,1.0,3800.0,30.0,35.0,30.0
618c65cb5359281b2c830b9f3f2e1f36,alimentos,47.0,1058.0,3.0,8238.0,44.0,28.0,36.0
fdf37ff6a4ff39ac973343a01c1f91ef,beleza_saude,38.0,362.0,2.0,300.0,27.0,5.0,16.0
1e4afc1a37e11d1cfac59e0599d3ce1f,alimentos,40.0,422.0,1.0,1250.0,17.0,10.0,28.0
5c7dfdd3e6d851f08d3cfe8213747ff5,fashion_bolsas_e_acessorios,46.0,375.0,2.0,150.0,16.0,5.0,15.0
0a4f9f421af66d2ea061fbb8883419f7,beleza_saude,60.0,919.0,1.0,200.0,22.0,3.0,15.0
27c5d184e397082e7f0ff11ace0d7269,beleza_saude,21.0,287.0,1.0,750.0,22.0,12.0,22.0
b35c8479840135aa13a0f2d6aa8b7f38,bebes,37.0,1243.0,4.0,6400.0,47.0,24.0,33.0
b4b817e5f2c4efc8253b4b679c653847,cama_mesa_banho,37.0,1049.0,1.0,2150.0,26.0,26.0,23.0
3dd2a17168ec895c781a9191c1e95ad7,informatica_acessorios,48.0,894.0,1.0,533.0,22.0,11.0,20.0
399b5ae65ca9680e1d5d1b314439e4d1,eletronicos,53.0,734.0,3.0,1617.0,26.0,8.0,22.0
bd6eb9532e448ca538cec41d0b9dc228,instrumentos_musicais,47.0,182.0,1.0,1100.0,90.0,20.0,40.0
df4742649bd28492e5e306d2742cdfcb,utilidades_domesticas,50.0,237.0,3.0,4550.0,30.0,15.0,46.0
065ced48dd97c1b3322fab19e5844542,bebes,53.0,958.0,1.0,450.0,20.0,15.0,15.0
efafd20c0dfb7a4c591ec374a6befdcd,cama_mesa_banho,26.0,134.0,2.0,950.0,40.0,4.0,30.0
dcbe94f9e03c6dc3c6ef089765ee5181,portateis_casa_forno_e_cafe,59.0,1106.0,1.0,700.0,30.0,15.0,15.0
62de52bc0f87cf3a234c38e196edac91,ferramentas_jardim,54.0,369.0,2.0,250.0,17.0,5.0,12.0
c181ddb9a0403b7f2010870a988a61bd,cool_stuff,50.0,418.0,1.0,1632.0,30.0,20.0,19.0
e59aa08eee1bd7faa765a89aab2095cb,cama_mesa_banho,39.0,220.0,1.0,650.0,75.0,2.0,65.0
22cae88a3d0dfb90553827c761728e55,beleza_saude,42.0,3518.0,1.0,250.0,19.0,18.0,18.0
a7b497445896c24d425d100e4f03d8cd,ferramentas_jardim,40.0,58.0,3.0,1130.0,38.0,26.0,20.0
91c82ace62e0ca1b69b1a45bcc214b45,relogios_presentes,60.0,992.0,1.0,308.0,16.0,11.0,12.0
dd4adcbacf68be8bc2fdcd498de6a06a,construcao_ferramentas_jardim,37.0,1486.0,5.0,900.0,26.0,9.0,24.0
e044a6c8994164db4e2446054a374b9a,beleza_saude,36.0,608.0,1.0,375.0,16.0,13.0,15.0
8c49cb6b9f063faf0ec568571e59072a,cama_mesa_banho,55.0,415.0,2.0,850.0,24.0,13.0,18.0
86affbe24eda560b9bba0e36f87bdbfe,bebes,40.0,805.0,1.0,3974.0,35.0,37.0,22.0
8da9d7e8c72e1626d37c366187d9ffe2,esporte_lazer,50.0,1321.0,2.0,350.0,20.0,35.0,20.0
e59dd207c69d86e890febadc796d1078,cool_stuff,54.0,850.0,1.0,125.0,16.0,12.0,12.0
2c0722227025e08e761c39159ef0d701,moveis_sala,50.0,519.0,5.0,3350.0,46.0,9.0,56.0
a62e25e09e05e6faf31d90c6ec1aa3d1,relogios_presentes,58.0,3006.0,2.0,1000.0,53.0,8.0,18.0
a783f0d718c28a1375f64c1dfff1818a,informatica_acessorios,59.0,1737.0,3.0,200.0,39.0,2.0,30.0
fa814ebf85f1640b2acea3c4378d40f9,cama_mesa_banho,60.0,284.0,1.0,1150.0,41.0,13.0,13.0
77da35d9e8023abd25ed7a92d9a65288,beleza_saude,53.0,3071.0,2.0,450.0,29.0,14.0,15.0
45f59788a3a09e09ab433234d03afd2a,brinquedos,47.0,783.0,1.0,1050.0,26.0,30.0,19.0
41e4e4c8ab0ec1fcde0df5679749a3e4,utilidades_domesticas,54.0,388.0,2.0,400.0,30.0,30.0,11.0
a7846339a3f354c6c2b07085eea02c96,automotivo,41.0,441.0,1.0,100.0,28.0,2.0,11.0
a1e903cd2d23763ef8b85ec12eb79d9c,esporte_lazer,55.0,369.0,2.0,200.0,16.0,13.0,12.0
8c292ca193d326152e335d77176746f0,beleza_saude,60.0,2894.0,1.0,200.0,17.0,11.0,15.0
7724d1e2711ecb5f0b7678257e1a1cc6,cama_mesa_banho,58.0,277.0,1.0,8500.0,50.0,18.0,28.0
fc5010afcac79b05b2e4bc8e5912092d,beleza_saude,50.0,1001.0,1.0,3725.0,20.0,20.0,20.0
5a848e4ab52fd5445cdc07aab1c40e48,,,,,400.0,20.0,12.0,15.0
d04ae06ca1423cdc5bd50d87c0f7c372,eletronicos,58.0,1996.0,3.0,200.0,17.0,9.0,17.0
189f163ac190749c553a4835c22aa3a8,bebes,49.0,1066.0,2.0,257.0,44.0,12.0,24.0
cd46fbff1f4a0d9b923f70e332add4b5,perfumaria,17.0,320.0,1.0,100.0,16.0,12.0,11.0
01604238fbc11ce379e537a76b26bc94,eletronicos,29.0,510.0,1.0,125.0,21.0,17.0,17.0
3c949889a3c11ae9d33a721d9efa6e7d,alimentos_bebidas,38.0,380.0,1.0,1450.0,16.0,37.0,11.0
9d1893083966b9c51109f0dc6ab0b0d9,construcao_ferramentas_iluminacao,59.0,976.0,2.0,1000.0,16.0,20.0,16.0
24c66f106f642621e524291a895c9032,beleza_saude,37.0,325.0,1.0,792.0,19.0,14.0,16.0
6a8631b72a2f8729b91514db87e771c0,eletronicos,54.0,614.0,1.0,100.0,17.0,6.0,11.0
3d5837f86205fe83f03fb5f7e4d5b9cf,brinquedos,42.0,1002.0,4.0,1017.0,37.0,5.0,37.0
c429a719cac9a29bfb5749d8f9043dae,perfumaria,40.0,1389.0,1.0,457.0,25.0,9.0,21.0
d99526b1e4fa5f57b8bde34a7337b5ee,bebidas,45.0,887.0,1.0,250.0,18.0,18.0,18.0
64fb13596caf118c438edc5c6ed2d50a,informatica_acessorios,48.0,252.0,1.0,167.0,16.0,11.0,15.0
99444c1e11fc38755dae86f5c67d3d1a,cama_mesa_banho,40.0,162.0,1.0,900.0,33.0,9.0,38.0
e6fc61fe224249bd106fec6e1751a586,relogios_presentes,53.0,592.0,2.0,300.0,16.0,11.0,11.0
f8077831f3c3f393fb67b93c5acd8daf,casa_construcao,57.0,921.0,7.0,750.0,16.0,20.0,16.0
d7a2f0c3a43042d52cf8361958342c5d,cama_mesa_banho,47.0,1384.0,2.0,1250.0,48.0,10.0,12.0
4ff38de0673d41a0da1499e300720ef6,beleza_saude,57.0,525.0,2.0,125.0,20.0,16.0,19.0
2216232cbfdfdc984d20cd53acb7aba8,utilidades_domesticas,56.0,263.0,2.0,6800.0,40.0,40.0,20.0
7acf643c9851bf01a16332dfc8e6824f,informatica_acessorios,53.0,250.0,1.0,900.0,16.0,100.0,25.0
c92d3f9d69facbffae2637d8b815011e,construcao_ferramentas_jardim,56.0,588.0,1.0,750.0,60.0,11.0,23.0
f8b624d4e475bb8d1bddf1b65c6a64f6,utilidades_domesticas,46.0,323.0,1.0,2841.0,40.0,23.0,26.0
f9b4f8ef12259efd919fbaf21f8f66a4,cama_mesa_banho,40.0,260.0,1.0,4025.0,40.0,15.0,23.0
9c8d6227bbe62913ca96217005540fda,esporte_lazer,35.0,274.0,2.0,500.0,25.0,20.0,20.0
cb9d764f38ee4d0c00af64d5c388f837,portateis_cozinha_e_preparadores_de_alimentos,57.0,306.0,1.0,625.0,28.0,27.0,24.0
d0b61bfb1de832b15ba9d266ca96e5b0,pet_shop,59.0,468.0,3.0,450.0,30.0,10.0,20.0
4b54b3c4276e14492c3b466f49583f72,construcao_ferramentas_construcao,53.0,910.0,4.0,1850.0,55.0,16.0,16.0
e53588854973a383ff66d64f0fee88a9,livros_interesse_geral,52.0,1181.0,1.0,200.0,21.0,2.0,16.0
b0158470e56400701f25e14c9cd4a33b,bebes,54.0,1405.0,4.0,1400.0,42.0,25.0,15.0
6086d4e24d4dd50521452e49bde06628,cama_mesa_banho,44.0,482.0,1.0,5500.0,56.0,21.0,42.0
09f6dccfebfa0688abfc1af640b69e61,esporte_lazer,15.0,328.0,2.0,150.0,28.0,5.0,14.0
01f3a99b81f49109d42540d84bcb8e07,esporte_lazer,28.0,406.0,1.0,248.0,32.0,21.0,23.0
8603fd58099e4089e9811dfffe1d5ea2,papelaria,41.0,742.0,1.0,14350.0,101.0,8.0,60.0
dc7b5d2b32ae30c86acd229b5ff34dcc,perfumaria,56.0,451.0,1.0,400.0,20.0,16.0,16.0
44231a850e5be11ed6374fab222ff49f,beleza_saude,43.0,878.0,1.0,600.0,30.0,15.0,16.0
30360c8b0b2ac6918f53ab66bc3c306f,relogios_presentes,56.0,561.0,1.0,350.0,21.0,12.0,14.0
d8aed41af112033ae4733abcf1f206fc,moveis_decoracao,51.0,271.0,1.0,3750.0,35.0,20.0,26.0
4f18ca9862f511ecba98258b2194d061,moveis_quarto,20.0,252.0,1.0,12500.0,43.0,33.0,33.0
cd3de1984e1a77b441e1b39b8e334330,moveis_decoracao,59.0,205.0,8.0,1000.0,31.0,11.0,26.0
fc4d6bb8b2fba6297e0bd65aaa38624a,fashion_bolsas_e_acessorios,59.0,438.0,5.0,150.0,19.0,9.0,11.0
8d2b53933a7aae1c8bfc6391385dc069,utilidades_domesticas,58.0,170.0,1.0,150.0,16.0,10.0,16.0
c7bd850b9a356ee44d5a2a55f7a5b657,esporte_lazer,63.0,1562.0,10.0,1150.0,20.0,16.0,20.0
1b979ed0acbd0350ce3aaee840601644,eletrodomesticos,55.0,276.0,3.0,300.0,34.0,13.0,17.0
acc8648b140586ffaa6cce2905ff6872,utilidades_domesticas,45.0,381.0,1.0,400.0,26.0,12.0,20.0
a1fc7e27ec70c82cbc5a559b1af76424,beleza_saude,23.0,854.0,1.0,163.0,33.0,4.0,20.0
c940221719c27b554b86f7fc9f8438fc,esporte_lazer,56.0,495.0,5.0,650.0,50.0,15.0,25.0
389d119b48cf3043d311335e499d9c6b,ferramentas_jardim,59.0,341.0,2.0,1750.0,37.0,22.0,40.0
34194988e78bc60417003c8a235b8083,informatica_acessorios,38.0,526.0,2.0,150.0,20.0,20.0,20.0
67bd616e1ba0d3d3e8545f3113b0140d,beleza_saude,57.0,3153.0,1.0,300.0,18.0,18.0,18.0
4a2a8940c899ed2b924c82f8a553e47d,relogios_presentes,32.0,1630.0,2.0,200.0,16.0,16.0,16.0
7d76a219445c40f19d016b40b77868f5,moveis_decoracao,59.0,956.0,5.0,5900.0,66.0,15.0,33.0
308f901f3cbc9dd383146e97562ef8ed,relogios_presentes,46.0,398.0,1.0,200.0,17.0,13.0,13.0
2b7bb91ceee2bfa598986638fb136ba4,alimentos_bebidas,59.0,399.0,2.0,262.0,28.0,15.0,20.0
6210c771a72a233f0e2b0430911ba858,informatica_acessorios,52.0,1243.0,4.0,1350.0,35.0,25.0,35.0
408dc0e1523c3915352e552a1a23c663,telefonia_fixa,59.0,1382.0,2.0,666.0,19.0,17.0,16.0
830345ab5d2e365c7c6b91459119ea2d,beleza_saude,50.0,3352.0,5.0,1400.0,22.0,29.0,13.0
9cc8a90a8f8b6a7b56a486b612b40efa,esporte_lazer,55.0,2835.0,1.0,1225.0,33.0,28.0,28.0
fe9f815c71f1651837c0f6770e533db4,moveis_decoracao,42.0,928.0,1.0,650.0,17.0,17.0,17.0
8d3c0105549f11e6059bb69fe51659c0,esporte_lazer,53.0,848.0,2.0,950.0,17.0,5.0,17.0
541fe3a51f05d6f3ee6e730fafa0b8d5,esporte_lazer,50.0,335.0,3.0,150.0,16.0,16.0,16.0
addc4d1f7d82e1b6c5ba37d6559ac127,automotivo,59.0,732.0,3.0,300.0,16.0,21.0,13.0
7052c556fc966a2321d570f3c5a8790f,utilidades_domesticas,52.0,404.0,1.0,9800.0,25.0,10.0,20.0
c3798d484fb730f0b5c23af0d5361595,cine_foto,45.0,150.0,1.0,100.0,16.0,11.0,12.0
4532fa1bbe47099ce5c9e2313fb9bf2a,automotivo,60.0,1124.0,3.0,130.0,17.0,4.0,14.0
1cc786f2fc3932c7a07346cf556c28bf,eletroportateis,38.0,1028.0,1.0,467.0,27.0,17.0,18.0
a7b9753ca5040193a1505f15c723c0e0,moveis_decoracao,60.0,609.0,3.0,2650.0,45.0,25.0,18.0
91eca57bdc51c30bb4204537e9996058,telefonia,59.0,362.0,1.0,150.0,16.0,2.0,11.0
09003e51b4ca5793bfcdc42026abd63a,livros_tecnicos,29.0,1872.0,1.0,350.0,17.0,24.0,11.0
a4bc259da0b7bb9a52d9dbcb9efd7fec,casa_construcao,39.0,867.0,7.0,450.0,16.0,20.0,16.0
5f63102603ddd84556a92387a9821ea7,automotivo,53.0,1251.0,3.0,150.0,25.0,3.0,13.0
bb65a8166c4bbbe6a451274925b0b3f3,casa_construcao,43.0,1259.0,1.0,200.0,16.0,20.0,16.0
c7fd13b5e515bffdab855d0812842edb,moveis_decoracao,46.0,490.0,2.0,1350.0,30.0,20.0,20.0
b04d3047927b9681a49beae5f4136a0b,moveis_decoracao,51.0,189.0,1.0,550.0,35.0,10.0,25.0
ab1106e227a745836a0dc83b374e2575,alimentos,52.0,869.0,1.0,325.0,16.0,9.0,13.0
fe0c30fb2df4e35bc7319b277ddbdaa5,sinalizacao_e_seguranca,45.0,526.0,2.0,850.0,19.0,23.0,13.0
54ae1a64e9af8424bcf3162a0df487c7,esporte_lazer,43.0,1435.0,5.0,450.0,40.0,10.0,20.0
c5e19a898511a0e8b60bd98fbc1d72eb,eletroportateis,58.0,419.0,4.0,2150.0,15.0,38.0,15.0
330cef1e4abdc583a07dc02a38dcffa7,construcao_ferramentas_iluminacao,58.0,974.0,1.0,6750.0,42.0,23.0,42.0
409ec48108c4dad2130633a912fe877e,cama_mesa_banho,52.0,652.0,2.0,650.0,16.0,10.0,16.0
727a46f0b58a9ef165af9f7ebcfebfa9,esporte_lazer,33.0,1440.0,3.0,200.0,19.0,19.0,19.0
2722b7e5f68e776d18fe901638034e54,beleza_saude,43.0,1234.0,5.0,650.0,20.0,20.0,20.0
af893b2efa430418d774a852e7870601,utilidades_domesticas,59.0,566.0,3.0,1550.0,29.0,17.0,23.0
bdc3291ab242ec1effc8eb0987850268,eletronicos,53.0,830.0,1.0,541.0,19.0,12.0,16.0
a01d1cbb398e386a4a8f8364401a7584,esporte_lazer,58.0,757.0,2.0,500.0,50.0,5.0,30.0
5ee245f4f514e8937aa7a5ef3ec2c8b7,cama_mesa_banho,34.0,184.0,1.0,650.0,52.0,4.0,42.0
dd32399c79aa851dc98bfcfdd385700f,cama_mesa_banho,60.0,828.0,2.0,350.0,50.0,5.0,70.0
a1beef8f3992dbd4cd8726796aa69c53,instrumentos_musicais,59.0,944.0,3.0,3550.0,71.0,34.0,22.0
86ecc269de40ba13205e7beeee12f26f,telefonia,31.0,329.0,4.0,188.0,17.0,6.0,12.0
0233382eae30811d6dfffbbfb5de36d8,construcao_ferramentas_construcao,59.0,520.0,8.0,10750.0,54.0,18.0,35.0
060c17562f97e5bb60bc0dfa4dd5b3f2,informatica_acessorios,40.0,675.0,1.0,150.0,18.0,6.0,14.0
7f9e40aa498f8f6edf4cc51215ecce9e,beleza_saude,59.0,604.0,1.0,575.0,18.0,16.0,17.0
56a474f5d7d6cfaa8500cddd0aa35bba,cama_mesa_banho,43.0,993.0,1.0,3500.0,40.0,15.0,50.0
1dbd121a455304b1f6f0b548e9cc23b2,cool_stuff,51.0,308.0,3.0,100.0,16.0,6.0,11.0
eede3ead395a8bdfb3ca7cbf6e0cb421,construcao_ferramentas_iluminacao,54.0,565.0,3.0,300.0,19.0,16.0,16.0
3d9bbe6e6d8c6dd8ba6e728f2586e510,beleza_saude,60.0,499.0,1.0,273.0,16.0,13.0,14.0
6b5eb8d183cf59e028117fbf4a43b28c,automotivo,53.0,789.0,1.0,2850.0,90.0,25.0,35.0
739ec9878497e19f019f5967fda86c9f,relogios_presentes,57.0,586.0,1.0,300.0,18.0,12.0,18.0
49b624365d1b55a1747aedf255a15e62,automotivo,53.0,773.0,3.0,1775.0,32.0,28.0,28.0
90aa2ab699cd0e459be93124aa91c82f,cama_mesa_banho,56.0,2507.0,2.0,2300.0,43.0,8.0,33.0
ca8b9b8192b5fd79de43cf6480c6cdeb,esporte_lazer,60.0,473.0,1.0,250.0,17.0,15.0,16.0
2b301a96f8ae692b3157360f621b658f,malas_acessorios,57.0,605.0,9.0,210.0,17.0,22.0,11.0
0e8df33c96f1c03405f222785b9d753e,cama_mesa_banho,52.0,287.0,1.0,4100.0,52.0,18.0,42.0
c4baedd846ed09b85f78a781b522f126,ferramentas_jardim,58.0,1893.0,1.0,5950.0,20.0,20.0,20.0
5d62f99d108e89a12c45ef89f625b4cf,cama_mesa_banho,40.0,796.0,1.0,850.0,45.0,10.0,20.0
7daeca72c6dc366e43753e5f9a9b1438,relogios_presentes,45.0,160.0,1.0,225.0,17.0,13.0,13.0
e58dd19f3b501da6507886db681873ff,bebes,44.0,1616.0,1.0,17050.0,65.0,88.0,20.0
ac50a885bf3b6a817bf6a0a2f1e27af4,artigos_de_natal,37.0,170.0,1.0,200.0,16.0,32.0,11.0
af2d506fb01b724e03591349ad36b67e,bebes,55.0,1681.0,2.0,600.0,20.0,13.0,13.0
d3e43faeb92b20d373f87088a03ac642,automotivo,60.0,2102.0,4.0,100.0,16.0,4.0,12.0
8fb8fc612eb9832ae220a1b88f3b375d,beleza_saude,58.0,733.0,1.0,250.0,16.0,16.0,16.0
8d027132a8818b4d661e9d83778f8bd0,automotivo,53.0,246.0,1.0,250.0,16.0,16.0,12.0
0e0487ef680ae92e064423238d1b4c05,eletronicos,35.0,191.0,1.0,150.0,22.0,6.0,16.0
38fa750a3a3b3204f169c86a3284d387,esporte_lazer,39.0,1057.0,1.0,183.0,16.0,18.0,16.0
da1415c61b55b4e9ea8cb19521c857df,relogios_presentes,36.0,382.0,1.0,308.0,17.0,12.0,13.0
0bbdc963004d9b2fd3427ee3c5ae3608,esporte_lazer,31.0,1479.0,3.0,150.0,23.0,7.0,12.0
3e362e76af5b6669122b87d6f0a38eca,moveis_decoracao,55.0,546.0,3.0,1700.0,38.0,9.0,33.0
643a4049ae3e6df63858575f28cd7b21,beleza_saude,52.0,1649.0,1.0,200.0,22.0,5.0,15.0
c8cfa622661e047ea2499f8bce4731a5,bebes,56.0,628.0,2.0,650.0,24.0,14.0,18.0
73326828aa5efe1ba096223de496f596,alimentos,32.0,1392.0,1.0,330.0,20.0,15.0,16.0
bdcf6a834e8faa30dac3886c7a58e92e,beleza_saude,26.0,394.0,1.0,1614.0,31.0,16.0,28.0
3a3232c5a8df0895d04012fb058f4bbe,telefonia,51.0,381.0,1.0,150.0,19.0,4.0,11.0
58b81e95d79fc90308246d12ef1e2688,malas_acessorios,59.0,561.0,7.0,1850.0,32.0,52.0,19.0
ef59f328cef34c7b309bb12e86b6418b,automotivo,36.0,569.0,1.0,3250.0,20.0,22.0,26.0
e2aa433aedb3d633cea92d4fe212cb96,beleza_saude,25.0,1332.0,1.0,3175.0,25.0,23.0,26.0
002159fe700ed3521f46cfcf6e941c76,fashion_calcados,55.0,344.0,3.0,1850.0,36.0,37.0,16.0
6f1b3488c5314b527201978357a8d85f,telefonia,52.0,1487.0,1.0,343.0,19.0,13.0,15.0
f3d7339839e02f580fe8fca5755e0e25,bebes,21.0,358.0,1.0,400.0,35.0,5.0,25.0
f2890c4d40c6794ce51e525c1ec37660,eletronicos,57.0,1925.0,2.0,5100.0,70.0,10.0,25.0
4651cbf18222b853f46619003d9861f3,construcao_ferramentas_construcao,58.0,1495.0,7.0,400.0,19.0,11.0,11.0
35afc973633aaeb6b877ff57b2793310,casa_conforto,56.0,176.0,1.0,1825.0,53.0,10.0,40.0
875a509e10e1382ada98cd0c25f0a256,ferramentas_jardim,60.0,656.0,1.0,575.0,20.0,20.0,20.0
135679c12dc580ad4a0c87b494a46942,utilidades_domesticas,37.0,255.0,2.0,600.0,25.0,15.0,37.0
f8fd8cb547c24b155448d09bfc478059,moveis_sala,46.0,848.0,2.0,6950.0,61.0,11.0,46.0
5a3320037d5922a7708647c81ecc1f15,utilidades_domesticas,60.0,446.0,5.0,4900.0,36.0,22.0,36.0
d950221a89e7555306dc5daef996e134,cool_stuff,60.0,925.0,1.0,375.0,18.0,9.0,15.0
1cb173e22a594e4c0883a4f0502b5360,construcao_ferramentas_ferramentas,55.0,2999.0,5.0,950.0,27.0,30.0,23.0
4c82c8d31845d751d797debc3d03697f,informatica_acessorios,51.0,872.0,6.0,145.0,16.0,9.0,13.0
047c0b8057bd86c48c41d3b582d80c90,informatica_acessorios,55.0,312.0,5.0,4500.0,19.0,23.0,19.0
53759a2ecddad2bb87a079a1f1519f73,ferramentas_jardim,58.0,340.0,2.0,1500.0,30.0,22.0,30.0
4bb7155e3b9b96ca2696edc357ea8dde,automotivo,60.0,891.0,5.0,900.0,32.0,7.0,29.0
7f72a8900b3d2fc8fa2635b7836d6e6e,brinquedos,38.0,571.0,1.0,147.0,14.0,10.0,12.0
2624c8b856235b0499572d609ffd0930,moveis_decoracao,63.0,199.0,2.0,1450.0,35.0,12.0,30.0
cb9cc307a215ac435ec87b0f799e8dab,ferramentas_jardim,36.0,1049.0,1.0,5450.0,23.0,7.0,20.0
82b7108de9ec01ec6d7f4b01d72e4d3c,relogios_presentes,48.0,612.0,2.0,550.0,16.0,11.0,11.0
55b71bf300a2765a382eaec566df531f,esporte_lazer,50.0,2164.0,5.0,3400.0,33.0,25.0,28.0
441293f432282ea2ab9c82fe5f0fb875,moveis_decoracao,37.0,302.0,3.0,3100.0,45.0,45.0,17.0
acdff5faea9652b2230cbcf4d475a220,perfumaria,45.0,179.0,2.0,313.0,21.0,12.0,15.0
4c183b9527d3fc69a4d5587b11f5fced,casa_construcao,51.0,921.0,7.0,1050.0,16.0,20.0,16.0
fddc61a36e83f12b665d068c07411aa7,esporte_lazer,50.0,2164.0,6.0,975.0,33.0,30.0,28.0
c92a761aaccfb831d4220d44648f260a,ferramentas_jardim,55.0,485.0,6.0,100.0,18.0,8.0,12.0
906b11f3bc3c98f883afa0eb67b0fac7,esporte_lazer,46.0,3362.0,5.0,1200.0,80.0,8.0,15.0
7dd3fec3502f7ef333da2a73e00db394,perfumaria,54.0,391.0,3.0,479.0,21.0,15.0,17.0
dd0dcee76f9c12fff4bc0eb641d57c7f,eletronicos,44.0,431.0,1.0,250.0,25.0,7.0,14.0
a0727420c4f72aa6600840eb1da0d3d1,moveis_sala,55.0,851.0,1.0,9850.0,61.0,16.0,46.0
20fb650ad1615624d7e202031400f695,livros_tecnicos,53.0,1417.0,1.0,750.0,29.0,3.0,21.0
0bda4ee356bececb6ec0d7d010b673f1,moveis_decoracao,33.0,195.0,1.0,750.0,30.0,11.0,20.0
f89caa3ea4fb5f7b6e7fb2bb4ba61881,cama_mesa_banho,43.0,187.0,1.0,750.0,40.0,4.0,30.0
7763c967c82c3f53fd256b1c786cd363,consoles_games,38.0,268.0,1.0,425.0,17.0,8.0,15.0
6742c031c6ff9b57e732163ac4ca368f,papelaria,60.0,1076.0,4.0,750.0,34.0,4.0,23.0
e9cf370eb883adbdcb4b8738057a9d8b,papelaria,54.0,1156.0,1.0,245.0,16.0,9.0,14.0
12f0e759d76acd32755add1bf8d583ea,esporte_lazer,41.0,1286.0,1.0,4497.0,44.0,35.0,32.0
5938705c2fd05674b76e26fd47b7eab4,construcao_ferramentas_construcao,47.0,761.0,1.0,550.0,30.0,8.0,11.0
6f0f907c9cf458139bac7f01777b9bbf,relogios_presentes,54.0,587.0,6.0,300.0,16.0,2.0,11.0
663d6ef343ce527b3548d6a255f89eb8,instrumentos_musicais,59.0,936.0,3.0,450.0,62.0,9.0,23.0
a291cc846d74d97f01611894f983073b,cool_stuff,58.0,478.0,1.0,600.0,22.0,6.0,22.0
13f58613ded23f25a9eec9136316253b,brinquedos,54.0,1482.0,2.0,553.0,30.0,14.0,25.0
3dba03040674bea93fb80023b8f72c95,moveis_decoracao,28.0,637.0,1.0,7850.0,36.0,40.0,36.0
28beefcab28e6a3b659bae1bf1cbe453,telefonia,54.0,880.0,2.0,250.0,16.0,12.0,14.0
1d37ba8cc6a900b5b50ba1b5121f02e8,eletronicos,27.0,197.0,1.0,650.0,32.0,14.0,11.0
d3e1006ba3735c0d44160026b6e0ced3,automotivo,53.0,2805.0,3.0,1850.0,19.0,16.0,17.0
fa6abc53b6abfed3231c37cfa290850a,ferramentas_jardim,58.0,373.0,3.0,400.0,17.0,5.0,12.0
8fc803c7d0a99a53798c7896a7c1e93c,utilidades_domesticas,41.0,786.0,3.0,2600.0,40.0,21.0,25.0
462646c1c1495199e63684d79e6e0d1b,papelaria,63.0,920.0,6.0,50.0,16.0,4.0,11.0
0ee362737f0fade7293e5a4f375f2446,casa_conforto,54.0,217.0,3.0,900.0,30.0,20.0,30.0
b5c4b2c6b8c342b7740e46797bec3ef1,automotivo,57.0,1076.0,3.0,725.0,28.0,14.0,28.0
17a116d0390ebc37c44ecfd8c6e36d00,beleza_saude,43.0,446.0,1.0,1250.0,30.0,12.0,16.0
fa8fb673c7f31e3c35f62de366af764b,informatica_acessorios,54.0,227.0,2.0,3700.0,33.0,44.0,19.0
d7252737cad49d030f9ce83b50249120,malas_acessorios,48.0,883.0,9.0,2350.0,32.0,52.0,19.0
d48a01cab4f058610681e5547305d98d,informatica_acessorios,52.0,868.0,1.0,350.0,16.0,16.0,16.0
70bf4f61950297cf24e18a9b84c3208a,utilidades_domesticas,59.0,203.0,1.0,400.0,16.0,10.0,14.0
44493ebe02de3fd58d529f40fd2944d1,utilidades_domesticas,55.0,557.0,5.0,600.0,30.0,6.0,20.0
624a104988a613eba3eae6cd9132d397,cama_mesa_banho,49.0,330.0,1.0,450.0,59.0,13.0,38.0
c1cf541d5b33a4b04ddc1c3be7aa1c86,beleza_saude,51.0,781.0,2.0,150.0,35.0,2.0,26.0
a0b7d5a992ccda646f2d34e418fff5a0,moveis_decoracao,45.0,67.0,2.0,12300.0,40.0,40.0,40.0
bf4538d88321d0fd4412a93c974510e6,construcao_ferramentas_iluminacao,41.0,971.0,1.0,1700.0,16.0,19.0,16.0
