customer_id,customer_unique_id,customer_zip_code_prefix,customer_city,customer_state
08ef50ea1923ce347f194bbc8d8e40e9,337691bc9242e1d53d521ed78a12ab8d,11065,santos,SP
9e0628923d9fe029c079eb11ae72d241,dc643b60537f44f35b2f91610ea64153,36855,eugenopolis,MG
b25c961cb9da931b083a952527eb8956,ce900bc17b3e45ec05956db418d86207,13270,valinhos,SP
80c74074b2a3c419ee813c0b31ef95c7,e9adf7ea1e1dbb166b5024015154104b,7191,guarulhos,SP
be6ad148cd108f6148d20a8ec756fa1c,30e105cba6d3ced811512c8cf4f50a82,31615,belo horizonte,MG
fa85d6a9093fe47d96171fe07423e12d,13c50fe55067ed2a26e2f85810326e50,85790,capitao leonidas marques,PR
e79ba74d49aad29056945edd15f596ae,4914496b4e80679b99277e6a337715b7,3704,sao paulo,SP
ee23d61fedfc4227bb0e188654c28d08,494c6658198b47787205a06421bb9403,1321,sao paulo,SP
1d331c1175b7c788fdf7b44b6dc26627,b134d1fbe77d00a8e0a4ce9d855ea927,20780,rio de janeiro,RJ
a37646debdb792ee5aaf18cf5da53717,f51f170e51593c5e550ef7ae616f1517,40323,salvador,BA
a3d6e70f3986099ed45ef4b3ac960019,81814a8a85ef3b0cace32bf039a7a31c,9061,santo andre,SP
9b6baabf95777726177f7153139da548,e527d87e5717a8e1432c67e902a56a9b,8431,sao paulo,SP
0b169717fec8c12a53790ce862ee480c,25e1b5240ae610b163924a49e7e85bc6,13845,mogi-guacu,SP
a63dbfab3ef9b3039729c1c73ce56cfc,5b23e3a673f41c47a1cd5093f7843d9a,40323,salvador,BA
c4cb1295499744937c6be430505b7003,3a1e94e3308e45730624bfb5c0b3bdd3,37975,itau de minas,MG
a60bddb0ff61baba2bf9e73675a81cbd,b1338d6f97d1fba0fa7b1467fdc93fd0,48180,entre rios,BA
bfc0d6ebdaec3937d7dffc39fa93fb91,bd8e0f3ea9fb694fc53c7a358643fc06,74435,goiania,GO
5f798676abe9fe538e2242c8c07ae325,7236dee958fe8db7b71ae8858c07640e,23515,rio de janeiro,RJ
6034b1115c7ac9b6ced55a6d30d3b62d,4de0066d5e32f9bd282991a485d35c03,70390,brasilia,DF
eacb0c4f63256a598da605d10fd5b17b,2e438ed54223fcca39c725b9a3e6376f,78890,sorriso,MT
884e5366e0a547ad944f0711a8e0839d,36c2e404800b055e0ebeb26c96e23fd0,74595,goiania,GO
f85c1412c63126bbfaa30cac5590c0aa,9e80855aee7a17e3e214da66f7d1c08f,66085,belem,PA
3fcc0ad6fc4d2cb5b8ab39309e1ac335,4bac35931842898ef246fe185e61f7b3,69180,urucurituba,AM
84b5db55a21ad27366b78ad45b8b8544,a7a0990a0bc15359977148c0d41bd277,6535,santana de parnaiba,SP
9c025d5516aab09dd87d24084edc31aa,ced1416fc6e0276033a69ead27de0ccc,55565,sao jose da coroa grande,PE
1d3bc71558bfe150123a7107517e2edb,6b05110cdbb6841273fdb6718c9f58ea,1154,sao paulo,SP
b6eb6daeacac75cd1cc29c5f95a9f538,eea69b2b4f7272b279bd2e0e9b106132,1533,sao paulo,SP
cf833bbe73b3d8ddeb9889d4192b2496,03f923dbcd3b3c763b22b24db6072d27,13400,piracicaba,SP
544adf4b007f958dd9ca0e81f665c50a,31f1c1348185be629ce9ea2d4d71617e,29170,serra,ES
1158880cb12ee968e191aef4c23db263,467bf79ce2396e5892760388eae4fcce,2563,sao paulo,SP
269b0a35943abc8d354e9d50c8bd9d21,fc25f71bab94146446884fc523121d48,78240,porto esperidiao,MT
901fa7395cd19913092d88c3d263b157,b49862d2d7d16d13e68d23e868b3d8e0,31330,belo horizonte,MG
2515d9c80d9ef874870c0c29ca13496c,fce99ffc1d835ef6f6977139579adf36,38900,bambui,MG
86a86095c835b9ad8633982e96fd84bf,55fbb64f60861980e74c4f136f304297,5026,sao paulo,SP
6ab98db5b69a208cc166997a3fa31c45,83e8281db92841314f911511c67f6e20,64230,buriti dos lopes,PI
d8a819824d42184750f2add6dbe1a5b7,00e984e99fdfd52943156d2d7eb4a5e6,29052,vitoria,ES
960bf4057534a50e64517fd24a1344a4,6a4a6b6ca4705fbb205db9348233410c,28920,cabo frio,RJ
607564faf101428f9bb69ffe578dff50,c6d5793d0b594c9c3599c407f62458d6,36800,carangola,MG
c5d9eeca2c5b52da55d9a4a312e3e278,cc31282a9d20caa9b70e578d1d5a7062,29946,sao mateus,ES
b82b5150a2c602dc8ba92d1b18881857,980612b4526788a3ebb91b6e372db0af,13323,salto,SP
1fe1bfe0bb8c4a834f257a62cff044c8,2472afd0e8eb035583a1aae9f577b5bd,65071,sao luis,MA
4c6ee863183b6981c871a3e8b75bce29,2f7597687aeb6a542aa308ee8618fc72,65306,santa ines,MA
3c1627aa698f08368f8182e8f9ec4839,501b28230db2d94161afce9e4c14fb1a,11740,itanhaem,SP
4c8d593df3cc547ce94aebece40f0aea,8dca83ee79d162583345a8d6c98572f1,31920,belo horizonte,MG
55a8e20a0cd1dff15232a9a6cb339e58,0f7401a91fd492f6ba9c998ecbdde763,26175,belford roxo,RJ
7fb60bfe0fc82857d599d184dcbb92e5,10c3646245aa186ff64a30496d52b506,35570,formiga,MG
b68970b1f72d8c9bab15252cd1f69094,04ae0d3a4945863f5612f80fb3cb9c6c,24752,sao goncalo,RJ
2d15970d1c1a3b3671a4ad1718bc8c73,e308ebcaa4a772d62021970d05532860,97015,santa maria,RS
e1d4f9b115810a63ce6b0dea47172847,54b1b1bd0899346cf9dd661e96e97a2a,70650,brasilia,DF
cb5db41e85784052418ff198be6a8a80,0381896c75cb4687e87e7e1fda16d3a1,23045,rio de janeiro,RJ
e428b952c1e0d1092005f58e3123b545,a3fe4cec12d8e56f33a80d593ede8056,79570,aparecida do taboado,MS
1af50531df15b7eb8d15a95d3fbec0f4,a81c4ffcb6346edf550157d5a0a003c4,48904,juazeiro,BA
3c9e199c72090dad38052fb09243f620,08dc0f9b1d3b44c23a697013a9b1b61f,13590,dourado,SP
2ee30957e8f33b2bb55367f1eb929c03,6f7db2812ff3fc7e881594b5a1903898,75123,anapolis,GO
5845a34267863dd54bddd1579854ddc4,9c47d2a6bee13d14391057197fb4def3,11035,santos,SP
aa471cd0c692c5405a57008ade683d9e,0c685c2349d180f3743f1d1f204ed424,12990,pedra bela,SP
3d49b9dfdeac4e852719df5c71618426,a47311843f7e93734305b880ccb46491,37485,jesuania,MG
ba1249c05a651c21b3e6a99caaad9525,4e9fed16983d17a7db116c9215ad25c0,68440,abaetetuba,PA
541b8feff9af77de5253a26c7b2dd7b9,8105a4e993076bcc55ba58303db6b397,5407,sao paulo,SP
2581b03d7d7ac9f8f4969d54ddf0c07e,983994b46a18dce5db8648ebf95754af,32183,contagem,MG
4e0099decd80b62c892ff42e844baae0,a9ad8c620ab4f33d092c38e1492afa3e,62630,apuiares,CE
31123765b50eb700025d04ff6a1b679a,23381fd98cf504b5218cf319d4f5bdb1,13190,monte mor,SP
ec6d1c47a1379676c35d01d521674530,f8e7779223c64a146e0ae17ce5e057be,47640,santa maria da vitoria,BA
d11acaa2c66d92618088456a9ab09d11,1d4c192bada6d060c03cb0464f40c871,89136,rodeio,SC
b039caf6bb49c12d8794280c0e25cbd7,d61c3e05bfa0ca24295fa04aa6900d1c,32678,betim,MG
3950e328dbdb596aeb142021124a6d77,a550160d4bf1400ec60ce91d064ddbf4,11440,guaruja,SP
ee5f433d637f8e262c6a65d2f1bc6cf0,2703eaa145ffb0dd28f62f79ff32b2a7,6365,carapicuiba,SP
6067f23d5b56e42a5a825880f1c5e3e2,1db60a8466443840cba29a49e6654326,22710,rio de janeiro,RJ
2fd3615b81c01c8b491c674f2c7020ce,f4179cc1cdfb0f99ff8c51e829deccdb,11088,santos,SP
01d3b76b3d6604372075f8f2437b551f,f226f3d81fac042a2880b9d8253c7887,11070,santos,SP
376b286a6479ddacb9374ba88f19178b,8bc3746e85755be3cd732b6dbe4bc21a,17202,jau,SP
875c37aac6954f27ae519fe04562d0ec,b27bb65f4dc82b2281ae2e783abdf8d3,3106,sao paulo,SP
d9e3c7044790af66009e070dee9d23fd,3d524cae0ddfe0e918f39e7e8ab49e8b,4317,sao paulo,SP
a5782932b3b7605bfd659aaca5a0c728,fcc0b9a99e5f9cc9a19ad06681501206,6454,barueri,SP
b1253701171dfb298f52a221f824e45b,788313d21c3507fe890921f6e17aa679,11070,santos,SP
621130b1ad4e55e3534c72fe4b80c381,5c11388a117bc2f9c137f7c123f44325,22050,rio de janeiro,RJ
071ea3439c8c9148700ba643a50d0875,aa5a0cecdc8a2863c80f2093ce98c545,4121,sao paulo,SP
bac56672aefaf3167d4d46c1ed0fdc92,d176ac39b9805bb7fb8332a47aac0993,1031,sao paulo,SP
aafadfca432418d78060308df3c5fda6,d5509bc550571bfd54fd8498f6d319d5,23035,rio de janeiro,RJ
6d366ad79f5f14df9f838727285a6fde,12c175df95d08f20daa163c5173167e9,4276,sao paulo,SP
209e7cf8adaf4498f82df1fe2b8c25e7,91544d22848a922381b73b5e21ad58ff,8072,sao paulo,SP
0e25b9588076baf393cba1ce1a47567e,23d4170a35eee4611945183a4ae92a50,29800,barra de sao francisco,ES
bbd54f68a29133fb7b765329a8f72a42,535be5be128daa162973845876b8f0e0,36540,senador firmino,MG
d0a038bb17c57b327e1e499b1806122a,a2020bb57a66be186c84e25bb0984672,14740,viradouro,SP
6f58e369991106fe684c3c4364508a94,def127928e892d48d207237750719bc9,53610,igarassu,PE
3611b8aa7d047bae70250b069092db25,8f02022dccfa73911d7d45b28e9d9785,12970,piracaia,SP
59941cfff43c8432579de4def65e6be6,19f433bebc8caaec7d06d05d170cf314,75813,cacu,GO
a6a945490e87ec92deae6659a4ebc73b,3373bf580dad176f0d3348318679804b,36900,manhuacu,MG
b1f944564a9a2587451f9a1db9bc6459,5e99be6456fee291a84af71e58fdb40e,40342,salvador,BA
6daa9110d3818f3f105691c3dbc0a715,ecc372d277dfbc7eaae444c3839f95d4,4012,sao paulo,SP
d8047cc20d272535020af8678556c2c4,630f415f1227cf9a63cef45b2dc16861,3127,sao paulo,SP
1755f2846673a250cf4013174dfaad38,19b0839f7a896861cff91c416fdcf911,21940,rio de janeiro,RJ
2dc0c12730d20a4eb7d97b60c47c5fa4,463e5ed3fbfa51867d17780b904bf4cf,69086,manaus,AM
5077e24e3da9e7c78a12dcc24bd7fc42,a72a04723f900a300c568b4182f46697,1313,sao paulo,SP
b0a0e63ecef4a8b34f52679ca8f9f64d,a0cb03819b1c21f845ea582427946628,23090,rio de janeiro,RJ
26478ee582f4b86952910fb4c7ee93b2,270f7bec71e8a56e5e9b8f402c1d35ec,60824,fortaleza,CE
a35878bee339b45240b5a327d933509b,9726a24d281565192465aea2248a165c,13052,campinas,SP
69c5993132dcb1e0f06485913ed161f5,e464ca77147e56dc6e7f51668e24ae61,2360,sao paulo,SP
a27b8aed7190db2b4cd9ed9dfff36ff6,e7674094a73ba0e054374f8d3e5581d8,85810,cascavel,PR
46bcc20ccc04bf316305ef8aa6f59d4d,7c9f20c08a4bc9d2e7337e87e29de2f2,6850,itapecerica da serra,SP
37eb443380c8aba9174ef0dbe858fbe4,b3879dce6b4a3b94b748b6c9b567695e,62900,russas,CE
514640b3f9b05211cc0b7007df4f3505,7109729919d4c68b91fbab589089eb5e,85601,francisco beltrao,PR
656f190621445a8ca7c35eeffac3ce15,9e4251942b07e2f74ebaaa07d62df0b8,72260,brasilia,DF
87f39f576c79ac275eb018b9e6bb907b,d9d03bb655f24ba225c88a8254be1e0a,13843,mogi-guacu,SP
163a680a8f1fe1a8eef1b0c40276bf64,27eecff5a6338f7c36c78ad05eacc575,87535,xambre,PR
d32471338272fc62c8dd19a2a004aedb,16f05451b77595965b2be4bc350654bb,1303,sao paulo,SP
d010acc7fab9dd6b4779bfe36b73024f,67300bae399a6dbc69304829f60d9094,36165,tabuleiro,MG
e27c13a71b8c090c5df94f96471e7994,bb361861b83a556ce2a5b2d537e22df9,11030,santos,SP
dc24cf303aad72df564a8fa8691a7c21,08b56b54f3a3f2eab8b2d3ff2363523b,38740,patrocinio,MG
68121777d7ed2dbfd4456c0d4c037cc3,e2596b02ca173fc272e2ce2c42ac12af,13467,americana,SP
3900b7a92c1e4b0c5e251478cd747e16,056fc0ee91e3ee0ca248736a6b84da62,7240,guarulhos,SP
e0a1ffd73a9bfb889d91a9dfca16ee80,c250c6d53f3716217490c5e4d05585a8,6663,itapevi,SP
b7204e7f766871c1b9e3f0ca7d745076,f4db22627eac951b3227c89fe131433c,58433,campina grande,PB
678613e53fedd1b361741cc7e3cab048,a9c4c68a1b20aac9e9a5375b33a8235f,68040,santarem,PA
3826c69b59a924f799f03ee725391b04,355e4d8054479703e56d694dc661e35d,35740,esmeraldas,MG
09719affdbfaddf5d3d29417c39089dc,a653a5d5213316bdf59e94dad3485582,88010,florianopolis,SC
23ab8595a676de7f50c83385883977e5,36d5ed64f0e47b76656cb3843887a8cb,96214,rio grande,RS
4af4975d2cb4cecda86dcc1716bd2f14,36bd892f6057fa876faf6352fe330a6a,12310,jacarei,SP
6e354d5ef6d358414f23df3bb5255ce0,8b9781c716524570bf828fffec8218a5,13920,pedreira,SP
bb2187052a533150cfa6b773b66c2c30,fc6f1f09f8c40949f7263c05d4106cb1,4055,sao paulo,SP
b0344db4bb1741ab32ee52ef092b2572,e4bc521307b39cf70dd8f0347e342f87,23092,rio de janeiro,RJ
38073e90f1d3c50d9026b9dbda5f9352,b27098601c68e4d33aee22b74b991ebd,95780,montenegro,RS
1a9f9ff94f0cc44bd356c8c8da8d3303,e6b5ad3a28f39ba76606c8d81aa72b27,36420,ouro branco,MG
37f07e12d03c9e5974c009fd8c73e9aa,d829656f326417233c2188bb0652ff4d,5882,sao paulo,SP
267f68f411fa32169472fa9b169a7238,0bf790010e2f4f4353e3ae8e45ad3b2b,24120,niteroi,RJ
3328834615c63920c7aa70de65af963c,a95b2a758b2e0748b296c6671261a38a,37706,pocos de caldas,MG
1ff059c79d3f1d0ee47547940795ed0c,0a6d2167c2d7d056f5e1b1680c23d744,71906,brasilia,DF
e8a9e053759d650b77440883c7b27235,37a9d4e1f5d25c9632995c050fb1b1f2,5858,sao paulo,SP
25d2682aded06ed8da43cd4993ea3ec3,d57a130d13d1934ce3fbf0c2f2bd62db,20755,rio de janeiro,RJ
8c4630c4405c6b83c913ab4406132a08,a1de3c5e54af84b0f1c177fbdd418078,38475,monte alegre de minas,MG
7420514db819d2580b17eab4e66fd1c1,6a9e15d6fa8ce1cabf193c21aa577f64,12600,lorena,SP
2dd2e0daa048c8e7bdf18c2fca50725a,7361b9114e6a9c55744f01645bbf62b4,13052,campinas,SP
e9400e3d4945ada34b67e31c4c02d85f,c79719fb0dffa4835479293c560b56fe,29102,vila velha,ES
5b7cbb84e59c351123b7d55e64260c61,f7bcb9246dd6d2a67db161436640a2f3,13905,amparo,SP
dd88af80cbc3f450ea4d9d622cc7b339,6b4ce9101a84ae7493d31acd0efc2a7d,88359,brusque,SC
09277ee4061f1343433859dcdbd838de,ff94b261b86d607ffd45ccb61653aa94,9962,diadema,SP
201c90f4f548f6ac85f821578528b42d,ac096665c31a8a609691ad8ce54fe2cc,36900,manhuacu,MG
a78942ba5a90814c22285fa5d6774613,7794b57f872f890cdfdc0787ae708591,25515,sao joao de meriti,RJ
0c045d9e471667c05202939897cde7bc,3c068da825c04776514f05089b83ef6b,13033,campinas,SP
6fe9ae6b3e2e3ee18fddcfe17f29b226,3fc19a1a15d5d29c01c2f687bd497d00,4875,sao paulo,SP
61bb85d582b5ccd1865eda014f0825c7,c958cd11561df1914d60cf6f01875639,4244,sao paulo,SP
d9da5132fe53f05156b9eac8546140e2,e75e955dbc42d7b39ac9871aeb765529,9230,santo andre,SP
2f8294655841bf02f2c48d24b18413c4,eb7f6a96757f0ef3ffd4eadacde32cab,3350,sao paulo,SP
7ca21490a9d1f75bb84871b6e57177cb,00b9746bf8ac2964942d8b969f015196,30190,belo horizonte,MG
47efe31635e7f43b94e1944a329598e4,6cf4228e1512fc12c0d2b932cca21bdc,5089,sao paulo,SP
7a94daa481a6da66609f5d721c4cecee,84e608f9dafd94d0749f99368bec4ff5,76200,ipora,GO
1c5ae5d9ecd145651526222e2bdb2fab,d6498e8462ab6bb5f5e4811e4765cabe,13069,campinas,SP
f82d1748ce83a9e80059f6d52151984d,0985e1b12e309eb5dba4aff64675774a,71699,brasilia,DF
da60fc458fbb1d80edcd359e2116d015,4487bcce4f8716df99ebe4fca473acc7,29311,cachoeiro de itapemirim,ES
4b78ae369ba9e647f8a4bd95a8cf9ae2,27c4ba40675cbfccb408803b6b107d58,3569,sao paulo,SP
9d38b9ddd07205fc46f9f3a9a8e32443,95cc1118ff67d9215f9d961a3719910c,99200,guapore,RS
f75956293753a41a06a17b21ca23733a,f5e61af59a1d083116d1470d5392c865,8740,mogi das cruzes,SP
1098e13c3ac2b7d8b711ca1618cf31e4,71fa3fe2a53fdf039b0dfb07332be412,21710,rio de janeiro,RJ
41d16e709049affc655eddffac70dfc4,28a8e96d14a461d4f0a10684a608b9e9,35164,ipatinga,MG
9b81324d4d7308a459ae94e43ff27692,7b70db47e11fe1776e5fad230f1a9be1,38410,uberlandia,MG
3600815cf5b1dd91f6ad4c6cb968908a,85bbce1d5467842800f2d80b78a54bb6,36420,ouro branco,MG
e988b94fc82408ecac8299c744959c58,d01e20bfb741f8a5a4c2c8582617c580,29718,angelo frechiani,ES
05f1c2a8e913a4084727ac728bbdbec2,9107708e80782c0f6ccc2b607f5f2a6c,17900,dracena,SP
45278fbc936e6358d4cb198cc3dcddb6,bb79d959742bc5cfa09653723cfada37,3243,sao paulo,SP
096b92bb7b1f2df07782d584753022c3,0a1bd2b645a77f0e6453f20a1cd80230,3817,sao paulo,SP
ce57da1d592e7f5a8606eca47d71664a,263e9285d676558c0e6ff5d84b2ff4d0,2442,sao paulo,SP
94e6eb73f0774b8be5f3f7aa3587b5f1,944779ed5e0464b49fbb2108382b0ddf,88220,itapema,SC
de7e52da448543076d3d234adf140a10,e915a4cd5b7f42eebf37f637177ecff9,31170,belo horizonte,MG
9fccf5db7814eb1c4bfdc6cc2bc04621,52049d8a3b5cb34d885a3837a9ac2232,15600,fernandopolis,SP
1fe28ea440ef6c1bc8c0628dd6de9cf2,a2b6db091d630fb0769c10c3af80f964,38415,uberlandia,MG
52f0992e20b8f1c4b113d00df8fd9d93,a81a403c9b43458bb1535fe88d3e40c1,24220,niteroi,RJ
a002b6265756c2bf5ba1f596ac8847b2,8da8e5f4165a7d5e1d0fb2b6061c415f,20720,rio de janeiro,RJ
3f4fc8799a67c8500c491d9822e365fb,883dc2fe8283fed1edf48c2f571d0aca,20550,rio de janeiro,RJ
75bfc6853270154fc640f0ca072112d0,06dee9e59eb5fc01da71139a771a9923,90130,porto alegre,RS
35cd76ea1bbf59e4fa073e8288b80dc0,80d4ca75391acf8a2d827eaa5cca8079,14801,araraquara,SP
c024c53872188852f6eaa202a045bada,987cd28cbb639f60404d8864ac8f6a41,24220,niteroi,RJ
67a7832d970ee56b142fae3633b38aae,cd567470cb313f3778da7fb362604d0b,72925,aguas lindas de goias,GO
425793dac84f3a20dede5cd61cb46d4f,ed6319ffefb5dd25d861b977d3acb234,9260,santo andre,SP
70abade22b2c1d02b2d43e5a185d8883,ac6823dc21bd25c852134986a2c437c9,25570,sao joao de meriti,RJ
47171f14cb6b6369a2f845cd67a3bcce,ab1b1335445f91862e930d735591527a,88865,nova veneza,SC
5e4aafed1eb7b023330c6085ea689f04,d65c32925d7e29eb440266a1eba9a10f,13289,vinhedo,SP
84603bd89cf069b7b3c08401409858e7,9ffb4406e0df3460c78afa4080f59738,88305,itajai,SC
0ffb96fc3a3a64a4342198b4803d8934,669a8214e5b13278890210b967dc6095,22421,rio de janeiro,RJ
7f72f62adb974dc47f0139f5c09b1243,913f9de018faaa8124e1162c01797f0f,5360,sao paulo,SP
a2e7ca2b5d23adf8d5b5b3c6d37ec9ef,d20af6b0ad09b59c805eb438e3e42e8a,50070,recife,PE
a7cfe529b92621417a30967e7e4d5c3a,cad348ab851ffe1d696529e392ea1823,37552,pouso alegre,MG
1ac452a99daac9ce73b82b28c32a3da1,452df76d2b785ba9e1a622ea86758d66,28010,campos dos goytacazes,RJ
e73156cad1d0758c32d99e5cc2ee8880,9a2875cf257fa2baf51fcbe7341fa6bb,41740,salvador,BA
ecd3a588ea3e489c2c043e23df933106,dfd82d0d6e3944796b43a7e549c46ac0,8160,sao paulo,SP
4990d6ec5b1b6ca2b76a73bba192a451,721753e3cd58abfc617b532d19ee7ea8,11345,sao vicente,SP
eab21889a85eb78465b7d239df693daa,0421cbe19607719626e374b2347686eb,36650,senador cortes,MG
5c4475298d8f13ef3f9ec7afeb13147f,6262e5cf1c84fd903d308e41989eb1a5,5283,sao paulo,SP
b8f57f8482efe78015df7a57fee1958e,d2b04abdb9d196a1024631f845e66da5,78280,mirassol d'oeste,MT
90b07585e5550008799f7bdd3e21905e,498efeb29fadb952bb079a5f75988664,18070,sorocaba,SP
5471b1f70a167766bc7eb4ed0f4d1b8d,1d94328e99e3a20baebf58fbdf717dea,59082,natal,RN
16bd290303092475ef758981282d5b9a,18ac369326ec0aafe3ae0e397b14102b,77016,palmas,TO
8aac7e3ddd515089585bbab2b7d85aa8,1d34beeda3b2d9a16c418c0d1419bdea,45710,itororo,BA
ed6ae96460478dd6080dabe8038a246e,c263c0e5e4377deaf3eac12746f3934a,11065,santos,SP
c835f0b83294d1f91bf64be9c7520aab,1b5fedf43f8156b281a3e00832f0cf93,91751,porto alegre,RS
2ab6da3352a583231f68a16897fff0c6,e123bd1899e6fa1c480d742dabb56ba3,79150,maracaju,MS
9333ef63edca89e95e7c016f1c70633c,69ce43a0395347971e5e602adf779604,2725,sao paulo,SP
a19e0b7634223041fd1652ce4e1548da,271868bfc8c00119ae123bf13704679c,13104,campinas,SP
b08d990513d3a4b14828642b56ae3c02,21ecf7a5d273f14a1a691b040bd4f0ab,85478,ibema,PR
495def51363e5cdb7f691fa2ef26ab9a,4b95a53436c63633e197769acb5a18c9,4747,sao paulo,SP
49d7f0f85143c703b82ff332b33a4dbc,ca60b9db72eab0a9a76c77f60aeb845f,30455,belo horizonte,MG
ff2c849b9bde0704934a4f19db9b1542,85cc88d8328dc1bd3d745b1ee2d08cb5,80730,curitiba,PR
fe7a1d455874b636182ada5aabc23cb8,bd20b118b1f383a4978c8e6e326ccbd4,85025,guarapuava,PR
4ca9f150dfdd7257bd211c0c7c5bb752,1a9b42095eafdf3a838d07848c91118d,1048,sao paulo,SP
c3eef4ca760d5f65dfa9f6aa4dbd4794,38e5765c17873bd5faff89560d38ca0d,9910,diadema,SP
94a1fd95e0206cf4f438d24d15378685,871090876d4f60c4c9935ff3eaf6d7ff,56000,salgueiro,PE
5869c52a95a120103ef306ca852d84fb,d2f267e7a4055521415a271348a6a2f0,17606,tupa,SP
1c46b0aadd66e5872fdd69395c3ef376,87edab45c7b7068800caa444e90bf164,39800,teofilo otoni,MG
a40f0cc059051cc7b1ba5465cad570ae,18073c73168b57515a82664fc75581ed,3114,sao paulo,SP
33e121698cc308d56daa525cf4d590fe,968605addea83ba0ae067377fa1e25dc,6730,vargem grande paulista,SP
e34aebde692d331d54140c5dea6689d6,e23fe95538a07f577b6229f84d284a04,13345,indaiatuba,SP
5358667640552c9500b4735e5f3a04a2,91dd3e913cf5d632ce605a3689a5126a,42841,catu de abrantes,BA
2f937d962a1f0691576517e89efac3f8,3672d762029f6a1869ac18325abf4795,5617,sao paulo,SP
0677048b122422b313b96967d64e8cb6,d0bd3c33ffe8ebc807b6e0c06b945bb3,27700,vassouras,RJ
d445b9c894d13feec15913b63b8f802f,622584559fe8aa050314bc38693a419e,35501,divinopolis,MG
1022b26224cd90d6da9894ffe5ff6552,c5dddab9c57ffadd6ffabe8c2d60e17b,20720,rio de janeiro,RJ
082d513b7fb405e92c135e71496754d4,fa494e4132e6539d70a8478f1d0cf3e3,1423,sao paulo,SP
6ca380abc4115fc796b443dcea044d0a,0fc76f5dbbcc065b265eba18182f2943,6824,embu das artes,SP
ab0d603f0c96d5bc3f292d200df9809e,c155f561686b486818a09b0c1e18f7a1,5583,sao paulo,SP
e7203c42cef55542c2c6da43712fad68,b6466605bdc9a94297b12987938db24a,9350,maua,SP
04f6954a5161ce3f16f1ad61a4344bab,73ab88904d8a605460b77ac0b8c14fc1,87020,maringa,PR
2502b84eb2384df98b67766e7ec0f81f,a6cba59c4c0f2a153e06859f9c623890,65071,sao luis,MA
68648ee2755091f79fe88e87b8cd8622,86e4a80a0c744eb7d574fde3af8b83e0,67013,ananindeua,PA
4492aedc05bb37e4e724c2aeaf21e079,956daa5a642d90beefe825a262c55b7e,1304,sao paulo,SP
f350390f6414291f89b91b09b6f6d5a8,23c39e7d9bf15bbab631d325550e83dd,24415,sao goncalo,RJ
a642a541c31931ec96b37ddef53a25c4,f360d43ad956298defeae1768a758910,22620,rio de janeiro,RJ
cd1782de5d260d0a90737fb52bcf8a28,7c8284fefd28c44e2fe71c9c7bef64d3,13061,campinas,SP
b9b2aad89859ca1b04125624f2a22395,7c31429c12fa5c7e965792e0b153314f,30140,belo horizonte,MG
eb04e3326a06d50f227469eee29fdd3b,166ec5dd3ecbfd90e6f4b58e37c73623,73730,mimoso de goias,GO
469848a22e35982f0568b2eb9fb208f2,7f86f5d5351f8924c413e856ffe1a0a9,87235,indianopolis,PR
503c0a508e852f0479e3719b5816bacd,34f15eaffb86fbc89f0f05b534986c8f,6436,barueri,SP
2a7157032d44a7a8d9921d7eb66c4f76,adbbf858d1a083ef7a94eb715d6c975b,14600,sao joaquim da barra,SP
b7e1cdbc345ccda77104fde38f626d5c,6d51a2478f601d2b0382d163a5a01958,37950,sao sebastiao do paraiso,MG
10faf9e153a1ce492d6d06a2a8006df7,2975f73296ceeadcbd508aee89be1822,93265,esteio,RS
61c2e2b154c006a3adc73f68f1df6fd9,741196e4796c95631b0ca9b42a2fc781,13610,leme,SP
d659428755680b7c518a5409d40bf90e,e6eaee40c7a7c72731ecba5debb98324,59350,santana do serido,RN
beff7f4cbb7cccca1de04a53004a4674,944112881a579a3dabb08c41a05a606b,8080,sao paulo,SP
43f741cb1b58cacd3378be24d6f9c3d9,98ea40824c7fd232e76771e9786aaa76,5223,sao paulo,SP
3d563f75e0e9a0ce00da6f3971e87176,c35a2c4f4bf555b012e91c179023750c,19575,espigao,SP
002ff70a5285669011090c077ef929af,9bca65d60b3dffad98eafa3c50101fad,80730,curitiba,PR
07730bcce8f619f15485de16f0793767,c3ced12ab08e67844644204aea54f2a0,84280,curiuva,PR
66e651cfce68db9739dc0cc641872eab,775d0889568d2ab623769e6f242f9387,2960,sao paulo,SP
2b47bdaae674f41c9615e2b9acc34af9,3817854420a08bb4060ce205e66ec268,12870,arapei,SP
39819e3fdcb2e08c22f19310ea98a136,d954f2104413f0aa77d839d081b68ead,13209,jundiai,SP
6ec400420639805823251b53496cd554,7bc29f4b393ee06be9dec0116a12b4d2,7082,guarulhos,SP
9895eb12f68a5bd705616b6c4920b6ff,fdf4d1804c3c976a3e766bbb30eb2c32,13327,salto,SP
fbec1c552f26a3aba58e435e17c4b2c5,d25b8fd1599b432fb421763b7d1dbb4a,89896,itapiranga,SC
49c38c2dbdb7f2357b97af94661d1956,47e8ef9d4dbc59ab98422f3a07f6865a,25964,teresopolis,RJ
44cd1a39351e20bfe0d358a1e10022a8,dfc415bfdd4c7c65422d3684f77205aa,44380,cruz das almas,BA
866456cc7b097aae3883ae2f436b42cf,3b153f48b5f94cd309ab3d7a34097df1,89900,sao miguel do oeste,SC
1dbe0bf136ea8849ed9648546ebc2e63,bd0d97c6af77a1ef4850255bd6d17fec,73082,brasilia,DF
164073eaa0690f5b1004c5bbe77f6046,03241d5fec570b04acb3869bb343d8cb,1451,sao paulo,SP
70a994c9723c3fca596dd1c71238c4d2,bfeffeb68ce222717bd84a9736857a69,25515,sao joao de meriti,RJ
400d5d5faea0c6f2ed476d635680373e,1d26d43e612184322bd534abf62435f8,66615,belem,PA
86e9d6db0820da6b4a3bc4a3f0750f73,2230bb50ba0ac32729912dcbf433dfd5,37930,capitolio,MG
fb247c108a4b81b1599938933546c1a1,1f0398124d2afeaa8ed34e3be1eddffc,13467,americana,SP
44344e9f944a5692177be10177f62fba,95b1cb35aa91d54d59bc51c85b4de0a6,29780,sao gabriel da palha,ES
dfde39418d518e2313768cb54f9673a6,229a698d643c45b0d0d90ab26eb933c6,91570,porto alegre,RS
cc5b37630621e353ba3b40e345f4cee5,ba4ed9f6b174012ec6ce8568b557b2f5,13412,piracicaba,SP
4dbccee7e5cb46bcf06f78a7fcfa9c21,35337be503b4bbaaf0ff2c6210875aed,39660,turmalina,MG
e1eb3c7b3b41539a48dcdd3b4367457e,156ad43d21fbedfa5be91be0b14bf73b,64010,teresina,PI
4dfe57404141dbca39b1eae2ec077e78,930ff10207a0155e4d569dc1b66714c2,72862,novo gama,GO
4b7ca6deb3bc514e16e5433c631e5a90,c4400fe1b753b93aff1f0021bd76b1b5,96211,rio grande,RS
ce97fa320a9043140d221b5ade94c617,f6c5eb8f3ab9bb4cd005e895d6509d58,11310,sao vicente,SP
305f736d2711641a06f6a9c9bd837b00,adc650abc7894831caafbf528540e9ea,68440,abaetetuba,PA
0d8111a81ce6ed7cb969e28a01392f63,1c7255916dd10f4dae06f9f3c307a393,29313,cachoeiro de itapemirim,ES
c14a95fcf2ad8b83712bddcd2af73f83,30120e1371340fef09f4e3c4a2c93cb4,19911,ourinhos,SP
fe531acf72493b23de85684db23e8b31,10a3723e136ee51c5364151c7775a7ab,89801,chapeco,SC
9fd3cddab06fae6ecf593a31a3842263,a5c3e82a63848cb08546796194121927,11065,santos,SP
c12fcf45432897dd8cb4c7f5455ef05a,208f16046ce55e17da72af978f143458,12943,atibaia,SP
2096d566a987d9073e4944ec8dd7f2b3,d997f1f50f369bd8233e8bfbd06edd8c,36900,manhuacu,MG
6bb27f3a855cdd5add35978c61c8fb1b,240f980f7c03e873c538e86792646919,49500,itabaiana,SE
264cac8f9174a00df2cbee938706ec30,828b86132f0a64d95372ab8a0700bf86,6020,osasco,SP
e17feb0f580f7f763ccb5684dd52cb1e,881483770fdbfedae83075ad3ac0a289,13214,jundiai,SP
6f8d2b555e7c26023c890ea54c862955,e35d19c64028a0752df05a51bde3ab53,1240,sao paulo,SP
e43a8c4a2cacc15e45d6a73beb2ee7e8,3e2662d873c55f390786c29319aaaeac,12952,atibaia,SP
20604bcc9703b6f0c4101a04e249ebd5,561d12b11588768ed517a0357a98c42e,8010,sao paulo,SP
4405d7268b1646ad195df880a70dc5da,bc2eb3caac79e71259bac8f30248dcca,9185,santo andre,SP
97966ccb9ebeb90699f50c21714848e0,d1a64294000082843a91270d5a5d571a,13087,campinas,SP
3822955d34156d07b88be9848edfd7e9,fbf136c0e5ffdcadcc5f66139e3ed394,48435,adustina,BA
f10d33418980c7f04fe434a6d6c85c5e,a65e46def361d00d1b4dc1f60167fc91,60870,fortaleza,CE
deb4fed7c4cda80c3624ed839502b047,a4c1aa4fc70bf96d4ce285eaa0647cdf,7861,franco da rocha,SP
e8394ccdbf6a65e416cfdda573a8dda1,6b6b815f43f5bb5de08a22bfd1826357,9220,santo andre,SP
52220722b1316d8b493799035cb38463,2aa42e268eb5208e68313f4b5df1f4f9,90013,porto alegre,RS
d4e5a610541428f3938253b37860a323,d27a8871c9a0d54b650c3e8e40941af2,38180,araxa,MG
b879348d650661f4d92cd4f204985945,77807178e3955a3352d9e7101cceb07f,2765,sao paulo,SP
7c5f2bf1eb681316188352257eab6baf,58ce9a3763e87da8572269d62c54f343,49070,aracaju,SE
69f32d82d34e7b1a4d7ea2d963a81838,8fa1a3e33ff386b4b49700b8256fe4b1,9120,santo andre,SP
65d9f34a0361382394c7ede678879c0b,dc7329494bcf58a353c1fece65a73aef,30110,belo horizonte,MG
d0568f0dc6f38391efb8175b0b33c08f,d8d3620aaefe28de2acf94b61aa2d5c0,8526,ferraz de vasconcelos,SP
e291006078a197e3e671f521e7a2da9b,64faf0e0d5618314500d43f4c26f254e,25261,duque de caxias,RJ
9e8a0bc9cd150e543c8c6f749dea22f2,32fb60e2ce6a1f62eeccbc2d33046072,4561,sao paulo,SP
ef14d93cbf59599d4a12cec56b1962b1,353abbc2c1236d9879d97de370db0980,28908,cabo frio,RJ
3a0a5fd64eaf4a5c0e60300434ec496e,e5238c097c0acab2f2c670c275e46622,6160,osasco,SP
2dae2913aa62719cae8a623eb8cf2f25,cc759acc27c23ac89d82ea1bb8fea2e9,65150,rosario,MA
a47edaa032738bb960410036a140f2e4,2151650ef25043d6c9631829e8a634db,4367,sao paulo,SP
a9724796025983a341f8ed1fa6165cf9,514b451172db4107ee9c59f6e89cc0f1,22750,rio de janeiro,RJ
829109440c61bbde0e106f23fdf002f0,206d34806d7b78f5ec90993d79cf57bf,18051,sorocaba,SP
c03bc660c6d5ae4ff54845c3d7917686,b91d537bc52a60759e99c7d7611d1079,82510,curitiba,PR
6e5c7b7fe2218d9a1625b8f6c4021c3b,fde02dd7be2a3183e1e6690ec9e952f8,14098,ribeirao preto,SP
90767a989903375662902ae9b122cd6a,db24497b91101bbd692b9a0f3a6d22fd,8630,suzano,SP
36a1d03f4dcccccd1051003dd90261e6,f445fca991f571471ca3e790ad26cb74,5159,sao paulo,SP
87cce77249ac03aee91db1e962c3f5ed,adef59974ee894d29a09f8490a1e797b,14700,bebedouro,SP
d2ef89d49d17e2fc893a8ba62913d2d1,cd871ea652df270e190ae786e1c69592,4945,sao paulo,SP
7cb07e905e7172ce6c04eea5eed5888d,35d4b26aec1a5b78fa922135093c9377,1239,sao paulo,SP
9aebdec7f58b8eee8e2e495b0b0f67a1,8e580bcfc25f825e7a9b7f66ae7d4a01,90040,porto alegre,RS
a3b7f155a78c8d463ba072cb1a11a3ed,11dfafdbc0661252d0c957bb66eca814,1220,sao paulo,SP
3366fb066ed37d6ed3d2156d0cf1af20,f774a1b6de038bc38320ec8751c6df8b,65760,presidente dutra,MA
7cf7d706571fa732ccf9ddd8c2f706dd,d0692aee4dc7a69aad0c333cea0bd006,22281,rio de janeiro,RJ
e07b59a7108cd76e53e18fe3748394ee,a3b6510e33b7691f0a4b70389d08bc5d,6080,osasco,SP
5ece0dfd49edb29d024f2710c8526c03,eaa62b5b7b97dfc5b7f233e7ca718d7d,83823,fazenda rio grande,PR
2060471b33f791617630505a22d8defa,196e7fb65889f06c5198f6fcf207e22b,38200,frutal,MG
13d8708d88e6b59206770062988be2b2,9e9c80ed5dc9063a5d63e97572af2b9f,16202,birigui,SP
41a27a1274fe5d0d5d88585f37769043,b9e797b1c0caebb7644449e4c7e40676,70833,brasilia,DF
c92ab9f6558a4e8916df8332a6ae38a8,7f4c1190dffe5dc69870ec021c95b42f,22020,rio de janeiro,RJ
e17fbd2f4fd5efb2fec96e91cf9b20de,33dc85cfdc3b4c5fe951512e9b426f78,48110,catu,BA
72db73a033e83f15b192a35675a7884b,645ddf9c2ff4189cd6588016b7b16e09,29102,vila velha,ES
4cf578782ee091c527c27a22b558a5ba,3d88eb9dbdae62a25db397df10cec4ec,91530,porto alegre,RS
c322bb3d55b2c6c71f93c9c93c07e8e0,c175970ef51f49df0fac8782ffccc2fc,6634,jandira,SP
9b7f1cfafd9c7e59d94be3f1a9b02814,1df15fd7f97823fb37e2f04913d91343,18271,tatui,SP
fa84499d625f5f019597344d107eeba5,428d376d4bb166dbd01452db6ff42a86,15900,taquaritinga,SP
ae514a3a680d817b98d83f750b1a5ae9,f999abea6accb27e6a6f896f277894c9,77300,dianopolis,TO
dbad14e1cbdb1f106ac9b2b3f4b89d15,36b2580720d92788789073253ae6b8a1,70337,brasilia,DF
b10719011181e9c3e2833f87982abf6d,a2aa347f9f33a0c430d6ba57443808e0,78530,peixoto de azevedo,MT
cb98a3bff07a4b78b45ad0fe5a17fb1d,1f384d009ea1f061ecdf85fe6838173a,8060,sao paulo,SP
719a71ac439dcf158b8dc2218eee47f9,8c3884ad7276e74aca8432efdd5ffd61,36038,juiz de fora,MG
50ac016f147656d8992cef865b69b257,08093480aa587422c2c694a534ddaf3a,13453,santa barbara d'oeste,SP
5618ab3c9d94075477e41a0e684e595b,14dcd22959577e4d288b4f15dfa9dce7,79415,sonora,MS
0a5711926203d47f8b6f18f5443bf868,4023332a1f99da8f3fca0549c6b501f0,78043,cuiaba,MT
0310b25c98b10f9c6d22b9009455df37,52fc446155bc2a278dbaa6695e3c06c6,56317,petrolina,PE
f8f826b1eb7cf181af923e9329849aa5,f4ce8d9deb6f54490b66f1013e9be01e,6283,osasco,SP
2fc9485915fd5cf440eb9f686d60ac46,d3825147a5671fc987925a4da1b15ead,8820,mogi das cruzes,SP
c2c015c222df129ec56095380b34a3f0,38d65d91905088a7b7d5be3ac5a05509,24717,sao goncalo,RJ
67a2903f301a0840437ec01ee0e52d92,8b3b343b297bb6838ffb9221d68b1a5f,22775,rio de janeiro,RJ
2b700cb734e7009c5b736376ca57ebac,10db899e693828aac865e65f46512115,13390,rio das pedras,SP
c0723ced6e0b4ec1af136c0cf6b86e3e,c2a3897a7b0f66194905d20cb06311cb,39925,salto da divisa,MG
bccdacce1d037dc77e75ff20d2851562,dc99ead5bc8862990945ad0ba88f1d9b,91350,porto alegre,RS
8bc1170e90f388332edae6f23c388d38,e50ff3ebfcf05fa082ade56e01b56539,1403,sao paulo,SP
0681069ba05876a097555609e2496d1f,ee04cc9bca4c9198bec5c54c2542dd3b,8676,suzano,SP
4bd1e2d6121560098c232dc158746e26,7fd460732747aad1fe20e1049400c03d,15801,catanduva,SP
3dc088a229ec165ccd91eab616197b90,e61ed94be587e719814c1416005a5123,7243,guarulhos,SP
b8e3175fd78ba4c60826fbc7016dfbb5,ef7cc4b636980089f5475c89460a187f,21330,rio de janeiro,RJ
7f033cc612ecfffbe7c1ca5e4807a5cf,be588cfeb615a7e34be21bcce06fec1b,82650,curitiba,PR
bb70f7ee1e4fe9438e5b2d199afd097f,9c5296d068c26e472c6d780b6245b224,2132,sao paulo,SP
9be040aacd72b1f7c7273d2c837f25cd,dd7a43cb9bd97edbec9093db9d6591de,5411,sao paulo,SP
51cac74ce6915363d1ea1c919362864b,46ed8030155b00e9e89eb1cac2ac2272,68540,conceicao do araguaia,PA
8e66c07dec133ee37abc193e8c8fd088,c50c256e1dabdbce41215632e2e98cc7,13468,americana,SP
de95cd6494b4ee95bda2334c60d3d211,d1990780329d15c7997f6f1a55c49c1f,2307,sao paulo,SP
743033460f70e2683a86178ac4ef7351,cc4a523745078991df9b347bc94f00ba,96470,pinheiro machado,RS
33a3023585bff9c06044bdcd92c95b4b,2e87695ef69b7236c17c1f1e021ed36a,92500,guaiba,RS
6541bd474ebf13e7c24b38a89638260c,e09f04c7b6a088498a49a3af51e12eb4,3382,sao paulo,SP
4c5fca77428fad7b13c10da02622db4c,92dbb8a519a6e824aaa5a53e3f62bb3b,71915,brasilia,DF
17eea6ff0e376f0b4aa18753bab227c1,7ce70617500f4406c5bbed1b5e7e17ea,36976,alto jequitiba,MG
9f60e945011f3dfd9ce6d82a939cf93f,e90dc9258e140b61728e3745eacb26fe,35931,joao monlevade,MG
f650ed65abda7782ac4adb70edb5f62e,9e2121a00989633ec9900d09f21755ac,38060,uberaba,MG
897b7f72042714efaa64ac306ba0cafc,8d50f5eadf50201ccdcedfb9e2ac8455,4045,sao paulo,SP
a0e1d216fe9881ea3d832b8ed6d0d346,cd032f0fac213a1ee1b642ab26005f11,9412,ribeirao pires,SP
12ebf7237cb92792a80d4d577e051f40,670a3140c8ece3f8978ac5989dc8765f,49280,tomar do geru,SE
1d11acf6e954df528e6a0b28a454d646,b9f0263ed58ccbb9222d26b7c34e7b80,32676,betim,MG
e4721017946d3258fc32c6f690a565bd,fdd6823da7d7bfc5894949a188c93032,4533,sao paulo,SP
f14c14c6129468981840deb6b0474ba0,0b366bcd927bbe310de8ea00f1cf5bbf,13145,paulinia,SP
b73c72519bfcc61f91836d7a67ef40d5,35f9c06b21bcfc50e0d0ebdfa147a94e,13304,itu,SP
70b6f7d1c71cb3a1449da5a4fe5a8d02,867bd5d847441c4437493b52f60cca6f,21750,rio de janeiro,RJ
ec359a502fd8a54ed98d8d607e130f65,0962210779eb78f82bd46b065a4a9b94,37900,passos,MG
6fdf60c9637a27c8b542aa6bd3921eb4,097519821949cb8511eabaeb389d2624,1518,sao paulo,SP
a3a1d7f2336ab253cc97e55324124945,c801058168008981fa0a971af4b0c119,16200,birigui,SP
e215e63f573b24af6225dd76e2119c42,66a2af8748b4da646f2bd8f3e933b311,12120,tremembe,SP
5bd3a80a576a908a96903d80dfea9f8a,19e9c460e75ea7654140c90e06bc9ae8,26298,nova iguacu,RJ
e856cb03289de865d05213cd53b017cf,b8c62f126f663ed40d38adc055632ab5,53020,olinda,PE
8d8e4f7961914580fefe9e4ccb4df76f,40c39645f96040d2047ac54226834348,8599,itaquaquecetuba,SP
770b4048ddba14783f319c201b111706,097fd532f71299ee22770dd901eade35,75060,anapolis,GO
b349d1bf2b2d11bd7d1d066bce229ce5,a08a307263e92900e2368f8cd47b5fca,89900,sao miguel do oeste,SC
3d2186a3eb0c590c87ec680286f66ab5,f703ca9256394a6670c9abf135cfe4ab,38660,buritis,MG
1be55980a49eb83dda71ae61abe091a1,b4be9c884923b47742c6ab3e866c1e30,21235,rio de janeiro,RJ
b974cf42b879bfcaecef8c31a6d906a5,e23e0cc8bb533d8c88c4a913e9e01452,11441,guaruja,SP
fa5cde2f984262f2398e3180c7638648,230061b6b7d06e99964e3d22c92ae0ad,78144,varzea grande,MT
22e9b06384774854fe0716250ee2ebee,2e68d3ea72cb1eaffaa36ff12afc8aa8,26299,nova iguacu,RJ
76a8cb55ad7101ce85c6985645cb0558,fb70306f11800c44e016ca981ce4c64e,35160,ipatinga,MG
2b4f66c5ead58995d8097a8f3bef9833,5dfc12ff66fbee3b02210e2e98739d9e,29900,linhares,ES
018b4fd25720e7fb0de00600f3aa0947,8c5a8945bec366bd1feed207d19e9730,14802,araraquara,SP
a6d8c2fa92836346256c28d885d9eea0,a5931be4783e1a1dfbda5c6e145d96bb,2845,sao paulo,SP
a8a3a97e5508758040e4f84de88931bb,2a6e23d3fef1afc8a57239980eec0ebc,6396,carapicuiba,SP
48056f086b5be2b2a1c6d64bcb1821ec,e75777ab515d2750cdc5124052a0dfee,82400,curitiba,PR
10cf0db79a8e68ac76562fa4d4be2e22,752ea7a0315f9117021ee1d6df7e8821,30160,belo horizonte,MG
01a9e6a66ed15bb3c5b3d9abc2e046a4,2fd8de3e5ca34f5108d291d666c1ba58,88307,itajai,SC
57add4c6f47d0d2bca43964b6a766e4d,6897ea9a949c1009af8cc38e691f260b,9843,sao bernardo do campo,SP
a9b2a6199654f4da4425e9c820bc57e2,45cb7a0ecc2e6dc9c3e204f0bfa8454e,66025,belem,PA
db424deeea01535e91a89385177baff3,5f8799c5d506f14db36c321c7a462039,7170,guarulhos,SP
d63c8c779598c3f678248a820c6f56d3,fae912ffcd1204d3c05f97213032eae7,8412,sao paulo,SP
895b7758d3e195210530db84a4161635,7801badc78d7bb52422028d088d6edbd,87501,umuarama,PR
e0c8e9052318576da8ce43f3d0653f9f,690b10f7165dfcc6e2687a8da1d5aceb,7141,guarulhos,SP
c364f67e37eacbbc562be9a71889bc2a,ad89853e85080da06ed42f71c9800c04,83602,campo largo,PR
c65bb93c8eae9dc1b2031abd3855ca7a,6cfde434af484ecd9ba516600818805d,4563,sao paulo,SP
5c1b11db401fab28fdc97fa8b34f739e,93d4195a3ac24aa91929297338b56d6c,88110,sao jose,SC
389e541058bcca8035f5fd63f5a9fb3c,5bd1c37640938dd794e2f1f9c6164f11,77318,novo jardim,TO
bffd4a3cd66cac8d1769af0897e8e3b0,98ee363e6072583fdc54881c8bb7f67e,21853,rio de janeiro,RJ
65e05ae6ef38abca0b07edc37af14cbb,44dd5e255cad61516acbd97a76d61367,21032,rio de janeiro,RJ
27a1881f4dd60525c887d0fc446513c3,a629a3e0e409e310d6ff4c9e4ee1b843,26041,nova iguacu,RJ
46490458d353247266448e9bdc7bd115,a9230d79e397fb71fa526975917bf449,11703,praia grande,SP
b68ca3fdfa4b1a01d49ea5a86b47f829,1bf01d651bed9bce021e42821cf2836b,14090,ribeirao preto,SP
546a93251eab522453a48b245ccd5549,a4b06188937c8e27e5a51c37f7c90a3f,37553,pouso alegre,MG
72cea2abeebd1dd8bfce8489ba19df9c,278579bb082b2f6ce89a8a13075e0150,89812,chapeco,SC
3d2f792b801f3154c6e2b57039f1d4af,300b4fbe132eb27cb930a4bf0b9c835d,90010,porto alegre,RS
5e770b11141590d895e35d909ff36c0c,1f3f06e1c78c064d127de4a8326baeed,21843,rio de janeiro,RJ
f3e3db008381abfe88fbcde5ceb68d4c,3e14eae48d5e0483f7a5e8c500f30ceb,30620,belo horizonte,MG
5b2f78b5f6e986453ff9fec40c86f44d,17e2da2b70a6c98e60fe4ae99cdde9ca,11617,sao sebastiao,SP
eb97846f551d8d032bca44331f22dcb1,0ed558e285dfa58e23fbbb9c3601a78d,15895,cedral,SP
9dbba2fa3f3df7cc62a6ced880ea920e,caa3a7c589bae86b8ee16aa9396c604e,20260,rio de janeiro,RJ
7e4ff294ab0265ce01c7f95c357f7c07,4942690375e32ba687803558826d0347,4055,sao paulo,SP
052c644eb399b528aa0c6ff95a3ea856,3d5e14abd47ad7ae589af619b8d2489e,95600,taquara,RS
fdc82a10c4b12618b31a50b68c5c3a6d,85a2de2e7865c09017e1a32f9476060a,75200,pires do rio,GO
a8ee22949b59be9f25403ffd286d30bb,722b7518fc912c9cfc868f41fbf8f94e,41152,salvador,BA
48f7707d8436ab3d8549abb02f4715b1,5fce3567a69e158290a6d73138f4f69b,87430,tapejara,PR
b0696a9afb0d3178cfd6a94f37f453de,b58456db9b788f270a385edd2ad26525,30140,belo horizonte,MG
98ddf1278ecb6a88f6ee9885cb5b2b90,95c809dc5171044fe079e2c25c7725d6,20230,rio de janeiro,RJ
6c91f1e3cc40a0130c3fd142c8de7599,08f0052dbc1e62a5a37b52e508f4e3a3,12242,sao jose dos campos,SP
0614810921e3e1ef9adc33ba529b1663,5b9c47e4a28bb993dbe8dd23ff5ca798,35171,coronel fabriciano,MG
14b7f96ecbd43c2a3cc5a38c291acaf7,8f9c643a9d215e25448b3748fe014d6b,79020,campo grande,MS
addd04ab13841b53ffabd423c800847a,8ee1cad41a25870e75e7b78230277898,91340,porto alegre,RS
41712835c53897cb2647acd1022588dd,a7b4c690609bea24107020ae85cc5aed,6773,taboao da serra,SP
b34d56bfad36d98cb3defe73359c7dea,785350657e82cd7e13ba1e6a82bb62ab,92500,guaiba,RS
c5ea7eaffd9007a6eb4f4ec61f705def,b1e29255aab64f2a8c9b98f6e466c73c,31525,belo horizonte,MG
f2dfb1d4117a30ad0d7cec2c7f5941f2,99f7fad55b93ef28bda9d8fe5561dc3b,13440,saltinho,SP
485d59ed46bda4a60ac9ab15c32ec63c,ff2521c4012e1a212bbd12c9ed5acc48,30150,belo horizonte,MG
565cac2d738e69ba2d8369747e27e475,1ecd17c402c785d09ae376026565fd28,74140,goiania,GO
c4b86ab8de94a7f4f9f46a1fbf57f4ca,a926aae38267e7f54e67de9b5775d0a5,13225,varzea paulista,SP
c4946e083dba78bcd53957ccfb128b7d,9602e5cc2967f434e775196bb06b9300,30130,belo horizonte,MG
387752a856ae611e11987f531cf59966,b224df8756a4e80f5598fff21316b833,15085,sao jose do rio preto,SP
2cda6ebc70f0a9119ac4b8dcee2fa730,cdba925154e66b0ba42ca157d5e97688,14882,jaboticabal,SP
156a7210c6a717b04dbc076b8ff2c528,9b352d0736779ff0e21fcbd59a7141b3,22641,rio de janeiro,RJ
973340c885e8f9642becd20927970020,0c232f598ebea5bc5927c5dd0dc7a5d8,9321,maua,SP
e32964dbb1ef9fcd089eaea349e3766a,022609268add6b353d31185c5ff813c8,4857,sao paulo,SP
e653a6824f067a75cfbc70b978d512b2,c8962f9086851614997e9c46b10806af,70876,brasilia,DF
a5b2145cb0a276784c2e3fb28cd1d565,49f8f0fe12795257f4c54b14c06e2f38,85812,cascavel,PR
07276d89be039ef3505f4c6f781bda37,b2aa555ce3ce0bfba30f48652b8d22e4,58884,catole do rocha,PB
adcda79effeaa7398aba44f473e8aed8,072f8e24300dc9f9c23030f1ebc079da,6335,carapicuiba,SP
bb6ceb135fc6c113112b7f7c8f2d946d,b8d69eda379e3c2f8a07869e0e5f547f,4305,sao paulo,SP
5f4c2b06e4db0121530536d6b4675b40,a7f677eedf7e06162c5d4bb55d9e6272,15385,ilha solteira,SP
6a7a60f2de054b1783ac690620679578,37ee946073f13847d64af1e3bc984da7,14210,luis antonio,SP
bfb44779e5b5ee756b6de1b584d9be6a,53b79b163547934f6f13f39421e6c930,22051,rio de janeiro,RJ
67de52b6a10455591df311f48614aa58,2ec795a39feac8b0ffac1f2aedcdbbfe,76962,cacoal,RO
928194af995122dd13f29b05cedc6a68,b9badb100ff8ecc16a403111209e3a06,3014,sao paulo,SP
eb7fff6ffc8d18a259c9612f642c70a9,8fc3c839b1d3142015c5fdd8ab625cd6,44067,feira de santana,BA
7401ed45e582a7fd27be540df8287ece,1a3d7d7bd4aea92843d759141de1dfe1,35325,piedade de caratinga,MG
acd35d862cfc0c1741ab3d368c4d341b,be7c06fc301ff03be9fee2634cd304ba,36415,congonhas,MG
c2188fcd07f361e28ebf769f322d4d81,c44cf006eb2be388f690fad0ebf05111,19880,candido mota,SP
92e02a38a2d6043f4b2d8dcc5859b766,fe48b5c57e214915cacec65146b8471a,86065,londrina,PR
962700004d45a72f0fed2b8a3c447e0f,69446a8db60fc5dea48ea9ec3478f36a,21011,rio de janeiro,RJ
d0f3f691b729cd317bc9284b0c0c2fbc,d41e13cab53cadff05f4d4138a196cb9,1009,sao paulo,SP
9ec979fd2f55c5949806b0cefd2a5e14,08ee228ac0904cda30a9369de7d1dd4e,95940,arroio do meio,RS
0a772b10ef12b6b87ccb345a44eab70e,a8561213c3aa6bbc0ade2e513ba99359,77064,palmas,TO
6d84b2ad64db0964502c2a53c65320a1,3ec928687af2c793017f7e782fe88632,25964,teresopolis,RJ
248f175ac1f88046ad4910e7e3533736,3f409213293da6704d37b4868dd90c50,13482,limeira,SP
e4c14fd70ffb6e4e39eb6c5ed08d08c2,b40da3a9dd4fb291f7250036dd13fb1d,18406,itapeva,SP
e3ac52398f15b521dd513e2bd1447813,28599651e1e7a6d4ed173fca1f956009,8210,sao paulo,SP
990136747799dba17827e8abbae277e4,bc7e09410b08895e9d9ad2144f7f17d5,21941,rio de janeiro,RJ
46211faf2450ca3d0c0c9e1fd6523761,d4e2984ce3505d7a7c1baec50d43c154,11025,santos,SP
90460028374bf093ad66cb3722b67b14,9eb4ca952e7e366483ff31a07619cad5,37640,extrema,MG
4e2edc825b43010a5ca8a1002dbf0e5b,bb89e4f51744df82ecb801818a153037,29047,vitoria,ES
e3f99c719b14b43fd286740c5d8a7171,0f4054aa9ac17890e078d931362ae93a,31050,belo horizonte,MG
af1a1b36e6fec8d5e9afb04504ceefd6,c24418a742a0d8fdf59827fd30d5e01e,98640,crissiumal,RS
d9abf57c9a7f1cd9865625d2cba96053,34c13cd5451e9a2b8dcd0a2260ad631b,50731,recife,PE
973bc0291bb6c58f5cc8b0f838d2772a,0aacde7f3bda1ae91da7289dcb1c2a5c,95765,bom principio,RS
312f6a14282ff4c1415a75932bd1ecfd,33486d6b4562ae3fc728d531ece21f2f,2859,sao paulo,SP
a59ed836159803b7ada158d0b8364e84,7abf67f973d56cc3fc6d993a715dd3ee,5268,sao paulo,SP
fe679f0292f2cd782061136e45b47500,7d4237ca3e15d16434f782badc94e724,95040,caxias do sul,RS
8a44674ccda540b8e0668a90a61be197,061b76ce23abc2b12a20ca14649f8f53,80010,curitiba,PR
90434cadb303b58ea7d9ce9b0cf62e2e,745c291c0ff724e7ec6ea73d662319ce,36570,vicosa,MG
b134ccc99df2d517b2d8bc9455ea7a2c,edcc520042f879209c46ed4a773dbf4a,17524,marilia,SP
55b06840682fa5c3ce0401f9b20a7983,6d71d477d5829a895aff7f893f7b0ade,70658,brasilia,DF
13cd53cfa0c597ecd72e7b0e85af5f90,135d0249c65cdb8f5c8b30da582a6865,1017,sao paulo,SP
59d30339943de8792b79b2a7835e1752,601c762ab733c9be4b4dccad69d21ede,7794,cajamar,SP
59957cbf486cde7592cd29914bf38442,732155f5831fd4dfb9dfb8255432b937,4037,sao paulo,SP
11abdd40a33e2935ffe14b833ead5a1c,27523a0e3d93e54c0491cd5feed33a65,36576,vicosa,MG
bd94a4060f0f4b3fe744e4719d75d97d,12852de2da6fd98ae65f99e59af4f1b5,74330,goiania,GO
29ba390ca4b030bfe8c2d7154c5efa21,192e466fe57545895c6f3db499e57651,30160,belo horizonte,MG
fb12883b50e7a807962b3f0acd743169,81e4010e03542920c2ed6a9e4e818c5a,3308,sao paulo,SP
b900f2bd9386de222c68a931a68c2ade,baf538b50226c3145a41aec103c62901,91550,porto alegre,RS
08345c45f60f7377380fceade8679400,ec4dd12f389b27bb8a3705e530700ceb,55125,toritama,PE
e3d372b69974946e6e31f906d16966d5,87556be40ca0f5bf64ba2b5e3d554991,5625,sao paulo,SP
bbf168d9d23ef1862002ccf1b0190712,cf5a0cca7586a6ac2bd76b33a0cc76ff,3977,sao paulo,SP
ab2b0df51c890ff9bcae72f1abc72b79,626ef16643d274cd99bb92522a5bc17e,4823,sao paulo,SP
15c9f479d7e7aba1663ab215517f9310,63923c0ec5cbc6893736efc26df5767e,79041,campo grande,MS
d0f6c789d58ed1b6cbc9a20dc5cee270,7955f38fdbf226214308c5fd11bf43b6,35162,ipatinga,MG
2de44491346ab7fcc2819ddd069a54e4,6e42c259222a050373bfabfab9a814e1,1544,sao paulo,SP
590fb09b045f7fad50f7145578bf8fb4,8bfb6d6aa89f79427a03214069590a23,89802,chapeco,SC
88b0bac2d79ffc97560b013de0f97f4e,ec90a3e080dbd0634384ca481ba3d635,2122,sao paulo,SP
6262ea8ba816dc9e2a15983222ebf04d,4d460c931a0745463118eea12e90e154,72016,brasilia,DF
1e7347c98af2c5dd3b24ef197d20e0ce,c26525a6863cd7b333a3bb8de64eff74,89176,trombudo central,SC
096b8c4d4856603e88a3cdb921a92aa3,f45063b55c91096639481d35c820646b,6070,osasco,SP
5f0791349a42a9335072ed6b5400e795,9f06a048c00afea13c0d66352dbf4d10,5465,sao paulo,SP
b5fe6ca1e7daaa6c628f5fc1e3180b31,12e7f5f330afd9922dc9c058601ecd65,58025,joao pessoa,PB
455d0df20ea3cac0d66ed7609a01b80f,bea7d389efd65b310f6e4d95f96b1a0a,75909,rio verde,GO
9a8431f585de8fb3e3dd4de9d7205885,8eae234dee2521eeaeef6f97f660bbc2,6311,carapicuiba,SP
ea49739b49be01118317aafb67cfd734,b680711d9a869502a6966a7892ab97cc,35670,mateus leme,MG
40d27646b244c9b66fd821672dde0d4c,99f7e9e33601710413f79eb33e4f5b10,85856,foz do iguacu,PR
652084fec8b64f212491016127526bcf,a914b2be4782207abc6758095ec9e8aa,4130,sao paulo,SP
213089066b2d574340d8bfa235e96e87,e83dc0c59e87c761093ba2d286d558d1,32675,betim,MG
fc4616da74e3ff6d4833f87726bc4249,3e3eb75c7d1339dba4a8bc472244032f,20261,rio de janeiro,RJ
721597f917f48a34ca1712b58166ddee,d1ac3aa60c15345204ee1bbd16e4850f,46970,wagner,BA
9fab04dc9d3e7a724b546cf3ca3ba3bb,73de59bf3a2643b862a6045683ab50a8,38400,uberlandia,MG
4faae87d55584d344fc5f694c270dfd8,5673d9f5705618734ad0e72865a66d07,80730,curitiba,PR
8f32483562a37190f3fcdaa6289b1e4e,bbd000f3ab3cdf9bb8a924fd4784f122,7084,guarulhos,SP
cb86c612ac1227e3ad9bdf3ee9503d7a,19c476e5937deb6adc3240137af8f786,26210,nova iguacu,RJ
ddfd821febf66adbfdf21542a5358209,2ee27a6992275f12e9b8320102979055,2243,sao paulo,SP
3ea459499d86aec66f0485a32ae6868b,7776df56786edf5e0f5cdb708d07ad97,99010,passo fundo,RS
ca75ea356f366d4d44b7607dc119f0c9,e1b2b9adae004eb57aac909c70052727,11013,santos,SP
e5935642ca2560fa7b1591c18d6876ec,859e3cbfe63e855467fb316b30267188,72660,brasilia,DF
5a7c460ee5e0b6156ebbe1e50c74cb2d,7652600b49cc383da4ffa500dee66048,36152,goiana,MG
95a614f4e894a20b406e2e5f866b8347,c4df0c046a22510a34f78f64808e9ccd,1405,sao paulo,SP
d87f79130c738e4ef767863dde2fe283,3123dc97347a751c4d825f45d6d6e4c0,15046,sao jose do rio preto,SP
69f4df610a30ec36ed97c3a0b3bdc56b,9d6200fb1e5ae954cd7d62fa612bfe9b,22770,rio de janeiro,RJ
0e4fd4d8d6afeecc119bb53e5b119169,f79d2f710af349c8d0a6323b0c7592fe,3203,sao paulo,SP
adfeda019ed4d832079a3c7421231813,86e8c3ba2ed532a69fe4cf338b2ee6fa,2726,sao paulo,SP
57cffec2e5c21ad9bee83cc699bfc9b0,2ca298adaa0c377d5450bb1558b40e27,37701,pocos de caldas,MG
9520f40d0e4b30669951a7cbc35b5b16,a9f3a13c8e8317bc06a9899438471701,36212,barroso,MG
5232c22d7ed2b631db6b2cab74b2c5f2,ff10e644ac8984d7e9fcafd5adf1b8cd,14090,ribeirao preto,SP
429d92a26a52a4f3b98d0f1eea07b5c6,9f977f6727f07b13fc997f1e61cbed07,88106,sao jose,SC
1266651e5dfcd12269d5242ab75b2064,dcef3399bb685b394b3c6897fe7d64cd,4143,sao paulo,SP
262f9be79b20e6b708e25229076f2a1f,a93d5bc325f8844f5ae36b1c9b79b3e0,6236,osasco,SP
bd574aa2df7e753d954064917212f352,0535dec8f608efd1246d1a4d5ab6f771,4690,sao paulo,SP
d6f0492fa0c4d9bc33a27ef6fe2c33a7,5469264371cfd83afdeec62f743a7bc5,1535,sao paulo,SP
5ffd042e693ebea70bb9321fd4ea8749,922234c767eb20840f16bb0aa97ef0c2,33920,ribeirao das neves,MG
719f9d5899f3d358cb2c624ca2bb18e8,245c870b2ffc61c7cbf173b9b1667dcd,68380,sao felix do xingu,PA
b69720a2b394287868dd6fff64d161b9,805ac6dcfedc51e45c96efa8db9bab8e,32340,contagem,MG
389aaa3d9c15ccb07e3b2185c4a8273c,7ad04c71bfca958e6f2ec44bce34e2da,8420,sao paulo,SP
1f4cf3a0ed802a084f89a2cefb3fa8b0,b2cfa7b45c13cbe0c301da3ab05952fa,31310,belo horizonte,MG
21b0545f9777b7436b443277468a894e,f165288d1ef49c2ef3d371f7ec7a88d5,54580,cabo de santo agostinho,PE
81ac2682a2b8aef4195465492dd0f14c,11264e05f9874d4c46f23926b3491c79,9852,sao bernardo do campo,SP
9b414a49c9caedb92c273141857ac918,5aef2622c33adfe3f039bf344709772f,7273,guarulhos,SP
37b0ec4b8c4e43f1005fe48561fada05,a4fe9f117e2dbd6bb0cf4e4ce35d34df,98700,ijui,RS
ad7597affbd78584634d4d196f99843c,9b6e29f697c6a4bb23f55803906495f3,12243,sao jose dos campos,SP
b6fda9274374a11b1014c8e871392bc3,3a2b0491632d0fec093918658b12509f,87025,maringa,PR
d88ce61774a12cc1525c4679797dc2be,81de0b5d3753b115f251fe476f3afc9f,5713,sao paulo,SP
92fc685f17d42e87f9ad5933203b06ed,6c111901c7fe1cbd93a8995adcf51350,35530,claudio,MG
9e5336e351aa9e91f0be9f38f189d097,e09cb1f5fa66176de2bba83e6a74de84,41620,salvador,BA
07b49e1f48e3b25898e300705a980b55,698657c808c9bfe87b9330cfcb796d63,3249,sao paulo,SP
5d1caf9872c76c10e211e5b25d061ab1,c506a1a7fe8a6dcf1361f1bd55612eda,58900,cajazeiras,PB
4fafefc10818a910bfd143269f1e4ea9,b75a890c71cff64660ea967df2c17798,85935,assis chateaubriand,PR
a3f51ba06f92eea012aee0148689488b,2c0feac2de7b519f5a02fadb95b1e17f,35480,bonfim,MG
a5917b800e27e546deb761274242684c,cd8e98ddbf3688617091fdeef6f8025a,3280,sao paulo,SP
f82e7ea7e2191c41cdab06dbe728a725,1b49ce51d99880de7810b867c49a2c6e,36815,fervedouro,MG
6208833ec713f1ff2b12eeb8cf8d9260,50c331e195b1b8f694e1a20c147b0539,4922,sao paulo,SP
11b4c341e6819caf09cf9558ea7fe795,b70df1034a49c6068867f3999c16491f,24340,niteroi,RJ
b4280f8c7c3c49fda3cb526f0bd5d568,8da9991adde01d555abcf1c515bed034,16700,guararapes,SP
916ab4403e7bdc0ff60082de49344e9f,df6d8332575ae93b068a14b62a090e80,29163,serra,ES
1603d8a8d0f688986db6314be1264b8e,50668121fe2b136853f3db238639d4fa,24420,sao goncalo,RJ
ebc3b08c677f9b7b302982773fae3dbf,03bd7c8563706d3a512250498f0706c0,37795,andradas,MG
1b8cd2bc8b536be7634caf5929c70704,71a5cdf7a8c5994c5845613c8c011057,11700,praia grande,SP
43dc5164445bf2972df8930fe3d651f5,3f6f50910798d7d0b7420b3a49a7ae5c,7790,cajamar,SP
9a065c823cff415e4f55f96429c6cd28,1de5850ca9f40f0dd5a13262b56223aa,66670,belem,PA
904ea0c8109e23dacc599034d6c1e4c8,f5779b107efa988f0731f1939dad40b5,38190,sacramento,MG
9bb3cfdc72768948a96a5c5c3e663e66,2b6aaeb06d9fa42428020e78ea607ea5,18405,itapeva,SP
e804e7ef5f81657fd973fde6a032d3f4,00fd4a627a3b93cff0729f0b3554640d,13295,itupeva,SP
de773f0763895b484c5b5eb51f63d633,76bcd5ee3764110896c71c03bad849ca,12570,aparecida,SP
75644d190d3f51f6230b265ae2b3f6d8,cbdb32c2527985c8c738d0b2ddf5b9a3,1401,sao paulo,SP
dc7a1a8e4c9a1328df0511792fef6437,ef1eb13933f624382651ef55a7e5b458,22745,rio de janeiro,RJ
e1a81b9db2bc308ffc7e2ee4f70dd22b,8a9db9eecc862f85b411a51468d886a8,32672,betim,MG
aaab7342092f1dea95d1b5a01f6cf198,0ca475c05ddacfeb9f999b9db9c77e4b,22430,rio de janeiro,RJ
521896033ed628472193e3adccf722e4,48aa83248476ac4d2b058596436b7680,18085,sorocaba,SP
e2b1659804e5718b7c5243e68f5b4df9,2ad09bc99aaa2f583f5e897b9f7608da,22743,rio de janeiro,RJ
5758df8163a3dbf93ce402c6e0f0c4ec,bd6d9c57e53cfb0a30f623ab2f369d83,8032,sao paulo,SP
04c29d61a03932febec8dbc323b339da,e43c9920240823d6c97bedc723c25281,5408,sao paulo,SP
e5b109875eefb9d243b353dfde8552a8,d5c7ae65867cecb7df9ab0a3cd145e15,22241,rio de janeiro,RJ
a3c04788d340d72fb7aa4a9f4f30453a,a07fcff691e2ea8553a134a00737c18c,4745,sao paulo,SP
81289e1391c93ec72b21c3ab59b5feee,3c103d77bd410537ae2a32c2b8155477,35960,santa barbara,MG
b29ad9fdba379bec39155c8fb07b94e5,cdd8979215540089e7b4c6e4d60dce81,89182,lontras,SC
20e25c40b1cdd5ac516a4c74309b327a,8868915b7693d8dd554057e2323d87da,81230,curitiba,PR
1c3b7b5254404bf529379e7433b758a5,742e8f4db90f93804a21be643fc3ef18,86047,londrina,PR
c325082376bffb2c2a229f640a6bba05,1be4b3e9d2811e17fbced81bbd1dbb50,29470,sao jose do calcado,ES
d5a5625b39625a4576819d8b5b2c828a,2939eb5c5bf062a54061a6b0790057b5,13148,paulinia,SP
50044df9ed4639e4027eb9568c64c0b2,350cf2359f4dc8e9c0681754e1556972,2038,sao paulo,SP
23e780c22619d49ab6dce5c99f4c45c3,6036881055faefffbf23fbeb6e1545a6,15850,urupes,SP
51ea522afbbad2a724b932b9d58d3295,75b6bb1b9c8a759302a3585e10c9f3d9,91050,porto alegre,RS
5b4409c0035f6db6b178b2d5b7e30ba3,f2cdfb7646bb6ac5d5ac8021c52dd8b6,5577,sao paulo,SP
2d7be18e8894ac27d2ca4eb3a41c285f,210389466c22efb9d46bb767bbf205eb,18016,sorocaba,SP
6ebcc946fecf3e62b0af4168f99a5e9c,7539138e26d0cb7e38835cc7b00f56a2,35910,santa maria de itabira,MG
72c990123f7cab26cd90a4e62025dd77,c97c1b94aeb3e7b8bc8bff24ba20a3f0,90550,porto alegre,RS
d00c87a049eaae583c54eb356e3d1952,6e38e1b30614aac73384d109efb9681e,7950,francisco morato,SP
b7b0527953105fd885d113399210bce2,b0b2202419a2c8686c41f0f20bf2c55d,9015,santo andre,SP
c958dd1901b023167a8b54c18b7cd526,9066a8bead8e566a56cd74abaab8cda6,51020,recife,PE
8df193dab10301e074e1c586c929a89e,9ca827c6f2b4068619212d6809fc64c7,38400,uberlandia,MG
7582437bba4cf37d2cad8d01a138504f,839a6a8d2ca0b2ca53770c3b8b0ed8dd,5350,sao paulo,SP
268723d1b8df2d5a3d5e0ac08bae4e9a,f428c74a6f1afbfda7a2ecc187a85e82,13308,itu,SP
c57c16abec4fbb154792e80e491a6fe6,d526a3f383aa9c70d2a70fe41e1872d5,6845,embu das artes,SP
aedcc029d706666f925832dbece29f27,309b2d3929bfb28ea14294b0e5112035,9811,sao bernardo do campo,SP
d21cba822a29720de6a03abd22ba057e,5a5bf3bc05c89879f4d63206e24565ca,62875,chorozinho,CE
0c5324c087cd266c3d99b0f1849bb8ef,626c4e025030a60d2c9be658298416b5,5077,sao paulo,SP
38a4682d6d079b67682fa6e895fbc980,c92fcc08288d633d677a2b744e7cdf9f,11013,santos,SP
32ece394d77dd72f01b91196e85994c9,f55861837ea772597cfb7c30eba2634c,13990,espirito santo do pinhal,SP
a2e06de8ad22fedc67e7c25a21f70355,c2ac7fcff6c7b166d077961ce43def61,9910,diadema,SP
427c17ea5664a2b18bebc11f85edf315,3e96d96e52761d91cdbd5c5c48392ba6,6409,barueri,SP
d509ded18095d94c5b7c49db99694dc1,9d9eb11f6090ecec7860e9ddfc22dc10,5405,sao paulo,SP
8535ac05b512f0e86671379acbe06517,ad5fe24bae335b3502a8731533351598,9820,sao bernardo do campo,SP
f284fec60c47ff9d7995c26517865ed1,338793650dd90ba06a20bb0793d0f3de,64803,floriano,PI
077de06f3b141d3ea9d6be46b409262e,b6f9b37d079d046b778bef7754e5ee66,95334,vila flores,RS
f0270ea9eaa22877af089f2d0f8db9fa,322e1b9e5b24a2a76cfa1c109c442c01,6815,embu das artes,SP
67401bf7da895105fbf1b67ff146bc10,aed6109ee840da0ba3589f0c1103a292,12280,cacapava,SP
614e7c22686bf602b90de7e9e8cbf47a,f0097ead71766e874922dd6add3bfc08,40255,salvador,BA
575a45184fe2dd0b5413a6b5294e6e53,bd01f5af9942b90067fccb4e1515f84d,85810,cascavel,PR
7d566615cf8ccced1730c39c3bc23eef,c76c62fe7af1772f8a185ed313d805fc,81710,curitiba,PR
09fef67c127958d557d5fae582d5091f,525cda9909aa001ebed396f6e55eae01,89120,timbo,SC
6ae6c7c1f89f7151c85245068c11d633,17937682a0684a1fb193dbc4173e4103,3814,sao paulo,SP
0abfc3708de5203597a8e7a5c14aa2ec,13b9a05fe8f9f08a09933cab3b0c2107,13780,divinolandia,SP
280d4a1c6ddb67a1f8ad1262cfa9848b,462f8d38d1ca830befd60355240fbe39,26313,queimados,RJ
3226925dceac15f5cc2ca251b64e1ef3,2ec723cccfb1cb7457fcba909e382d7b,77750,couto de magalhaes,TO
44329a3f1ba0c869822c4c7f921012d1,3d2af73eb54f22fa880d1523e4b9a6c7,38081,uberaba,MG
2a745e8af300fef33809279a23cc912b,9b656d0bb956f6e0af4dc9ab2104e16b,4524,sao paulo,SP
27c780104447b3e818131d9e17e58c00,a9b8fb0610d44373d5cb1ec155cd25ce,79074,campo grande,MS
66603e8aa65d2bbfacd6ac73091ab6de,42219828c7f1f7a96ea1053dfbd44a3e,4851,sao paulo,SP
0d3be98fd17e4f6b118f90a23637c4c8,3da952ce80be94f390086f4f4dcf4f21,86975,mandaguari,PR
e679e15d9afcd1e3f068af187db70d03,efa1d06033457a7e39a5fa71201f2b77,16901,andradina,SP
f5bde54c01457a0cc94cb4d893a081c2,90b58ef1332947bcacc5ef055be3cb8f,4004,sao paulo,SP
6f7ed8a8514d8791f26e4b919cd28d4d,8f5296bd464fb76bec1a7b45bcf5fc01,91240,porto alegre,RS
719f6e6129a784bbc01b1267fe488547,e30fdbbdc726b0cba2116f03e5cebbe3,9811,sao bernardo do campo,SP
3071ce9d57b701079af6747a0d89b13b,1427b47a463aa0edd349ca3a0e556729,22755,rio de janeiro,RJ
44132e7916e05d731a6e73ee520262f1,4e15fee963523774998876e3624952f4,83065,sao jose dos pinhais,PR
cd7d8f09e2df0831f3af452c2b2bfd1b,4686de5cf477e8cd46974f09f5414508,3287,sao paulo,SP
9cfe0d7ad6c59207e16ac0bdb718be24,aa2fda0537d2d5029dbd2d5d685f0781,5004,sao paulo,SP
0d547bb38359b0d6a8b6eaacf2905aab,f365500fd9aaf7bbed4c5023c821eda2,2845,sao paulo,SP
34a0a534995c18027611bcefb36c7645,5f5072aea26091ec5d4d4ac22bd889a3,39860,nanuque,MG
fada838716d86242728e5f2c0d15f2b0,236f1336a16f73113828df1b645db6b5,6162,osasco,SP
dadf79040bc86eda46a4fb0dba778fd4,d6fe1d8f8260d270ec05c8b3065c8eaa,4634,sao paulo,SP
9e19d3afe473add7d527fab6da00dcf8,f257deaa49d5e0a8c5fde46dfc350e52,13220,varzea paulista,SP
2909df1003b1aa5d3a49acb20a776531,37785d41ce5c42aa3e3774e944f6d035,21510,rio de janeiro,RJ
867b9a828a0ada03ab7b1cb5ee6c325f,5a667ed4233b27bcea4864feeb742973,13010,campinas,SP
2219093050ca810c4027771b505f15fd,9c448549919ee7693e876a9536a9699a,9950,diadema,SP
f1159a36d6696022379b3696298d1316,16b256e5df531b940170cd24e7b26a82,6624,jandira,SP
839b34274b35a7d587a82f2d22d4adb9,c6c1e34c95f90df749addda9751d51d9,4476,sao paulo,SP
a83ac7ce2fbf35d6cfe824ee9035fb1d,c94170f7100d11d7639f31b9c00bb196,9560,sao caetano do sul,SP
931c557bb82dd84248fca50e15eab603,d065d4fc3da2b2057b305622b849bff1,20531,rio de janeiro,RJ
1b85ef7130ec3eedf81c37b98cfd9b40,4ffc8b4c0b31be69c7faa74d49b76858,30770,belo horizonte,MG
d5ef4d5c3a1c273a23a77f366fae4ec5,dd6cd377eeb9f4b456733ea3c0862627,30330,belo horizonte,MG
1d545f92cde8ef9ee9db09f963d6e6b5,eed97e82d597164cb7691e9e895eb9b8,12970,piracaia,SP
00914220fb44a373f667e19ed450e8df,a1605a83a0e36258d7eb2da55bb5ff4c,22290,rio de janeiro,RJ
dd1637352ae823760e3d2b32c86b9c18,1509f51e490a4b25177145470a0c1f01,97340,sao sepe,RS
f7053eddb66314ab05cf2f344a75d04a,b31aa93dac6498f90336874e4d17f3d6,24030,niteroi,RJ
8d7f8d52118558f4c05875c0147aa4ff,281d051839f7d2a90848f200397d746f,13480,limeira,SP
7aafcf87d5a51f369f4a527a30cfa338,79adc0307d9e8cd41963404b934af347,94850,alvorada,RS
46c18ff31d8dfbe995b587d9830492f1,2787bad67ca7454a847429acc517dd8c,65940,grajau,MA
f134e43f36bf18609624f3e587b3b328,54982b0c374191195d5f433c7cccae90,38780,vazante,MG
c244e55065c91849b570ea7248848396,60ad8e5d883bf4980a1bf8f28d730411,30310,belo horizonte,MG
f72799a69d843f37e38236f68deb0bb0,f6aed6bb383754fc2808f139207ab38d,41750,salvador,BA
aa9ca3127430c2e14db047a199e3d591,95f2b2cbceea5975a3f2327282408348,5016,sao paulo,SP
26ea9638666b7ba410fb22400c5e7dd8,578b6cae96786a167ce81b3d0b884be5,13630,pirassununga,SP
7dc0de733b2e5f365577ec1440bb762e,4f33256e74e56b333e07e47064ff32fe,17604,tupa,SP
c36aba8015e71293fc377fca2be747b4,e65e882df8b8a0324e3ce1845a79a797,86010,londrina,PR
3babbe0f93e94df8a3fc0f70ea9a9053,e3c80e60689c5ee108d6998a704d4cb1,32415,ibirite,MG
8ebb06c13ec14673af1630a22715f4bd,e6e8ea2a2c2e768f5824ef27196ed655,88330,balneario camboriu,SC
83486328de12e85d29b27790fd68f911,041e2512cf5dce7b291188545b696687,77880,xambioa,TO
9b74cd824a37742f10285243d2c0ad7f,39e16ad9a306c8729696f7732acde86f,17990,pauliceia,SP
c29945462273179c02e7f3066fab959d,ae143f4618bf2d86ddf26f0a531f9b14,18135,sao roque,SP
a5e6bf4ac91d2a0df7e87ad00f4b35b9,159bbeaf58e0b4c5cdca4d998d669fdc,5011,sao paulo,SP
86242b64468c9c6370a38afab37a986a,9c8cd7e1a0a0224f2846f8766eb1c6ee,6727,cotia,SP
93c015faf4f5b94d536b82655d7de06e,29d404644ba0bd6a54aa84f0807f8f40,5021,sao paulo,SP
ec8622d7f25a5dd7c86068d56006831f,cde9a3ba463546473aaa81b023a4c899,23585,rio de janeiro,RJ
093e02292e3d50a0e2d37a5c9d77dbbf,004b9b1634b7becda8eec4e96bced882,9240,santo andre,SP
4231adc0342d4df0ed221d4dcc6dd867,0ba2d4bde4aae17b0544d89c992c5abd,6390,carapicuiba,SP
12ec545e9215dba0af4404a1ddc03d36,1bcbeccb2851888f299cf9a5dba8553d,15801,catanduva,SP
cf9ec1b669558ba41cb60049bd8282f5,7e7d3978df85d18900e2251e7432d532,89164,rio do sul,SC
e2f2b94effb9d9eab0905a9b38b35f8e,91570bb635619aacfcc8a0d4e4c6ab8e,49035,aracaju,SE
7bb5b53c7d838d8ca7e94ce809b7d784,272f0ffe236b0bf765e14f5a2b577a6b,9710,sao bernardo do campo,SP
52012c91a845e029dcb0f3b305289415,15b5b77270f5ead0f01ea0ced1ef789e,15800,catanduva,SP
0618ac28167d5d02f1135f98d3d4166c,0e3f036864658ee700ddaeb289c1aa9b,4569,sao paulo,SP
2787b52f991163e9aabe52703b25d2ce,91a9ea8955c590c56a2bc6e526333a3b,5877,sao paulo,SP
b23c436d080c30100d9e7572b6be1406,d367e463a7332e0b77058a729baa80f9,22470,rio de janeiro,RJ
633bca8614f7a9f458a5e0d222515aa8,8850bcaf8541216fa9c321f189af8031,84900,ibaiti,PR
9d8e0ad64a95c80b2816d44431f913bd,6554ee157a59425e99e1b9c87913ca2a,13309,itu,SP
52c3ac2dfd7f5cf22a3c521ef11dafc7,e936b5a035e2b0505863a9aa31f32280,14500,ituverava,SP
397860a986b2ba52addbf1178aa4e378,0932d84be1bb7b48cc56d8029b817271,5890,sao paulo,SP
ac5a1cbb563d2114e713fe982f58e819,054151a8eed2b75f007d3be0957fd5ed,89052,blumenau,SC
a87fd16f6038d768abc2e463f80071e0,c2d0cbabc35d6c353a9b333d4c5dc7f6,50860,recife,PE
0c89c6b8a3eb1a427ae8f50fa500f009,1877e8a26a2618e9e3322b8f322c01fa,13504,rio claro,SP
c14a5fd4937185ca0c40391878241275,e4da0e4af27c1383cfb6505e439b07df,45400,valenca,BA
0abb39b16686366b86f96d6c014146cc,f29cbfd17d3e53191eedbd919a793435,13503,rio claro,SP
f9e72da9f16faf18d67d4912fae366e0,c8ccd9254be21b2049c5270b65e8b135,11020,santos,SP
96c229cbb643f30d2ae506bf19d627f3,e380b7dea2cb0665852a123ae720515a,8735,mogi das cruzes,SP
a650d6a91e67ab1f19e2671566a023dd,41ee175c985a80197337531155581467,18560,ipero,SP
e3a11d0d9a3cc0234185519189075f4f,c107b3083b4727c321a7421aee25a4c6,88034,florianopolis,SC
eaaa741bf68ccd58d686370d01a88ec1,db06bf5c024d6b08fa0ec25ee165b3e2,8780,mogi das cruzes,SP
c61f5ec2a237a476d50b5194f90af516,f1774eda1fa1bf4bb45e4d4860cce40f,90610,porto alegre,RS
b75c34f04848fcc6c5e61d1a44bbb67b,1638f897236f626b7da7e04066ad0630,8589,itaquaquecetuba,SP
c749739d85d86137c648abbad19d7953,b4c964b5669c60bcf12195bf6eae3d7b,22460,rio de janeiro,RJ
fe35fc9623da5e8bffda3ea33249dd5f,efc78f35678bb3e91c9e20ba663d18fb,12602,lorena,SP
c879cc8138b442e8b65b22f7545e711b,e6280f93ae32786766b805f296464892,4140,sao paulo,SP
3b4f9ebb3e9698afde1d95156d5e3a92,e791de1ba26a76b40c0e6e2e9a5eccae,79002,campo grande,MS
0a5e930da019167d37d29f85872c5f60,7bb13d6b4074bf6058ea0c8faf957909,41500,salvador,BA
a955de2289dd1f2a6d80df6b565860f1,5744cb545c3e8137a49e4078190dcb2c,23026,rio de janeiro,RJ
a795b1e1b0e2f4f0f620f2579fb2436b,1504eefae6728d7313abdf9939af2443,38550,coromandel,MG
8292e9df852ab7fce9e1bafc08870878,2348acb8486ed639e2a7e9e2aa198d45,23815,itaguai,RJ
95da60df9d8fd5339534e379b679106f,a6acaebfee00f4c666666c82c7508180,9840,sao bernardo do campo,SP
1516137a38d62194d55d7f4afc8498be,9845116b46a09e48f157a11f4f340280,89221,joinville,SC
46a3a937b2edffe17393b408e1c8c96d,d7ff7ae0439a924696285b571e70f203,29165,serra,ES
5c5020458933e2ca08b7aa21614a2c4c,b03a311d59fb5151a8a836fc0a8d14bc,72547,brasilia,DF
780ba23c0b4feb4d05816336c771e549,d9ddef988d8239716aba2d4fa2507a2f,13632,pirassununga,SP
f92cd4dab2ff641c55fe00ae3f3ddbd5,98c119f8f9c3bc5cce350b820bca3d43,2031,sao paulo,SP
b65aa10f73f8debf8c1563301bb00299,626435c5a107c0f97cb12d8b104c3be5,31015,belo horizonte,MG
1ba23b73f82990c2de74ebf5a28838b8,2683999c7b3dc785684105f447db1f6a,76200,ipora,GO
59802adb7b72bb9d51f8644033e968b1,7e7e3859a4b57e96aa902c1dfc7d0b1a,2968,sao paulo,SP
a80ab2d0ffbe4134e1597ec11975e0f5,e5abd4bd2e04113674acc360e4263918,23585,rio de janeiro,RJ
3c10097a8f8f347a14f94e0099ae17c4,0718a12f2357ad8587a8378e379480f6,26263,nova iguacu,RJ
2132a8bd65234b13e7550a593315e747,be860dd3b7e6d4fee6116fdffebcf8f3,11320,sao vicente,SP
d60f4a3046f0f5a081711930422bd04f,d89fd46bae9fc4ec46c41f9a46193747,8031,sao paulo,SP
d665be250d1c687c58fdea61a9b55a58,bddbce40ba8847305fb9858313934193,18040,sorocaba,SP
af5555169a360e0fdd4e79ad4e5497ef,f18ec31429e70dbb4c4233e491408641,90020,porto alegre,RS
528147c7be575606dfc8712c88ab1062,89467f9a4c2bdb76a7287d4f05e69f76,36305,sao joao del rei,MG
2ac065cbd96608d279af3d61ad96b3db,eac0d6a5f0864123464fff8650e03872,5305,sao paulo,SP
52dd2d8a2a8d602034af4d803ac06425,decc6bfd467170246a0e99a582d4b1c8,90560,porto alegre,RS
aca322808adbbbd50666453fe255a427,f64cabd79d38f86e4c9b08db1a891a2d,75709,catalao,GO
5e2bff98772b674b3afcbcac6efe0f76,77c9aefbd1400df8dc5e39ea9ddc3a54,3112,sao paulo,SP
d0602b514179e7ed50e801cc02769bac,ce05c653348a8e630ebbb1fd1e0968d2,74080,goiania,GO
7c47e730a960e7d9ded4626c589580e6,24ef20f64a513f7b0b0767fccb5a0ada,48051,alagoinhas,BA
7b85982525589aa280870b2dd3d4fceb,12123c52e19030dcc1a29f2bc5fa5117,33930,ribeirao das neves,MG
7827db8a8e439d919d8649b132df7061,edb746e66c06ef98b7b78e6666c2ccd7,3124,sao paulo,SP
4d809b5536eb462256a4cca3e1aa35e0,a8b87e7f62a9a9276b516d8133061c88,12514,guaratingueta,SP
2376ec94b82677987ff7293bfd6d060b,1b3827543d8926cb0a12a5157bdf38fc,60821,fortaleza,CE
4e788890a013dbbe9503d039ca0c3116,53d6898973016b454942a026c1ffe1b6,38702,patos de minas,MG
d14a78215272e49773f7c8e45e5abb66,e9c5be5403f95688feb8be84acb25a67,27353,barra mansa,RJ
9f3c672ec2744869d0ef91027968513d,f7048db4964061bbe1e5f1cd51d1edae,20775,rio de janeiro,RJ
de43c91b27ac6a591f999040a7ee9342,79fac3e1a69bc62339cee9fc5235f233,14787,barretos,SP
2e7829e7992b741b79c574c4f1a2426c,0501840168467a2d31102cf755e6ebcb,90050,porto alegre,RS
f6fd9b592eb988dc6701679bd0e7f3c1,075a5615f6bb67b7a4704a98e15d9c5c,18683,lencois paulista,SP
08f632ba547ce8a3f9d4efe3028a216e,4291db0da71914754618cd789aebcd56,18570,conchas,SP
6571517c9efc678ea3a386e13bb33481,cac8fc1ad1956b820b18d72f8f39a03d,18051,sorocaba,SP
68e13d6e385d0fc2cde23373392c1bb6,a35e6ad969a4298593c504f69c03efb4,12230,sao jose dos campos,SP
3f931d76579122411d593b5b919da7d0,1c641842df820dbf7618598030469a36,13825,holambra,SP
7fff48e646846dd8b43891eaf34e71d6,aaa42eb92a24abceefe71575b6042643,4045,sao paulo,SP
41240c469a32412fe0910763161f878a,ded33ce6dbdeb75e7e54b7945d74f287,88130,palhoca,SC
809ad2833c6b78506d5fc64546edc4cb,f51f616a3ef1b481892426fb7c3f1f9e,4949,sao paulo,SP
a7d162019d5a4cfaeb490e2db9b4c251,9155d337b80f0c2b73519b61ee0b6437,29101,vila velha,ES
34c21afe73cc4daec8c74993e55d97b6,6a91146dfadf349c2a9b8c39b7326841,57890,ibateguara,AL
3b6dc76e9598654bd9fc7a898ed4813c,82586394e0357210f5182218326d9110,6455,barueri,SP
ae30f82c73c8836ae857f7a58739c813,02bab436d042d111ec4b7c67cfab8835,9403,ribeirao pires,SP
357d68b341e4f439ca00574b3288f931,48e57d4f0156fa9776721b687a75c29c,4576,sao paulo,SP
f36d464468a0c3409cfe1e8e515bd6f7,a32be2e3d1dba17965097301df1f325b,13480,limeira,SP
4870ee16064b5adfdb90c79ad9a2c216,9155b49cef29f734a84e3590cf53744a,21920,rio de janeiro,RJ
f3e31afdae80581be48ce94e7b0f3366,ded4351942c7fc292b88e5b090af2b46,1005,sao paulo,SP
bb4d4bc4ae2ade2dfb029a85170842c3,fd4043cd087bfe91024341ffa897a900,45980,prado,BA
5614ed9607d5b54560ed4b3179b602f7,c7a4228689911d99d10213d088a100e2,24936,marica,RJ
bfe0eab1598b84c4ff9a85e807534ad3,771b1df4a321aba7a8b8c5e519bb88af,32185,contagem,MG
08324ca9a349f4d9f8323b1c9e1399f8,71babfd3fd874b9a27dd02d352408647,4311,sao paulo,SP
a345cd3ae230f1028a9c995b9d03ad8e,89bf40642ddf6864a2e628e7be0cc735,13160,artur nogueira,SP
f7cff8f8b5ad72782c2d8ade091d3878,5dc033c91ee12d58f65c917e0ed03c2d,14051,ribeirao preto,SP
ac6f5d2cdbd505344d970017a51bfc43,ce0c46039a9592b6ee052bace25756e0,22041,rio de janeiro,RJ
218d425c279280a079a8d81e02b4ede0,853254c35b5ee150b4da2b3698d73f9e,24346,niteroi,RJ
b4593b19fb4a0179fea1ea466613b3e4,d022bfa0609143421208636914d0e4d4,8567,poa,SP
0a215d233e87a33399e8defc4598588b,47770fce2a0398a1da5ccd4adf5e515b,65071,sao luis,MA
51b929efbf63464d36f05ad3d174e443,da4116b682ec6bb4c76df0dbc11235ee,40375,salvador,BA
c87bdfa527f494e256901a8eaf082ec2,70af4c53ef8785a916deae4611f1ad24,89610,herval d'oeste,SC
26982dd51b55e2a5cd7793d84a0787c8,fbb12b94afcf31408ac7820ec30e78d1,63800,quixeramobim,CE
c769ff428ee9e379ae96258f9dafa4d6,fe5a0ee5004beb74ebb901c658c5eafa,28570,itaocara,RJ
4cbc0fdd8d7548de068a1cff9d293da3,3bec6798ceb2e8fafb2e95e06b3610b7,5081,sao paulo,SP
f30c0c7f51b2c606e9322117d57acba7,1be9308e311ddd714615d3b8a1065394,68580,itupiranga,PA
dac62c0ce8fd2718fbd7be9d87d85d4d,9e1dfb17599bf0db24d2d85b06c492df,22081,rio de janeiro,RJ
fe382f8a2ee546cdd8a2db08bc63f347,d908486b716f6afb6ad043b4193842c1,45745,ibicarai,BA
be930903506aa698f5dabbb2c0ca2c9b,e2d8dff7c014ff45d4aa5d3d5ec9746e,26130,belford roxo,RJ
f491152c7facec74ef5e4cc2e7f86fbe,d3952708a343bc7ca790113ed639b79b,13054,campinas,SP
07e01746e8b90bfb4cab6ef323d33ab2,1b4f9a1919551dbf3bb3d0151557ad73,30170,belo horizonte,MG
ef4a0203cea8e5543322ef59fe946532,a452201e3e0ac3e65cdfeca0e85dafbe,13322,salto,SP
1b47e01868a3afb430c5b11dd4a64c19,2e2c8f84cbaa2d64dfcee2648ab1e5d7,39406,montes claros,MG
cd6b75f7bf6ec7f8435a42d97e8b240e,a358f5086c8e4e3e935c9bbf8b6db573,9660,sao bernardo do campo,SP
ccfec7e88d306fcd3e0faa0ba235ac7b,d892383aa36040299858ad9cc4bcee30,22770,rio de janeiro,RJ
6857d55ae17d45539558b8ed881763f9,b0cc9bcf3b98c2c2efe283ae363b3948,47200,remanso,BA
7b1d2286eac4c621d4c25dc9347c6dbe,707b8f5939d2711713ecdcc5c40e77b8,88803,criciuma,SC
a22f32819804b087cea3366de1fe1ca4,b2a5d37aba6778303014ae7e4bf48fc0,4548,sao paulo,SP
d4de81de6b255769e95b62a6f80eca2b,4694564248fbec64fdb096291fbbe92f,7061,guarulhos,SP
adaf22826d5921da0c7f050ca0015c4f,960f3d06dd3ce9d5b1093462141e596d,13030,campinas,SP
bb3a6c24cbc3a31e2172ada378d04827,9d0cc0aad4fc7436fd5ca50f7e899a45,87209,cianorte,PR
db1f4247e9c49ea446174ad81a61d45a,3d6e5110bc64eceed4091b4209f9935e,52080,recife,PE
38cccad8b19d3acaaaf39873188aa8a9,9ce32933559f6365bb3b20b09bda51da,71699,brasilia,DF
d3b537c3d3aa59cebc6c56536f4a12f6,6f2c390d13e34756276886c8d0400237,22710,rio de janeiro,RJ
367f2e6d6ef32a3e05635dcefdd6bde7,a018959189bc119d155f9923bb57249d,24240,niteroi,RJ
13e93179474d50127682b5c097234f31,5b1e08010c71227dd7531a2defd33b33,38401,uberlandia,MG
9fd7bf64329acafab4cfbfa91dc5edca,4f5d2f21e51c6b63f116f216c2e5534b,20735,rio de janeiro,RJ
474877e456001f330183d59a09786619,e88dd2ba7d3e63652b7713c46c4bc4a3,83704,araucaria,PR
e6b5e20566e5c72cbaab04f91dec9c85,8ad270ff4a5557d1a05e24abb6292017,65110,sao jose de ribamar,MA
d6ae8fb84a31394c5efdbb375c1d49ab,5ee8fe956c2631afc0a1dcc1920d0e3d,25071,duque de caxias,RJ
d2bc0da79a4e2ae1e11523f27454311b,8cabd14272f05262621ffa151546bac6,28633,nova friburgo,RJ
f6e6296520027eb656a2c1c4f80bbdd3,66094cc32cdac22a0a768c903b4a08bb,80810,curitiba,PR
4bfb2494e1e38f25d36f128b44a04e06,6c50a1d82303c16736b2ee32920f0d30,60326,fortaleza,CE
b4178949fd16cbd3f1f0c8b00e7773be,392e4b94ebcbc2f1b5de86de66bbe02f,30390,belo horizonte,MG
df2a5fac390ebf96fd3efa70fe4758c8,5ababc6c33b702cbe31f1631d15b4b5a,68815,curralinho,PA
854e4647a09c84c5eb8db03e6328c2ef,48cb4ab6df376580842b26d06e20001d,41630,salvador,BA
fcb7368648a1ce0396597912490f2b82,9035b680491fe660ceaa34dce5af4d52,70747,brasilia,DF
f6010393e9f880a4a9cff385df25e0e8,3009980c921a074305e7eaa78caca4d0,32415,ibirite,MG
5cf67e8b0f3046587f30daa2ae1c3e69,bebceda153d5cfb9db143960f3815ec3,35700,sete lagoas,MG
4f45379110a59aee1c77f9360a2e0095,95363a8b986159a83ccaf81b29ab9335,13212,jundiai,SP
b81eeae7fc5d4576c4cb71c94930ded1,d900194994af67d324b49dbf7f3e560b,14407,franca,SP
0ac1fd3d77dd30845993d7e84e5b6013,25e874d5e9610b2406ba7405aabb45ca,8330,sao paulo,SP
6748df8bad97104336f314fed57ce74e,581a5b2be2703f51621c141635638e61,89300,mafra,SC
b27e2d6264dc721865c05b33d655c34b,aaf42127a0270cf3994499c494bdc4cc,9725,sao bernardo do campo,SP
0ef26842f4a113476d65b0efaaea83d3,53d8755826278070b6744540b82dbd54,72130,brasilia,DF
24a2f517ef51c0cad5a6ded2a67ec232,f9aa961beb8cf313e8bf154d3772b85c,23073,rio de janeiro,RJ
0639f89df53967e960faa234c3235d1f,24d45e13b914e1d341351a3afd711aac,51020,recife,PE
960d47c0d03beb3e76e8772dd879e7d9,ccac9b98925d5e6d30223f2bc134775d,8142,sao paulo,SP
90ab1a5224e5e1999b34c85f637a7491,6a8ba9ca06038b014b687c42f4e00f3e,22440,rio de janeiro,RJ
8218a4be21e32df9c2fc3231c48f5279,8785aa139e4d78f2555b3f6e8bc16111,95200,vacaria,RS
6e618be27eebe83f66877c4ffaec199d,fd5974ce5709062417dd51122ae7f102,31340,belo horizonte,MG
40dac0b6e0b4a82845bdfcf014e84517,33d7730adc49d5d0b8d9095b5c776d4e,40320,salvador,BA
45c33e9c8c978d7bee32d4cac26a90be,1777ec87dbf32b675fa4d040b2613669,30590,belo horizonte,MG
f457ae29820089a077b166bcf2182d9d,2f081be445187d6ee255609b07efaacb,27321,barra mansa,RJ
f5498d05cf105bdd3bc601ff77601d7b,e428b46d4645f1d7db520d95b2e446ee,8735,mogi das cruzes,SP
ab95619729662c9ec3f0dc3c7642fe7d,98a03156be35672ba83b57d01af7a424,27930,macae,RJ
6aba99b17a2fe71fa586921fb1271349,b49710ced8dd07a0d55d282980594879,3193,sao paulo,SP
9599f5e43a9b54a82ab4392a0c8e94f5,7030164c13386d397107bfdf15f3814f,93270,esteio,RS
13506b60f881b8e29029ce92283dd398,b93cacded43b7d04c0c861c8f2f5bdd8,24220,niteroi,RJ
0449d1b1afc5212a6805aa3b6d84e049,dd42be3b4926541bb2e7cb3ac12f52e6,4149,sao paulo,SP
2cd38dd98e3f9cbe9f4e0dc4c0acfbff,77ae8593ddc144fec682767757867975,14031,ribeirao preto,SP
2f1cc923322c79500723159c9b44b58e,4488cb687b257fd4038974e0393188c3,6437,barueri,SP
4cf76a034161c9ca5e11089c3771c439,0e7306dba2ffb5776465f174446dc45d,4852,sao paulo,SP
bdc1f21172a3a9fa9d754d0412b5be55,34f82fd6f1daf2fe8cf04e71cee4606a,6544,santana de parnaiba,SP
10a3aace97d84274d63b3cf7af70449c,58ad4c0b2c76235398e073dd0042e18d,19027,presidente prudente,SP
cccd5136fc9518bcbf7eea735c6c2ae1,9c159cc781864a35bd6148db6e364aab,5849,sao paulo,SP
97a0e2c05d5882609289a1816e234ba0,e983d6a5d6a92e29fcc48d7b42a6031e,13190,monte mor,SP
c118f8a2fb7fe5849e0dfe2027c99083,a28cbc549d87d7188cae4fa6e151999b,87970,nova londrina,PR
b99a530ec783baefa415ed43ed69e390,a936a09f5e56a028c5ba4d6f6b744495,12224,sao jose dos campos,SP
b6ca512b8c0c1de7c9ab1a742da52d4e,a9e21dbc0a0e69348c3895c18f8d8d60,4116,sao paulo,SP
cecf402b2a51ef3e3f0b5a5f059c454b,d83483c59166abd80e647c7b3b836267,58030,joao pessoa,PB
5509fbf0865111b1607f03e136a4d735,8ac7bb3fc186c6606dc0ef6d8ac77569,70345,brasilia,DF
0e24c20739fc582fda3306fc43683aa1,8cfc5350efe3bce6a0d6f96fbaf2c3b4,35530,claudio,MG
3b3fa10e445e9f9d3d14003c5285290e,d00be6b69482e9b2599bc53807a03567,13230,campo limpo paulista,SP
0880861964a0c3fba8254313913d4846,560a6282f0b9f4176cb56ff6024632d8,30220,belo horizonte,MG
dfb619c6ba6f2090f0f6e9494dbc0561,e8a37d42b44d35a579e25d8d1c5b919c,4302,sao paulo,SP
6eee01836a3f4190a21301d38f9424f1,1130014f63f49481687b3d171607fd31,13054,campinas,SP
b07ff4137e54a8bf9b962ce385a93355,3a50260990258c04dfa14e6f9d74533b,85814,cascavel,PR
0802da9993945877f32ed71ab7800b6f,b2c80924e40eb8711702a1b9bc2c7e58,55345,iati,PE
0ba1ff31fe01eb904f59628c2e2fbbc7,642b722279c9d9cfc519d58c46d0c035,8664,suzano,SP
6ddae4f84b0d366e83e9b673ffd32d74,1bd7e8af25eb9272aec7e421a4dac5f2,63160,potengi,CE
c20273ff6ef04c793e6733be408fcd67,600b095965c455653716468d65c234cf,50040,recife,PE
62817d108deb252360c3ba76fe55875d,1eb299821235e3be253d50689d517061,13206,jundiai,SP
af3d832d3c7934231709ceff958cc40b,410be97e8f53fbf298e813b543e52b57,1451,sao paulo,SP
986632b40c38f4240caf8608cb01d40d,c887bc0b0717ee4a21d7d22137f12ee3,30575,belo horizonte,MG
c557c88c4ec1f4c74389e95230d73f3e,404cff864766c22ae5918af70c2d15e4,5126,sao paulo,SP
92285799f0209081347b519902d62ebd,5f8ad624020f7db33a63d5a0e5d14348,19010,presidente prudente,SP
a0be389ce9a97ffe548099c7efa36746,e6e7efe4f4a9224c5ec58c2f6f52cfd4,37110,eloi mendes,MG
a109663eb89cc2658b051385cac35f02,107df8fcfe13d1a58006f0a11dc7522c,3223,sao paulo,SP
6849a0e24b4e6536f70e37b24f5170e7,1b681ab145e46464c8bc53ee72c55ee8,41701,salvador,BA
5836089b5b463ed01398e1896b202bef,7df86d35dd52ae9901773b858727662e,35680,itauna,MG
14cd775671f1cbb1db0e4c19b6a2961d,42359f0d1ad83cadd2728fb1738c9218,8576,itaquaquecetuba,SP
c5bc0b02e0859e93ca70abdf22e9dd59,fb8b9c8f55411c927b6584f60d9cbbda,1404,sao paulo,SP
7d9802889236ab8fc541bfb438978cd7,0c35f915ac95c942a535a99bc22524a8,2722,sao paulo,SP
3e4da72fb0173f9f994ee85a0d01a140,0156e3456c1959644b2da32c2cee358c,88390,barra velha,SC
c3b04ecafd51f2397be52af9ec00e07b,e629f10b5c6e7845a504e10c3cb1dea5,20011,rio de janeiro,RJ
295c9951f74b6afccdda7ae478526cfb,cb2d339aea25a85bda60fec5f65bb39d,21330,rio de janeiro,RJ
3ac5bc758161afdfbbea6eaa4c27996b,36108c0f9b850fc04c4c84ece40ec40c,13033,campinas,SP
55277fd845b38b445fa6e6700f5e06ed,54458fdd0b1de79189053f67c80cd45a,13068,campinas,SP
768b1212aff7e8d5f3cdde251b172390,0209af58dcd97d6ff5bac3f5fdfb8c0e,28634,nova friburgo,RJ
bf60906877c2a6f798da1bd131025eab,6cbb5d0b135abad7d9ee648eecd59a47,3172,sao paulo,SP
4b75108e04b3276463ab15e3633d73e0,bcc967b7b6ae5c124298b4a977a45a9f,45570,ipiau,BA
75e490ed3784567b2dd4bd3b3fbdf6f6,1097546f28572d77f622b106a224f1d3,29149,cariacica,ES
715c3c024f765fa1c0f20c9bc383cecf,141a4ead47ec5f8f401b065472cceec0,2267,sao paulo,SP
800e3b05cc40f396118128d96927b805,e2feed3c94648835d593c14acb8e3808,4119,sao paulo,SP
38fa2c2a1a69a2448ae63b3aced4d39d,1181dc19b5bc200ecadf0b8a28523092,3351,sao paulo,SP
445845e4372db1e918553b093b13fe8e,ba0ac571960912286d71232645d1059a,2912,sao paulo,SP
9d69752d450ccf0ae458ea055dbad6e2,6cf79af1832aa0475eb3a0945b792a9e,3387,sao paulo,SP
0db0eb41bc86fb464a6e175e06304992,792147c07e9f17ec90a0f87ad9304438,11730,mongagua,SP
eacde47a3187282a48d907fa9852e740,ef741390245c62d5c1f663c3663df6fa,20560,rio de janeiro,RJ
1d39c005fb892105c6db1a25001d952e,9fe14b8d3c033726af785408b7d1454a,73358,brasilia,DF
31c43d592a664912961da43c0484db8e,0c8380471a9d99923688423792afed4e,81230,curitiba,PR
71854d76fef6f58914143b5edce7b51b,c15f5f7134c349f929d2b8458bed478e,18708,avare,SP
b4a44120b7b9e503fc473b953771df90,6603603a63305f833777f313da23b3cc,54735,sao lourenco da mata,PE
a376f52713685c4bf13fcd69b2a5eac5,caecf185fb75f02fa5514c6ddd989602,74110,goiania,GO
c98cf172e6421f9786c711fa72fc90b4,2e95d6f7cfe39bf5a98e4e6ab34b732f,30882,belo horizonte,MG
7000fdb23a3f24ca2df1f91eed449687,b027a64eb19eaecd0959e635da67abff,18071,sorocaba,SP
2870e9dcbc1692371b93d7e47f378311,56bb6bd8a4f7ad9972cb34ea3c8510f3,35519,nova serrana,MG
18c93a1e88912296fde9938d8ed3d131,65e2b0343dacf900533f16ca53359602,50670,recife,PE
16954e328eb60c928b51850c43b50066,191613585d1a037fdf560067edcd0527,18085,sorocaba,SP
016b9c55722fc080b0cbf76d663449af,4185a980aa805f27e1191f57e53bf2d5,72015,brasilia,DF
c5745ce1928f3477f04286c793257d3c,ce3548e3605bceada1732880742e9478,18046,sorocaba,SP
028ec50772515edd2a7c7e6f212cc27f,58386f30fd7958103a4a30bb0f2217cd,29800,barra de sao francisco,ES
a2226a8dfaff33b185df6b024e62b443,276175229d0061ba2c4e4c6bc1f93d10,89887,palmitos,SC
23a68c52fc7ef8de7c0b7a3a431bca21,427f7005ef94773154b340a84b7d7b28,7272,guarulhos,SP
dfa27a9b70d0140ca36bdaf074359abd,77510a8b11f62c910ac832b7d8f70dd7,1526,sao paulo,SP
3c6f2c53258e60f1475d52d320a3891c,4dc105bde97d5f8bf38a8ad92e49fe2f,4935,sao paulo,SP
334cf9305f5115f1c21a78347ddb8008,9988d896f4da053721eb16cafd268522,38200,frutal,MG
e9d30d5067a204ddfa459c50d6311fc7,7f8481fbd8e94e2acaa94a33603069e9,3034,sao paulo,SP
66aa7eb2404b076d9883feb24ece3f14,e77bbaae2e466b411e98cb9bed821a06,41830,salvador,BA
80770d52513e1f459d5a1abce7a10327,6bc8adc69b9e5eecd65133b9824e3f96,48005,alagoinhas,BA
1df222087ffead2c284860cfbd77353c,39dddcbd76319f479030f4d291ef9592,7122,guarulhos,SP
a82a9ed42b002098621df8124fefd4ff,c31b42ebb5287fc93a2be91163464674,2347,sao paulo,SP
dc93c2d3500469cda3d96ca2e50f5142,5923b4f6520b20526b5a59f063e6b0ee,31560,belo horizonte,MG
872982846d243af2b72d9a3da8dfe5f6,dcbe5dd7a16a2abefddfada29675f2c7,2913,sao paulo,SP
67bebc02fe1882de7424ae7c032fbcf0,4c353c56435ffa61897f3f012efd4aae,22620,rio de janeiro,RJ
e4e7ab3f449aeb401f0216f86c2104db,13d7bd0b05e18b00f415221b3bb69348,9810,sao bernardo do campo,SP
668d9e858c63aa58d80b8edcf3ffd9c5,71f545b9f6343c56082214728419c637,90520,porto alegre,RS
7911c4a4ae2d5749ce6f3e40fbdeb5e5,20802dd4d187913c6d5b2b8f605bb817,97800,sao luiz gonzaga,RS
1a1563377cf71e8ada273fd052a63bc2,f1a0948e37cad002a23d21dfcd801de9,36773,cataguases,MG
88a424b8aa5a9c123fe5fac76e7fa1ef,6e46cf8edbb20e52f1eae047019255c4,22793,rio de janeiro,RJ
360da4d51093e4cc0e38a1f408b51979,46da36c3df7118852b770394d1ba2be5,5102,sao paulo,SP
0b0744596a26951c22c400dcf85c6e96,77b32e765fd8cdded5c63bcb0ff889a4,17514,marilia,SP
65c563b14ed084517de63c0060ae266a,974c7f1adfd3e592212adcbc2f1ded38,13098,campinas,SP
0a83963fe3f4833080dc7847b30cee76,f2c2365cab7dc57ab8c90f9c3bee015a,64570,isaias coelho,PI
e09b9512729d319c7e9ec653dfcbd076,45d76157b9fac347a91c6e0545110587,13209,jundiai,SP
72f564f4ab4a6a155d8b84a0b5ad8a2b,709c286a652f0f46a1d34ad1aada2ccf,11040,santos,SP
b75d7dd5b05c4ad68a7497ec5bc92328,444946057416d7fda05d04d26e47a5cb,41502,salvador,BA
80ab302132a7bb80c3162873b0bc23ec,8674bb2f6b1541bf6562004e5ea684f1,22260,rio de janeiro,RJ
d3e64fd2e5a062acc0c4eed5847143a0,83b16f874d0dbf1553a9e556925dcad8,13613,leme,SP
59b753171ccb66874f0c117e1b63f3cc,17f346648ace67e72c3fa161e69edcf2,25973,teresopolis,RJ
37dab09620092cfea0db7fbd560812ba,504f3cc1d208cca81e89309c7c30b0c0,11740,itanhaem,SP
a71ca5dd13acea58593869d51c812412,8df90e1f672bf05c11aca9a6c1d632b2,84178,castro,PR
e36d98b48eb5d1b52eef30063bef6924,6b326d132ac040958c26535e9e14d9e0,99770,aratiba,RS
4b2b781bcb66650405f99cdece998cf3,e005e7fb556bb7b6c677dfe30a85846d,4455,sao paulo,SP
13368f1b7479cf29edf6d91e842f23a3,1921464974324e47fa3f2e73704df5f7,86020,londrina,PR
3e058e34970eeff2a92b7c5f12ff6cdd,af8937e6d92487a6c9393abcf5120e32,13600,araras,SP
589e0b5121a9d32dfd142a439c735d73,13b2d7e597093947b683af7e23bb437c,9930,diadema,SP
b4409dbd2d70f0b3b1405b231855283a,b0aec2a0437869f86a45f1719146f75f,16800,mirandopolis,SP
23a9e5fb434a3b654f4195d3e856d79a,18f701ac2eb0d7cb1aa0134d9aeeceda,4552,sao paulo,SP
9d8b2a0211096189deeed55864ca3f7e,4aee996e01e1a5c4c1e2eb3f7ace9063,5577,sao paulo,SP
d2a79636084590b7465af8ab374a8cf5,c7f8d7b1fffc946d7069574f74c39f4e,88140,santo amaro da imperatriz,SC
741775b7ac1b255bb101811981b5a569,9b3b1250fb6c3987a2327cd72e8954d3,41213,salvador,BA
7670015fc62bb81758579a5e88de8596,267b51cf96029a3c9526bae983306c09,20270,rio de janeiro,RJ
9596cd16cfef60f8c7ec8c8d78d008f4,1aaf8586442c8d4d86aa61069f858c20,35920,nova era,MG
7730643d49afd7440aba90e12dcd64b7,c7b4b999ba20cfe88341578346c04442,37200,lavras,MG
77ecb0c9e88332432bb2b846dea32b2b,4e259b39ec0e420fd5b67cbfc6291554,27965,macae,RJ
9e601769a837f171cf58645b7e89da4d,525e9dbf2f675f893b9f695d5ecefb31,14890,jaboticabal,SP
722241da9dd0e3308f36d45e69d28de3,a84784bb897aa066e5ab29eddb7f1937,5397,sao paulo,SP
5019c820100e38e2e46aa80ed4916fea,9d38fda947a47912232fb3ebe5ab04c4,13060,campinas,SP
8e54cb7b798db514f7f39bf3c5aef35f,7f9a0d16b4f7a5f66b9171a363e6a5d6,48540,jeremoabo,BA
73727f0fcabcafd666a604f7bf8323a0,68192e944ee4ef3826622717118cb180,95680,canela,RS
819cbd55a98fda9364f7241bc8336a14,daea4b897b74a671f733ba577f52f4ca,12289,cacapava,SP
ff979d3f952328374b41b7b6b52a56f1,b8ad8f9df8b6c2af329e1fd23cc77061,29175,serra,ES
681986e7db7f47399570f6ed6a34f53c,9c3af16efacb7aa06aa3bc674556c5d6,30170,belo horizonte,MG
980341a4c8369afc8672ef5dadaecd1d,42524391e44e8534aaebab8a9e1fbb00,23075,rio de janeiro,RJ
7cec2ad3ecf1b10ce543161225a13a97,14cf3e40a2b5076d2d0384a7e68ca06f,72010,brasilia,DF
8b79b48d3cafaff1d409a79c944e9ee7,ef069fa3cbfa7fb1a7a2ac887bde56ea,5542,sao paulo,SP
6b5941ccdbb65f7bf9babeb7de8f3aad,99fb64bfe0cd6a4d70d01cac2c100dbe,13306,itu,SP
d6dee31a8528d1a9f292823e9d5f1320,6d742fbb67a43981bf79c0f6a24cae38,4166,sao paulo,SP
3a44b68ab84f6287350e8e97bbb6a3f9,6a6cb845c817bd5dadb35ab8cada50f2,4257,sao paulo,SP
76a9635a8a8946b470a9ad3ed3362951,e256cf8806ede20ad8bca047d288885f,66075,belem,PA
f6b2c83ea477af36f44a1e2df7320036,4d3cd98800102cadf3a108f741bdab4a,9771,sao bernardo do campo,SP
f7c4276a2a1197f38b8a1c037aa11711,0221e219e9875443d81e933d3d6f8c80,41810,salvador,BA
306047e705d4a27a88e2419bb9f6480d,6a913f4df8666d4ee42547e14ae1f1c1,95910,lajeado,RS
2b7ae7a532ff538ce88f6bfdd2cb564c,f755e02e22f99b9e1658cbd2186a212d,80040,curitiba,PR
fad73d5dfe5f793e62bf5a9035bbc5ba,b036a834a3a5f0902736f184b65936c9,31155,belo horizonte,MG
d5868f39eb4669f88b12b8f3d0d294d6,d6da88f652fc0f69dea0db20393a752d,60190,fortaleza,CE
46853a08808655a711805c973b549079,1aed54e3b4f4be26ade03963054f43f5,12229,sao jose dos campos,SP
0b3278bf0e5d81dca450bb444e8bc6cf,a43a8246e8f5df31aa1a3bfbdda686ab,4777,sao paulo,SP
ab1739c700f4c0dff1afca491040c5e3,b11752db44935c02e110c5ff2babcd54,30720,belo horizonte,MG
afb0f17098ab2eff6209b100c0445bc2,f69ee4b6d29ea03fff412f67af2ea65e,13570,sao carlos,SP
09d35a85e870a6f5425234574a0ae1c9,61ef8f0d68325c9d33434d23239086ba,36340,resende costa,MG
e39f84b2bff6b8160f8257e7c1164c0c,fe5d59204b1e2953075779ed6a6fc20b,1139,sao paulo,SP
14b0912a842b58de740de4a7b5ec8e1d,35b7b2964b474b63fcd4346f63805bbb,44200,santo amaro,BA
fbaf9e9c575481dc74d37c517fb43f6e,9d76aaca6dc4b936615ca296c7287a68,14150,serrana,SP
5e3b89299a7d6e3e10f9bc6e77923f88,464a3d024ae34727fcaf86198537f5f1,3685,sao paulo,SP
cba5c36df83ba88bddecb5a2d8c754f9,5222f35858bccb6bff5973b504733fac,6473,barueri,SP
7ac184c768bab5786e54dd40a85f390c,6c570b7fb12e68f0e0cf5dd0c11e74c9,4041,sao paulo,SP
86467331d8e19c403ada1856447f6645,4a3c199753ba02224a21c7421a6398bc,13054,campinas,SP
322162b5ca010c2b059cb5224dd818b1,619e926d09b26efbd5180368b1ddc874,2018,sao paulo,SP
ef80d9d1d4e44ccbe835add86a3db3b7,8cadc16a3352b3a9a6701d3701ebcbf4,15056,sao jose do rio preto,SP
a8c79760eca9c3b963886d9511cfbef8,f92274a1d723b69e12ebe707fe0cef02,52041,recife,PE
20d2a92bbd6fd5f58eabbf0a645639d5,bafce5c8e82c5cb913c73819fcf1cebd,11045,santos,SP
0609f5889f00803311ba52e9219c3872,d19a7ae8f7906b5e2d81522802cdad62,89830,abelardo luz,SC
39b0a374b8bbb7f162a55a042a3c2f50,e3a780e68fefbc2ff9d44a54d4d25779,49740,carmopolis,SE
70bcff60e160a0009c17030cdc375f6e,acbb9404f912d0baf4c5dcc4de5480ee,66113,belem,PA
2c07ebda00b382922372626d8917625c,5f4aaa87db6bfe806d2e08bd3a782f8d,70650,brasilia,DF
4f2dbb2c0bebeb83611786c1fd76fc75,856b96cff746b8cd17367dcc72189a14,88210,porto belo,SC
17366be29e9b9f1d0a010264d2cd704e,b10fc6be0b66fc34c7475b6deb4c5adb,88040,florianopolis,SC
a07e4cfe748353daf4ae34b4b3c609b4,6827f82c5b6f65f31946549e05636b5d,7252,guarulhos,SP
1d96907104845395d097a938ba735edf,f855612d3a952dce64bce4c69eafcc4e,29178,serra,ES
2d7ec557413376c4c299fbe64f6868a4,4268e61cd0e6ffa364ad1ea504f9329f,5853,sao paulo,SP
b79ba9d57f765887e6f8523786186ae1,381a3e3bda7b6f4c7c5908e2b385cd48,7152,guarulhos,SP
9ea84417bbdf3d03fd7fe34273d23630,7408628c2a758359d2ee3df32b4127df,14790,guaira,SP
bcd0ae50d596ef7885e4f4674f42e8be,c80be11050fb6b795e47ccb7b0467f9d,11705,praia grande,SP
fb88930922844557bcffebc8f3478fca,183ae197d39a50d6286b7abeac5f0675,20261,rio de janeiro,RJ
9a6d50bbc02c9af78cd8dc33440ebc6f,e2d911b9c9ec50ffcdbb80b4aa8e7f2d,13846,mogi-guacu,SP
4ad62a046c967ad05f4f28dcb8e33bff,5e9cb24410928581ed2009a03bcc07c5,16022,aracatuba,SP
c8de9687416bd884c7269415458ef1c8,c2eabf7aaa6b49825b31d8e2df1de89e,21041,rio de janeiro,RJ
8648d9faf417d0a1c306053ccfdab0f8,b6304959c9eea86ecf3711029bb11dff,4153,sao paulo,SP
1224d76e953c07d3b52cdec6a0ae0d21,40bfd379bd349f89e737a4c5ef8ae52a,5017,sao paulo,SP
b775ec8e7c741faec597b40988848e05,edab6374fa7fcaa308f361598969b01d,14825,santa lucia,SP
2055909723147d7d653939c0094cee34,bc0bfb0a5e9ada729f6190fcaf9f6b51,14403,franca,SP
ae697bc1ed176e43ee2032cde856bd82,68626709345049fe1e160e86baa7766b,6083,osasco,SP
ca0263b1cbe21dee5379bf130774572c,73e81db0aa31dab4286bb18a2c3dc9ac,35681,itauna,MG
8cdf3897078523bf6bfc1b039bb3e71f,7d61460bf236d1d2b306edb1f93c23fe,12312,jacarei,SP
940958db94c59ca04dcc41aa5cb5417e,84e037025fe4760f11813baa2e18191d,8531,ferraz de vasconcelos,SP
c9be31eee5d42b016032f115e6640689,753e0db552dae3b85fa02153705d95cf,4750,sao paulo,SP
0e5a48a44a1fe17dc499eac5a8a72306,ad1b3b08e95d4a77225285756f2b589c,72150,brasilia,DF
026b1c08479645291d284443a15d8c93,f1c08d13b8520a6efa197627fada3a56,95995,arvorezinha,RS
2effd138ecdcb406ded5b94ae2381d6c,7f989dba6c114e944159f7eb5e42cd73,29092,vitoria,ES
36cee34dc9a7b76544d0f8c2ce2b54f1,ac9456d4f6c54565494b390d1ea87053,37270,campo belo,MG
a883031033e9e3a9b75867f0bb39b4d4,04daf0030c088fed728993ef9f7eaa56,38067,uberaba,MG
508437bb0cca48a51e05222a64a2b432,88b9a2b47a28764a168ebdd7bcb17861,78400,diamantino,MT
92d571c936ad611745dc20b9b327ce97,f99235f7ab8b9768e35a4b77469991e4,4007,sao paulo,SP
da71d587e9bfcb39ced7b8beb65e6bba,fea74e188b7ba8b49cee6e279c64c91f,8773,mogi das cruzes,SP
522a472d19b6882fec72de369d9e9927,f9154d20b4b6e7d197df86fe57d72fa6,1311,sao paulo,SP
38d75878e2052f90ba0691ca550bbe3e,d7d189a700053506ed878082f3063260,26183,belford roxo,RJ
610d52bf5b791544b45e2bbe6b9eaa7a,9e7239922e75ab9bddd5474ba692ee34,14850,pradopolis,SP
2d629ccf7fa0c22635758b85b96c0d34,8305beba9229336efc837417f8d659ab,29314,cachoeiro de itapemirim,ES
990d166955c3435e121e7c2285de8438,588f5c02d61b8236e90d314d3cee94bd,12942,atibaia,SP
65d9213dfa004c17dc126503e106e4a3,78275e95a4296105923051e0ad4577b3,65700,bacabal,MA
b7442c005410200e8e70b2404b79c56f,ae049021fa05ecdf881160fb4b00b3a7,4614,sao paulo,SP
0178cbf093400335e3d8fd88851e6bf1,a52fecbb34bbba7fb780daa728e83204,35585,pimenta,MG
7e6b8b2bdb547f7343c0d28f2ed5662e,ad85c133449f220e90bc455eac37c5e7,2186,sao paulo,SP
ab15b42d1e768457521c97019caa9918,b08a67dfc3133fb089b5a40c28baefe5,4614,sao paulo,SP
3b074f1344638ce0b5d88cd3ff364376,415c8201b982d9f1d02699252aba1402,7600,mairipora,SP
c8901f16e562e287157e0d6a502103ed,b74d0257dde8889acc280c1805bc2899,31010,belo horizonte,MG
0843fd3baa42b70bf995bb83753bfe90,35ffdc750d13d77f2c0f2bde57693c41,20020,rio de janeiro,RJ
1fc1c90ea86cf0ab56bfb6e442245e7a,65af2ae0625e2d7f0adcff19dda46b88,24322,niteroi,RJ
ef5c01ebdd912188ba1f81f4a6b9a902,820fdd31b7c5630cecb51be081a686ac,76801,porto velho,RO
be4bac7250c87be901bcda46aefafde6,4985c6f86aaf1460d9b6fdc74465a5a5,13044,campinas,SP
358f85cf4c0ce9baccddaf17d8e5936c,b5db6bae09e9f171ca16a43c5722b8ed,4458,sao paulo,SP
0b1112dc536e328e5ed2eddeed21b5de,e31987582a11ad40fd6ee847749fa907,30775,belo horizonte,MG
b6cfe37674486d5bc4037fd4e7bb5bd8,56337e3e78cb8aed2e183b78f4101a22,20740,rio de janeiro,RJ
25dbbf0c477fd4ae0880aaffbb12e8b3,46450c74a0d8c5ca9395da1daac6c120,88034,florianopolis,SC
26c075c0de8b8fdfbea28238b5ea0b81,8889682a214c2f770be5ecb4facd1e40,74650,goiania,GO
241e24a2a5d48bf966167292a828533f,e79e4fcafbdf9f130f7ad63063266c56,12929,braganca paulista,SP
ce92916d7311f8b3b9e001361d02068a,e243299898defc77002df4a5e3c31b4d,77020,palmas,TO
4b9791411c5518591201a6e666a1162b,91d1f07e8f445d5c017f90a0047b07c5,20071,rio de janeiro,RJ
fe9d789522315169a83d6740ffb2117d,8d1b75d2f05067cf8aed47d96d14345f,50070,recife,PE
52e73a5d0a1d4c56b090cd70e0d678ee,b43530186123fb6d906380c873fdd9e6,62625,missi,CE
bdf4c05b0e0134b6f6ba6e7c7793849b,3cb378e234a3ccc64f737a6bc4cad150,36072,juiz de fora,MG
ce4cb710ba906b8b905d1f9451f7797d,91a135708ad7c21c2675069c33a98670,3572,sao paulo,SP
55e0503dded8ecd07b56fd84bf06a342,747c1b1b035efbd0ccfc9e704382f6a1,22030,rio de janeiro,RJ
baeea62e4d99ffdfb06f365b417d4060,4bfb29642b89e0eb9dd24f7a397f3c73,13068,campinas,SP
ce23f51b42b3258700b4aeedcf53a96d,df34b07e77750be3d64ca6498bd9d22a,15084,sao jose do rio preto,SP
769cd0409e08aeb0a4338253ae2deb1d,ce6aca5150b3d22e087598a7994e4897,4424,sao paulo,SP
35658cd4402d33f3e7622486e64714a6,130825f7be6a31dab586c567c592b2cb,8573,itaquaquecetuba,SP
2f4c70dcc8ecb401ec2a1c43c3e777ee,746cee402ac843df98d143ede25ec692,36680,sao joao nepomuceno,MG
39a3f99c51f59150cbd4d1dfb52603cb,1670e7eb21cb0b14319e9b6fd3aabb30,5083,sao paulo,SP
17f4134d647aa6ec7219495933975d6d,7a40f23f1fdc4704605cc6db0d4f160b,1327,sao paulo,SP
cda14d3d288eb8e572f473dac6f879c6,b021c4914aaf3c673e92473fb1e61010,25914,mage,RJ
bd0c57b418e8b1cd0f10d87da71a403f,deb506c0525ff4b17e97718d9c349409,38182,araxa,MG
257014a0267d8925a6084a6663ed056f,07fe5a844afcc262e5ab1ffa38946f23,49097,aracaju,SE
3665c11701d3598fcc07717f72da540d,4b2d71803ad2e04968d3fd749d34f37c,88037,florianopolis,SC
f31eb05ebdef1ede72cebeba759e7c92,23c033f6c75a249727d9fdd366352b97,29141,cariacica,ES
7e70584ba81ccfa9df18a1d031597975,7b7c6a9f85497a476d2276bf12c2a82d,87015,maringa,PR
af684ccf558442d5fa8d9daa7456ac76,297871f85f3905d13eaa1afed708ca57,4532,sao paulo,SP
14fd66ddf6349b2c9c874aa2094196ae,5b952e3dc4849109f9b9287dfafdec45,30692,belo horizonte,MG
39a8e21334badc81ec828f7d42f4ad54,cbf6449765fe6738bd004df6eb452deb,29580,dores do rio preto,ES
f7d8d01811120ea71aa219b25edb272b,34092dc27778e757bebee17d98878a3d,4475,sao paulo,SP
088748a6b4f6a4042e04da23b9b0940c,2dc76f1f9332f576c53931a0502784b9,21832,rio de janeiro,RJ
2ad25d0d9c260ae766dfe444ecb901c8,3a5a2a6b6641daad335f911a79a3297d,14790,guaira,SP
092770113dc0bfba2c362dba9b7903cb,9f901bde9b9c27f73b6f9d15f2ff20c4,5778,sao paulo,SP
59a1219ee5697cdabb24d96feb977fb6,a1f13fd52fb60cb41779fe29fa1770bb,94855,alvorada,RS
88322ac54c0a72042d0dac336eea9fbf,5dbbda7fd2a3d5d3e748cdca489b68dd,1226,sao paulo,SP
6e591b7c64abcf19e76a7e059df5e409,ae07f4e9a6fb72809102119f12da5221,28180,cardoso moreira,RJ
95d076a10eb7507faeca1121d0a88551,a6dd5e9901657c8b183c3619aff73767,5791,sao paulo,SP
3c296b3dc1d4b9cefdc9bc53a4f847e7,d8dcaefe3b2031d4b970c48d869b9db1,3150,sao paulo,SP
44c6f24c7068fa89b2507c66b98e59f8,0f4445cc3c0c9d9f171bb06276bf8628,5412,sao paulo,SP
f453853c7750dfea2b35f2a89382003e,f3591ae7686317e84ebbf646bedf3e24,2012,sao paulo,SP
5d06fd4fdb616f12e46181efe64f317a,62bdb7bcd7865f4f547c9ead83138745,9811,sao bernardo do campo,SP
d6880369dd3f36a3f15b849edc8ab8d3,42fbe6ab4be2d0760e5a134370da0ff5,79500,paranaiba,MS
4e46d204fdc870530157b2c4923e3312,5b330dc133af4fb8bd0a89521d54bf87,22775,rio de janeiro,RJ
7181d4c67d92d02969a0d9bf56d4c645,f7868a334063a6d3943900186a61dff4,11420,guaruja,SP
ae5471f99c6164664f3227292f7c78b2,8770740d878dc0c47af0dc5f73d9cfca,11701,praia grande,SP
09033cfedb9bab5c54a33f339fd94ad0,165961169e5ec74a761f2d4cf0feb9a1,4571,sao paulo,SP
55ff36e7153537cb8aaf5bc849131475,0c1201c04330536234aaa49b396745d4,13603,araras,SP
5e6bf6d2a87450515182284aec55dc3a,89f999ca4a3527965db76038ffd4bcdd,13405,piracicaba,SP
c707dd313093317154517ee4bdafdbfe,39625643b498b08ebf941f9170277974,98780,santa rosa,RS
626a0f18050903535ecf8e312a5c028f,615eb18afcde37c5ed09c9d4109c41fa,56327,petrolina,PE
e9c74734e04f65160a26264b5524a3dc,9044c1fa9dd82b9792f6d2faf209c131,14803,araraquara,SP
4c6fadd4f9adab49e2ed14d1960e67c8,6349eb680aa752abc9f30f21a9e3cd13,22763,rio de janeiro,RJ
e6ce0210d5c09eaa9eab5a68f5916f35,f781ee5a8fe2e54e92c1b3c808b3a088,64091,teresina,PI
cfd1a2cc48a14de5918e86a29e606406,f382d408a9efc042948ecb54576ba438,24738,sao goncalo,RJ
186ec83c7ec57c2073127c57d48d6549,7cecee7f130941c470e112c8c9234e4e,12830,sao jose do barreiro,SP
20362112f844c8a9416e4bd44398ace2,198ab1271f3bb949ef63fe8522bb938d,38081,uberaba,MG
e10ac2ae672e997ee64303b7f1befd1e,166f5f82137eea831b3288649dcffb81,72006,brasilia,DF
06f51feba23580cfca0f581994fb7789,1d2e1d611b6f49dda7adc03a1a061d9c,30310,belo horizonte,MG
8de96756639d09772d2f364c7c81c32c,b87e839e8fddafb7b6711123b4450131,6833,embu das artes,SP
922f0518fb56e709d3ee898aa6435d76,8b63adddca62a692068257a6b3d14031,22441,rio de janeiro,RJ
f59c3b73fe7833bf53a1be19a6f17c81,f9a2090a26802e418b4ea39294bcfa98,4286,sao paulo,SP
db913801d35c42706a588ed996c67318,208fe9aa6033a77419f8f503b7698e03,93010,sao leopoldo,RS
78e0ffa402b3adede5ccf60d0976f89a,04971d60a4324aaa1378948f4a88f721,62823,jaguaruana,CE
be246cd60ac804fef4aac069a77b3df6,7732ee57ffb624c39ed389678618f5c1,13106,campinas,SP
90d085beb31a53755eaa68a64d3dc5a5,4328407e44f9a9449be013e6c84d0118,83370,antonina,PR
f4fb69d52b1b631b812eba9e26749994,ec6622c76335108858cb40492e5fe0d0,93700,campo bom,RS
99b12292a8da6a515b65c9532e061977,abc9e5b32caf6ec0c8fa356117b66d66,19815,assis,SP
76a753fa316d8bea2478e1a7047e75f2,baa502f80485bad26d5243c762e4d511,5382,sao paulo,SP
5fa9b1b199d0f77c57d2c30367b1c153,b47699a03637c7dc04989aede0e282a7,2213,sao paulo,SP
973d4d86f73cebd0e362b5e7b1ff21b6,5e8da91e476f88a5793468512a8c4ea0,67030,ananindeua,PA
3a8737f68201688c1513bf3fbdbcf631,467f2ac77aed108600b9ed0be16c990e,95940,arroio do meio,RS
1f7a22279c8d2dcb4819098ba596d3f8,800820dd5f33d2052854b4585fdbf01d,13207,jundiai,SP
f71163ca2d359b4946347969445ee4d1,9daf56a98a44009bba4f7f2a64ba849f,46400,caetite,BA
a37eb493df9cc1c3d784a5d46930f2c5,0a62ae425772a001e2b3d3eb810f810e,95960,encantado,RS
49c03cf95fc171d13848ae72107de156,1e1afff9bfc695b6e4e3c627e0c9d442,89010,blumenau,SC
deb534c4ce5c2d8ef23f386321389079,94712531d11aaf8c9dd6732d10e46a7d,18706,avare,SP
0b62558584ba5942cb07377647332e23,c9aa33473ec2343d8a2a0b11ebd36b1d,8761,mogi das cruzes,SP
eecbb95c28e5a38188c0814cb3300ed6,a5b426944dd8048820716aba080e0fa1,13206,jundiai,SP
f02a9393c5ca1f304f70d91f76a3a585,4283cbb478c4f1a13718c799779ddf15,17054,bauru,SP
f0884dedff5f04fbc1ba865770d9b53b,f0bc93e644b830e9d4483a9ebccec525,12230,sao jose dos campos,SP
bbe5c6efb24a5b834bf71fe19d436443,9e2fe11825d4619743be82cee7c6531b,3683,sao paulo,SP
5b1a8ed13a9f69b2e8073383c4e1abe0,ed09deed5ae6927bbd677c7d2965d1ee,8773,mogi das cruzes,SP
169501e220f0093ccd895f3dc48431cd,5f349193a205124186b7433d20ac52e6,41770,salvador,BA
b440b8f4be0a7c4ad88b7b82e441ef5f,240b137f917ddd1d7f2b05cc4a766401,13486,limeira,SP
1f1bfeeb7e84fe26c5abc584925fd4a9,d7ba710f6d7c242b724e53e0388bfef6,5018,sao paulo,SP
19d189579778a415f48e0ce76f07109b,977a711d79ba286fefbf12c04aebe730,86810,apucarana,PR
59d620d657d548cce67b86bf39adc5b7,cc47189ca6fe811e553fc45a379c42e1,11075,santos,SP
b267d04370b0bff8bc30f5b7283a27b8,62638efb394dae43f9fe84688732283f,95775,tupandi,RS
8e5f7b82138c72617047b404d87c0ee0,0b468d4e4519daa1645ca5a2741b1ddd,5145,sao paulo,SP
a988ea25d99e3bf1cb59a94c3450bdb2,a0b5c0d19b4f543e7d64912aadc96424,15915,aparecida de monte alto,SP
3a877e5eba37d36c050a3e5f11083e5f,2f08332afa68530c6ab0f1a1cf2e4244,56360,afranio,PE
69c4c800716e7c23bbee20075aa55f6b,20f63f201e5243070adec9b519194085,8290,sao paulo,SP
e55fd60ea85893512621b41b19feaedf,2edc621fb9d6ffdd6639dfc84a89d4fc,22785,rio de janeiro,RJ
693a95df361670ba4f1a2099c77e5f0e,73afa5c15ab1d93277de26f6989e36bf,35661,para de minas,MG
6588dbadeec34a7c4372ab86dc7dec94,a2b764e7f5dfa8a8a21bac51aec9c1c8,76970,pimenta bueno,RO
e91fad4d3d93870002bad8f5590193d8,3496647e29e6d83f3aa91a822818d94d,57602,palmeira dos indios,AL
6eecb45e1c147bc42841894ff03b9e0f,9f67aa18a87ea9a76854deeb9385c011,3066,sao paulo,SP
b634d4732846c7f15917a55b83c22678,9d182111ddcb4f07b855c3ae76e53d52,45810,porto seguro,BA
2463ff4410b38616ef62c2995ca0397c,4041f44c61c6327503be738f0e9ff7f9,8673,suzano,SP
ec9e3bc81d6b93d5b6602984f860ffce,58e2253f083d42930c64ca32b510a512,6386,carapicuiba,SP
58d55fca78d596d757ae23b467860fd4,12b946f9fca2750789b70d43cb8a15b0,13033,campinas,SP
f4bd31027482082b29a7b1dfb389d71c,590180f08e3f630449409ec094fcb1de,30240,belo horizonte,MG
723e7d9d77b344e0d9f92128b5fae6dc,add7ffc1c34a74b3c88682681700a9e1,2545,sao paulo,SP
8c193b870f6af1254fdbf4bffed544a3,4329ca9025968ae028dd7eb9106750fa,91770,porto alegre,RS
a66e526a17860943206e0228567a2a1a,37d537a20fa2fa2de974af98c552fdfd,87555,sao jorge do patrocinio,PR
2f51a7d835dee9667b44d77285d61630,eca9d15ebd1b37acb67bd1c3e3ca5b2c,13160,artur nogueira,SP
dd5095632e3953fc0947b8ab5176b0be,da45a9a1df408c39f013b9b0b505042c,70680,brasilia,DF
8b718fe1aa1275c0f776af5b39001309,52b09be0ba9316e29bcc8bf687612b19,45603,itabuna,BA
7a7d6b506791478fbec785458412fd17,29d56ba9603f96d29d2a776a5b321635,2866,sao paulo,SP
e77769a80e34cd27d3a09f5a2b095857,fddd14bc2031eaba663f052a83451a84,23073,rio de janeiro,RJ
83da8aec5d2e8b2847e6ca45bea5588f,bef61c4e2f6c5afdc112a9dc3a55cdc0,13385,nova odessa,SP
53eb76954510c8d2cf430ee48ca94a88,6d8233fd7ed301850f5d518f841d86e1,7804,franco da rocha,SP
908fefed2615ed41b2880512db12c758,15aa251aeeec331d7ee4e1851397e8f5,4040,sao paulo,SP
9bb70fa63970b9d88191a90481d551da,d2c6c89bd52a9b70417f90313b1ce4a3,87303,campo mourao,PR
788cffe37a94186e4ad9a9940f0f858f,e823e677e884eb2ef2fcb871ddd3c182,86400,jacarezinho,PR
05551733f29422ff885d0a28f4f04186,6e6a6567e76bd5bbc112d7d7f9a9c0e5,45120,barra do choca,BA
8d4de376aaa31c5bb9a6c342708def1f,2b4da640a7f35b9bb36d6f2ee4b28741,30644,belo horizonte,MG
6561ef6306e6369b42177e51ddcc35ef,5567ff09b0607b9546948fec46fe15ad,41730,salvador,BA
eb136264e351f7e90ae306bdbbdbb44d,f818b5035d2d61b52b779c512947f1fa,8752,mogi das cruzes,SP
cc80220c6e0873649ef45c04fb6b5303,a416da5083dd27cada13aa5c7131ea59,4633,sao paulo,SP
ed3f4ba1e8981bd3773207b41a9de82b,3fe6e0ec04e3f210fccc62a5fda8a6a0,15600,fernandopolis,SP
a829ee384e09cfdd79757cdc48e4acff,be24a01b6f700eef3524d82b469b2c01,11700,praia grande,SP
9dfa54220517b2eceea1134d006e2fba,6e5ae65e6fe7ab42b23fd320e88ea33a,22470,rio de janeiro,RJ
127220f5fd65f325977f3c96d2538ea7,a69774cf9758fc590d8cd63a1192f717,9666,sao bernardo do campo,SP
ff891bcae7042cd5420f17811ab607d5,c7fb005dfaed077788b1da6313ee6688,72301,brasilia,DF
25ed2cef5a8bb4452b7fb9d425ead0c6,b1719bf5c402180f0495605a6d4cd5cf,98789,santa rosa,RS
2fef57f217a4ccfd0d8e3bfe20ed20d8,d6f7809726f5602f3cfa13c9e0707f25,95700,bento goncalves,RS
3efe8c14fb961e74166b2b32cba0a386,7ab1ea5af066f5c469ccc473e67d06d8,21815,rio de janeiro,RJ
d483bba64e114461269d13a1cd94606e,39f75ba50cc717fb52547486e7dbe6ba,28300,itaperuna,RJ
5c5539a9bb527a0c669e8addeff05e07,64768451371904fc0725b54d9a8c8c50,98700,ijui,RS
4b63e580a723f5f78ecf8f0d4c81890a,c11274b1c6ddc3cc5c486a2e6cde4026,37701,pocos de caldas,MG
6c8f5fc2f614c15dd249aa01a28958b0,e07cddb94e7699c001f366b6ab7c62a1,95300,lagoa vermelha,RS
a7b181108ad1e930bc3e161c9b60e9b7,2fe6c4529825d758b955ef6537b105c2,13202,jundiai,SP
f134b34785e8dac47c9ef048c49f0916,e3259b1ff361ce816be518b2a3efed3f,17800,adamantina,SP
9f629b86cfcb063c2d2d714c7dc9f376,f48daf2f5cf6d61732f15d6352858b60,18108,sorocaba,SP
540acbc48a5a5ef158b6656461288337,eb4a893ea8b36a4d88daeb9c433103d7,36080,juiz de fora,MG
bb4f37452ca6a6d24da2acd8ed4dd726,2fcb9194bf02e8181be3ae0fa37feabd,12010,taubate,SP
3a12a70a52ee98474564a58fae43b4d1,d5689505169c5b503aad7653145fbe2d,97010,santa maria,RS
2d61700a423619c9079c538ed61967dc,6f54e4948259bd0c7563d961f4ac921c,73369,brasilia,DF
319c5ed662ae2f36a7c5fd3f5baa4008,c5da99fad84505c7a0079c005d0460ce,13212,jundiai,SP
35acd266353bf5c3f4cfbbf2af784790,b391b8f94198c52ccdf5dcd99e007a5a,21231,rio de janeiro,RJ
541d3a3036f302ab95436fd3d7947b08,8f6565c0dabcccf145013cbc1f8ae655,13806,mogi mirim,SP
e5c8ac379c73d799fb006f94e2cc001b,2a8af6349035f556c845d3939d25ef4e,39401,montes claros,MG
98fe6ae8410f2e46f8169623ccfa5e6d,801be759d8867e392827a1fa5bac26d7,4746,sao paulo,SP
19120755286ce78597e0b3c65207bfc5,bfcc752781919c28fb1f9a4fa1cbd854,18075,sorocaba,SP
fbb35b170d5c724ec5949550d50c0062,26c2f2c5d0cf37fd0b406d97df3483b1,11725,praia grande,SP
19a422db4550e44786350c8d079d3549,af8c079173ce0f739855639f3fed6354,19816,assis,SP
940fe3db65ee9d7d1c57233b5f6ef1da,030df4046f9f9e7fc4531b24b1e853fc,14801,araraquara,SP
20209b475c58be96dcfc7d9f773198d3,14a67cbe2b1a3b760a5d22ccfe9f7329,30730,belo horizonte,MG
6242f089e08495628144e302f88459b1,edc2109d7cb3751ddb94b282bf5defb3,38870,matutina,MG
48969e0a2e81b1be34e650c00415e030,d7e0cbfa7a0017e977db6647cd3c7df9,4931,sao paulo,SP
67a3c95ffc4184739559faccab4612e0,8353b15b3a1f9ebb6cecebcde4432d3b,7912,francisco morato,SP
124ad1a02952811749ff9285b5e0a5c3,2279cf489dcf3b1d919069199fd70387,20091,rio de janeiro,RJ
e2206e15b4f1a53db362ecf2d200e0c7,4575635c52052ee618c2ef25aedc8809,22753,rio de janeiro,RJ
d63e92aea6fb367972e3cc4f232a1976,fca073b957482b8bb92de22e5e9c80d6,80020,curitiba,PR
981cb320d6e0696b7ec07411513b18c2,8b1def228c4c700e7d5658b09c966c9d,12906,braganca paulista,SP
66b14b570f80d68efd68d0d0af74447c,25cc177af76414e81821879fc131bfd0,35030,governador valadares,MG
b881f59b31df61f2728d3d9b42e93edc,46fe28a37808da7649e403dc4d896d59,27197,pinheiral,RJ
ed7e76c66f7fc999b2529782eaf34b02,5adaea6b8fef96ea29207caf25e7d54c,23916,angra dos reis,RJ
e87df3e53aa83dad8d8dcce442c1e4ed,681e49ea1e6ceb13cd7d53312ae92044,74363,goiania,GO
e0b89d3345cbf9eaaa1bb96aef164b22,df9a45df92e7a3d3b143bb47ffe05d7d,21321,rio de janeiro,RJ
bd9635049655c05f3ace849a74646dfc,46cdd1ae646279e9b4204ec41b52d8c6,96450,dom pedrito,RS
a830ee143fc6569553949bd8b06fc776,eb90118235e04d92da467525ac93e807,22743,rio de janeiro,RJ
df356d484fd5d357a5db8a7cf0da84f5,d8399b24ad3a8d7601c8da83b7f70af9,66050,belem,PA
9cff91a0f964e7ce2aeefc58df39d4e3,5079f2ed906aa7db1cc50019db46684e,15700,jales,SP
d3a853408a30f995900bcd86f3b13923,ed200e7b5f234f298db0b45bfc977b32,6826,embu das artes,SP
b34983585f48f0c976e7694292618592,5f767d103332ebefbce36dd1581acafb,8771,mogi das cruzes,SP
5ee78fcb306b9b6f586a4e0add28b5a3,a4f9f39d4ecf2186737624f5060e7599,14079,ribeirao preto,SP
38fe17916fc80f1ef8722075cafc9070,2cb2373183f61849954e53064e2f7934,9180,santo andre,SP
b960facb09e55b91fd14efb587eb5bb3,4a5d1c7991061fc4025e6444e0676265,1229,sao paulo,SP
fb5f2c08ba026b94235ea72c0368be0d,a02152088bb8e51eaa946218a8e50744,4941,sao paulo,SP
4356b30fcffe508b8253e740ff7b822b,d3a803cb51b0748d2f04ff942b3dc0a5,4639,sao paulo,SP
639b4be4445fb77ca44168e45ff2c188,d4e95398b921976b908200c31929db7e,3225,sao paulo,SP
b496948020f25e717805832d6226bad5,f8e965c33a56600fdc7fd54f0226f89d,2022,sao paulo,SP
4d7041512edb1185f033b1d50eb87283,cce3432f546c60893bd2ad7a2001148a,31910,belo horizonte,MG
3639a536d60aa45e10e420b984b212b5,07ee1c167ed532ec5d1325758f063f8d,9580,sao caetano do sul,SP
3e90f244f79cec7fbaba94c4cf081f3c,73c516a64ff064268d32efce2a9b333b,27524,resende,RJ
1b647f8a54bfd8baa6a26e3fadac97c4,8987280b085470a9fb0ee97d75342411,51020,recife,PE
cb275ec0b2b788d7c59b92ba9bac692e,2e956ae4ca5b5d28539c75c1d2adc716,37264,ribeirao vermelho,MG
96f07b2996e653975a432f648ddf7d33,6dc35d652557b7bed5254b29b01185e1,24451,sao goncalo,RJ
2ebd9fe4483c471718102ebf83d5ea85,dd9da07aaafd77376514d3031c8260f8,4601,sao paulo,SP
92fd2dbb19fd39ea00de6be68a726ea9,1b5f9e9a593f59e9b716b6994ab2e197,4812,sao paulo,SP
c3d8c825f8b88801bcbd6034fd4e438b,814101b83b85436800244d9e0735c2b0,88067,florianopolis,SC
25c02365611124c7e9a013edc5c26584,7af5f8dedeb7639610202d270fad5a5c,8505,ferraz de vasconcelos,SP
180eae39552bf810179a896b88693f79,4e70a82228226ffd96cb25aa6376f286,4213,sao paulo,SP
4b9a9a8f782e51945f239d38303a0d5a,2c45ab66a3dae52960147e76a35740ff,97020,santa maria,RS
8db0be73eebc0c7a758ffbcdbade580d,c70bfc4b936709e674c7df6068ba116f,21842,rio de janeiro,RJ
75d3dd3b7505875bb7eada66fe90e044,0e9e72213d303d0ec8629dc2c6f4b234,15076,sao jose do rio preto,SP
7c4e47338fa072729a94fc1b18e6531b,503055e262756581eb9598f07466e485,62570,bela cruz,CE
fd650b09ca50cbec651acc566907b2b4,5c592a4a6e10497444ac1f7c46d8c51f,62910,palhano,CE
88973adbb8d9a870b3d12137c4fe6c8b,5c29495a80be1cb218d3428a8cd3a6d7,16201,birigui,SP
6cd52f4d9b9cbbb03ec1e32184fa50d3,72abcd406bff5122c45828b69034479b,9891,sao bernardo do campo,SP
313da4e668f47725525d85459b580bde,1bffb251ab9271a8f618dc633e766d6b,82530,curitiba,PR
5e51f41c2c9cc612e4d63c9fd18b28c6,0015752e079902b12cd00b9b7596276b,3169,sao paulo,SP
b43b66d0bf62b519a78dec638270e225,19fdafd703bcc16f9cc7cbdd6114c4c3,45330,cravolandia,BA
011f5f2d716eb919dd944494c0db328b,f2c529076a2edc67ad5da913050fd526,95185,carlos barbosa,RS
e3f00fa1b62f66c2a2165901f56e7be5,d32f60c918b1433e64d5981961571163,30330,belo horizonte,MG
9dd3d654d1cc127f5b0689812509ebbd,60863e9f13562f664b73e6f76ff85910,4828,sao paulo,SP
35eb8474043d903a123d6d6965c530a4,a689fe2b66cd8b68f8eb95a9c0e44cb9,11630,ilhabela,SP
288f149562c32b5c08d531af328609e3,9baa0f8f2b85735664bc160a008a79c1,5059,sao paulo,SP
1291f934fe7340aecf7cf73d56781a35,cd072dfd9add114eaae663268aaf07eb,29709,colatina,ES
8f8a5f4584c7229510e983d6326e61c0,1248ef2fd64344a3070e97c07061ce3c,4438,sao paulo,SP
6a995457b886564201d3e6016b9bbbbe,20914a8b341d905207e3de6ed4caa09f,31035,belo horizonte,MG
a00009bf8489ae779a18179b4716f195,207ba0e71c642b6eda7d0f4d41673751,9750,sao bernardo do campo,SP
13431a9121307b4780fd792c4d248684,13e39727a16c31cb2f91569351b31d13,60765,fortaleza,CE
838175db4d894e2d225b420806aeb6f0,92bd848b73f8ca45c131e67b06d526b8,4127,sao paulo,SP
c01cb514d2cdef5688096a4c372f31c5,060fb87bcb9f60275f3fc857b35be629,4930,sao paulo,SP
73c14fc30edfb5774671885e6f50a2c4,ed8abc098e98f7b927c9f8ab8243d867,4361,sao paulo,SP
e545e697bb9d1b81e0a702121d4e94d5,cdbbafa842e30d5e79dcef5bdc118831,7175,guarulhos,SP
043dbb0e26536d1faa2c5286b3dfa926,224fec58b2ae81595fd9dfe2a09253e4,30170,belo horizonte,MG
284e326e8a71e55bdb0b210ddfabaa27,79e12483f9b14c3254db94bd137a4b70,49047,aracaju,SE
c87654c6c5492c2615a6c135b017bccb,ba8cb30ffcc1d04326f0d51e09efd36e,13820,monte alegre do sul,SP
d64bb31d55a652ecb27a58846124dcfe,d75ab71c59b8325941bfee4b86f56969,13560,sao carlos,SP
0295853908b4ba8c84a8e8b550eef3a1,71bc312e28f745e3f1fd70f15c5b194a,5612,sao paulo,SP
8f2e8aefe35f3bbc037e50fb77b4bce2,04971801420422ac37540eea29047f22,18081,sorocaba,SP
4cd1aba36c0408f9dd728acb8e7704ef,eb7895c1577088d6a0b86186fae2f679,41233,salvador,BA
f1e72e6212d8f92341aefe99209898bc,2ba3b74dc3bbf6a4b1e3692fcce257d7,30626,belo horizonte,MG
eac61be2383e572f69991d5cfa60a0cb,7a9f8489e96f0c53f32c8bf362bf4ed2,18118,votorantim,SP
801d3adce37e5f15cd3f68c79e0209a2,5128cfed3714b48fe3e07fb068152293,5265,sao paulo,SP
aa78339a081ffb1671c7140d2693ee86,4d0d481f5a938ec64900b4e0b317e15c,37750,machado,MG
70fc0ba9b537837220a6b446bf9ef1dd,92e9e31875b64e3915b55d58c955a771,35420,mariana,MG
aa04f4a6ef53a5e85ea9e6fb2a89d043,980572a22792ed5926c8a3bef3847743,13277,valinhos,SP
b170a6605f3743032f38d8a86c416181,27d766a27b895657f61a7250765c1239,5049,sao paulo,SP
b2d844119e557e4a04d7acff5870e62e,167598f3b3a218d8e76d71ee3f1fb6fd,35115,marilac,MG
f0375e81392cb7499b1139be16fd21e2,1aa4ee2488e66eb75eac7abb47e5a2ba,24933,marica,RJ
e29eb61a92e3a863fa3d462ddd062365,3bc3bce318eec9b0412ed505c583dba1,4655,sao paulo,SP
b60c51ace71de22be01c829273960649,143b56c43d22f27d81629b676ef497a2,13218,jundiai,SP
9a926a6d7f4cfc314e04fd9b4eed0672,c4c35b9d3d1e2564334d3154ff7d28a5,88508,lages,SC
129890a15e5868e3c3a8cf15f5483a31,ad3f5857368b154b772878ef1877750e,37553,pouso alegre,MG
ab1696e7c2c629e56ad0edc9daf39330,ae6cc36c6ffd4f5f3908dd1391636f22,70658,brasilia,DF
b699abc1a43849f50a8b15a9b7df2978,3f79d63e7e3a081e08233f0c8fd9352c,24415,sao goncalo,RJ
5473f422040272bab80a4c5a22986403,663c126eb97316f20643364c3aa618bf,82840,curitiba,PR
3b11d54278a86bfa191ef947e654c9cb,cef42836ff25476d55c9a3e58f8da99d,72878,valparaiso de goias,GO
4e5570ae69c1badaab290766540ed0af,2e3991c453b7a3b24907879771ac7818,39705,sao joao evangelista,MG
bcffec72072249c0710ac3ce3224d782,b116610789b3383452eb6962a844364c,32661,betim,MG
e8bd9dedb1baaa09c28c86c31597ac70,24cd123e1363966acbc70d4ecfae3c83,2989,sao paulo,SP
a64f98b1b0d8e2ca4cba10a0a2adb3c8,48fb6bd698dd6bdd87a263c713f0b1e0,32405,ibirite,MG
163f01c01483608934a267b0dd53f36b,9d5436ae02eadf36b1665cd72c23c03d,5303,sao paulo,SP
0d231180261545b94c266d436ae206c0,a62e217991e220e9550765182809c48c,14015,ribeirao preto,SP
223a9aa3954976590fb34edd7ad9ef63,ad3865b06077d4271c1968dd91f76aa7,5089,sao paulo,SP
9e9cab5f8089dbfb465b14561a59606b,b28b906d2e7c601ca1311dbefff7962e,71070,brasilia,DF
ef6ae9c605a12e4d51a8d2c6637f5603,ec9eeb5f0599d9b4c013910666b563d7,4158,sao paulo,SP
7a70359d3aebf020c96e6659cea51b35,d95397665bf0d065e5917d398692a0a2,31010,belo horizonte,MG
6fcffe4eb7a8012f3ce4c7131825a048,5a7f299c8747e5ee47d8212833a551a6,17211,jau,SP
44bc4c58308826749dd6bc260f1ae5f9,b659acd60c6a36583dcb78c06639c324,8584,itaquaquecetuba,SP
097c16abe2faea176ce88673499b5525,5634e75d99bb303da48151ff3bdba1a1,7124,guarulhos,SP
5508dabf6c08f39d67b8d1bd41b121f9,2642f11f7c5588a63213b5e67e8ad0a7,19905,ourinhos,SP
842ef6046022a1d598171ceba0f88b84,dd76e8ca7507c3689097ed0c0d0d6978,18530,tiete,SP
2b0a2a72dfc3c8246bb03bbe7ec220ff,e09afa5e2d5a341b1f64504d5b73e8ae,13030,campinas,SP
d3eac6f3d395fdf17814107b34247c62,3e720608d10c93f40324a355df2f15d8,82600,curitiba,PR
0d573cb6681904906ea6b9ea47662c99,fd9375cde96035e89ef73d5a2217901e,35277,sao joao do manteninha,MG
5d5bc8b660d3dabde0c61511bd38b93a,2b155682ad857dd6c196b58c31f24d6f,9330,maua,SP
09c50d2e3af66a47ca1c6b4201c0da0f,b009823cfeee3095f86635d366ea8b69,37440,caxambu,MG
f84f26f63740d611dc698e3000288cf1,0fa106c070f4109f39a50144684c4afb,14840,guariba,SP
e8d19c7ae749d892ea35e91da2f345bf,3333f0287d8a19d37985d4920dac1ddd,6542,santana de parnaiba,SP
53ed1b71c8f23d10c4a53e23d922bf75,bdf5270da610426d53cd6011072c87cd,30710,belo horizonte,MG
807273345adca6ba9c3ddf306db4a6f0,f5f3d8ad3ed4a3e5d25133c2695e65b8,68746,castanhal,PA
12263c794936bb8d261c59e7a5edb234,998f20f15dcdc4cd0dcc8ae495645864,95700,bento goncalves,RS
1fa51f227dca1a772254a612a2f5e834,8ba0ba267bf46da2f206e78c3750e387,32185,contagem,MG
b51281d5c8fe567753940498c6508c49,a90f28cacd952c0e995ac0f08e35f03c,6763,taboao da serra,SP
db827c31e94738e7525af419fb6afd82,849eefa91907d63e6dcaca86a4de7696,22221,rio de janeiro,RJ
e63a28032d2357f7e15f9b854106ad3c,a346465f29d779b65c0d21ed42437e91,4311,sao paulo,SP
7954357131868773f331dc295e44c114,21daed08227ebc5f42028a762d0cb394,13212,jundiai,SP
2bd76f7c3456afd0a6885eb89e8bc212,f5faafcfd2343397124c26009e3f7eec,6114,osasco,SP
26088294bb55860ca38501a1182dce6b,dc6da86086ea05abb979ecc24ae1d500,13348,indaiatuba,SP
460e0064a01d92dafdba00dbdbd4f3e8,1a27a558aac4c4bfe3642b8c9bffcf4f,17730,parapua,SP
3c4080981138bdcb28c729effeb9b682,f310870c0f40daadb81e3a81ea65ee2a,32071,contagem,MG
540a2be873e8d6d01db05d4e9e472aeb,513c9e0028a7ec60a40cff40de4eb223,3729,sao paulo,SP
5c65d66acc26df4936841c554206b882,f16c510985f4230d5c7c62dadc937411,22430,rio de janeiro,RJ
410c833d05f34a5cc222c9b62fdc13dc,53ee07881a49fd508030f345ed9ad12b,11740,itanhaem,SP
24d1673dcb9ad3352b01a11f197334ab,5aadf276014508c111699eade2d710d6,65075,sao luis,MA
7af9d19891847b24d1003c709349774f,592596924fbb356d2f929f3a57b0187d,12490,sao bento do sapucai,SP
04211982f170cac46abffab95d63bc7f,99b84bb39f59a6cf395e3d7b2ab456ee,3034,sao paulo,SP
4280fa78d7c43abc5e98a8a3b44d9350,4cfa5155cf7cff8eb15e0b12041d058e,4746,sao paulo,SP
fe58bbe7df40b2146ac3b2c65852ee03,423d40b193638955a782839886648464,36046,juiz de fora,MG
f94d7db76f2226b4d4375005e451ee41,32977ad79e18d02868a56afa22a3a270,4293,sao paulo,SP
bb02dc516c4e37f003e8e802369a3a66,b30692588e0b7db33f62aa7325755458,13056,campinas,SP
652ffeced47320f5f599688f903621cc,a7b492ef62514922d96164555734bf38,7131,guarulhos,SP
c4e0a16af80a051c0641f0bd76622c7c,a2c484052f03bb5d2533b1429eb938df,4126,sao paulo,SP
9906c44b485432db112526c0a5c2f24d,8e8396c52591c16dc5337c7e9446d45e,69060,manaus,AM
f72d23faedce4668482b0952c3907d3f,ccc18053f74ccefee4e4dfc5abdbaa89,71261,brasilia,DF
776f08a4e825c406004d9e30e2096d17,e3d27297e7073784eb43c4ab3f1288fb,11630,ilhabela,SP
fd041a6da0b3bc599811717a2f42f7c2,eb0bb04784b2f275ec5dfd88e0b4b8a2,84500,irati,PR
3d7fab786b66851c00acb6de08a5d7f4,93db82a737772d3f4ebdac173012fdf1,5145,sao paulo,SP
8a920081eb3a86e479830b3e3184bc8c,ed1dab3e2a156ab47043d93fae898a0d,74495,goiania,GO
38add232fe69139e5bf22ec141a8d5fa,4702ba5faa8283e0f6b6a545cdaf8a9f,56870,triunfo,PE
98f485515e575607a8003b17e91990bd,c7b4fb0959a97e7033ff9bef3b1e2ba9,27521,resende,RJ
f3f955ae1cc137ab2ec810ee255b2662,574241537a24a10ba4219b4a7c308b4e,85884,medianeira,PR
6ef976791b7cc4be522252565249af30,15c0e82511b2b6333476115c261dcb6f,98410,taquarucu do sul,RS
71e993ef101217dfb733f56e8f99cc20,eae27b5d35951bf2e2317457f4d47ed4,6182,osasco,SP
d9997dbfa04861886b1cc4187d51e370,a22aca4889f1d5b235c42b40b059f78e,91150,porto alegre,RS
b38660d1523cef75218d24553accbd7a,322c3cfed5f9ddb133c7f9b93239270d,15355,guzolandia,SP
8517e7c86998bf39a540087da6f115d9,7f2dfd48dba158dbf61ba2ea631d93df,93530,novo hamburgo,RS
2f12998d5a7beeabde7287c051eec9f0,4f588e08b2c4ff20661cd180a8b71b55,73920,iaciara,GO
4c5a1e184ff4fd41b2d4ac212b95d0fc,cfa69922f9968e0e6271647abda09b09,64063,teresina,PI
7919c98d539dbe20896f917500ffdba6,c8c34db5088b1fb2682aa1a2c11914de,75570,bom jesus,GO
fee8071ecc5ad2f5b2831c4fbd9b3cdd,964419499a4f095f129f60a9e45e419b,71925,brasilia,DF
a03d1c4fb3ab197796f185ba5d5122b4,f7ea3ad9a5dc3051a2a541b2a859dda4,21660,rio de janeiro,RJ
e20a0968702ce304cc5f98ad6094ee18,1b347d3fb70074212eea755ab9adf0df,74885,goiania,GO
da04bba71fbf26d94a9b35ed6f009720,e652aa1b63bd07fcb1e090cedfdfa094,4282,sao paulo,SP
60116169d2e99e427f26b84185efe36e,4648c711cbe27ad988bd420693c16744,25780,sao jose do vale do rio preto,RJ
58abc50932d82c0d93a282ad8d47757f,87a5aecdd3818fbf00225653db863e81,85303,laranjeiras do sul,PR
7d5f98d04443ed87f53433191d7676af,61f40a85864a53d307fafcf1b627c96f,89899,ipora do oeste,SC
c59a26fd6c8ed95ed5fae98fc9560f96,598294cfa8e0dd8b5e81b06642bfabb7,11410,guaruja,SP
f21be09ed30fde5bcd335c7f3637f128,a0cd1f3e0a9259b6dd8ec0ed4f63a63e,33200,vespasiano,MG
e67264eaacd7067c9b03a87a4feefc8c,40ed1832c6a9365f80ee90c702157684,74914,aparecida de goiania,GO
3c988f3b57d8d2a231c6b1df1bd15cab,fe6cae7b4ec50b71fe57349e39e01e4c,4154,sao paulo,SP
bb0b336b64ce8d27877043e5f9477e67,63a5d1be2682f35c9a9ae974dc9a293f,2420,sao paulo,SP
6e395ab5d68cf6554bd11b05c576f154,f8b29dbf70b313e3d47c3ecc1baf85f1,9912,diadema,SP
5e4c9ec63bef151d6e87f1a96581b692,53f83d958a9f00d0e7913a0e6261885d,13331,indaiatuba,SP
9f0b591bc0110c16bb95fdcb47878544,e015ce18751465bc79eeabbe3f0064d5,18113,votorantim,SP
710f79302fb4b836681bfd921167167b,42065396a8ea4eb85ed40b88ec739043,41195,salvador,BA
d91a0d822683606627c0694c208b90db,370d03d053c21179153982555c9daf82,24320,niteroi,RJ
af69c0e9111bb4c346dcd2d74a37c02e,bc6fde4d63f48695ca6cd049d93a4e66,8900,guararema,SP
8054353ddf4b0467f31987ace6bfef6d,8012cd1b2c99f33fe82d0bf478a9d2ac,29047,vitoria,ES
3b05eb53fd64dbf2e21454026079e02d,d7cfefa991e6c4f12d98d640d633f53e,1201,sao paulo,SP
a3e8795e27e7e50f56f6c7742551de28,3bf9a44ef770ac450177ebc53c1445e0,2227,sao paulo,SP
17b3e7f93c1683a293e92623a77cbf80,aa120cd97bd8d3d1fd9b730cb22367b6,73401,brasilia,DF
5d719b0d300663188169c6560e243f27,b84dc68f02f122a88d7e7bbd37b06204,22733,rio de janeiro,RJ
10127aba366db1abba5a47e89c03df66,c7ffd67556b0ce043baed501d4899bb8,8030,sao paulo,SP
b0f06b1979dedd3f28f8f0d5e4ad08fb,79dbe8f7d2cd77fc463cfb663ab1375c,2402,sao paulo,SP
1d4a4c17dbdec7af9f63bc4261f2537c,b5342d59b7905647e98f66e3985f0e3f,28026,campos dos goytacazes,RJ
99383db9c2af4cb2ad7503ec2f552c42,df87b0cb0fe48df0d006e85ad82c2335,17519,marilia,SP
d73ad9b9d4bd1fc0dfdc66db5052d09c,9fd74c4f8857af9900779476b7050114,80050,curitiba,PR
55b0cfd42e4162d7976f130efaa944e3,0d4939594311cf6068b73f410432b426,8225,sao paulo,SP
b2378e4329384d595b08676b7d631a48,d3504143c68ade90385518dd26d7ac05,12229,sao jose dos campos,SP
f7dcda3c5064b91558ffa7e9ff2521cd,a5f5307e70d0827d21c8b9d9c598749c,13211,jundiai,SP
fd1600e4be4ca48f98c8f5f1a567d2e8,8edf2f01cfced5db867743f765ca827e,30575,belo horizonte,MG
ed49fe4d74601cca98f28b3b5f3f8968,431009e9bc3dbfd4d5076bf068706013,38408,uberlandia,MG
f87712f15c2aa54a6fed9be2010db5e9,202071f9dcb1c67ea10e27a67248a519,14730,monte azul paulista,SP
c2a30b1aa2b0f4facc0dc0c32e4b9681,6c4f22a436757085432e2615eef0bbc8,85819,cascavel,PR
7dd6b8c6aa412198c9b992768af8683a,07d68754c24064a94aba128946c715b3,4746,sao paulo,SP
ef6b2b4d3dafcaff444be4b56e9edcf8,9361f66eb5cc5b3ae26947ad3363cbd2,97501,uruguaiana,RS
6fe3ea5de1d1730d4d03b83ee3f6d257,f9f4c234358315806c6c10e1426db351,20551,rio de janeiro,RJ
0952956c78aba45f953cf2b24cedca84,7e222c2054b16d50c5c2e746d14dc313,91170,porto alegre,RS
e189c894a1fb377f16d96b3ecbab9829,1db732151d934ac1075ad87efd82a697,6422,barueri,SP
456c655d5a4e26662aba3b30ddbef7fa,da684931f18993d4aa2053e392465fce,22740,rio de janeiro,RJ
be773aa7205d1ddcbd209c18b50bb425,55216b33e90f01b5e801f5f3c59acfd5,27211,volta redonda,RJ
328f2c3c58fd1fdec27745a5b6aeac1c,01b42ac9d3801e6edf67f7a95f04a838,8060,sao paulo,SP
857818de2f9ea61790817c40cb6fcbd4,f70e7417b4a03f8e4ddf868d44b908d4,4022,sao paulo,SP
7dfcec15d820559bbf1201005afc06a5,a4bf7fd6b3daf4278f52ff06e040e31d,29060,vitoria,ES
0fbcbe7aadcdd17621abb6f3661aae3e,cf6b98f603de1d8450dc0096e30eeecc,30451,belo horizonte,MG
c9a9b571f333ef3dbebee9d772c4aeba,f4086888aa96c7471cc112ff31926373,96225,sao jose do norte,RS
150617471c858a7f3e210e4b6aa5955f,c874757b049cd8be19f4a28f76173f31,13420,piracicaba,SP
d152e59310ba4b2f8a71a0c919f1c4d2,de9635ece12e65615746483baf25d62b,34800,caete,MG
955118c4a064ac49d1d86cb81745eca3,b90587c498051476f4a75606c0639a0b,3988,sao paulo,SP
001df1ee5c36767aa607001ab1a13a06,46b44ab325f78e5bb3dc0bbef1082082,1030,sao paulo,SP
a264ac5f06534a0068374ff8194214bb,293a0d1d0df31bbc3caaa535cf74486c,86084,londrina,PR
c968a52fe5d6911925b5a108be430420,8bea890ef93defda655b18f57f08f72e,13347,indaiatuba,SP
ba952a532d1fe3ea12b1bf75172b7fe6,625990f2d058a856ecd3b2fb16cf2e95,13010,campinas,SP
a4281c769d0b18874653319a49618bbe,286af58dd53e53cac21c7985527712ce,9850,sao bernardo do campo,SP
34a015971bd8681dda63a6ac74d6c825,dc12569409e7f9dcd01e3449cb883571,65922,joao lisboa,MA
fa532d6efa18c58f116c788f937d0b7e,7b03054b90e1c46360273803ece62706,73041,brasilia,DF
99c28efdcbaf15c20b31be33fe964653,c852d30267e8921063f7e76e16f32a95,1521,sao paulo,SP
b106252b35efc5f02b390bc3f6ff5433,e02e585b8b424bcdbf55e356e7eaeb91,18117,votorantim,SP
8f328c1ccdd8ca4e1c18d6a31ed528db,d3d445d7a56e9208d3924d55cfc5da3b,62053,sobral,CE
9c49e901b9d95371916c3342a636e16c,81d2923bb77ffedb4cd2f5a5fd4dfa5f,78025,cuiaba,MT
d9bfba2f23389250401438a7d9875a93,c7eac605a5da4866c5d534b5d6836797,32070,contagem,MG
6db52a0ac6dfef557f3df52ca90e0fd6,21b123b5213f8b5019ea3a6d050e5e76,40100,salvador,BA
c78c34e7592e3ebcf506ddf2e0d68e5e,6f80dd8505a9fcaf272aeaa787e8daa8,37014,varginha,MG
61f3d4533295490f67b10606b6255145,aee418ead04e58bb608a7b34a43e36e2,21710,rio de janeiro,RJ
94d5f4cb359028e2e43c3c240f4d5c81,248bf919367fa1e37a5af84d254e9adb,21840,rio de janeiro,RJ
df17ca4a6f77fb1b756e30d6eb9d3be5,ea99bd8ca369c4788331362ac4a65687,81130,curitiba,PR
9dacbeb9f84e684a8dce0f08765b6956,bb00edfbd53d403ccb1f370e016ef44d,15860,ibira,SP
e1692eb72952a0a14c8abe0af6416b8f,b9c403175f57580c5d6e62913bb17f6b,14400,franca,SP
5f4e8d05ec1f8bb24733577690c48f5f,041e38de03ec3b5f23ba5f5030a52b20,30441,belo horizonte,MG
28b4954efb44438d6b8eddc52ed8c341,75d441e15d55741e935e018e42adca06,11722,praia grande,SP
c608f7336568970b364efe2928979019,3f66d7e007ef728aa55bbf88f8c55034,89990,sao lourenco do oeste,SC
c98bc4064c2da2e8f87a2476bc07a5b0,c89e2005ddcd889c687343e2a7d7a115,37800,guaxupe,MG
0396cb45bf62655a5a16b9c8f306d12e,cd551cd35d670d82eba95de67c89b9aa,11030,santos,SP
ac3e01509ab5a9e7bb1bb344048ef81d,78226cd13665e08ed26c983b0d81f4e4,88702,tubarao,SC
a3841b3e4a14793967fb8b112db2c81e,3b0745c48a097ed671e15d6172db3c58,14160,sertaozinho,SP
081ecee4228a97b36aa3b2cbd1bbc1ba,6cad4c6e0f924934cb7ef9ef61d64302,23010,rio de janeiro,RJ
f143ffc83f3b2f26c4b9ed37f0f70bcd,7fdf91e0344d24265b925fd3107b2582,28300,itaperuna,RJ
befe7db992ee0eac08fbf09edf110fec,30d6fa639215a7101b8c5ade4379ef21,24060,niteroi,RJ
af67b2b2d0c9bf64c5337d46fcacaa00,a00e1d460f1901194e1db1ec8abaebcf,4552,sao paulo,SP
71999455ee91778f2540d6840640d8a5,3a0aa905da1ce8ced9144570dd49fd18,4610,sao paulo,SP
af24747ac0b08ec8552954a3b7e00d14,6af6fb422d6fbf0b4686d35157cb0be4,13485,limeira,SP
46b9f01312b49da953d7cd077aa394ff,da208163aefc6ab8794d98213f2f53a8,22081,rio de janeiro,RJ
cc220e7ea3acb606f74a9ef371b73dd5,ded30b380b67fae26a797e0fa444fdbe,13506,rio claro,SP
a0a0dd13896ce11d4a9058e3e82d031c,b0c835ab23d677c169486205e7d1d296,35920,nova era,MG
750020e5e910f6d66518e66a64b70d4e,11f5fb5c11d7751687290dacf629aa29,2435,sao paulo,SP
b2a90e07805e2b5d215aac2c3c6eeeec,6a8ba6d38bf76b702054d6fadc3664ba,14780,barretos,SP
dfba1d9f756dd0de7b16868ff84758c5,4f2ad3c906341fa7f17cb54526d34427,79022,campo grande,MS
cad98fd1dcf33315396326f7fdefd807,8f50343fea45d07ccd56820112c91292,1423,sao paulo,SP
93b1e92e3e0e0e8ef80e6623437377a3,1dbf8e84f39c0414260c3cbd2c182dfa,29102,vila velha,ES
2440bd5050e5264f2759bbdcaaec1b5f,1866e928e2fcaa6ceb5c7cafe4e65c6a,36016,juiz de fora,MG
a48c2e41f8bbd21452646a72838533bc,2becda1b0931e0a482dbbe720d4b84bf,1528,sao paulo,SP
42b5c4925f0f3725649d33e3833114a5,6bfca63ef6ccdccee94ef0b0f6b6b158,18050,sorocaba,SP
0a4fa9d3cf031a8a4cdf08879cdd74c5,8e6c00f85f4114571cb7f9387a46c392,5783,sao paulo,SP
e2a4a6f0fa0aa313974d5a53879a8218,937957cb1bc6deab6796d96f528d849d,30575,belo horizonte,MG
457b75db3a997e15b4abcffb8ebcc8d8,f3acfe83e456086fc091edac000d94c3,74371,goiania,GO
df707c24918c1bfecc01f98bb8aa5bcc,13ef4447d19c42940bf95a4102e3adb9,79150,maracaju,MS
6164f45c309a294c6835a4c8dd5ab0a4,ad6780efb9500f433294fb26028a2477,57720,pindoba,AL
ca0dd0a80b91f5df4f5da217c25ed722,83c9cab44e9704290e6302a6a315dfed,9090,santo andre,SP
b73a5a6d0d5c5df177499c0a40ad18dc,db6d0877331d6e6d9d0242f575141ed4,13175,sumare,SP
fc6bab6bb079768258dd4385b9e5d7bb,a9ad39b80ace826baa900d906d27975f,12922,braganca paulista,SP
5eb5291405a282b505795bf56d385a16,d3cd39310c2e0c80bc7ec4127f8b6465,6704,cotia,SP
188216cd8b26fa96077da81f35b43ebe,a001dad8726d7eadddb0142d138d1cbb,36828,orizania,MG
2bba08cecced69b889a272c194f805bc,c3481b4a695ad9c17f76f94fa6d899ec,80740,curitiba,PR
1db9b4524b0798a3ee902d3bcbe087fd,be63b3d8a2f5a9a657f1bb24295d5f56,76265,santa fe de goias,GO
1700391c8dfc8bd005f553a061675982,e15512b4dd34095c4d8a1cb1c38766d8,13330,indaiatuba,SP
b45ef5a4dd1e77011397f8a96bf60f07,4626b3df7eeb8eb910ba4ad2021a13d0,4763,sao paulo,SP
cb3ee5f55f9cbc6ed99ee638a4c72613,a37fc2f55cb2f185411e5c9b7b0f0bdf,7600,mairipora,SP
1afc82cd60e303ef09b4ef9837c9505c,edde2314c6c30e864a128ac95d6b2112,2995,sao paulo,SP
b97e1da54c9beed84628fc0a29339fa5,74c1b37b9f9b2405c4cbba42ab2ea996,5802,sao paulo,SP
d87a2ee27f9cfac923da7c70a909ec9e,6c46fac4427c66dba3d39905e3d81497,70670,brasilia,DF
6565af20feeebef7ba6555d673c9b418,50c544adc0b470eef70217bd327e672a,66053,belem,PA
6b7aa31cb6d5390e54b3b29b9e581db6,b12e97cb3bf8d1b59fc21cfac8e9dfd4,86840,faxinal,PR
c4f1698f4fe9cb800d734f89e278a760,d5f31c1c96b0bb8b7327b7990bb5464a,29210,guarapari,ES
12d274b678306cdeadad69c63c2f4d2f,0856272ad8bcec5b7491b8e27b12e276,90130,porto alegre,RS
41fa220eede53dadcc159a91d067533b,cffbb6f330f2453bfd474b8a95374fc7,13400,piracicaba,SP
c2582af30840b93f339e170d12dd3d1b,38147120ef93174c2a4dc73918c2489a,4534,sao paulo,SP
cd6d7cf3eadef3f54d1e0ecd103510b9,0f5eb16aac43643c1a6200a348170b6a,25901,mage,RJ
5e482d27396e900d40249797158c5507,91bb6c8377b8e6b761c2183cd9058189,5420,sao paulo,SP
aea121c7ed7090e3fd711f7e6e74912b,ec68881255e1e36e750fcb69f2315092,64006,teresina,PI
577b0e97dcb857725b8b232423bc3760,1a0070e3fe102154e4bb6e463dde5035,4619,sao paulo,SP
3e9aca248d1d381339c86c8682cd7647,ba91ddb8d6474f175375b4ced893eef9,97574,santana do livramento,RS
3b6cfa5c62f4bfb3c09652d9ac539a8d,405f6a0f60d44b5ad32044970938191f,1224,sao paulo,SP
6af371c39fedbcdd00ce27dd1d7b87df,66638d4e6ade7a409fb4cf91e30b04c5,84290,sapopema,PR
6d6b50b66d79f80827b6d96751528d30,8ea097b1824dbd4d17af71b0afe04301,5514,sao paulo,SP
854d301fa7b72c81edc9f4109bda89cc,b52b6da8f90af873b4f66f0705fd6166,15120,neves paulista,SP
b46989bc8ae3f4c80f08e9117a3f3d5b,b8d9b1b15ca56677760055d06f10a796,15015,sao jose do rio preto,SP
5e3d32f8eaca4f6c9dccef909ed73e4e,9c7dea3aa16d6a972fa85ba49976a2a3,95110,caxias do sul,RS
236fd366b700741878a2da34070d3556,41187441b189057bde5777fa8575037d,1453,sao paulo,SP
150f3b531a30c607299f88011664e2fe,de262525369d8e5d5fe802dcc7935b0d,7232,guarulhos,SP
46fb8cff647939aaf32c4ab5be554501,3edcab192482e9871c17b34cf98c3996,33821,ribeirao das neves,MG
eefbdbaa5ed63f3c90230a090e292817,d615ca1cb339c6057694fdf770b50c55,17120,agudos,SP
87d04df629e1ac4cfb5cbdb9ca9b5d3f,cdd0b72a5ca49a715c3636ef66df1989,39800,teofilo otoni,MG
c3585b2275881e1c79fbb8d2c7e33ae0,6c2cfd946acc1ed65e140f7e2e28ee39,11750,peruibe,SP
64e2751a4b553c0976e7b8b3e25df7d0,e1a21064a8b91ee53a57c3af1d71649f,31515,belo horizonte,MG
70fd0299eba8564ad88ff541dbfd9854,be37c06cafca7de4303cdfc8aba6f455,79102,campo grande,MS
9c59f6c0745b8a50558adc3cac648018,39970ad502d08af64974aa8a8379df75,2857,sao paulo,SP
92a86e619888559f3e83f8a4957f6e32,924d9817dad96151ea1137d28b110a06,21760,rio de janeiro,RJ
e3a182605f44b8088ba5b79806785e67,d7b35c94c1df90d10984a663fe2f2962,29103,vila velha,ES
456689adc192943c460cdefd37b4ccfb,8964628f0dd7ab0fe0751abedcbd317d,24935,marica,RJ
a7e11431c16c7321b2e8470daa9ff7e7,654a194f73f10c5eeefa2cb3feb7946f,18056,sorocaba,SP
ba9e2ff94ab776d05be0cbd067755c50,a73e7aa41ad2bb8f870bbe407ab500cf,11960,eldorado,SP
454b4ee87a1b006a8c8b46203d670790,aeca5150be9e955ecefdc4861b04da15,18051,sorocaba,SP
887a7f0cf91952bc799bc7a555262389,ef42d0634eedeca8960208b282f1c6fe,3572,sao paulo,SP
192f9b666d12fc469b74ea5ccd41bded,fc39b5e9aea2c8f5abde3889a5187a88,12995,pinhalzinho,SP
0ffc0c85f45a4f828918ccc403f4ba87,966f5f842a004b7bc13d636f1b0fdf9c,66085,belem,PA
9e3f184b082b011c167766085ca8015c,94e32b724244b93c74c028ce960beec8,80330,curitiba,PR
911e8698dd74044892f615e51170f476,41edd0f0f3c64bc0c9462b636b1ed425,20261,rio de janeiro,RJ
7dbed95882f0d8bdb7279f822f09bd96,5c06bf4d349131165dd54d83da1f2cd0,23071,rio de janeiro,RJ
482106fe3dfb5d9b889c62e60e51273f,a00a134e5138a58ff0ea77d6248dc949,9371,maua,SP
795b085cc42ddd4b1f21acf716c176e5,918bcf2bc10b6743fb04773072c741bc,5093,sao paulo,SP
944c2b54ea0bb6e12cb06ead9d38c884,81fd3fd3cb3c6feb4d681fdc6996d896,79070,campo grande,MS
7ada4336f7dfa49d1be7bc1b14e3cd10,b8ca31bf64904983bb13bb1b7eb87d35,34006,nova lima,MG
c4f0c1f1c362bf3fe72cf405206da792,6e3150675102c8e3a7886905248448de,98450,vicente dutra,RS
e93accb02ef110eda33fbf5b00f76925,dafdf466986c95af7c653bcb4ca539ec,32241,contagem,MG
19436fb3ff972066d6abf7a2fe66a4c6,180c0185b703753d25b77b8b452260cf,71065,brasilia,DF
9fdf5a99891afb49c3d3abac0ca84adc,d99085232dfe23c140f9a990997bf23d,1411,sao paulo,SP
214da6d258e415ee782fd14c108be3a2,486a411f40fe3cbdf049451bd713d2be,35380,urucania,MG
b02b9820ffefcaa2700e368ebf3e253c,7b60f67503b439c842c87a2f395c385d,32042,contagem,MG
3e591ab5fc15cd406033b22ac28393c1,2d9851ff5ef3d3131dc8135a3a578642,38073,uberaba,MG
0ffd6b06e24c9fa1e0a6768a4267062a,eda2ca88eda95ea85369d0a4a197f7c8,55850,vicencia,PE
7bcb3207fc35ea99f2c4c2be2d9b8e00,125b9dad7c07c92db65ad372a820ed82,39300,sao francisco,MG
8342b7a301ca4f29668f944239c293bd,c45ed0e5edef4f1c7b75ad645cd51db4,65045,sao luis,MA
19aa69b9c2589d4a9e17be4d95ea4067,51fd7ac69a283bb9633a40fd7fbb86ba,20751,rio de janeiro,RJ
4332d7c872396dc12e152afb8b8147d7,5acc3d4ea12ad284f183aeaa5b451ca1,88906,ararangua,SC
e954e22a3cadb0bd6991008eb3d64803,89064e1d1ddf2f7158f6294c7a20a29c,6765,taboao da serra,SP
a4263c245321a3ad970851cfa92f201f,c10df5a4f46c60943d323761dc16b93d,9111,santo andre,SP
57881a5d221c6786c46880c5358abb30,f1acddb13b0339763b3af4497f769ac4,13211,jundiai,SP
cfec05b8c098a72ba2db50395843abdb,d8207d7cb28c86f2ccad85df4ed42dc6,83750,lapa,PR
2adc4ecc065ed5dab8712d820c8a6849,94bb77e54d5b07b5fb1aee271da6c0a1,3678,sao paulo,SP
74b973cb2f43cf69959a47ab7a679ef5,25e209db74cdfc51c2247904c8951408,81510,curitiba,PR
c9ce37a6d41d709a2b75e06238b5c93a,e9c0144e3e468a1c5b1db3239c49809f,4661,sao paulo,SP
182c15f981f0b00f0b301c171de91c79,67a89b297d7937e5ffd2d93759e128a7,15997,matao,SP
77104608a51ca163093b261e44fc8cd3,ede1f1d3e3e1ffad65670d87556c74c4,18650,sao manuel,SP
7ee0a3bafb74d553dd58b53458c8fe1b,934b9eb4677a33e446ebfe58a95794aa,75920,santa helena de goias,GO
7dd79bd17d2be396ffdaabb3244e4213,afe9cdc000a97004ac5e560d40c4ce6a,79009,campo grande,MS
0e27a2aeccb3a049d9d3acf1b9561fc3,d1ab24ff7d73637cd27b282b4ac5ace5,4514,sao paulo,SP
5f73a8fc5344255da18713fa31019e87,b4bcefcfe986c3aa133bff1b10802334,86088,londrina,PR
64d1731909bc780f4dd163b9c94b7372,a30df00a22c69239b63f02b32fd233c7,1333,sao paulo,SP
f68e7cfe3a0564b1dbc5ce7a489dcce8,d069adce83b62df420ac19008ffc57a7,36960,pocrane,MG
f91f25c334f44970a6b8e4b2f3b24f5f,df3fe24bb641f97427acab1c46a06dd2,83750,lapa,PR
d8a27f544ddc81427db0d41973df9ae9,a13d209f705cbe9214e59c10338120e4,11055,santos,SP
989f677f902616c785e3681d2fe63b75,e1463dcab2dc0fbacca56679b3dc3892,1140,sao paulo,SP
0db14e678766522f6cb08781de60626e,d86e4bc2e78c75143b9dff6ce91a3a09,17208,jau,SP
2ca74d2c5cfa0271fc22ec1e18262f83,4dfe2064941a7630609ca9f76a7ef236,22793,rio de janeiro,RJ
ff344e297e03bee1955fd3b4cfcd19b5,c9aa4d4e3b52c013ddbe949848a81487,29105,vila velha,ES
787f8c6311a284b2fe65747d3e7ac255,0b75b025a4a23ff449139199715f8960,29255,marechal floriano,ES
828db65d844ec784bcaf78ccfa9e51ef,e2e510a79b971c69ee01c6103499b043,24240,niteroi,RJ
03dfdec9ed6605bb41453c46fac2f2b1,ff3c6e588dc4fe2056acfce978f687e4,13412,piracicaba,SP
f77149c522ac4a85491db62d14ce04aa,0ef7b906320b21fe4d39f99496aaa2d8,25555,sao joao de meriti,RJ
770d8f9537fcaa28b46c57d2f99aa0fb,4b2f09b5b5e6c7ac4511090c265d6287,22765,rio de janeiro,RJ
264e5e9f32e548e54a26fd718c707553,370f5ba1aff084f218101f709b1f0e94,48030,alagoinhas,BA
ecb410ea62e82d3757e90401045a0588,0d49581899736d82522c6aeb7f7f63dd,31950,belo horizonte,MG
41e82f26c88a900c85541441e25faf06,f866d380a54c503be1744eab0f43070d,35661,para de minas,MG
13d5c0d8f58b98b7b5fce3cefa1becfc,c417bce61f433af77e86d2f87a62a37e,63907,quixada,CE
346ab1fdab6b10d0142d0ba28e58b7a1,3aea1b670b8cd1bb4a8063b2d58b946f,11015,santos,SP
2e340660b01e331114a2a9fa97851bf0,6bd06f958324c634ad8995ed4a17701b,26562,mesquita,RJ
90158a0e8d4a01321d361081d0ff2f64,98bf5cbff159d8f79277af933854697b,51021,recife,PE
326d8a01743aa13fc9b17fe87f13d784,552e9107c35b874bbdf2abb8515f4d84,30431,belo horizonte,MG
0b337ab429c8299074ace7216c267887,2275e8c3a55ae493da404450189633e8,5145,sao paulo,SP
5bf6712d826fa9d669c1021b8c1f6ded,d2b8093124d691f87d880c7c476a8fcb,7114,guarulhos,SP
fe11d27a155ab2ad8d59cdcadde0d9f9,3f4265aac241999625e521ccb38ec1ff,4841,sao paulo,SP
2500d872cf428ae97a335ac039d9ec00,4d5df98878884c8e4fc796e8d0c79c83,81550,curitiba,PR
3248bd54c8183befb76db468098cb698,f66727b308f6f480e6693b25b8d98b27,87400,cruzeiro do oeste,PR
90bd3163f91abddea340d03ca4eaf140,bddc05c034061c84f92fe1710bfa5fe4,14600,sao joaquim da barra,SP
765b56e9a7716dfe3074a58a8aac5974,54f2711f2fa5fa43b63e30c4092e1b0b,2977,sao paulo,SP
e8ae3c014c3089e4d85ea36f72cacbba,6bda880d3010df6afe07005de1b980fc,54510,cabo de santo agostinho,PE
d5b976444c9257b13cf100dd0933cff1,df69205330ca51a4f5312b0ac01918f3,35650,pitangui,MG
a8235166ab0ed91ed6042b1b7d2e01a5,81920926e32d32a6e32bd6bbe60fe1e9,13842,mogi-guacu,SP
d68f4c538ab9176ed85a35b4378d0423,9c02e1680059de9636308cde3f7fef27,6535,santana de parnaiba,SP
ed9d67265a581b5d39c4bbcf337f6a51,cdbe9e6dda65875d53fa13065d5a4ee9,37501,itajuba,MG
4d698df81acf0709e8e4390d821431f9,fcfa6e2c4c9029579752f9b10fd1ef97,3818,sao paulo,SP
60aa677f9f9260cf5b5cc30bc921358f,a069914e4670f00ee7d2e9d70584d1f7,9790,sao bernardo do campo,SP
6e46150f461f2f295fe792668fc3dc4c,999f73c83406dbc29f4c830fdb87b26b,12260,paraibuna,SP
8b74b725906ed53b60e9393d6c256575,87ba56012a8a77f540b03685ef76d050,98700,ijui,RS
f6365c594e14b2f842241a4845631c38,1e2ffe198fd3615aa1e280a9543a40f3,26185,belford roxo,RJ
7c8dba54b348b5f16f4e74a3042136c9,4f6a76ff888ac68a646c515920c0f3e3,83860,pien,PR
21874f78065a8a28c5a82c36d95c0d2e,a2058e072a55d42210fcdb91d837c65c,92410,canoas,RS
acebbc9f40ca44f6a8a1f9b93d65cde6,5ad84888519e10ff52d8af00641d41bc,20040,rio de janeiro,RJ
ff2e6691c5ace08c9c5c3109f6b4afa4,b225729f32aea3d05f33792a9a369c30,4206,sao paulo,SP
3d46462ecc04c0fdc644e5f4695f7e51,65528a8e28bc32503795207d0d962fd2,4314,sao paulo,SP
c7616d00b4400791c265c3b952dee75e,4a7da70ea95397be694201c9bf00ce5a,8780,mogi das cruzes,SP
dc014c2e4c6478e34deec3e0031680ee,80a0f31edcafb8e772a9a04546534eff,5705,sao paulo,SP
cecbbfebf3d0f81403e8a660faa0e43b,6a7af8654e89e6156f9bb6d49daff205,4122,sao paulo,SP
4bccb2dcb37df1357354a61682497024,5eefb861d4921a3e628bbc65c50a480a,31210,belo horizonte,MG
a81b90805fc8248239eee9ed0a2aeea7,0b31ab97144f6b55004e80c281016bc1,4023,sao paulo,SP
4b69f3639cc30d3f7def640b4a4ad87a,cd71ad47f19b9fd4523fa414d83640a8,15997,matao,SP
279a09411f28ae559c302075deafbae5,2faf78e5bfb2808753f951e111b1ba2e,65066,sao luis,MA
da2fbad9b2235c67c9bc7c7a274ee389,279bd194cc9790cf88fbd6442e3cf716,39640,berilo,MG
c0bad02ae7be51513d345ab98387181e,ec4ea66c2d786c77be7966902b3f8290,12080,taubate,SP
5613454932b2c4229250680708f8c0b8,185dee501a0c28b9c799ff72a3e527c7,89500,cacador,SC
3f49f4889e6b770c7864854ee9b552fd,8e06c5fa3e89b2100b17357c309799da,23088,rio de janeiro,RJ
56091616e7ea94009dae176e74bc4fa5,306cd234c18417db39138e4700ced0b1,20750,rio de janeiro,RJ
9d4454db8535593c2a2f165869f30bc5,2d55aacf7688e281b83de3ffaa61c058,30190,belo horizonte,MG
32b2db79dd0afcd6292543f98621f21a,a90810cd065ea9531c8b0e37c62d7a74,13332,indaiatuba,SP
0ba404d00159d8ce1548b956e1018c55,9239cc451fc7a6a08ea8afe790a27fae,13275,valinhos,SP
0fbe0a693526f98c8d703e94def41c78,29526de902848e13cc7d8b27b24406b2,24320,niteroi,RJ
9ade285b90d484ea144b9733aa9cf2d9,e6f7ddad5d0159e391e27db652c17246,85502,pato branco,PR
614e4a9149f6119fc5e8780ddfeaedfd,9f3a4f9a67346ae72d8edc3b766e664f,23565,rio de janeiro,RJ
235653dc9683328943db2e5c10db3d12,a8060584a077038962852f3184a4571e,35160,ipatinga,MG
043dcc3db797a03b132fb63e753c309c,8744de9f480f186339de214056d422d7,74367,goiania,GO
1a0b08102cb10b0e10a7234277ddd519,84c68f4ee17fb018580b12be2a2842f7,8111,sao paulo,SP
4f5751a959b692ffce1b61ec839cd70a,8bc55c9077e4b76de8264ffa56b646fe,8830,mogi das cruzes,SP
5a0f0ecb575f5086d899068f5e9519ba,255eddaa20c9ceaa373bc884a216c969,24120,niteroi,RJ
4f3ada4edfb7f58e81325c5e59f1eab0,a59dc1bc590098f3c263f2334b8d152f,14091,ribeirao preto,SP
e0dd320157a7f8f023cdf6a7b7eeed8e,e074efd5612063e4f9d322e3f02c1fed,87111,sarandi,PR
258853ae0cc52bb282d4f52397e22040,dd20866f2a6d0f83a61cf8887a09528d,35701,sete lagoas,MG
66a087287abc31ac35dbbcafb6284f32,4b7c894a279253ac1d9bf3dea34a4b9f,25935,mage,RJ
cbf35b1a3f1f44c6f67251b136c327d7,224c7f76cc5ca78ea71fd3c8574e16e5,12247,sao jose dos campos,SP
892a57422d5ac192f783945dd2aadaeb,37e17edc107a2e3feecf9514f555b5c3,75903,rio verde,GO
c3494677ed240d91c99a1011ca05bbf9,52914e4c99a1d18136c96db53dec1852,65082,sao luis,MA
8411dca0406fccfdcbdfd5dbb2df3fce,320a00e3ad8ecf1ca896a4e642a5c24d,66645,belem,PA
7fd3d557cf72df79e448740ca65d015e,a2a934380af473b6418349e532b323aa,82510,curitiba,PR
0965b098ed51d51d2531630ed392704a,ad32fca3f475f02dfffa649ed0ef3cf6,33600,pedro leopoldo,MG
76539c8bd72f278e7b8e3cb0aeeaaa20,82b6d31baa9c3905f4d3a9ec67db715b,38610,unai,MG
29a3828421400c1fb4c396a89a3bc4f9,ead982afdbd7acd1f6a87c57f9177291,23035,rio de janeiro,RJ
30e20b600c72408514e38306ffc7138b,b00ea1e069481794abd873a9342fbf58,2754,sao paulo,SP
a4e35b6b294f14e3ed6f6a324913b9ff,3b3cc28dd7cc5ac2e6ee4ca3192e4c0e,97015,santa maria,RS
b30e3e8812362ce2ed4e73ade06a089e,c28c340209c60b6d78e5b8bc564972e6,2467,sao paulo,SP
37fee4f19422575ecd90ac9b357ace3f,7132e82ade0e8ce5c0426005465f2216,24220,niteroi,RJ
8bff651483a16d50c80378a565e0061d,9b50e23aaf9aa3767ffd0ebf4a6038a8,48011,alagoinhas,BA
dd03475bfbf54191e01fd42f57d342ef,57ab30ac5f9bf8b1e23bb1732aabc91d,6501,santana de parnaiba,SP
6eb400779c4aad2461aa5f0badbcf7ec,7cd455c1d71d264771df28ab75c49bde,83605,campo largo,PR
2e2a12a844ce176824840037f43a37ad,51828e7ba9927cb7dd5a8884b22a34b8,86360,bandeirantes,PR
698b25aa11b2faee7c690a4b5f865730,b52b8debdefe66d4c0d7f44d9b4ff088,28950,armacao dos buzios,RJ
f413d1831bd15a64a7b73db89282fa77,055dea13a2432a22c8babd5542d9d567,93900,ivoti,RS
051039863f6805c5791e5f1eef4b0913,aeb228d2b33805c08b0744db20caa3df,5083,sao paulo,SP
bc3fb21b8a9ea7bce5774be093664ecf,09d1bf045d861141e5223428db885215,88980,passo de torres,SC
f264bdfb7c3df6a08e11ce81b8dd22ed,561a5e784539f3452c077fbfcf54a1e5,88080,florianopolis,SC
2b70ac59f738e900a7d1b8b6c29fd0eb,8104ecb982dd3732001f64eb7406563c,5435,sao paulo,SP
a8b3d541a07fa18f40425defa788532a,32487d3d5098e884a1c85ce855234fb3,18117,votorantim,SP
e4e3bba332476f71fdea5a78311ec9c1,accd68fd87adda3d6360d77daafd964d,25525,sao joao de meriti,RJ
724742c0f7780260f91d86e47b62cd6f,0f46196da4c06ec7ced5195e5cd19294,37014,varginha,MG
d62f9d8739e6373565e73644f442f555,3cfb64438dca81224571761388af351c,7176,guarulhos,SP
f9059cdd98d27efa3952f1e0a42adb8e,366b695cc30ab1d5e28552c0704af5cb,4413,sao paulo,SP
89b009b9871c7df3d23c56b673ddef57,7aebb923329b1d8eda1290f37b56564d,71572,brasilia,DF
2918c7b5c1e83c25f8d09760067a86ed,ff594a9fee63c3b234d6445ff2fb9b87,34710,sabara,MG
4154a7bfad13391d383b6b30cb06f639,d07556020597ac72fd704ff047eb4e8a,23017,rio de janeiro,RJ
61de05227162194a72ddd75c0b8ea706,461d8e6bf14795ab427805e72cf395aa,5143,sao paulo,SP
a464b0eca19ee9d50c583227d90941dc,56b2223fdb44fe84354175cfc2375dca,8752,mogi das cruzes,SP
b9142bab03ea7538114d9f90f28bdee9,c316912edc02788a6a3f441da9969068,72151,brasilia,DF
f87a76e2c1f35f26284d68c4700f185b,485fa7a9f88095891461b34b3085d87e,68377,altamira,PA
69cd54f7f6f6d66a47adf923bfd0682b,8b1df143e365451fb6048a27bd19ff79,22790,rio de janeiro,RJ
73d4bf798b5fb0949f37e05e44ce606b,249edbea73721545a4705796bb38f128,3088,sao paulo,SP
edd54c79d42824d702691585dbf3fa39,4578d62c4ca82d84a7442229d96b6fc5,7142,guarulhos,SP
24de916f5673576a34a53802514a1350,6ca72e10ed21fc12e5be15d7812c7eea,6386,carapicuiba,SP
4b5df8f7bd263b1c620fbbe1bfc94369,c5625fa8d6771a8ce6c260494197b5d1,21215,rio de janeiro,RJ
313825356d816b54b2c6b55d2e934b02,4b0f1a28c6fd7af4705d217c728f22de,11750,peruibe,SP
18fa70cafde8f76c4d24f23f5002e00a,7020078859b9015b76e7469322c2c415,2464,sao paulo,SP
57a7b1cbfec726fba56e8adaf98caa0d,216488bb7fe19d4c1044ac25d62eee53,18053,sorocaba,SP
a83105a7f769fb04c0209dca18f3d17c,78f3629c3005c8f367f6187ac9f99472,76980,vilhena,RO
3ab34b58a6acdf365419d7e0938425ed,76ad0d32f1eb7f899d6ff2807e4482a1,13337,indaiatuba,SP
3e8ebf448d13904855775c75023cccc8,d3f0404608813dc65f18238a66419df1,86027,londrina,PR
d147a2516941f9b1fa511da01902a86b,b285b91655e36b0a7a42a791af572c15,61932,maracanau,CE
49accd6e9750c00a209489187feab7fd,d67559bcf4ac495f4c6ca6e1fe211d12,94814,alvorada,RS
c0072e03c956b815b7ec125329939574,85ac153c07851a940770823715ef7604,9853,sao bernardo do campo,SP
c89fc94a8e99d8fb2237d7edd4b3384c,086d34d6252f06ace8593f7fa51bacd8,4370,sao paulo,SP
a764fba79ae39e814c41f8cd1da0571d,50b29eaf9eb01ad9a8426af7f1fd5964,58748,agua branca,PB
6f4757d5bc29373b8d9e85452d5c5084,9c1c77b7686a68db196d382910e75d10,98905,alegria,RS
1929fe44659545005a8b8311ef2dfd1d,82c887949254710fd671db2d84d7a220,13473,americana,SP
70d5b566fed999d6368bff3a8da63e56,9dbe75b8fae867304de2035d63f6f62f,88330,balneario camboriu,SC
083106a67c25249c79074ab4459fc8c5,b6a8c9225915119f39925b7814f898df,15084,sao jose do rio preto,SP
7b4bdf82b4991c98ec43c904139f5190,f992353d9fc256ede3bd2e63d90047c2,68620,viseu,PA
7a6efb60c302156494da22b34769c01d,38d1a627ccbfa0d86fe480908d575cc9,21750,rio de janeiro,RJ
6166d475cc68bdeb964bee918448f0d4,977b4a7bb7d2b75fcf72d0b2079f6078,13083,campinas,SP
86ef5367d9dbecc464c6118221706536,e6f7ddad5d0159e391e27db652c17246,85502,pato branco,PR
13799ef7771b9d92547ba8973addc959,c5f8ad9c7a984ed40bafe7cf3da28991,20950,rio de janeiro,RJ
3ac536aa3b70068437132144e3a1e1ea,8e12d069731871e72733b1b77c5931bd,15385,ilha solteira,SP
759493fb6369860c506ab5adf25eb6c1,7ef422c83c171ec4a12abee4354d77ae,4473,sao paulo,SP
f61cbaa6f1e966dc68180d028dfc6340,82bb804b1ce4844e9fcb9be805767b97,6693,itapevi,SP
5a4e6b9af6ad6e44591022085ed62a7b,ea3bc531491303af49fba79aab775963,80030,curitiba,PR
df4bf0754b4fc36ea13f67b02c5651e4,c32f299011486bdf37a4df846b6bd39d,12030,taubate,SP
0d1ee76cb9ade0437e79b7d5e081f70d,5549e9f67a5d7feb36b0a0c05d12a77b,95588,xangri-la,RS
78449129b97eb41e46418a648050d958,9bbc240a0727f809394641071728abb4,13466,americana,SP
8f4164f1df92c0171b66943b57d1714e,04b8af3ff5e931073fbdb9ca156192ad,11060,santos,SP
8264a0ee73746048f00a1e83dd5fc934,f832788250010b941df1501e6082bc87,3142,sao paulo,SP
5b4c28c2c3d722ad845e1883da34e8e7,2c14de942f22109496e19c01f23454e8,9040,santo andre,SP
a14c53821824724db5ab1efc53be109b,d034b95cce3e920a2b8157c196e92505,24210,niteroi,RJ
27384b6028d1bc63a679abe786e4c2ee,e842452b583e70fc5a06614d85613f7d,11750,peruibe,SP
6603ae268d9d38a828d348fd2ea7ab8d,5ff5ee62ebd03a9ade4bb576f7f1e483,36202,barbacena,MG
ede594735f243320b1e1c24c854ffe94,b862b22cd187711bbb126470e46152c6,8210,sao paulo,SP
ed3f5834a1aa32b3e924a622a6753d88,3d796a13dad7b34c4c022b1be13b479b,17890,junqueiropolis,SP
a7daba5883cf6ca3236db2b589f66391,aa89a987e1e092c318fbdc4b0e3dcc44,9060,santo andre,SP
98ff6681a58f1d1194842a37b08c4894,48804d0ed0bd01583e1caed259cd5173,8031,sao paulo,SP
623e5f6697794daaff59c39b7384a3eb,f522be0944683283c4d275471fdc497c,93040,sao leopoldo,RS
4da1bfe6e373952b0ecbeb6b54343fb4,9c330533c835ab41963b6e398914d43f,2842,sao paulo,SP
4d0cb78577848977158c7755edae4fe1,d025012962ca2ba8ca4246a5a60003b1,41720,salvador,BA
f7a1760cb5d8ea758cf8acc50942535e,8e07b3d41f0f3c7afd1cc81864a5dff4,4860,sao paulo,SP
251157d543994b7844f57ebb1faacc9e,73bf20bb22133ed5ae8457527dcd5e4c,81910,curitiba,PR
c3200137daa1e3ae4edb993e3818701c,04093066bc3fa341df1261a78e9a8e89,78300,tangara da serra,MT
eb45ea5db48052fd29e0c6dc79b40de3,9819390871759f4e81b4e1843e4d5c42,6086,osasco,SP
7754cb08fba4a24784d7c29d94593b03,94963524c3028543b4ace99de7502162,8610,suzano,SP
39df07b7dfdde505726e222f8c91d867,bbd5a61ae4ac34313d9dc0bea566507b,81530,curitiba,PR
6f83c71b6c044fb156d697d4130fe9b5,f690f0caffab80b6f849f08ba1692925,9330,maua,SP
9c3503e5500758b5d8d2e1d678d4ff3e,f63f5ee3a5d23f2fb50ef3120b3a3c1a,63460,pereiro,CE
c1afacb800d62408ba097a32d6524e84,2b5cb158bce256f401d39bf934189c86,12705,cruzeiro,SP
e1e9c7c539b9c41b94f408473000c75e,e19106cd4abc5c3ee0d5c13738d45c25,13469,americana,SP
ee2eee66d80a60f1761eedb7599a971d,841397dd40072d8e2135cb0725d74ad0,40100,salvador,BA
9d9e2b881f7ff0c7cca7d4e1907d0a62,e89eff2dea04c668730bdc3431955091,96770,cerro grande do sul,RS
5ae59ee4b9425f6b9f70964f7b7b662b,25eb1743ab6f01c25e0162a46e41d9cc,4376,sao paulo,SP
415e9e436e38fc030c0e1adf08a740b6,77c06511f1821d4952a692985b9d88b8,78008,cuiaba,MT
1cacaad02da03c1de0ac785137da2f6b,a522050af55d1141e89f1a56884648ac,45530,itacare,BA
b42a98271ac6f75bed2e975df1bb375b,a661964801ee5538806fc9b4186d1536,30411,belo horizonte,MG
ba72c004d59d5ff2938572234ded865c,c23625b050d7d34272be416aa7b89aea,11380,sao vicente,SP
6c57476a3189ce875193272eac86024d,053621a4996224c4f3b3296aab032d4d,68503,maraba,PA
837ccdfb355e992a4a30a7cb9f79b4a1,b2c342b926207abe8fe789288fe5fec8,31749,belo horizonte,MG
1502f86a2eb8886ffb134f252debcae7,2773ba74c4194912d068f986562359db,20230,rio de janeiro,RJ
203a0a75ae7e8fca0962b1913ef3a91a,56aa2869985453b8c205ee9ef0a1f2c0,23520,rio de janeiro,RJ
c0d06b9010ee9c967e59e4132bab9f0d,839a04051a2c347397fd425d01fc3eb2,85857,foz do iguacu,PR
ceb3ed4e8ea33e599750c82eb23e50a1,38984b0187e1e54e2ffe2d03cba9d4e4,89140,ibirama,SC
e6f635217be521e389d16f31394cae5f,eaa7b2692a101caba7c02906259231d6,80035,curitiba,PR
944d4db30a78d0a21034f284bd2f4a85,3a54e2381195debdc5852a59f27086ad,20540,rio de janeiro,RJ
ba84f5aea90fa9fb6db4fdb90cee0692,18aefa83b07d1a2361169dfc50da053d,55002,caruaru,PE
5a7d61368fc23bac656d669aa49702ab,eaf2bd1b75c6a6b95c5cad214ba58be1,81670,curitiba,PR
633b73891ad4cd4be0bd5f55da98bc99,57e205798923cafb0c9d64142ee1e931,40460,salvador,BA
8aba041e11a46d24fa2c97001444b8c9,f6125126569b04bd17e84c0c6207ef76,18603,botucatu,SP
b043505be4918bfce20906a28b3216ab,0f85d4210164b5926aa49e6eda6cd06e,8664,suzano,SP
b41f68e737c77afd97a48a3f109e86f6,07bd93255880bc113704ed43d6e11036,11706,praia grande,SP
26d42563197b6dee87cd3c74a65cca39,90203f82c4c1744c53453ac3a6c41b81,87704,paranavai,PR
237ef1499471be17e7f082cbbc911c90,c6e7ba32d3400f590ab17def32f625a6,5119,sao paulo,SP
babdd387394b20e5cb5c015bbfadc9d8,01c1529c867b31e5b6c34ad4ccaab314,78770,alto garcas,MT
770946d4994fac90f3b62e650bcd9670,dedcaadfb4f32c9a0e477f198645aaa3,87030,maringa,PR
83c25d4a789ac9054fa86a6e17284455,3d7140f7eb346da3202a5f121dc31f94,71060,brasilia,DF
df9f496fcdb19beb6351d619c29b875c,8371680538b9d830239c9109814c8ab1,5657,sao paulo,SP
4592ee35fe658d1f90e10496599d9700,07435003bc81c33bafdfeace4faf1dc1,4302,sao paulo,SP
ac760d51d374d2b60448efe5ba3c4a75,4e3486ef3f11a015b6a8e6d0e39399ae,49045,aracaju,SE
22a2545b0c2540f5d4877856967b89c7,a1a3b4b4d79311ed7f6ae2f6666880c0,21073,rio de janeiro,RJ
a01fcde31529708c8755a0226631c0d7,f34fd449c1a6da5fbf276eada6a5fba2,8610,suzano,SP
ec1b4e42ecfa400b92f92733673f67ca,5836ca319838cd7597816df159c42288,55200,pesqueira,PE
7b0e5d9d1949bce0504d928d8897dead,ab5cc494deb02196afe86cac127ae4e9,36016,juiz de fora,MG
a4ce9ac789255d865310ffdf6586c2d2,b11c4d4f43a6f82bfca46d29d1d1ff70,11075,santos,SP
205fcc6c48de256d3956dfba9fc6c0de,7194aedf92f96de4f609595adc4c6441,60734,fortaleza,CE
d4b9d16bded480fb0da4e578e492b492,2d14556024f4bbe01f147576097c42fe,57210,piacabucu,AL
263f08928d545639dfa5d97cf715eee1,7e4c4ace1ba6ccf6876543e949c00e62,9340,maua,SP
da631d8690cf9ef15f9e3c113fb40fad,375beeae21434d7c54c4c2ff5bad9e42,88504,lages,SC
a099b36e23e1b29b9a8b71f12452d3da,9bb884a82084120f71db97d7f0bb3507,7231,guarulhos,SP
2d994a14e9afaada433bf6e7509a8272,37d7a8654918a844ec0ce4b049cca9b0,32140,contagem,MG
b41621582a61faa80d6607700ea04330,7f26e88bd140ca9a8e4088e6851c7d73,13175,sumare,SP
516b06c0275049f206f61eafe4445719,4b5b30edd0bb597f080ceae7d16da470,30170,belo horizonte,MG
c99a11e718aec7c3a6136757b0467d3e,d11f94c61bfc4e47f09110cf6a4852bc,4457,sao paulo,SP
b0727414d186922327c74eafb813d14e,b9f416c140793a5342b9f9eb7f7cce3c,95840,triunfo,RS
e1cb13d47d802da7d23d6253ed8d7959,66b1d7f471c8c9e8d9f9f624d6962aff,38408,uberlandia,MG
1fdf20988f9044a566f42761844996ec,6ebd0a02e2e4ece554ac48d605bc84d7,1525,sao paulo,SP
0b4b8bc586fb783756c6319409b476c9,bf88edbdba72bfdb8613522c5ea7b323,4612,sao paulo,SP
e8513735b55502a0440356ac982fad51,d192b9a3ec2d5a977bc5d52281ae0b58,3181,sao paulo,SP
c4625d593149bc87239dba55f73c14a5,35edcc3677135912a62091c6fc98a12d,45065,vitoria da conquista,BA
c2546f8bff100a73fc7a10b701dd1fc7,7ba50edff75214b77f7082278ff258c6,15501,votuporanga,SP
5716b7f71e2f297c54b1ebf747b4b532,472fc978a23f869cf695ca63df77673c,6856,itapecerica da serra,SP
06c4359f159d982902fe93e79c1323df,25bddbfb5b46c81561813f2615b6daf7,4022,sao paulo,SP
ad6812c111cc59135cf3e4f7b2762601,5d823c5e7d1d0e13ee32090ca889975d,71720,brasilia,DF
868a6893007668f7b4b5b545d16d4726,7cca7a0f41853e81cac7f579d77e9b43,83321,pinhais,PR
337d7ce662818b9b44e9978e79373719,7cea775e5522ca8da1419ef8feea98ee,3220,sao paulo,SP
4c3c1fb477dbc45b3084f8c54902866b,5d78c6a8ce4a87d56bec6d801ca0f91f,2464,sao paulo,SP
2776f550a963e61e066dd72affabfaa7,c632e20fcb1d14b0ce7162f6f5aad738,7230,guarulhos,SP
7c0605df06c3a1e1127436b4508559f3,1dc84f48b12c07bef36d2c3721cdecce,37582,careacu,MG
014f3e3c0e2ca31a15e844bdf3a25cfb,eb1c13ad2fe7d3fbfacb2343a5351b5f,28055,campos dos goytacazes,RJ
d6da9177e020c24c7aa0eea0c9a1761e,b8ba68f226b720edd0f6c241b1294a55,74730,goiania,GO
b775111784ea2c3a1f3fd11125a07add,e7b41997217f4daacb88d1bb6161615a,13042,campinas,SP
7f575cf716dfc615c5db8a2135cae948,12b33c7a486cea99a21bd222f15e8d24,78025,cuiaba,MT
26bcca10e5c9679c306d8333bf527929,7e518b9896c26844bf24c1802c7d8775,75830,mineiros,GO
7313aa485d8969d6cb3970d49e9f457e,cda7cf932fbd6f028c2d9a5ff8037421,14680,jardinopolis,SP
a411f49d910482d3d37f9d588a308ac7,58347af0efa79da4ecf611c931efebb9,21230,rio de janeiro,RJ
5146d2de3f8139107458758bcb6d3db7,bb6069c06ebe289c666ac63a12d1443b,9121,santo andre,SP
6cfeaded31c296bc1201f7cb08c4c83b,7a43b10aeea933161f61890f838d1cef,13219,jundiai,SP
5690bedf5be601567f2c558f9240e51d,4d3ff54b804572c7cb01e31c48684809,71699,brasilia,DF
2f68abf93405bd413b5007660467e113,f69d38aa20836e5f4af31b007cd73783,1231,sao paulo,SP
9ebb135e8db1fb56993ab9b2486c7aea,04fd5a9e4651e819c4394aab66caed2a,21920,rio de janeiro,RJ
d87151e0bf65ad280d636f523213c735,0b655f1022b2924c2ece420dd6169ab9,76400,uruacu,GO
756fb9391752dad934e0fe3733378e57,394b2ce444baae9ae609f5d32000de0f,47850,luis eduardo magalhaes,BA
a5d154657615af89c19f5d280eaef844,9cd14738d67050a122e17596a97945a8,41750,salvador,BA
4e381215852121bf10c90157175d7ce8,188347c7425484ea7458af502e62ac33,4296,sao paulo,SP
451db7f02beb13cdcef0b46768fc5d28,09ccb0d09f04f503e9cd92d89ff45481,21361,rio de janeiro,RJ
e2696f174d3800f8f86fca7d33a82018,6db99644c69ba64b1a944bf6a14d1147,83203,paranagua,PR
1f0e878fe25b2df28171c16a769928f6,4be7adfef8293d4e7dff59a8ddc70e32,3958,sao paulo,SP
a2c14c283d74f8d348c0ff49280e933a,0fe26430d5a31ed01f849a89beb51017,35199,vargem alegre,MG
f1539aca62cfda94501933977e2d651d,e0a7e61d37dd4060ab419bdb93a9f05d,58401,campina grande,PB
24e42ccce21c8f59494de0cc4f162fce,eb263cefb6718fb78322d0d8e0d8239e,14400,franca,SP
b525cf1e595a9c0b3e82ae9d60b1ff96,bd9d14217b86a5bf191f55a1c61bf29a,67133,ananindeua,PA
ee63ead077f35287196d7dd30bbcb05c,3074d9559c8da1c065b79c6174c00dd9,13219,jundiai,SP
56afdae0aca2a146c5c139fd1fbf0a63,968b624070feadc6205e18b1c6294671,5634,sao paulo,SP
0c54f6243242ca48102430ab0931270f,56741af99968c78688e558b5551c68ec,33400,lagoa santa,MG
65a6a03c07caddea4ed54b719663fce1,5dd6e6ccbf66521ab5ecd6da289bf673,5351,sao paulo,SP
a40a9cca30df7d2a36fdba0dfc4b03e7,4851463625df0c8c8e3e60f6119673aa,30525,belo horizonte,MG
b87f977ff3eb88e15e3203b417f51332,444d40d5ed5d2215271e5f82116a82f8,54430,jaboatao dos guararapes,PE
85c91511ec9c1b687e1c41fddf3ed4c9,e5c15c419e8e41f53d9597a5a61407b2,47850,luis eduardo magalhaes,BA
7a8425b03cffa0ddba84d4277b7a4e7e,1896efb077779c378d7cc57a290a303d,87302,campo mourao,PR
e6bc52e3e443d2ac256c764962bf842f,f0e51cdddda58afe98518088e2bb964c,14805,araraquara,SP
142929146a68c3f7af318fa7908b9e14,96d22e8028e8282c16059657709efd97,13277,valinhos,SP
6f81dd1ed6edcdbab286f2604af545b3,9a599d443e9775f7c16096d465a5a3a2,79965,itaquirai,MS
704a8cf1cb8d9dabf20a5e2cbeaae0ba,8ce10399d5a3b5d565a348ba4cdfad9c,4851,sao paulo,SP
fa816e935aed909bdb3a28e78f04e225,653104bffaaac1eb89c8c593a76fa200,89896,itapiranga,SC
ceb261820cbf2a3fa6026426ec06aa78,54e24a5f3eb1d6aeee71ed7b4a654803,1307,sao paulo,SP
a021c3b18f730e1cb157976d999cba75,e61223d8541c97dcd02bdc3c609db1d6,35740,esmeraldas,MG
dd61194f6d76a6389f15815f1d376da6,d907cb23ab406a57e998f635c8fed195,4131,sao paulo,SP
039c5d6f330c73420f1658e63f67f0ff,5cac520e0d32fbde17b1eec2eed08f37,5398,sao paulo,SP
85713881aac92cf5c3f65c7b7c63b290,c53429ee38cdecc5867ac690de66ab38,85856,foz do iguacu,PR
7dfe1c4d95d34b7787c5df1b5d96abec,2662dd48cf4cacf12d22bcddef936e28,17800,adamantina,SP
7b9ceeead56783d37ce8c18f1671dbda,d99f10011cfe9b70e0d6d59280a669b2,65706,olho d'agua das cunhas,MA
b85e4515c4b887303ecaabaf209afe88,ed2aefc9429d94cbdb95134933ff9894,89022,blumenau,SC
8009876c0e2c6b5b61c9e9dc5e1a7f40,a900ff99a192cbaf6ae8e867a95117a3,6414,barueri,SP
57bcc7ac5cfaa00fe722919fa7a2eb02,a4b357709fff755b2816f24acf4852cb,18016,sorocaba,SP
5a77562cdeddbd42ded18121c499061e,903211d38a1176c1b5e6e8590d2e9565,17052,bauru,SP
44ed3932b2a2b54817fc89ed47138012,f2ae5ee1810b82643a887ea777b71667,6144,osasco,SP
05efa0e29a769010ba9eec84a6ccfba9,c119ea09235d299ed246d52960913d6f,5093,sao paulo,SP
8be45a1114ff0e79615f7b8189aec7df,86355a1e848c20a89a37c1c0f2cedf15,51030,recife,PE
2d526742d60a98a21a1eeeb458664ece,629efa22bb20f2263370589defe312c1,6763,taboao da serra,SP
5d7db21cd741bb58c88baf1e53a578a1,aba681cb8f8096ffb08c03b2d21bdc4f,28470,santo antonio de padua,RJ
0e0358ab8881973f3783b6c5a134a034,f582d9b093001521d8c5544ddc4f27c8,5356,sao paulo,SP
563b025cf608c075c839476181971894,a724576ad7a63c339210b9e6d6d5c0e5,13468,americana,SP
11888d3334232a1eb08db5826129c8df,f7441819130a8cb81a399063b838972f,46690,abaira,BA
ea5cb9da00ef93de9dc60b6b4286589e,1a35f28e0a73098a686e8cfa59cdfb34,18087,sorocaba,SP
92e25cef75d182302b536394352dc0f9,1f0b3099c60783f6939ff11c74ad2b33,4278,sao paulo,SP
f620701a6e9f1096468511e9c2406a67,45f95ec2f14442de49d9580396597ee9,1223,sao paulo,SP
eec852bc54cf39e34bf8d29856df9be5,afd8d5e8cd05a34dac8cd8cec84d343d,40484,salvador,BA
28282b019e106fd3e57718c143d0bef9,4ea2815173da22073d45c43bd6a4c527,54450,jaboatao dos guararapes,PE
fd6201ea30defd9bcee3bb0e09c6d2c9,4455e8f6fe30a164efb0265370000dd3,91380,porto alegre,RS
38955481fd51ffe551f17d2efdeaf43b,f31ac54af6af7097bddd1053011e7a3a,96065,pelotas,RS
f97344eb0871c942a01e27afbec92beb,862b2c6ccf4352c087cd60cdac498b48,68626,paragominas,PA
edb85175262b80e62db167322a8501bd,be9f760933638373fc0c4b9061f3f539,18460,itarare,SP
5762791fc4f790e9bcd3b13e01e60f1f,49448603b610a118b4328fc16f891974,12234,sao jose dos campos,SP
2c52fedf9050e250066789f679624695,16c3fbe7788b5a59f325ac0175b48e2a,31310,belo horizonte,MG
267cfc7a0e7f9e6c70a357bbd0708d7e,28560e4c7a451f72696bb60095930236,11310,sao vicente,SP
67dc4248572d349a89b5b433c09736fe,9b6727e8fd9339bf060977d7165f3814,22021,rio de janeiro,RJ
e42018ebc03e399b6bb64c760863ec04,5bc16731c2179c57970e9ce0dbfae892,13760,tapiratiba,SP
56fe13450129ccd7960d4a2208eb56b6,5dc2ad61493777c5321a48bae16bfa6a,4194,sao paulo,SP
63fd4451626a55e8cf2354c7fcf7d70e,1341ca108c9d2fb138f7d15fca516c70,42807,camacari,BA
a9c72b55b1c016dee23e8aaa035e382d,bfe14bfa136397036c4fd0cade75c68c,29142,cariacica,ES
f05d35ea25fb09c61b7068ef73038e81,f231138de343521ac335f9a7ad7bc9e7,13098,campinas,SP
8fbfdbacdc92ddd984f024f09e62408e,73f2248eb4705834587fc9e1ef45b3bf,22743,rio de janeiro,RJ
c4e869a8f762791fd7c7837c55ee0de2,733730c1f6e1b7a412cd1ebd1442b632,5861,sao paulo,SP
1966bcc7091bfb3c656d15de1f2fec01,2f3ffd9f28e0a140401a51e8ec5ec4d6,40390,salvador,BA
72489d31a97af15877047f405726c01b,673d08996b6f3e23a85bc869585ba305,12246,sao jose dos campos,SP
89faec4c34040789ece5e71144d0c4ca,e64494c8d47715e6604862013761e07b,13173,sumare,SP
e9d097338840a88d7fe49b922e270fa0,b23a04cda64a25aef1b69b9cbdb97b4d,13601,araras,SP
902533054ee08fdee588a61239aa769c,789f16b677c23651a377bfb4c2ac3e88,13207,jundiai,SP
a90a31848399d3e06e0633012a773433,5a7ff7d4adb18a0d64314cc177a2f89a,3061,sao paulo,SP
02035a6c43039fa299e0492df023bad2,e81e9d35d842afb8fc184b1ba90a7a74,6526,santana de parnaiba,SP
796e0c6b3690401bd5592b7ce89be9f2,8e189d068ef04b5a5100820fcf317000,93510,novo hamburgo,RS
417caa83b98e9b42752f0e84711fa107,04ff08a6fc4cc4a9704ec3c21a89755c,14783,barretos,SP
9253a5b4505d318a6cee55fd80b3bcba,b640ce9e719a58e56efeb4ac754cc11d,7161,guarulhos,SP
2b1160b8618a4da5fd4a7f74c38dc409,b187823a366419a40aa2758c1e9a6c17,25525,sao joao de meriti,RJ
91eaf667c6a3a4a40a147e8ac21f1877,ccc25edb24a6888b0a406ed43a1c04fd,50760,recife,PE
91fb75a0603ea4cc7f91810bf32782a9,37f0979ea3d385eeb459cb1a8b75a994,95170,farroupilha,RS
116458665bac0ff47d5e87f65e8ec681,e6fdeb2ae78e71035c9db4c86e778455,31270,belo horizonte,MG
59545351b3f53fd18987ed9bc7a8d2bf,0a4c57438bd5b91dc9e09ac988493a9e,11790,pedro de toledo,SP
4536ccaeb1bc6078a3063b63c9e2905e,13a6bc772740dca2a4f38a5b5b6e3fb0,3922,sao paulo,SP
d264ddc7918ea2bd710b4f425719a70c,a3f3e2d8785b3f3614bc786b9515697c,65053,sao luis,MA
564f1d0393db6bceae774f4ebd81c514,bc104d43afd2a385d11f8df9e4b9e1e5,82110,curitiba,PR
7c95f786dfd0d418107a4c735f494e74,3bb3aceda878cde8fae82efe6a416dd9,20551,rio de janeiro,RJ
a9e6c48378ae343339cc2c6f85fb6cab,0dfc182ea3002b05977bc575edf36c82,5441,sao paulo,SP
4ca7133216f9b31f80221af0636877b3,63bedadba4446f63f14650e093665fc8,88040,florianopolis,SC
cfd6d1ea06bb9b3e9f72117deea349c7,5abe7c02ed9770eba399489d567c1287,14935,trabiju,SP
1bd497559d3bb2d34229b14d520878b6,df4a769135c07d12b4d74004f2b9687d,8630,suzano,SP
c65ae477ba604b2520e3f8ecfa007a06,d8dcd2549f7c34e9f5f87f498ad7bbf2,13058,campinas,SP
28e00e24d35fe6db0b53bfe88485ba26,0beb1b192f2d5650c944db52840677f9,87880,guairaca,PR
07a034ecd1c160818de9be09a9d24bea,61d36066163dfcf83989f7d6edabaff6,18274,tatui,SP
b03c680b10738fbb826a6368f2fe52b8,b533e7f4520d68f94e3b7c394a870b60,8673,suzano,SP
93e2075ca34bbd26f71a0a0f3846d10c,a3ad86e859f1d0466bc1beb77fdf218c,5639,sao paulo,SP
da108bc410acffb1400cf9caea65a332,ffec490ab531184a483efe2eedd68908,79091,campo grande,MS
db91a791665fab255d516b921f1c826f,a32ab6ed820d51b18cfb895038f68220,11800,juquia,SP
9b1681324bf50ce1be7d23adb7416d3b,ea3074b990300d10be9cd57de434e133,9390,maua,SP
471c58cd2e88e9d71cb55ea00452a587,4a3545dbfdf7bc14e6cee312a234b133,3019,sao paulo,SP
e60e299a5a3adea568eb7fa2e1c69497,beea14423af7a912bb87516a96b13204,13930,serra negra,SP
13b24d45013751e69cb8764ac554a4d6,176d944651abc55b63903ec660b8f0e8,5027,sao paulo,SP
2d5bf8c06b76ea4c7e4dcb478b2fee54,04f54cb09b4216795433e4fc5d0db66e,4104,sao paulo,SP
e155239b84f65a2131ab4ade06f9fcb2,af5b766ebb8329a34871cbafc1e2352b,79062,campo grande,MS
91643592e78c6ee466f09aac4663ccc2,7611dc15468ce938cb03585bf51faad8,78048,cuiaba,MT
c5e7e155521703e687bc3bbc6ee8c688,1468aa4b5f22f471eec1f791bcb81d8b,42806,camacari,BA
79e3ba6298327f701c453dedbd155600,77e4a907ae533160f3e5220d9d9084e9,20541,rio de janeiro,RJ
bf52f0d94c28f425403dccf42a0ee662,71d5717dc6973d501c8f2c7858196833,70658,brasilia,DF
cc427818670e1a876ce1a0c989d92f68,a984dc73180e58d6b3520c7e32dd33c9,3321,sao paulo,SP
7c6f85d218c8e1b11d5850ab745c18ad,1246050d2638f9e4be53786f32294650,18460,itarare,SP
9e0452110adad445e1fe1b892ca16392,37a37a6bed18e2117e1896597a539b21,15385,ilha solteira,SP
b891f5d42cbbd6d0d2e82eda1b48658c,aec4d44a02c74d625116e7d94fafd67b,71927,brasilia,DF
758d50f309f2f5f92b1d45497b54bfb6,b8363ff39b2e549ce62a62b0197ddfe3,18080,sorocaba,SP
c101910306f88229c6c206349c08bf34,08f57f4be7a86b8a175c56d07c305dce,4006,sao paulo,SP
0b9e85491c194a97516c87f30a93abfa,cf50302e77f7141c5923c3bc84ceffaf,36884,muriae,MG
a02eee6f48bfed375050accadda3756f,495fe7ae31686381c8145b2936e761dc,21670,rio de janeiro,RJ
6c33cbd4386b1446b7402af88158ea72,18dcd673fc4409d92b3dbbb72e482316,9854,sao bernardo do campo,SP
5563bcd137c276544c67d76ee55b0a1d,2a17d0a71f5910d7207819f9ca9ec12b,2806,sao paulo,SP
4d2219481428c1004c9275a686169e01,b1d331d598346f4682c504045921b326,15990,matao,SP
d4e84c51d0ecc10da23b00adcbf9ae85,18f53104747d0a9042e8e1597243a99d,18650,sao manuel,SP
1c3fed0b78f6514d3b5bec495875eb2e,7211099994328230699cad95871cfbd3,30140,belo horizonte,MG
c6cfaa95f28c055677c5a0a114f03b33,d759dbfdebbd3ce9d7d28f6f383105e2,86050,londrina,PR
708b3eaa2026f88c403e4a295e1ca335,7e21c5322ef11a24dfb0f27a2991f4b2,12235,sao jose dos campos,SP
78fb9eea9d926e3bda5305d45cf2c740,0d1c52d53d56c6e8b387489ede355576,20745,rio de janeiro,RJ
79ebb74bcfcaf62a7231989dc05cf593,c023bcf1177170182cfc1ac352129f55,75901,rio verde,GO
26a79255059d6bc824df6e1e97def249,ec396b753a88f3d79384cd9807fcf0eb,21940,rio de janeiro,RJ
392b4f32e211df4eff756c32762a95f0,0e381ce773b382849206115413009851,22020,rio de janeiro,RJ
9e4ee2405ab6b0919e4c8cd56a3e2705,8ffed23719c1c881cd718a3345056467,36940,santana do manhuacu,MG
4a223eaeee96be7f334e992863178d50,a8060584a077038962852f3184a4571e,35160,ipatinga,MG
fa9df1d2b3ed5aa06027b89a34ec272a,91b79823141cfe7ee5c66acb0b48aff0,6454,barueri,SP
aa6edca5d83d4c8e9a2262b9847febd6,33e608856217dd0b34bf69e313470406,41940,salvador,BA
f7071de1c71624c2284315426ecbff2c,cb9b2734376e44264637ebd85ce7d961,6083,osasco,SP
1c0424aaab000351a8ab54c5a343101a,9fe07404a97e688ba9fc3dc107f094e5,35160,ipatinga,MG
5ccef752edd45fef7a1585a62a3c0a20,46c3e28fe8d7700d01084877a6371471,22790,rio de janeiro,RJ
5848ef3f994e18c5121d291e0daedc81,7e59d854b9bb4cbb2c85fcd93877c694,8527,ferraz de vasconcelos,SP
b763363c36f3327a9c377ba236a069b2,71bb258c3488c3ea32219c64c000ff3d,48031,alagoinhas,BA
b2e9fe38e0eb107f91e26b5f777de56e,6f5994cb7fceadc61d70b91fffcfcc3a,70846,brasilia,DF
305c72d87ab363c4d33fc055a547702a,7a1d2cc18daac7d6975e60a279c871f1,49200,estancia,SE
81158f4b6c7e435523e87b28358dd55f,d1672ce3512e33e2d3f0d7d8b99a090d,18072,sorocaba,SP
3e9076ccb5adcbd5279603dd989c2f70,05af29c66d8591d7e3d1c6e8331e60da,83310,piraquara,PR
d68f9c633f9ab44265b54f3792fcbe71,a4fa4a8bd22ffcc2651264212eac9f39,13077,campinas,SP
e93df84b6db60bf18610814d86332a1a,2a7f837de6a1999e457b8e3c5619156f,9390,maua,SP
b5992f48220a5eae7188a98b56446037,2e8dc4d92d86480e3d3905740aaab902,64900,bom jesus,PI
6ad78e330d6e0f3dfc471115f17371ea,c8460e4251689ba205045f3ea17884a1,91170,porto alegre,RS
924a7950479b075b9605579a24456054,11cfd70926d42d92ea668b4abd732abf,4084,sao paulo,SP
b2ad7a5fa95452993d27d6f5bf4847e9,809af7f1b6cac6bd1733c2126c96ed67,14740,viradouro,SP
75191377eb49aed024f942c68fa2e186,5ea07eb49d71317baa63658681ab1dbf,4311,sao paulo,SP
df1e522fe10d104e337d07d3ba3ff108,44cf660de0c0d10e0e3040510791594d,9853,sao bernardo do campo,SP
bc7eb769eeb68a51edf0205462dc15de,db5926d4ade42690095dd9e633ca8e5b,89082,indaial,SC
b8c900c65077ca9accd2e1132f863220,58a36e5c8a6ee775b3560452f7daa02e,20231,rio de janeiro,RJ
8a01407aaa1f8466d91ca61353a5a469,284b743ac2ee6ecfa0fa8cacc67f7c4f,6530,santana de parnaiba,SP
2de7c1adffd1bb406b6bd0b76ddfe85e,681e78b2bb4e86af70cb3b45adbe122a,6186,osasco,SP
22a0d3267eca495ae5c5ea5aea7cd2b9,cc70a7c16df0bb4b2fa17403d4ec3769,13087,campinas,SP
7c1e44bae9c9e0a9e92995f8067bbace,298e413b1f757ff4e361b4af0837c4f1,9061,santo andre,SP
2ed6de13efab725e91e77e8a955362d9,82733a80d34737aa9a9696794feeb841,19814,assis,SP
338d9e624e86a2efd3bab2a95840a9b4,a61a0484f0c42f81f6299b8d89123823,16800,mirandopolis,SP
b284e1052e6386e2fae8af6ab3f0215a,bbcff052f7fab7a7409bb37e54f6160e,14801,araraquara,SP
daf48d46f02781281caa88f1ac967fc8,c596a5d0ac41a4a51eee68f1a0fe7ecc,59870,antonio martins,RN
97faa939f8156b67c9106bde6fddd6ab,3ea8d85ed194aaa70297d0591bfd7c0a,12609,lorena,SP
16b5db7bc88fbfe036a260b81a2224b2,18e6d5256e6af69df772549a8ffa0ac5,4152,sao paulo,SP
9194c133427b11faae0545cb2c631c1b,7516451d834b1d3806ca8ad6640d40eb,5056,sao paulo,SP
d765f7544b62372aafab58ba0ca7d0f6,9b7fcde05dd369caf4dea1f04ed39fcc,2618,sao paulo,SP
1ddca89b0527c91d2bd8524d3614f051,b5bc5b8271e6189bb4d80bdbc6e70bcc,18708,avare,SP
ef4a7e00da775a66a09b485e5a6d9910,ff7a3ac150687b7ec36776d06327c576,9941,diadema,SP
8d0cefcf69559a014ec1ea6e8ebca2ae,27da09a1dfd834f3c6888caa2319063c,24457,sao goncalo,RJ
690640e7d8640f48c1e953ef65504c72,5d43b096890c252c52f440ef0eec1265,78700,rondonopolis,MT
e683a49bd6cdbb2f70dfb43c796ef937,623390a0dce25eabc9ffc31eb0467582,4881,sao paulo,SP
e4fcb0ddd691075c50298854a361c363,ce44949f516f2da1050e29618cee082b,7130,guarulhos,SP
e9f46540ef118e5937bafbb8bbcaa09b,3e725d14ef3c693cf7fb787dfb82b229,5183,sao paulo,SP
f50ad8aad42ad296a4604a07de96b236,e0bfebe882e90e821daffcf74257b046,6710,cotia,SP
b4b478405c7dd5a6b087550d411fe5c8,3481fb2fa4580acaf2846d4a12df6ea9,12910,braganca paulista,SP
566725ddad946bd0c0934125dc3126bd,91f75e89e981ef7304d0c1fb35e503b6,5788,sao paulo,SP
863da2e6b88f588843a9e53a19b548d5,6897ea9a949c1009af8cc38e691f260b,9843,sao bernardo do campo,SP
a825f9cda9b9fb692610242a7374ff21,a635e8b3829057ed83b1ba0e60fffb94,15062,sao jose do rio preto,SP
4d1369e49a544143b943aa756b04a306,461aac4bb2f4d6ae5f6375f5b0958e83,48070,alagoinhas,BA
70dbdadd7050b13d4b0e0838fd5388b6,9cb5b6ca9f36f66e35b55cd70fb81d12,87505,umuarama,PR
f53789fc4a603015c6e5a040fffb6cac,0ab5276daf22c0222983596592f7986a,38302,ituiutaba,MG
aff94b0f1d55ff958afb8d79b304d547,705050f4eda6b8b9e7c38a5e61bed2d6,15190,nhandeara,SP
c892d1124348cf471a8853e3bbf51d73,a711506d93a11831909bde2e85b794e2,8743,mogi das cruzes,SP
b7c298836e032af92023696084c6350c,0fd9b568c34096e7d1b68f52f9cfbb5c,91540,porto alegre,RS
76ca9e3d6e9b7f936c583be10089b971,696890a000395749a190726ee5b9855e,13416,piracicaba,SP
bd62bba085969a4d4f30193edd7d27ba,8026ec946c27bc09c707cbeedc0ab774,12322,jacarei,SP
c686d5814e8f8aa6049f8c55eb9c21f5,6c3e649bc44018fe7218697fc8650aac,1153,sao paulo,SP
f253f58c3e8f21a0997f6332ecc0c01d,9e5663921908dcd140cf657688ef6a0b,1046,sao paulo,SP
2379f7158f4c66905a9dac92c4472a2d,b957b3e2473035f8a2e94e9155c11646,70765,brasilia,DF
604cdd5917fc17427bdb04712335927a,3cedce8d574ecec6c8043a8cf200d19d,65065,sao luis,MA
c3adf50520dd57bd31716b9334328671,ea982877f1cc7c385f965955a3ec65fe,6816,embu das artes,SP
0932888e76c226d0cd327bddfe0654af,22d55b80911feb50b4972eb10edce653,7790,cajamar,SP
4433a42a21cf55f9f413f4063c244dd4,886583680443fec2ba8b1426cc6facde,13212,jundiai,SP
8fe12987222716b7f2cacc4bf4b3d367,d6a98d2b4573b590c6a1696e37c3648a,6216,osasco,SP
ed2477fdffb22d49fd5485a80041ed09,67a4c5e74e51364ed94b1822508c2e7f,19802,assis,SP
a9d9f52bdd819917614deba59f4e56ca,8042fad72d0031829f81d15f1b4cca63,13026,campinas,SP
9de9d0f77bfa5ee78fc11c5fe54fcfb9,61f081188e28056a7d7ad1fa608875ca,52221,recife,PE
0d7f715445e008343eee592c11f0fb12,485f1a21b1d956898035a6affa72b28b,20031,rio de janeiro,RJ
fb858665709e2e6adfe0207bcc5b3118,b33fde46a855f73d50269a45b1e49320,13275,valinhos,SP
119725bec6861ddc5104cf752a096e14,f06dc1c33574bc4dd6225512fcfc3579,6765,taboao da serra,SP
8168eb2d364979841e0133f256eee535,fa245b259cd7590f43e018cbec88324a,57046,maceio,AL
2436e91f69e10172ac57467c2b2290a9,2086099057e5976dfba3aad20713eac0,87505,umuarama,PR
10d109b1f1f45bd2bf9afd83543eedd4,ac4316047f392ac02340c4b6160d95a8,2071,sao paulo,SP
36ba83214eae032b948f6a0aa772b0c4,79dbcd2f36ded23128f0fb765613f137,20720,rio de janeiro,RJ
737a7651cb45d8669d7b056c7c0f9444,a5b002dd1d73428332e6679c7a98f1d8,96820,santa cruz do sul,RS
d14ef07e2e84e11ab9ef6e327e9312f9,666eb33c6a1def9e1e4c8a11f2b95615,13255,itatiba,SP
d5fcef627cc1c204baa4449ec165a48d,2c2c02e654d903debe68668bab307b9f,88850,forquilhinha,SC
42a17b496d860f35546c295e70f516a7,fcbcbb80c8909bb456bb6b3bc1bc283a,12093,taubate,SP
0dac2ac6dcbbda827846734c0dc2dde6,53829feb906370f277393325399b8487,18103,sorocaba,SP
b98012e4b861b35a2b4cf3876dcbaf78,ea53ac4f43fb2e82ad7d601fc8f5a0f1,60192,fortaleza,CE
e3601bcd9f1d4419789047745331e7ce,96c6d4dd554cfd34869b06fe26ff3260,61656,caucaia,CE
ecb5d4d5b75256e28606e9d4487420bf,cb844046ab848696a40b6f6935314030,35920,nova era,MG
4d62a25334b6a4ea711e744217f4e274,44d67cc85baf7a55e2d0a4939bed5855,20775,rio de janeiro,RJ
b812fe1010f04eacc4a420582ecf90e3,4d55f1a833d2f3351faec4f3360079d0,20231,rio de janeiro,RJ
cc08e0f57bfd0c838ec360bf18a43ff0,cf5e22c7bc24e94ed405938a1f4517a9,5093,sao paulo,SP
6fac8a7f89a9c17f55520dc1f6ff2c88,9cee985fec14f8cc2368f17ac2abea8f,18087,sorocaba,SP
e7d86daf277ff8cbd05acaf2de72df59,7089d4f625f4705fae12eaf02c504281,4520,sao paulo,SP
97daaee8d701a5059c4256c17ef8bc5d,137e913dbccff4c84e57736bad9bff23,13473,americana,SP
02bcb5c3c7be18d730eb163301b658d3,ff79fdd5f36879f082c750ee2bb5ae4c,36401,conselheiro lafaiete,MG
f6dd33efc35027b6c112319278461695,1b488d6a0c87d33242faf8d9715d4ff4,9751,sao bernardo do campo,SP
6e395adcac53d7819940f584122d9fa9,5203eba44152de2a1369d1983039f9bb,57052,maceio,AL
32cd44465ecbb61fa74d4b3ef350efbd,18cff74df42543eb441533275e696208,92310,canoas,RS
9cf2a42feb9dfd6fa2f0fccf54fbc20b,4b4b6c80670b645e78fdc3438ffc0720,55295,garanhuns,PE
6656caf59604b25703d86b9a8ea0f814,60e2c1c1b1d94d1a3f157741545ffc39,35450,itabirito,MG
0b9d5b8ca1d0aee387d35522fcf8785c,d00ba4e03045ecb66917ad9eb1b76bb5,1305,sao paulo,SP
d4f33d75831b7cfcfb2cbede8e0c7cbb,aef1db2c61a9e712fe5a0ab9fa4f56be,18708,avare,SP
371800d440c7ea96d8757c42728e0032,b021c4914aaf3c673e92473fb1e61010,25914,mage,RJ
b24013868be3e363721503d466163c0d,3a5e187267ab22976608fffc86276c44,31170,belo horizonte,MG
4450c6a83f4bcae20ad2c76ee33e8f6e,1a685b15bf8795c9fb28bb6c347fe88c,32140,contagem,MG
5c3662c3c0d32edf5dd9e7b13abcd4ef,12e230ff1bbc20b7e71976c11e1eabbf,2937,sao paulo,SP
025a13782125f9ee98dd321dc97e23ee,dee58c6a92fc6faac93d98a786f683e7,7750,cajamar,SP
147d517e942b17ad46de941559d06c46,72a4f3be6a2d2a278670600064a0e403,61650,caucaia,CE
36215c1129f4b3642a7cd36350c00d44,325dfeb1809ea61290f5d3f2adafcda7,58036,joao pessoa,PB
911035bc0dcc0c5ee9580cbe3e59ed06,f0269964dfc708e40a1d948fb69e5c0a,5093,sao paulo,SP
3dcbd63311cf3959c5a02ad4a923b714,719b416ebeb9f51638f343c4cc19f742,28020,campos dos goytacazes,RJ
ee9d09cb5441f9ec5f795502ab00acd2,aebda6ff8471f47c71a6fe298fa3f311,9780,sao bernardo do campo,SP
9573415dd691e34a2b92c9e39558ef22,c9a4f2fd096cd2c6bbc6c04e352fc9ff,36401,conselheiro lafaiete,MG
3135962ee745ef39b85576df7ddbaa99,00b2ca23369b68c4d4105ecea9c0cb93,62970,alto santo,CE
e7f85c87d7dfa7ed0a1e43148b2005af,d91da6adf28c3ef0597453b582f68e66,97060,santa maria,RS
7ecbbee802d80c24f32bf5945c1ea36e,1a54175bdbc674ec5680a51c640d4aed,4428,sao paulo,SP
3b9c548b91a8ff14553a1eb8497cf431,cf88cd7b77756165a4f6841a4bdc152c,9341,maua,SP
eb40667f90c8d0694ad616975d9729c2,003c2067070f5b3d923235b1ea1cc17b,63575,aiuaba,CE
e8a7df4eee97cecb90adaff30ab1774d,c7819760e70376028f519e3b57e6c441,87470,mariluz,PR
a0046dd51e43cf0c76c5acbe045d423f,73fd87bc61d72aaea6291c1fb03108b9,13500,rio claro,SP
ebc4d7861f2c3df2c3d6aeb0013700db,994cf0ee7af82a0fecac91a978eba7dc,36021,juiz de fora,MG
1bc4e5edd7f3daf69e78e21831432c58,4f916ba67d94ea608ff6915700595b49,93490,novo hamburgo,RS
00f394e6fc446865ac4097b6db69ef4a,ab1d731d10eee8bf32306f5452eb770f,26574,mesquita,RJ
549c4324287323de05355a91d8d10730,2c69eb3f556d263a81d6928a6a2e25f8,8598,itaquaquecetuba,SP
6ffe821e64bf61f081034e0976e74e59,80837a2321208eb775854b3ef4a42bfe,35460,brumadinho,MG
5df2ff723d34c14ec65ed6d176c45eab,67798c2a2ad8d90cedd7146e3ef9335a,16370,promissao,SP
1317dfa9a96a4af1ad9bf06a6f12f1f5,525eb1a84ca6c1c0df03dcafaf9c0afc,13183,hortolandia,SP
64f109e8f4a2c0380642a902d653010d,20b0e12f0cdaf39b6905f3177cf65cb8,4084,sao paulo,SP
8611ae68bf0c696719534f605dfb9547,709a8f070f4b655badf1b42f6fdbc42f,2936,sao paulo,SP
21239b911af74450df7b0ce5b78b39d9,0d9d2172152c87b756cb2d0304c6ad51,88545,palmeira,SC
49475c099eb6b04b85cb188fb87f0ced,8fec5c2b6ed015d2de03bd992dae5a88,91720,porto alegre,RS
fb68a5552994d81243302fe6a15291a1,18c76b8716ed445f9fed650f3bce9e73,9051,santo andre,SP
0d3e3695407baeee3c2f78543b1def5a,eb4406e75d4c703d45000ebebd5857b1,40301,salvador,BA
47965c9b60a3f765a6a7c285e2ef5027,74cd2924d881a678aaf2481796c975b4,12321,jacarei,SP
161f201db3babdac5fcbcaefb104811d,7038d2e4cfd7555e105bdfdd27e313f0,71909,brasilia,DF
35d517e1d32bc3c1d8c759bd4d3635dc,33bb2307143a2aad355b397ea98f9298,2993,sao paulo,SP
a9e25261c12f314cfec578dfe2e5407c,7e3bf697991597d6343225f93d8f3ca7,7133,guarulhos,SP
654616fe53836878f371ed7eb6119d19,ff24571291ca868a4f98c1d92a0a2d1d,73320,brasilia,DF
d3609e0209e59ecadd26f066cd344349,551fdff84d3809ededcc078c25179e4d,31970,belo horizonte,MG
e5969b5d6ff813ccb25b96aca4a9debb,dde5d3aa9240a195f31460f12f526ec6,21755,rio de janeiro,RJ
7bfa4c09a4da3a1d5d16296f0d1af9b1,49d3a1f906a4e5b999c691112446aa9b,11030,santos,SP
0dc4a355b233bf1293b73157c381c3d7,51fd47502d2e808bdd36f1ca989a123b,38057,uberaba,MG
e620a9a4cdf12ab1e817c17496e9c5d7,c283a677fa9937143f13fe6f58fd901d,31170,belo horizonte,MG
ec2d40b48af443ce4251d17d933f42d5,a1115d825bcc8a2878f31514a3e40d93,64500,oeiras,PI
1b240b4652db64faf8dae9227566ca6b,ff954b7ff58241497c8afa9ac3d853a2,74325,goiania,GO
0264bbda6bd6492c79a5843f7c2e1eb4,7dea8532b362518e0bf338eafdab0131,1024,sao paulo,SP
7969cf61f33d9ffc12386debfb42c2c1,2c926b0fa4cf4e7a56a84f5165398378,3649,sao paulo,SP
cc105d22219939a0d681e14ce6e38791,1810e538a85f28a974dca2ad08da3c62,25963,teresopolis,RJ
3a2af15ae9018db6233faf0b8080bffc,174e260482fef58dc5e9539791653abd,49480,simao dias,SE
d117e2d169c937e91f16b0f48673d575,9689908caf4de73724feed92175d867a,28991,saquarema,RJ
02292531f73bf941ef5b09341e195e37,f301770fef415a61a88855ab733174e5,70675,brasilia,DF
b0c13215e53207d4d0469c45832011bc,86dcd41c7ebde101d4da2054316a617b,1413,sao paulo,SP
7d3be011d4a41aacfcdc7399e67d15df,51ab4a2e23374ebf348c61ddde74cdc3,15980,dobrada,SP
05e53f1437a94e4fa5dbef5eb5c0fcff,01489018af4a609acb2fa2634c9ce643,22251,rio de janeiro,RJ
4f259c289190fa3fe4f22ce16b175022,931ffb1e68127d25ba8a9285516f116f,84280,curiuva,PR
97380627e3eb0d89d2c83986435eaa1c,74fe0d314e72230ca5e99865dec3bc1e,35164,ipatinga,MG
4a84e6a099bf50bbf5c3fe6f1aced99b,9aa07b1818340a80d602ae4574955f93,88117,sao jose,SC
ebed6a8227f5fc8183b559af016c2497,241eec1d7a6ede773f38253ed84d6e88,70687,brasilia,DF
e8ae7f3b5ccc3a0d2d04c605f4ca481e,8e6c3249486634f7ba5d99b009c608f7,21371,rio de janeiro,RJ
aa1f108848b9e00411aa32c1161484d8,15fafda46b8cabcafd80cd37a664181e,50020,recife,PE
89fe1107a7a7a8e70a256454d3da5335,cd8b7fb73501d01b71552fa7dd310083,5415,sao paulo,SP
b2c14a4ba338f57692c8a8afcd85f141,ffc39051848c3ef2be36d1513aa3ad17,17602,tupa,SP
563bb72874c0389d13629841d8cb4b39,0f112a2bb59cae2ab5d4e0e129617ae1,29295,vargem alta,ES
2d7e66739135e31f52914f0e203c705f,6fd708ae2fe941e4e7f07b78e64c86b5,1525,sao paulo,SP
f4bf6d85408fc27f31b125cd16da9e75,712a6037ba2faaf9c99cadcd3bcc3d9d,13232,campo limpo paulista,SP
94abfe813e83b1072b526539bcbd0d99,353a132b67fce64072f632a8bdc1b6ed,80240,curitiba,PR
34f5ffc25f144e1f6b9d0db0fa1050cb,c7c19110042036e6266adc998cbf1289,62580,acarau,CE
6ab4674ae385fe7928caf1b8f5d0aa9d,143ac1358dbb2d185d4873965fcc28e4,7170,guarulhos,SP
c26860c28284ae4ae0c44c2ddb8fbbac,c5a2ace14309acb5b5cc19236eae121b,41150,salvador,BA
1ab39a172f5920e0fcd5286d9cfc90ea,b36a2f6d6b8f797e8d2f97b1e1e94725,3413,sao paulo,SP
b088be162a30d463b37ed38acf4ff8f1,45c5dd3fdc368daa9761e72a98f1a86b,15775,santa fe do sul,SP
fb0a5f198af9146879712f3fc2afb788,4871fa68534498e54aa3064b07a7717f,13073,campinas,SP
e481dbb0158aa5d89ece91768eb824f5,faf67caa1cf9020d82b7479672ffe66e,20241,rio de janeiro,RJ
df7204dbebae4a2adc0f87b80bb0f963,55b91f059cf308a51db32467833589eb,20785,rio de janeiro,RJ
250693cc963e32cae986a193a69593a5,6cd5cf8d699886a4bde2cb85c8cd3e0e,22271,rio de janeiro,RJ
761758764dc7c261c60b7ab6455173fc,4b4700fc2d686ef4d2238d27161bafc7,30150,belo horizonte,MG
39dc149fdb93549f7445ba0f18056f99,4c383e149ae7603966fa9ee353a930c3,66033,belem,PA
157575b3e2a7afeb7174abe0436aeb54,c565f5f9bbee1978816d3285b5830198,4119,sao paulo,SP
dcab6d1bc2d31dccdaac39934b30cba2,8d6375893ca8ee7c0539b9b83410763b,19200,pirapozinho,SP
66ca2ee8f30e613a3a693b7ba32936e4,c80e2416ee96c127278f85b68e57e30d,37148,conceicao da aparecida,MG
5692503672b8c0d9c5dd074d5d62796e,8a52cb8ec2428ca203ea65c6aee5f3ce,96415,bage,RS
215e8a070bc201ed868c5e7990191e54,4bf859da8228b3eca66a7ecf383c9ac7,13301,itu,SP
98980a9f930887243ad599ff2eae3609,672a85aa76b77c8ae6746e9fc9c41049,13160,artur nogueira,SP
0e8d765796aac54580fe7f1a3a6c5e86,18d74082ad9d19a77aaa05ebd87efdc9,6730,vargem grande paulista,SP
640a26640208ad6b8098bca916463a8b,f8e17ca1696bd56e7a614d0bae989f91,6550,pirapora do bom jesus,SP
25e4078d42ba4b106674df3702bc066e,8d187f36fa18c60c2ac49e7a966d8ff7,30720,belo horizonte,MG
1a7edcadd05cd374c32cc5e4f87d9832,30888fabbe35d54b5dcef294496af86b,64049,teresina,PI
4baa14dc11a125b429a40f3ff20a52d2,d8126ad74b7f77768b294c5c66f93e1d,74840,goiania,GO
6c678c38f3a0874b7bfeeb2d5fb22876,1bc908dc0f4755b364972526cb872ae2,88780,imbituba,SC
14bce5f40a57b5dee99e2ef17f19829a,b04f9b6744c2b4091990a9dd1e0c7aaf,83706,araucaria,PR
11cd281d555bc011b8f9ed53d78f0d64,44bb109ed74da8a1651f3e8886eb56e5,20261,rio de janeiro,RJ
4fd357de57be7921008c8d42b488dad4,4cc93c73069ea5ba716248771a30fffb,91180,porto alegre,RS
45beb20d0c410e52ebba517570f0e231,7747ee7833956c23137411ba6e2ec75c,57255,jequia da praia,AL
a22d55a6ebd23e2239a3bc5de97c7036,6ae4955db9c67243996f71e3572d7678,4575,sao paulo,SP
b3e20bc2f01a785db7cf2ca23a0929fd,9882ddc80cf0ed9be3b9a7dada8e86f0,32423,ibirite,MG
ed3a502932ab63e9bfb5a0eadb3b63ff,11819e46db552cab92381d83c205805f,34800,caete,MG
2be14928b31b20bf6788d731a1bae71f,645a04fe8ffc2dc4ad44f194a455cfdf,22780,rio de janeiro,RJ
8b39f67a1a2670341656024a1b0a5d55,e015aa99a5c509c4aac63a2b6150d0c8,3694,sao paulo,SP
0b94e6ad540003cdc27b09854bd6f76f,1c74c4374e229167743e71a8c2235726,4278,sao paulo,SP
1701de86da9c0357f7fdbbae51e66c29,ceb66cc17afe15e697db5f8ba47c7182,20710,rio de janeiro,RJ
fd72e5a673c5b0cb41b16a6415e622ce,e91806f87029b7c1a2c758317d93b8ba,22723,rio de janeiro,RJ
0bb2df81f240ddaa795107ec087ca5c1,dfffec82c4dcdc371c6cc868a389f634,17030,bauru,SP
5459ad3a59231e5ad6fe0d220931743a,f84489387ae0ef5acd5c8f3b9b695c3f,4378,sao paulo,SP
d04b499809157673780addf5719f7af1,357ab7c8b61c05fbb41dd7aaf93ee4bd,17022,bauru,SP
e1785c14638ae4ba1af6b80b9a123ce3,f5ff85b902f67682997fe98003cd134e,7095,guarulhos,SP
1409b2945191b7aff1975ba2ce9918c5,c9f2b70eaddf459267a9de373aaf743b,71699,brasilia,DF
1471f2464edb13ceccc7b52cb1a9def4,7a8fb0f39f0df44f5d0b3c0d01d98d30,82510,curitiba,PR
a1297c92880354fb9a879330add244ed,e71ed6848e376636f2f3bef0c91ce636,4775,sao paulo,SP
0d2ff29c36a65d389738620aa2f4e145,8020cb61d67a964fdf5f246d5f6cb201,13418,piracicaba,SP
446178189afff5d8bc533ad62ccde8e4,9d508f9fe2600ccc19e894431d968e73,18074,sorocaba,SP
c561230659c12a017bdb3a60786bc97a,7e18751f9a1a9c1b28daa5f4bad5d162,4940,sao paulo,SP
b847a09bbbeb93c30e6702537242b8e0,5ba4a353f2e66822e7e74359ebf8d071,75250,senador canedo,GO
8877f3c1264d413a5033eca3d7510da2,1c78cc523e89a9c1d0beef9598566562,24220,niteroi,RJ
c8612759068c7216331e5dfb73b47ba1,6146f341573c3d49d52cb007c14796e2,22271,rio de janeiro,RJ
758c08b6ea220ebc93f6048997872592,daeec207c0475c77016ee647a6e9c882,37701,pocos de caldas,MG
94043b53a282a595f1d3b5abf5a05e0b,1bb2295ddfa362eca59fe965283b9a66,74610,goiania,GO
53e10cb176c40df632c8250f2f3e5880,0ff9df9167492f499a879b8afc78a1b6,79303,corumba,MS
7ec4a5cfdf2614eac98521fa08afbfc4,105386e05405db999b39121700b6be71,2233,sao paulo,SP
01f4581bf20e14d770c5de782d7ee783,2a07bb527e9136109981057d48af3924,13564,sao carlos,SP
128dc49d33d9e4705ca47a66f8fcfcab,eee67a226fbc44e23e1fd7e747b3994f,6455,barueri,SP
ca1f3487e758f630ec135b5e82d8ec36,57e8d047ad2beffb5ba6943bc16a5fb5,88359,brusque,SC
c8b11aa20558a5c5b2a042f47c83de09,622e7326e8ef9aa065b58c8879eb9a84,5541,sao paulo,SP
d9318914bd9ab813e68a255c4127fa11,5ff3b50583f44ecf55b7e7f704ca97bd,86046,londrina,PR
6a62ee2504ed4fbe1201abdc2f2fa21d,ac43e0a3a9403aa4caed320690089bf4,17524,marilia,SP
dad626915d10f328fe7bd2eaa3a27e88,bb4a3692528ba5e5b93b120642ef8474,1229,sao paulo,SP
02faaf661d80bd26b06ca44de75a20c5,ed88bc440d530e4a7cca8bb4f2c110d6,37900,passos,MG
a050cd2edce49d430222e6019fa50fd2,3da48078f617c821d6887dbae37d9c6d,5591,sao paulo,SP
f248d3e53fd30ccbaf458d4c96ab8b94,3759e74e43a422fd5caaff932a6c82be,13030,campinas,SP
84abea7c34696570a6c1f3a7839f2ee9,991d8d6fd4f06905faf01b1a17505535,84020,ponta grossa,PR
e0df09301eb72eb304928306a86fe018,2923900e7b03718557ce9a4bb3c1c52e,9850,sao bernardo do campo,SP
a45cd323d05696938412c8d9d9dc209e,4e8b237cda68814e622271239caf8d01,1430,sao paulo,SP
1837c6c28707afbd624c47502b6cd99b,71168dfb69f1d949ca08ba4f5474597e,83508,almirante tamandare,PR
e43f5897754f1b691dea10ba27ea61f8,ece03fc0e61f6068f69c308d3f7fd399,99054,passo fundo,RS
ac6ea0ab33845a564031838893725a80,46f231c09857b4aa8ab3a3b0912cf002,12242,sao jose dos campos,SP
ae896d8d9bdde52715f81bd2a79fe218,5c950be09247ebf8d672c20cbc30383a,93260,esteio,RS
ee4207b3a04cdbfdbd567e3e34748851,3d3b321ab293296bc1ad4752ddbb0767,28540,cordeiro,RJ
f1121ff6d658b43800b6f8c7c3c8d9e1,c4b822795feef15ddf1d3d2e5b83a53b,21616,rio de janeiro,RJ
f1e20e29a707cbf90c52db66704ebc70,73583b6d8dd288a75e32766d0e532a4c,17890,junqueiropolis,SP
626d50c562d845df45eba106562c4d35,cf56ccfd32ac8a510501a6fa69972c74,26221,nova iguacu,RJ
50f3e14da4521222cdb1fc97205151c2,67a04f9380f2caffbe3b233d8cca7604,36061,juiz de fora,MG
b9269719481dedccccbd738332211605,79a0f98ef4cdf14d8fa7305febafe5b4,24220,niteroi,RJ
4f0c2a0d40df22bbf75a773c7ea9344d,c3a2c7ad588dfa71a59296029be33330,32241,contagem,MG
5a484fb97bcfd090eb27cf27f23c3f0f,c042b1ba3b0672a54b377a0f883f0ad2,6663,itapevi,SP
e7e3b6addd9cbdada337bac46efd5810,f0ac405c280fab1d087b8982e7801b54,13015,campinas,SP
2cfdbfa53cf0e9f4d65280c7bce32bd1,80956442c9929b662ab7991d96772385,14900,itapolis,SP
2fed51d62875e0db40423d1324c155e8,1a15478ddcc303eacae38ca53659ef2f,35171,coronel fabriciano,MG
f1ecdbb729138bb75de8fe1fdf213254,7030ae6cfcef24316923c5f1395ca60b,9811,sao bernardo do campo,SP
15afbf8ac67202642376cff3d3a5843b,bc93c9c28cadb414340fc1c628c96569,6700,cotia,SP
6fbf49020855ca62bea99874ac92e715,e27f99c3e38c91b51381bf82186a2cee,38400,uberlandia,MG
727b6f36c84dbd98528755de77c36ae4,788d483ddbc76600203293f71d1d0672,4662,sao paulo,SP
d4b39e7665072457e7ef461a39cabfed,bac917328635cc37b0b81f900b1c6b86,15625,meridiano,SP
07f96b6867d9a170014744b286362436,0fb8f35586a814c879899f53c98b442a,22451,rio de janeiro,RJ
46a2b8ea7034da1afc0b9999cd33d679,5fcce9584c278b76076b93720089b546,3361,sao paulo,SP
d8d9d264aaf6573952ccd477cbd47d87,ff49bffe330079cba69c36c1dd40ea9c,18240,angatuba,SP
00b2b9682f5c2a1f7cf1312ce6a0ea9d,949b75abf6fdda78201547bf5f4c07f5,12236,sao jose dos campos,SP
e26ff684f072838193772ca5506a1d04,717369626ec16ea93f95caaa053e0bb6,14177,sertaozinho,SP
15da4fa167d44cfb1f970edb13027e88,e9a9d052f161cb85378f2d8e258ad122,21011,rio de janeiro,RJ
a035ee0bfe98a469acf8924ac5092b9a,58c80a0f7ebaae45977914198314c689,80620,curitiba,PR
67370418294c2fd0ab4119292bc816d9,fd29c76b1131cc1669aa137dfe10a896,29185,fundao,ES
308aab7e9b6b7de09b6d244aa9abd218,4a54835bbf6aead850517a77b8aea16e,15704,jales,SP
2a0289202e14198ac9d962dad6a703b0,5ba572c778c07ea0ce0acc8bdda8d263,13574,sao carlos,SP
c43895d12dbbcccde6062f41482f840e,04e176b665108a31badc8adcc5d90ffa,3687,sao paulo,SP
5f9c259ba6cfe5bc61908671c4455f70,45e07930fa58c10fe8c8b1278c343f2c,9080,santo andre,SP
3a054aa178999e64e016747463e87796,1760576731f518edcc21e95674f94273,37701,pocos de caldas,MG
0ede48c1214613c473e7a21763551999,0fda232ffd1431cec527adf5890c7ffb,21341,rio de janeiro,RJ
6cd50851a4a912e882b9812f3249542f,6c2662935a686e86c8bf44527eba4bd5,13472,americana,SP
47bf97506ad07fa9e32c567e32fe2c07,b1872bfc7094b43ed6ae7680f24ff687,13380,nova odessa,SP
190508c583e9da28949bc4ba63c8c1a5,3427662b7701ba498887c15b8d16ae4f,59296,sao goncalo do amarante,RN
5476174c1792f07b6a7b766d0374d568,7edfa2876fa97b99672bc1b31efab6be,12942,atibaia,SP
f1e32fb88dcd5796930da1b8d162494c,b6a6794b5bbb57f333b1bfbffd5f4541,22290,rio de janeiro,RJ
84869909eb6bd2b47b2871587dedb848,2790cd0039a2a06b65fee475db410fc2,30110,belo horizonte,MG
3aa3badf42189513115df5858d5c2678,204cba313368c5a47c2fc7856eb8a499,41260,salvador,BA
a35d47ce1242f49f967829e717bdade4,ff946932c3126fc35f53628633d103b6,9751,sao bernardo do campo,SP
74c8a024a6cee2c76e1c680e2dd69812,262e0757ddc8161af284bab34b6e5206,4191,sao paulo,SP
921ea7f6e2a5645d5d1288696ed9c953,a58d75d906619891fbc629049af9a429,4738,sao paulo,SP
d8fd788103297a589aa37f024dabba52,20b05bc4bf55c5a39c092c9ae790d330,44850,morro do chapeu,BA
ba99522723165b9b7236ff61141e5f4e,14b0730b5edaa8f7a8decc1620d09772,11704,praia grande,SP
f3f396000326939460be279082874605,06e4c037b01aceb787fdcf2b4cc7b1f9,18870,fartura,SP
dca709ad400345810b356d3f0287e439,31a5ad3ec6f5494abdc69be5f2e4e74a,37115,monte belo,MG
ae85e9bbee2574fbe5ccaba61da335a3,abcda22c8d3868d042053fd7dd63e0d6,8533,ferraz de vasconcelos,SP
398999978297b981626b0f4524a66dfe,b6b375c8ce95327a2566a1dc4c72d665,20740,rio de janeiro,RJ
f7e057bf26b1240d01e6bccd5b632e1f,fc80ae66fe91e88a9cd1ef0d3a402eb4,7032,guarulhos,SP
79e58052cb3d1b4b88bad283a132936c,b9d026a7323a6a6e96961d4cb2ffc902,36955,mutum,MG
c3e90d8bbcb4c24eb869cbfadf8d4ab3,7551f2efd4c2254a09a1bbf8f6f85e2e,4829,sao paulo,SP
b9b179f626368869cd9f6651cc2370ff,a3e04f4bbb17f87b62929ee66982946e,18550,boituva,SP
aebec5696d5f14f312676983f3965b20,27cbfa02d06fde5a0e612721ec5bd891,14400,franca,SP
28bdf307ebed2aa57b5c83c7fb080fd1,718035a1435a427d46fd383caa59feb2,7020,guarulhos,SP
4833bffdf808dd229fb636eacf117d88,3ebd2e5f948dbd9d5165184b5ca781b2,26551,mesquita,RJ
0539a1d77e38f808299c0f1f44280ab7,ab2255eb14e071fbe873408ff2c4fd12,29705,colatina,ES
46de9ae3d09a0c15d1915fb34d78bef5,f6abd6353b060d64b10ec5cb3e5ecf16,79040,campo grande,MS
47ed094ea3f32bf1e3543f8eafc71cba,f552f5a6b48593013aca097f4d699b45,13140,paulinia,SP
877bb7b491518f3bd6f821bf1791b2fc,561c55720d6ad810863839fea8f32329,9960,diadema,SP
fa2b6bd3224edd5a751aa1436a43b6df,9ff48a3599978eb4f92300c6c8daea24,34012,nova lima,MG
db4ce50bf63f8c1a9518462b0499aabd,f513f0c6703eeca0a7c917c3fb6e407c,61648,caucaia,CE
43e8636f132b4e9a972b5bf396b1acd5,5f775bffbca1a693a2546917dd5b2ed9,11380,sao vicente,SP
bad0ccd70aed2bcc484f003c21074a8a,af48beea16f83c193a924a8d56311737,23059,rio de janeiro,RJ
eeb655491e6773be3db09c8e33eaed19,d8e3b2d3cd78fa695a7f5cc01bf1fea5,81630,curitiba,PR
2879382709b32eba5901afcb5f2b3b65,158629476b814e89f2656e152007f567,83116,sao jose dos pinhais,PR
4586e941d9fd586d0750c6af7c77b008,9cd77cccf0e0dd303946f406c3695e8f,58302,santa rita,PB
1909e865c04d42c1e5e5295c9890a779,c6f4477475d8880485fe593056e1bbff,13141,paulinia,SP
e851ba3c0645a64dccdced98e9dd2d97,1887c42c6365899216d2d380ffb013fc,31565,belo horizonte,MG
a32e9f128bf594a9f10ca06f147b4719,04964ca17488b76124c740071931f90c,1226,sao paulo,SP
1d2830eca44109fe01eb92696f99baf9,ffb572185af25751289ac38f38c7e2f9,93950,dois irmaos,RS
10bd2414f584aa38f077fe620c1e6dfc,0c4580b2b7ac133463419e2cefaab5ac,32668,betim,MG
51e10aa40395951c6350f93ea1aa20f8,df60c28451a08e1fd71150b3d004a535,67130,ananindeua,PA
cd1a981ef69fcb63b76bd13fe1264c45,2e88d24600a1a49e24bf2363994e1dff,4426,sao paulo,SP
eac0fcff455b7b66439f7b389940bc34,814bfcdae2e4bb928da914fae6d5dfd8,20231,rio de janeiro,RJ
0c0c378a0c0fbd00be4ea9cae4dd36ad,19ea2e6008a98e32959c62f5a5ac5107,9195,santo andre,SP
1475ba146afcb53f12a49bb3e38fb444,175ae4df7fa8fb29c01b066b086bbf55,22631,rio de janeiro,RJ
a240ccd156413c662c6b890586035887,50500aaa111638b51c4c729d7a35794f,89805,chapeco,SC
e217d743b426efd03312d4a04d1dedfe,60652323a3edeb46c166db5284202d6d,30730,belo horizonte,MG
7e5563984d6291832da8b9fc279af3f9,7b42fe72625f3fcd1d907014be5d8cb0,3677,sao paulo,SP
338145efe333458c4d699306d6860ace,1156025ba3385bb8494fcab632c31937,41927,salvador,BA
7bd970d498ab2a1515d5d0095bb7cbc1,e20efa8fdaf5bbd3780b29d52eb6172e,45160,belo campo,BA
3d28d14c658443737fdd829791fa639a,0db98973376d0cb34259fc975bc78f04,3143,sao paulo,SP
f841ff6d8a0fc9f81895b8a4c82fc779,4c7eee990da9d782f7374e4cdc1efba4,65320,vitorino freire,MA
ed98488aa6e937952b6717bc933f0d70,0f53f9de97fd752db6a2c74a3bac5cf7,22030,rio de janeiro,RJ
e995d6e83758ed9aa3ed2127fd24cc66,f0daa3250956b58742e72b3aa7003d33,39804,teofilo otoni,MG
cb97d1bf364dd9bbb2a3897fef633e52,9be8b648a3f4659c46c7edf85f538d61,88050,florianopolis,SC
1716f644731a37cf67bcf0d3734b6327,549a24530925587e2faddb35f667e458,13905,amparo,SP
c4ea73d6d19fee5568c98ff9ac70ee14,f37d14ccb1a8fe332c9430d3eedf468d,15190,nhandeara,SP
8f0b5e2b29d170d022d575a3630b429d,8af1a91b2cdfd4c0ca8690cf455ece8e,70855,brasilia,DF
c1b3abc0f5a34a1b1bf279c0e3697621,0a2bfc7b9705c3e494be7c34a99cade9,93510,novo hamburgo,RS
c442790b98d80265e810032f3cad5308,3c7d174ebe16d6f127f8eaa18518e757,66087,belem,PA
053577e4537e6b6b68b9f0e929f27d32,a99ca5de16bb8737a59d562a3c32ca9b,1258,sao paulo,SP
f0a19a6acd8407b14705386e24b0cb70,2197ff2cef41c0d4f19739aabc1a8b4c,4648,sao paulo,SP
042e5efb06ce782f900f6585a4671cbf,3c001938ee306e3e8c52c7c3bbbd0d3e,14050,ribeirao preto,SP
bef956fb396932cc6155862a051e4498,69a08833720febf10dd53b86e97b054a,5186,sao paulo,SP
09261c6cf80ec01c28a569b8cb8b3484,fc07f4a61baae8c314528e33351df795,72876,valparaiso de goias,GO
1e731fba87f0c669e7909fb9a7ce408d,5be2630961b92684db5a1db32cbd41bc,80250,curitiba,PR
7ddf54360177b27382331360ba87ec83,e0f04b36bd7eb9695d66b9b49aa2cb87,95630,parobe,RS
34c44f5198dacba9936078212bca4b61,7a0f2eaff476686b9422b91874e1aef2,38500,monte carmelo,MG
15682e5411338f13bfe06c922de887e2,6c44bdab57e479c823b916ee8ded98ad,7240,guarulhos,SP
17d47ffa534a47c9af375bd1bb9cd94b,4ce4fa1b0d9f5639e79b823389f8b095,21862,rio de janeiro,RJ
0793d48afb00826267d39338071213d1,4bca9d65362f922b564902c98bd3aabb,8717,mogi das cruzes,SP
3c84e38052e77f837c05363ad8a2b16b,a4931ede16fa41135066b3c7f054e287,85509,pato branco,PR
d235b32c477cc6bcc8d968e1443b826a,9d605e775d4d5e73e7b4177ec85effc5,9551,sao caetano do sul,SP
c6abf2a87e2907d182f39e8d77101642,6b527aa2aff22d94408e2c1bf496ce47,64046,teresina,PI
31a1f42ba1116f10aa19ca855ffa1455,00d447911e5d5ae87480df8734b915f2,24230,niteroi,RJ
caf41181500ad3417b42e255355ffd7d,865596c51fb15badeea1d33d62614c80,26700,mendes,RJ
2fec052eee9bd6a5fc6dc32b34af0032,bd8044f728d1cd66cb3ecc0e3a73c195,37468,pouso alto,MG
a365ff91be1ba9a1e7c3251c24848f74,5836ceeb27eff5b9b4747e0f4c250297,28680,cachoeiras de macacu,RJ
103874f64ec80d1fd24bcf2217118317,62d55590d6388864b69a25523eb7b043,85851,foz do iguacu,PR
a0b883e84e3ca2f19b01ab28d6fea42e,8827ca79c092af8429d9d79bda2214f4,4334,sao paulo,SP
75f8bfd4c8226d4a6aa6540765acfe36,883519b597f8b066ec374a583020430c,78043,cuiaba,MT
c6806b56d02b81f94a7579c5a8ed9363,22a07b6d7ab3667efbe93ad136c0f100,12246,sao jose dos campos,SP
86ee2f815eb7f2cc1b4277e578c36805,3cdf85343de9512ef29d07a8c46a3ef0,81050,curitiba,PR
e5f10ef99fd8ebded4fe354af56450f0,b35fa8c16e4eba9425ef56810cadcb73,22760,rio de janeiro,RJ
b9e6f0bb7b6b018e1c1abe5e58398593,f8daef44c2589a488bfed29f1be8396a,5026,sao paulo,SP
3657140e934d7cae7060c6ecf02a3a43,4627cfcfd8c2b7d178a1ef8dfaecec95,13172,sumare,SP
67d32f7cf571df84777c23b64b972be4,75eacb17f5ef482c37c7b7903f014ece,88708,tubarao,SC
fab24554bc9a6b466c61b9f4c0f4b7d9,00391594070baf8603f5fdc1d0c6a48c,16021,aracatuba,SP
4dce0f6722869e478f0ae39024fc5948,de265abbbc00369e332f0cc51d4e544d,32220,contagem,MG
1eb163392449193337cc2c26ef4271cd,99d2a67470a906a6a8e3dd375750bc85,29160,serra,ES
0833e6b9ceb73c111ca003768bf53228,b7f23b5b2f0bd23a2dbc373f4974d930,9691,sao bernardo do campo,SP
eda10d7eb51a675d000956fa1aabc7dd,5c22dbb9d8b5385953f2f1e6d9d115a7,39920,jordania,MG
8b771adc0441ac4fdbb0f3304f284d0a,81e481d14580da9f6a46a942be25a6ff,35010,governador valadares,MG
9d224d1b8630762494d3d01fdf1afe03,d208261a7db8e3138ecf2f81ab3faad4,35164,ipatinga,MG
bcf9eca9898fb2c565e6b838d4dce019,717aff83d47386f47bf900ab864916f6,41230,salvador,BA
52af2762d97e9724ef7a4f8bcca3b30e,86f640c7e3643b14b581bb1396422502,22621,rio de janeiro,RJ
50ce26d15d12dd7a2fb9dc8a0d3e29fe,cbbafc7844dcfb43b7c0e219b0835cc7,14730,monte azul paulista,SP
495617a9899228fc0eb3f63b77744d9d,39e30c13156ac7711d6eb298cfce1fdf,91910,porto alegre,RS
423a14e6fa2adec3fefe8c46c9026edf,2e70bb026bb9a192d6cf9e91486c412c,18117,votorantim,SP
dbe9495069f4ddb6875dfc83462d616f,c8460e4251689ba205045f3ea17884a1,91170,porto alegre,RS
49a9011bddc83db94f4d1206e8c234b7,35030ce0e8fbaf8850ae26fc3d882331,20775,rio de janeiro,RJ
6a6e92b4be5eacb3d7abed3f73d20276,efd2741fa104357a25828ad3d2ae37d8,22451,rio de janeiro,RJ
9b8ae065f700e052b0c4c89160cbf54b,4ee6159321f9dcd173bef9045ce66fb4,80250,curitiba,PR
2451db6c90e7c206d648b5136b715433,3d9a62d9ff035daaccfa893766a92de3,11523,cubatao,SP
a1882adbacee1e44d96f0635e70d7b2a,28cb2105de0e24c2dd3e21e364510937,17013,bauru,SP
52bd7ca97f7ad5da8b25ddda59eb33f8,773be09978771b203928da3b2091ec2d,13213,jundiai,SP
1e03a2aa5714007700c8e727849cf123,54a2d9cbeb08a11268085529cfe2524f,60440,fortaleza,CE
d2a592f7064d3ef0f34bd7a8d95e4458,54038fdafde7c49533a306f961281d9c,24350,niteroi,RJ
cf1ec2659f4b1f34f858a0c25e1d5d1a,592134387e7f13de6a9e38eb7d412b3d,59151,parnamirim,RN
